#
# A fatal error has been detected by the Java Runtime Environment:
#
#  SIGSEGV (0xb) at pc=0x00007cdcbc8380f0, pid=12461, tid=15341
#
# JRE version: OpenJDK Runtime Environment Corretto-17.0.14.7.1 (17.0.14+7) (build 17.0.14+7-LTS)
# Java VM: OpenJDK 64-Bit Server VM Corretto-17.0.14.7.1 (17.0.14+7-LTS, mixed mode, emulated-client, sharing, tiered, compressed oops, compressed class ptrs, g1 gc, linux-amd64)
# Problematic frame:
# v  ~StubRoutines::jlong_disjoint_arraycopy
#
# Core dump will be written. Default location: Core dumps may be processed with "/usr/share/apport/apport -p%p -s%s -c%c -d%d -P%P -u%u -g%g -- %E" (or dumping to /media/pan/95C15E65414BD009/ubuntu/houduan/pandaSystem/core.12461)
#
# If you would like to submit a bug report, please visit:
#   https://github.com/corretto/corretto-17/issues/
#

---------------  S U M M A R Y ------------

Command Line: -Xms4g -Xmx4g -XX:NewRatio=2 -XX:SurvivorRatio=6 -XX:MaxTenuringThreshold=15 -XX:TargetSurvivorRatio=70 -XX:+UseG1GC -XX:TieredStopAtLevel=1 -Dspring.output.ansi.enabled=always -Dcom.sun.management.jmxremote -Dspring.jmx.enabled=true -Dspring.liveBeansView.mbeanDomain -Dspring.application.admin.enabled=true -Dmanagement.endpoints.jmx.exposure.include=* -javaagent:/opt/idea/lib/idea_rt.jar=45807:/opt/idea/bin -Dfile.encoding=UTF-8 com.saigou.analyzerServer

Host: AMD Ryzen 7 5800H with Radeon Graphics, 16 cores, 27G, Ubuntu 22.04.5 LTS
Time: Fri Mar 28 15:31:41 2025 CST elapsed time: 83.704298 seconds (0d 0h 1m 23s)

---------------  T H R E A D  ---------------

Current thread (0x00007cda49c11600):  JavaThread "Thread-12" daemon [_thread_in_vm, id=15341, stack(0x00007cdc4c300000,0x00007cdc4c400000)]

Stack: [0x00007cdc4c300000,0x00007cdc4c400000],  sp=0x00007cdc4c3fe370,  free space=1016k
Native frames: (J=compiled Java code, j=interpreted, Vv=VM code, C=native code)
v  ~StubRoutines::jlong_disjoint_arraycopy
V  [libjvm.so+0xf18837]  Unsafe_CopyMemory0+0xe7
J 432  jdk.internal.misc.Unsafe.copyMemory0(Ljava/lang/Object;JLjava/lang/Object;JJ)V java.base@17.0.14 (0 bytes) @ 0x00007cdcbcb3dd0c [0x00007cdcbcb3dc20+0x00000000000000ec]
J 584 c1 jdk.internal.misc.Unsafe.copyMemory(Ljava/lang/Object;JLjava/lang/Object;JJ)V java.base@17.0.14 (33 bytes) @ 0x00007cdcbcece8e4 [0x00007cdcbcece640+0x00000000000002a4]
J 6840 c1 java.nio.ByteBuffer.putBuffer(ILjava/nio/ByteBuffer;II)V java.base@17.0.14 (142 bytes) @ 0x00007cdcbd59c64c [0x00007cdcbd59c420+0x000000000000022c]
J 6839 c1 java.nio.ByteBuffer.put(Ljava/nio/ByteBuffer;)Ljava/nio/ByteBuffer; java.base@17.0.14 (124 bytes) @ 0x00007cdcbd59cefc [0x00007cdcbd59ce20+0x00000000000000dc]
J 6912 c1 org.bytedeco.javacv.Frame.cloneBufferArray([Ljava/nio/Buffer;[Ljava/nio/Buffer;)Lorg/bytedeco/javacpp/Pointer; (621 bytes) @ 0x00007cdcbca1125c [0x00007cdcbca10fc0+0x000000000000029c]
J 6910 c1 org.bytedeco.javacv.Frame.clone()Lorg/bytedeco/javacv/Frame; (244 bytes) @ 0x00007cdcbca14f4c [0x00007cdcbca14c40+0x000000000000030c]
J 6909 c1 com.saigou.util.Utils.createDeepCopy(Lorg/bytedeco/javacv/Frame;)Lorg/bytedeco/javacv/Frame; (15 bytes) @ 0x00007cdcbca17b3c [0x00007cdcbca17ac0+0x000000000000007c]
j  com.saigou.thread.PullStreamThread.run()V+39
v  ~StubRoutines::call_stub
V  [libjvm.so+0x85aed4]  JavaCalls::call_helper(JavaValue*, methodHandle const&, JavaCallArguments*, JavaThread*)+0x334
V  [libjvm.so+0x85c9bc]  JavaCalls::call_virtual(JavaValue*, Handle, Klass*, Symbol*, Symbol*, JavaThread*)+0x20c
V  [libjvm.so+0x91ce50]  thread_entry(JavaThread*, JavaThread*)+0x70
V  [libjvm.so+0xee3e37]  JavaThread::run()+0x127
V  [libjvm.so+0xee6f61]  Thread::call_run()+0xa1
V  [libjvm.so+0xc54d33]  thread_native_entry(Thread*)+0xe3

Java frames: (J=compiled Java code, j=interpreted, Vv=VM code)
J 432  jdk.internal.misc.Unsafe.copyMemory0(Ljava/lang/Object;JLjava/lang/Object;JJ)V java.base@17.0.14 (0 bytes) @ 0x00007cdcbcb3dc8f [0x00007cdcbcb3dc20+0x000000000000006f]
J 584 c1 jdk.internal.misc.Unsafe.copyMemory(Ljava/lang/Object;JLjava/lang/Object;JJ)V java.base@17.0.14 (33 bytes) @ 0x00007cdcbcece8e4 [0x00007cdcbcece640+0x00000000000002a4]
J 6840 c1 java.nio.ByteBuffer.putBuffer(ILjava/nio/ByteBuffer;II)V java.base@17.0.14 (142 bytes) @ 0x00007cdcbd59c64c [0x00007cdcbd59c420+0x000000000000022c]
J 6839 c1 java.nio.ByteBuffer.put(Ljava/nio/ByteBuffer;)Ljava/nio/ByteBuffer; java.base@17.0.14 (124 bytes) @ 0x00007cdcbd59cefc [0x00007cdcbd59ce20+0x00000000000000dc]
J 6912 c1 org.bytedeco.javacv.Frame.cloneBufferArray([Ljava/nio/Buffer;[Ljava/nio/Buffer;)Lorg/bytedeco/javacpp/Pointer; (621 bytes) @ 0x00007cdcbca1125c [0x00007cdcbca10fc0+0x000000000000029c]
J 6910 c1 org.bytedeco.javacv.Frame.clone()Lorg/bytedeco/javacv/Frame; (244 bytes) @ 0x00007cdcbca14f4c [0x00007cdcbca14c40+0x000000000000030c]
J 6909 c1 com.saigou.util.Utils.createDeepCopy(Lorg/bytedeco/javacv/Frame;)Lorg/bytedeco/javacv/Frame; (15 bytes) @ 0x00007cdcbca17b3c [0x00007cdcbca17ac0+0x000000000000007c]
j  com.saigou.thread.PullStreamThread.run()V+39
v  ~StubRoutines::call_stub

siginfo: si_signo: 11 (SIGSEGV), si_code: 1 (SEGV_MAPERR), si_addr: 0x00007cdbd9751000

Registers:
RAX=0x00007cdbd97eec40, RBX=0x00007cda49c11600, RCX=0x00007cd814bdd848, RDX=0xfffffffffffec480
RSP=0x00007cdc4c3fe370, RBP=0x00007cdc4c3fe370, RSI=0x00007cd8145eec50, RDI=0x00007cdbd97eec38
R8 =0x0000000000000000, R9 =0x00007cd8145eec50, R10=0x00007cdcbcb3dc8f, R11=0x00007cdc53000000
R12=0x0000000000000000, R13=0x0000000000000000, R14=0x00007cdbd9200040, R15=0x00007cd8145eec50
RIP=0x00007cdcbc8380f0, EFLAGS=0x0000000000010292, CSGSFS=0x002b000000000033, ERR=0x0000000000000004
  TRAPNO=0x000000000000000e


Register to memory mapping:

RAX=0x00007cdbd97eec40 is an unknown value
RBX=0x00007cda49c11600 is a thread
RCX=0x00007cd814bdd848 points into unknown readable memory: 0x0000000000000000 | 00 00 00 00 00 00 00 00
RDX=0xfffffffffffec480 is an unknown value
RSP=0x00007cdc4c3fe370 is pointing into the stack for thread: 0x00007cda49c11600
RBP=0x00007cdc4c3fe370 is pointing into the stack for thread: 0x00007cda49c11600
RSI=0x00007cd8145eec50 points into unknown readable memory: 0xa09ba0a09ba0a09b | 9b a0 a0 9b a0 a0 9b a0
RDI=0x00007cdbd97eec38 is an unknown value
R8 =0x0 is NULL
R9 =0x00007cd8145eec50 points into unknown readable memory: 0xa09ba0a09ba0a09b | 9b a0 a0 9b a0 a0 9b a0
R10=0x00007cdcbcb3dc8f is at entry_point+111 in (nmethod*)0x00007cdcbcb3da90
Compiled method (n/a)   83710  432     n 0       jdk.internal.misc.Unsafe::copyMemory0 (native)
 total in heap  [0x00007cdcbcb3da90,0x00007cdcbcb3de10] = 896
 relocation     [0x00007cdcbcb3dbf0,0x00007cdcbcb3dc20] = 48
 main code      [0x00007cdcbcb3dc20,0x00007cdcbcb3de10] = 496
R11=0x00007cdc53000000 is pointing into metadata
R12=0x0 is NULL
R13=0x0 is NULL
R14=0x00007cdbd9200040 is an unknown value
R15=0x00007cd8145eec50 points into unknown readable memory: 0xa09ba0a09ba0a09b | 9b a0 a0 9b a0 a0 9b a0


Top of Stack: (sp=0x00007cdc4c3fe370)
0x00007cdc4c3fe370:   00007cdc4c3fe3b0 00007cdccd918837
0x00007cdc4c3fe380:   00007cda49c11600 00007cd8145eec50
0x00007cdc4c3fe390:   0000000000000000 00000007ff440740
0x00007cdc4c3fe3a0:   00007cdc4c3fe9f8 00007cda49c11600
0x00007cdc4c3fe3b0:   00007cdc4c3fe400 00007cdcbcb3dd0c
0x00007cdc4c3fe3c0:   00000000005eec00 000000070049b938
0x00007cdc4c3fe3d0:   0000000000000000 0000000800000004
0x00007cdc4c3fe3e0:   0000000000000000 0000000000000000
0x00007cdc4c3fe3f0:   000000000000157c 4d5eaf62f2309100
0x00007cdc4c3fe400:   00007cdc4c3fe9d0 00007cdcbcece8e4
0x00007cdc4c3fe410:   00007cdcc8a72ca8 00007cdc4c3fe518
0x00007cdc4c3fe420:   00007cd9dc00a670 00007cda49c11600
0x00007cdc4c3fe430:   00007cdc4c3fe500 00007cdccd2f90e4
0x00007cdc4c3fe440:   00007cdc240c08e0 00007cdc240c0cb8
0x00007cdc4c3fe450:   00000000000003d8 00007cdcce4a35b2
0x00007cdc4c3fe460:   00007cdc0000000e 00007cd8ff440740
0x00007cdc4c3fe470:   00007cda49c11600 0000000000000000
0x00007cdc4c3fe480:   0000000000000000 00007cdc4c3fe560
0x00007cdc4c3fe490:   00007cdccded8078 00007cdc5345e5b8
0x00007cdc4c3fe4a0:   00007cdc0000000e 000000000000157c
0x00007cdc4c3fe4b0:   00007cdc4c3fe370 0000003000000028
0x00007cdc4c3fe4c0:   00007cdc4c3fe5f0 00007cdc4c3fe530
0x00007cdc4c3fe4d0:   00007cdc5345db00 0000000000000000
0x00007cdc4c3fe4e0:   00007cdbd9200040 000000070049b938
0x00007cdc4c3fe4f0:   0000000000000000 00007cd8145eec50
0x00007cdc4c3fe500:   00000000005eec00 00007cdccd300411
0x00007cdc4c3fe510:   00007cdc4c3fe5d0 0000003000000018
0x00007cdc4c3fe520:   00007cdc4c3fe5f0 00007cdc4c3fe530
0x00007cdc4c3fe530:   00007cdc4c3fe9d0 00007cdcbd59c64c
0x00007cdc4c3fe540:   00007cda49c11600 00007cd8145eec50
0x00007cdc4c3fe550:   00000000005eec00 00000007ff440710
0x00007cdc4c3fe560:   00007cdccded8090 00007cdc5345db98 

Instructions: (pc=0x00007cdcbc8380f0)
0x00007cdcbc837ff0:   ea 04 7f 10 c5 fe 6f 44 d7 e8 c5 fe 7f 44 d6 e8
0x00007cdcbc838000:   48 83 c2 04 c5 fd ef c0 c5 f5 ef c9 48 83 ea 04
0x00007cdcbc838010:   7c 8a eb 97 66 0f 1f 44 00 00 66 0f 1f 44 00 00
0x00007cdcbc838020:   55 48 8b ec 48 3b f7 48 8d 04 97 0f 86 53 ff ff
0x00007cdcbc838030:   ff 48 3b f0 0f 83 4a ff ff ff 48 8b ca 48 d1 ea
0x00007cdcbc838040:   f7 c1 01 00 00 00 0f 84 3a 00 00 00 8b 44 8f fc
0x00007cdcbc838050:   89 44 8e fc e9 2d 00 00 00 48 8b 44 d7 f8 48 89
0x00007cdcbc838060:   44 d6 f8 48 ff ca 75 f1 48 33 c0 c5 f8 77 c9 c3
0x00007cdcbc838070:   c5 fe 6f 44 d7 20 c5 fe 7f 44 d6 20 c5 fe 6f 0c
0x00007cdcbc838080:   d7 c5 fe 7f 0c d6 48 83 ea 08 7d e4 48 83 c2 04
0x00007cdcbc838090:   7c 0e c5 fe 6f 04 d7 c5 fe 7f 04 d6 48 83 ea 04
0x00007cdcbc8380a0:   c5 fd ef c0 c5 f5 ef c9 48 83 c2 04 7f ab 48 33
0x00007cdcbc8380b0:   c0 c5 f8 77 c9 c3 66 66 0f 1f 84 00 00 00 00 00
0x00007cdcbc8380c0:   55 48 8b ec 48 8d 7c d7 f8 48 8d 4c d6 f8 48 f7
0x00007cdcbc8380d0:   da e9 32 00 00 00 48 8b 44 d7 08 48 89 44 d1 08
0x00007cdcbc8380e0:   48 ff c2 75 f1 48 33 c0 c5 f8 77 c9 c3 66 66 90
0x00007cdcbc8380f0:   c5 fe 6f 44 d7 c8 c5 fe 7f 44 d1 c8 c5 fe 6f 4c
0x00007cdcbc838100:   d7 e8 c5 fe 7f 4c d1 e8 48 83 c2 08 7e e2 48 83
0x00007cdcbc838110:   ea 04 7f 10 c5 fe 6f 44 d7 e8 c5 fe 7f 44 d1 e8
0x00007cdcbc838120:   48 83 c2 04 c5 fd ef c0 c5 f5 ef c9 48 83 ea 04
0x00007cdcbc838130:   7c a4 c5 f8 77 48 33 c0 c9 c3 66 0f 1f 44 00 00
0x00007cdcbc838140:   55 48 8b ec 48 3b f7 48 8d 04 d7 0f 86 73 ff ff
0x00007cdcbc838150:   ff 48 3b f0 0f 83 6a ff ff ff e9 37 00 00 00 48
0x00007cdcbc838160:   8b 44 d7 f8 48 89 44 d6 f8 48 ff ca 75 f1 48 33
0x00007cdcbc838170:   c0 c5 f8 77 c9 c3 66 66 0f 1f 84 00 00 00 00 00
0x00007cdcbc838180:   c5 fe 6f 44 d7 20 c5 fe 7f 44 d6 20 c5 fe 6f 0c
0x00007cdcbc838190:   d7 c5 fe 7f 0c d6 48 83 ea 08 7d e4 48 83 c2 04
0x00007cdcbc8381a0:   7c 0e c5 fe 6f 04 d7 c5 fe 7f 04 d6 48 83 ea 04
0x00007cdcbc8381b0:   c5 fd ef c0 c5 f5 ef c9 48 83 c2 04 7f a1 c5 f8
0x00007cdcbc8381c0:   77 48 33 c0 c9 c3 66 66 66 0f 1f 84 00 00 00 00
0x00007cdcbc8381d0:   00 0f 1f 84 00 00 00 00 00 0f 1f 80 00 00 00 00
0x00007cdcbc8381e0:   55 48 8b ec 4c 8b de 41 80 7f 38 00 0f 84 cb 00 


Stack slot to memory mapping:
stack at sp + 0 slots: 0x00007cdc4c3fe3b0 is pointing into the stack for thread: 0x00007cda49c11600
stack at sp + 1 slots: 0x00007cdccd918837: <offset 0x0000000000f18837> in /home/pan/.jdks/corretto-17.0.14/lib/server/libjvm.so at 0x00007cdccca00000
stack at sp + 2 slots: 0x00007cda49c11600 is a thread
stack at sp + 3 slots: 0x00007cd8145eec50 points into unknown readable memory: 0xa09ba0a09ba0a09b | 9b a0 a0 9b a0 a0 9b a0
stack at sp + 4 slots: 0x0 is NULL
stack at sp + 5 slots: 0x00000007ff440740 is an oop: java.nio.DirectByteBuffer 
{0x00000007ff440740} - klass: 'java/nio/DirectByteBuffer'
 - ---- fields (total size 8 words):
 - private 'mark' 'I' @12  -1 (ffffffff)
 - 'address' 'J' @16  137267496545360 (145eec50 7cd8)
 - private 'position' 'I' @24  0
 - private 'limit' 'I' @28  6220800 (5eec00)
 - private 'capacity' 'I' @32  6220800 (5eec00)
 - final 'segment' 'Ljdk/internal/access/foreign/MemorySegmentProxy;' @36  NULL (0)
 - final 'offset' 'I' @40  0
 - 'isReadOnly' 'Z' @44  false
 - 'bigEndian' 'Z' @45  false
 - 'nativeByteOrder' 'Z' @46  true
 - final 'hb' '[B' @48  NULL (0)
 - private final 'isSync' 'Z' @47  false
 - private final 'fd' 'Ljava/io/FileDescriptor;' @52  NULL (0)
 - private final 'att' 'Ljava/lang/Object;' @56  NULL (0)
 - private final 'cleaner' 'Ljdk/internal/ref/Cleaner;' @60  NULL (0)
stack at sp + 6 slots: 0x00007cdc4c3fe9f8 is pointing into the stack for thread: 0x00007cda49c11600
stack at sp + 7 slots: 0x00007cda49c11600 is a thread

StubRoutines::jlong_disjoint_arraycopy [0x00007cdcbc8380c0, 0x00007cdcbc83813a] (122 bytes)
[MachCode]
  0x00007cdcbc8380c0: 5548 8bec | 488d 7cd7 | f848 8d4c | d6f8 48f7 | dae9 3200 | 0000 488b | 44d7 0848 | 8944 d108 
  0x00007cdcbc8380e0: 48ff c275 | f148 33c0 | c5f8 77c9 | c366 6690 | c5fe 6f44 | d7c8 c5fe | 7f44 d1c8 | c5fe 6f4c 
  0x00007cdcbc838100: d7e8 c5fe | 7f4c d1e8 | 4883 c208 | 7ee2 4883 | ea04 7f10 | c5fe 6f44 | d7e8 c5fe | 7f44 d1e8 
  0x00007cdcbc838120: 4883 c204 | c5fd efc0 | c5f5 efc9 | 4883 ea04 | 7ca4 c5f8 | 7748 33c0 | 
[/MachCode]

Compiled method (n/a)   83714  432     n 0       jdk.internal.misc.Unsafe::copyMemory0 (native)
 total in heap  [0x00007cdcbcb3da90,0x00007cdcbcb3de10] = 896
 relocation     [0x00007cdcbcb3dbf0,0x00007cdcbcb3dc20] = 48
 main code      [0x00007cdcbcb3dc20,0x00007cdcbcb3de10] = 496

[Constant Pool (empty)]

[MachCode]
[Entry Point]
  # {method} {0x00007cdc53415418} 'copyMemory0' '(Ljava/lang/Object;JLjava/lang/Object;JJ)V' in 'jdk/internal/misc/Unsafe'
  # this:     rsi:rsi   = 'jdk/internal/misc/Unsafe'
  # parm0:    rdx:rdx   = 'java/lang/Object'
  # parm1:    rcx:rcx   = long
  # parm2:    r8:r8     = 'java/lang/Object'
  # parm3:    r9:r9     = long
  # parm4:    rdi:rdi   = long
  #           [sp+0x50]  (sp of caller)
  0x00007cdcbcb3dc20: 448b 5608 | 49bb 0000 | 0053 dc7c | 0000 4d03 | d349 3bc2 | 0f84 0600 

  0x00007cdcbcb3dc38: ;   {runtime_call ic_miss_stub}
  0x00007cdcbcb3dc38: 0000 e941 | 31d1 ff90 
[Verified Entry Point]
  0x00007cdcbcb3dc40: 8984 2400 | c0fe ff55 | 488b ec48 | 83ec 4048 | 893c 244c | 8944 2420 | 4983 f800 | 4c8d 4424 
  0x00007cdcbcb3dc60: 204c 0f44 | 4424 2048 | 8954 2410 | 4883 fa00 | 488d 5424 | 1048 0f44 | 5424 1048 | 8974 2408 
  0x00007cdcbcb3dc80: 4883 fe00 | 488d 7424 | 0848 0f44 | 7424 08c5 

  0x00007cdcbcb3dc90: ;   {internal_word}
  0x00007cdcbcb3dc90: f877 49ba | 8fdc b3bc | dc7c 0000 | 4d89 9798 | 0200 0049 | 89a7 9002 

  0x00007cdcbcb3dca8: ;   {external_word}
  0x00007cdcbcb3dca8: 0000 803d | 94f4 4811 | 000f 843e | 0000 0056 | 5251 4150 

  0x00007cdcbcb3dcbc: ;   {metadata({method} {0x00007cdc53415418} 'copyMemory0' '(Ljava/lang/Object;JLjava/lang/Object;JJ)V' in 'jdk/internal/misc/Unsafe')}
  0x00007cdcbcb3dcbc: 4151 48be | 1854 4153 | dc7c 0000 | 498b fff7 | c40f 0000 | 000f 8412 | 0000 0048 

  0x00007cdcbcb3dcd8: ;   {runtime_call SharedRuntime::dtrace_method_entry(JavaThread*, Method*)}
  0x00007cdcbcb3dcd8: 83ec 08e8 | 70e1 bd10 | 4883 c408 | e905 0000 

  0x00007cdcbcb3dce8: ;   {runtime_call SharedRuntime::dtrace_method_entry(JavaThread*, Method*)}
  0x00007cdcbcb3dce8: 00e8 62e1 | bd10 4159 | 4158 595a | 5e49 8dbf | b002 0000 | 41c7 8740 | 0300 0004 

  0x00007cdcbcb3dd04: ;   {runtime_call Unsafe_CopyMemory0}
  0x00007cdcbcb3dd04: 0000 00e8 | 44aa dd10 | c5f8 7741 | c787 4003 | 0000 0500 | 0000 f083 | 4424 c000 | 493b af48 
  0x00007cdcbcb3dd24: 0300 000f | 8711 0000 | 0041 81bf | 3003 0000 | 0000 0000 | 0f84 1c00 | 0000 c5f8 | 7749 8bff 
  0x00007cdcbcb3dd44: 4c8b e448 | 83ec 0048 

  0x00007cdcbcb3dd4c: ;   {runtime_call JavaThread::check_special_condition_for_native_trans(JavaThread*)}
  0x00007cdcbcb3dd4c: 83e4 f0e8 | 2cb3 da10 | 498b e44d | 33e4 41c7 | 8740 0300 | 0008 0000 | 0041 81bf | b003 0000 
  0x00007cdcbcb3dd6c: 0200 0000 | 0f84 7c00 

  0x00007cdcbcb3dd74: ;   {external_word}
  0x00007cdcbcb3dd74: 0000 803d | c8f3 4811 | 000f 8430 

  0x00007cdcbcb3dd80: ;   {metadata({method} {0x00007cdc53415418} 'copyMemory0' '(Ljava/lang/Object;JLjava/lang/Object;JJ)V' in 'jdk/internal/misc/Unsafe')}
  0x00007cdcbcb3dd80: 0000 0048 | be18 5441 | 53dc 7c00 | 0049 8bff | f7c4 0f00 | 0000 0f84 | 1200 0000 | 4883 ec08 
  0x00007cdcbcb3dda0: ;   {runtime_call SharedRuntime::dtrace_method_exit(JavaThread*, Method*)}
  0x00007cdcbcb3dda0: e8bb e0bd | 1048 83c4 | 08e9 0500 

  0x00007cdcbcb3ddac: ;   {runtime_call SharedRuntime::dtrace_method_exit(JavaThread*, Method*)}
  0x00007cdcbcb3ddac: 0000 e8ad | e0bd 1049 | c787 9002 | 0000 0000 | 0000 49c7 | 8798 0200 | 0000 0000 | 00c5 f877 
  0x00007cdcbcb3ddcc: 498b 8fd8 | 0000 00c7 | 8100 0100 | 0000 0000 | 00c9 4981 | 7f08 0000 | 0000 0f85 | 0100 0000 
  0x00007cdcbcb3ddec: ;   {runtime_call StubRoutines (1)}
  0x00007cdcbcb3ddec: c3e9 0e2e | ccff c5f8 | 774c 8be4 | 4883 ec00 | 4883 e4f0 

  0x00007cdcbcb3de00: ;   {runtime_call SharedRuntime::reguard_yellow_pages()}
  0x00007cdcbcb3de00: e8cb eebd | 1049 8be4 | 4d33 e4e9 | 66ff ffff 
[/MachCode]


Compiled method (c1)   83717  584       1       jdk.internal.misc.Unsafe::copyMemory (33 bytes)
 total in heap  [0x00007cdcbcece410,0x00007cdcbceceec8] = 2744
 relocation     [0x00007cdcbcece570,0x00007cdcbcece630] = 192
 main code      [0x00007cdcbcece640,0x00007cdcbcecea80] = 1088
 stub code      [0x00007cdcbcecea80,0x00007cdcbceceb50] = 208
 metadata       [0x00007cdcbceceb50,0x00007cdcbceceb88] = 56
 scopes data    [0x00007cdcbceceb88,0x00007cdcbceced48] = 448
 scopes pcs     [0x00007cdcbceced48,0x00007cdcbcecee88] = 320
 dependencies   [0x00007cdcbcecee88,0x00007cdcbcecee90] = 8
 nul chk table  [0x00007cdcbcecee90,0x00007cdcbceceec8] = 56

[Constant Pool (empty)]

[MachCode]
[Entry Point]
  # {method} {0x00007cdc53419b88} 'copyMemory' '(Ljava/lang/Object;JLjava/lang/Object;JJ)V' in 'jdk/internal/misc/Unsafe'
  # this:     rsi:rsi   = 'jdk/internal/misc/Unsafe'
  # parm0:    rdx:rdx   = 'java/lang/Object'
  # parm1:    rcx:rcx   = long
  # parm2:    r8:r8     = 'java/lang/Object'
  # parm3:    r9:r9     = long
  # parm4:    rdi:rdi   = long
  #           [sp+0x130]  (sp of caller)
  0x00007cdcbcece640: 448b 5608 | 49bb 0000 | 0053 dc7c | 0000 4d03 | d34c 3bd0 

  0x00007cdcbcece654: ;   {runtime_call ic_miss_stub}
  0x00007cdcbcece654: 0f85 2627 | 98ff 660f | 1f44 0000 
[Verified Entry Point]
  0x00007cdcbcece660: 8984 2400 | c0fe ff55 | 4881 ec20 | 0100 0048 | 89b4 24d8 | 0000 0048 | 8994 24c8 | 0000 0048 
  0x00007cdcbcece680: 898c 24d0 | 0000 004c | 8984 24e0 | 0000 004c | 898c 24e8 | 0000 0048 | 89bc 24f0 | 0000 0048 
  0x00007cdcbcece6a0: 8bd7 488b | c648 8bf0 | 0f1f 8000 

  0x00007cdcbcece6ac: ;   {optimized virtual_call}
  0x00007cdcbcece6ac: 0000 00e8 

  0x00007cdcbcece6b0: ; ImmutableOopMap {[216]=Oop [200]=Oop [224]=Oop }
                      ;*invokevirtual checkSize {reexecute=0 rethrow=0 return_oop=0}
                      ; - jdk.internal.misc.Unsafe::copyMemoryChecks@3 (line 831)
                      ; - jdk.internal.misc.Unsafe::copyMemory@9 (line 800)
  0x00007cdcbcece6b0: acd9 c9ff | 488b 9424 | c800 0000 | 4883 fa00 | 0f85 1b00 | 0000 488b | 9424 d000 | 0000 488b 
  0x00007cdcbcece6d0: b424 d800 

  0x00007cdcbcece6d4: ;   {optimized virtual_call}
  0x00007cdcbcece6d4: 0000 90e8 

  0x00007cdcbcece6d8: ; ImmutableOopMap {[216]=Oop [224]=Oop [200]=Oop }
                      ;*invokevirtual checkNativeAddress {reexecute=0 rethrow=0 return_oop=0}
                      ; - jdk.internal.misc.Unsafe::checkPointer@6 (line 544)
                      ; - jdk.internal.misc.Unsafe::checkPrimitivePointer@3 (line 575)
                      ; - jdk.internal.misc.Unsafe::copyMemoryChecks@9 (line 832)
                      ; - jdk.internal.misc.Unsafe::copyMemory@9 (line 800)
  0x00007cdcbcece6d8: e4d2 e1ff | e923 0000 | 0048 8b94 | 24c8 0000 | 0048 8b8c | 24d0 0000 | 0048 8bb4 | 24d8 0000 
  0x00007cdcbcece6f8: 0066 0f1f 

  0x00007cdcbcece6fc: ;   {optimized virtual_call}
  0x00007cdcbcece6fc: 4400 00e8 

  0x00007cdcbcece700: ; ImmutableOopMap {[216]=Oop [224]=Oop [200]=Oop }
                      ;*invokevirtual checkOffset {reexecute=0 rethrow=0 return_oop=0}
                      ; - jdk.internal.misc.Unsafe::checkPointer@15 (line 546)
                      ; - jdk.internal.misc.Unsafe::checkPrimitivePointer@3 (line 575)
                      ; - jdk.internal.misc.Unsafe::copyMemoryChecks@9 (line 832)
                      ; - jdk.internal.misc.Unsafe::copyMemory@9 (line 800)
  0x00007cdcbcece700: 5cab ffff | 488b 9424 | c800 0000 | 4883 fa00 | 0f84 8000 | 0000 8b72 | 0849 ba00 | 0000 53dc 
  0x00007cdcbcece720: 7c00 0049 | 03f2 488b | 7670 488b | 3e48 3b07 | 488b f748 | 89bc 24f8 | 0000 000f 

  0x00007cdcbcece73c: ;   {optimized virtual_call}
  0x00007cdcbcece73c: 1f40 00e8 

  0x00007cdcbcece740: ; ImmutableOopMap {[216]=Oop [224]=Oop [248]=Oop [200]=Oop }
                      ;*invokevirtual isArray {reexecute=0 rethrow=0 return_oop=0}
                      ; - java.lang.Class::getComponentType@1 (line 1227)
                      ; - jdk.internal.misc.Unsafe::checkPrimitiveArray@1 (line 558)
                      ; - jdk.internal.misc.Unsafe::checkPrimitivePointer@15 (line 579)
                      ; - jdk.internal.misc.Unsafe::copyMemoryChecks@9 (line 832)
                      ; - jdk.internal.misc.Unsafe::copyMemory@9 (line 800)
  0x00007cdcbcece740: 7c3a c0ff | 83f8 000f | 8414 0000 | 0048 8bbc | 24f8 0000 | 008b 5740 | 48c1 e203 | e90a 0000 
  0x00007cdcbcece760: ;   {oop(NULL)}
  0x00007cdcbcece760: 0048 ba00 | 0000 0000 | 0000 0048 | 83fa 000f | 84fc 0100 | 0048 8b52 | 1048 83fa | 00ba 0000 
  0x00007cdcbcece780: 0000 0f85 | 0500 0000 | ba01 0000 | 0083 fa00 | 0f84 db01 | 0000 4c8b | 8424 e000 | 0000 4983 
  0x00007cdcbcece7a0: f800 0f85 | 2100 0000 | 488b 9424 | e800 0000 | 488b b424 | d800 0000 | 0f1f 8000 

  0x00007cdcbcece7bc: ;   {optimized virtual_call}
  0x00007cdcbcece7bc: 0000 00e8 

  0x00007cdcbcece7c0: ; ImmutableOopMap {[216]=Oop [200]=Oop [224]=Oop }
                      ;*invokevirtual checkNativeAddress {reexecute=0 rethrow=0 return_oop=0}
                      ; - jdk.internal.misc.Unsafe::checkPointer@6 (line 544)
                      ; - jdk.internal.misc.Unsafe::checkPrimitivePointer@3 (line 575)
                      ; - jdk.internal.misc.Unsafe::copyMemoryChecks@17 (line 833)
                      ; - jdk.internal.misc.Unsafe::copyMemory@9 (line 800)
  0x00007cdcbcece7c0: fcd1 e1ff | e923 0000 | 0048 8b94 | 24e0 0000 | 0048 8b8c | 24e8 0000 | 0048 8bb4 | 24d8 0000 
  0x00007cdcbcece7e0: 0066 0f1f 

  0x00007cdcbcece7e4: ;   {optimized virtual_call}
  0x00007cdcbcece7e4: 4400 00e8 

  0x00007cdcbcece7e8: ; ImmutableOopMap {[216]=Oop [200]=Oop [224]=Oop }
                      ;*invokevirtual checkOffset {reexecute=0 rethrow=0 return_oop=0}
                      ; - jdk.internal.misc.Unsafe::checkPointer@15 (line 546)
                      ; - jdk.internal.misc.Unsafe::checkPrimitivePointer@3 (line 575)
                      ; - jdk.internal.misc.Unsafe::copyMemoryChecks@17 (line 833)
                      ; - jdk.internal.misc.Unsafe::copyMemory@9 (line 800)
  0x00007cdcbcece7e8: 74aa ffff | 4c8b 8424 | e000 0000 | 4983 f800 | 0f84 8000 | 0000 418b | 7008 49ba | 0000 0053 
  0x00007cdcbcece808: dc7c 0000 | 4903 f248 | 8b76 7048 | 8b3e 483b | 0748 8bf7 | 4889 bc24 | 0001 0000 

  0x00007cdcbcece824: ;   {optimized virtual_call}
  0x00007cdcbcece824: 6666 90e8 

  0x00007cdcbcece828: ; ImmutableOopMap {[216]=Oop [200]=Oop [256]=Oop [224]=Oop }
                      ;*invokevirtual isArray {reexecute=0 rethrow=0 return_oop=0}
                      ; - java.lang.Class::getComponentType@1 (line 1227)
                      ; - jdk.internal.misc.Unsafe::checkPrimitiveArray@1 (line 558)
                      ; - jdk.internal.misc.Unsafe::checkPrimitivePointer@15 (line 579)
                      ; - jdk.internal.misc.Unsafe::copyMemoryChecks@17 (line 833)
                      ; - jdk.internal.misc.Unsafe::copyMemory@9 (line 800)
  0x00007cdcbcece828: 9439 c0ff | 83f8 000f | 8414 0000 | 0048 8bbc | 2400 0100 | 008b 5740 | 48c1 e203 | e90a 0000 
  0x00007cdcbcece848: ;   {oop(NULL)}
  0x00007cdcbcece848: 0048 ba00 | 0000 0000 | 0000 0048 | 83fa 000f | 849d 0000 | 0048 8b52 | 1048 83fa | 00ba 0000 
  0x00007cdcbcece868: 0000 0f85 | 0500 0000 | ba01 0000 | 0083 fa00 | 0f84 7c00 | 0000 48c7 | c200 0000 | 0048 8bbc 
  0x00007cdcbcece888: 24f0 0000 | 0048 3bfa | 0f85 1600 | 0000 4881 | c420 0100 

  0x00007cdcbcece89c: ;   {poll_return}
  0x00007cdcbcece89c: 005d 493b | a748 0300 | 000f 875c | 0100 00c3 | 488b 9424 | c800 0000 | 488b 8c24 | d000 0000 
  0x00007cdcbcece8bc: 4c8b 8424 | e000 0000 | 4c8b 8c24 | e800 0000 | 488b bc24 | f000 0000 | 488b b424 | d800 0000 
  0x00007cdcbcece8dc: ;   {optimized virtual_call}
  0x00007cdcbcece8dc: 6666 90e8 

  0x00007cdcbcece8e0: ; ImmutableOopMap {}
                      ;*invokevirtual copyMemory0 {reexecute=0 rethrow=0 return_oop=0}
                      ; - jdk.internal.misc.Unsafe::copyMemory@29 (line 806)
  0x00007cdcbcece8e0: 5cf3 c6ff | 4881 c420 | 0100 005d 

  0x00007cdcbcece8ec: ;   {poll_return}
  0x00007cdcbcece8ec: 493b a748 | 0300 000f | 8724 0100 

  0x00007cdcbcece8f8: ;   {metadata('java/lang/IllegalArgumentException')}
  0x00007cdcbcece8f8: 00c3 48ba | e89c 0453 | dc7c 0000 | 498b 8708 | 0100 0048 | 8d78 2849 | 3bbf 1801 | 0000 0f87 
  0x00007cdcbcece918: 1701 0000 | 4989 bf08 | 0100 0048 | c700 0100 | 0000 488b | ca49 ba00 | 0000 53dc | 7c00 0049 
  0x00007cdcbcece938: 2bca 8948 | 0848 33c9 | 8948 0c48 | 33c9 4889 | 4810 4889 | 4818 4889 | 4820 488b | f048 8984 
  0x00007cdcbcece958: 2408 0100 

  0x00007cdcbcece95c: ;   {optimized virtual_call}
  0x00007cdcbcece95c: 0066 90e8 

  0x00007cdcbcece960: ; ImmutableOopMap {[216]=Oop [200]=Oop [224]=Oop [264]=Oop }
                      ;*invokespecial <init> {reexecute=0 rethrow=0 return_oop=0}
                      ; - jdk.internal.misc.Unsafe::invalidInput@4 (line 440)
                      ; - jdk.internal.misc.Unsafe::checkPrimitiveArray@17 (line 560)
                      ; - jdk.internal.misc.Unsafe::checkPrimitivePointer@15 (line 579)
                      ; - jdk.internal.misc.Unsafe::copyMemoryChecks@17 (line 833)
                      ; - jdk.internal.misc.Unsafe::copyMemory@9 (line 800)
  0x00007cdcbcece960: 1c27 98ff | 488b 8424 | 0801 0000 | e9fb 0000 

  0x00007cdcbcece970: ;   {metadata('java/lang/IllegalArgumentException')}
  0x00007cdcbcece970: 0048 bae8 | 9c04 53dc | 7c00 0049 | 8b87 0801 | 0000 488d | 7828 493b | bf18 0100 | 000f 87ad 
  0x00007cdcbcece990: 0000 0049 | 89bf 0801 | 0000 48c7 | 0001 0000 | 0048 8bca | 49ba 0000 | 0053 dc7c | 0000 492b 
  0x00007cdcbcece9b0: ca89 4808 | 4833 c989 | 480c 4833 | c948 8948 | 1048 8948 | 1848 8948 | 2048 8bf0 | 4889 8424 
  0x00007cdcbcece9d0: 1001 0000 

  0x00007cdcbcece9d4: ;   {optimized virtual_call}
  0x00007cdcbcece9d4: 6666 90e8 

  0x00007cdcbcece9d8: ; ImmutableOopMap {[272]=Oop [216]=Oop [200]=Oop [224]=Oop }
                      ;*invokespecial <init> {reexecute=0 rethrow=0 return_oop=0}
                      ; - jdk.internal.misc.Unsafe::invalidInput@4 (line 440)
                      ; - jdk.internal.misc.Unsafe::checkPrimitiveArray@17 (line 560)
                      ; - jdk.internal.misc.Unsafe::checkPrimitivePointer@15 (line 579)
                      ; - jdk.internal.misc.Unsafe::copyMemoryChecks@9 (line 832)
                      ; - jdk.internal.misc.Unsafe::copyMemory@9 (line 800)
  0x00007cdcbcece9d8: a426 98ff | 488b 8424 | 1001 0000 | e983 0000 

  0x00007cdcbcece9e8: ;   {runtime_call throw_null_pointer_exception Runtime1 stub}
  0x00007cdcbcece9e8: 00e8 3220 

  0x00007cdcbcece9ec: ; ImmutableOopMap {[216]=Oop [224]=Oop rdx=Oop [200]=Oop }
                      ;*invokevirtual getClass {reexecute=0 rethrow=0 return_oop=0}
                      ; - jdk.internal.misc.Unsafe::checkPrimitivePointer@12 (line 579)
                      ; - jdk.internal.misc.Unsafe::copyMemoryChecks@9 (line 832)
                      ; - jdk.internal.misc.Unsafe::copyMemory@9 (line 800)
                      ;   {runtime_call throw_null_pointer_exception Runtime1 stub}
  0x00007cdcbcece9ec: a2ff e82d 

  0x00007cdcbcece9f0: ; ImmutableOopMap {[216]=Oop [224]=Oop rdx=Oop [200]=Oop rdi=Oop }
                      ;*invokevirtual getComponentType {reexecute=0 rethrow=0 return_oop=0}
                      ; - jdk.internal.misc.Unsafe::checkPrimitiveArray@1 (line 558)
                      ; - jdk.internal.misc.Unsafe::checkPrimitivePointer@15 (line 579)
                      ; - jdk.internal.misc.Unsafe::copyMemoryChecks@9 (line 832)
                      ; - jdk.internal.misc.Unsafe::copyMemory@9 (line 800)
                      ;   {runtime_call throw_null_pointer_exception Runtime1 stub}
  0x00007cdcbcece9f0: 20a2 ffe8 

  0x00007cdcbcece9f4: ; ImmutableOopMap {[216]=Oop [224]=Oop [200]=Oop }
                      ;*invokevirtual isPrimitive {reexecute=0 rethrow=0 return_oop=0}
                      ; - jdk.internal.misc.Unsafe::checkPrimitiveArray@10 (line 559)
                      ; - jdk.internal.misc.Unsafe::checkPrimitivePointer@15 (line 579)
                      ; - jdk.internal.misc.Unsafe::copyMemoryChecks@9 (line 832)
                      ; - jdk.internal.misc.Unsafe::copyMemory@9 (line 800)
  0x00007cdcbcece9f4: 2820 a2ff 

  0x00007cdcbcece9f8: ;   {runtime_call throw_null_pointer_exception Runtime1 stub}
  0x00007cdcbcece9f8: e823 20a2 

  0x00007cdcbcece9fc: ; ImmutableOopMap {[216]=Oop [200]=Oop r8=Oop [224]=Oop }
                      ;*invokevirtual getClass {reexecute=0 rethrow=0 return_oop=0}
                      ; - jdk.internal.misc.Unsafe::checkPrimitivePointer@12 (line 579)
                      ; - jdk.internal.misc.Unsafe::copyMemoryChecks@17 (line 833)
                      ; - jdk.internal.misc.Unsafe::copyMemory@9 (line 800)
                      ;   {runtime_call throw_null_pointer_exception Runtime1 stub}
  0x00007cdcbcece9fc: ffe8 1e20 

  0x00007cdcbcecea00: ; ImmutableOopMap {[216]=Oop [200]=Oop r8=Oop [224]=Oop rdi=Oop }
                      ;*invokevirtual getComponentType {reexecute=0 rethrow=0 return_oop=0}
                      ; - jdk.internal.misc.Unsafe::checkPrimitiveArray@1 (line 558)
                      ; - jdk.internal.misc.Unsafe::checkPrimitivePointer@15 (line 579)
                      ; - jdk.internal.misc.Unsafe::copyMemoryChecks@17 (line 833)
                      ; - jdk.internal.misc.Unsafe::copyMemory@9 (line 800)
                      ;   {runtime_call throw_null_pointer_exception Runtime1 stub}
  0x00007cdcbcecea00: a2ff e819 

  0x00007cdcbcecea04: ; ImmutableOopMap {[216]=Oop [200]=Oop [224]=Oop }
                      ;*invokevirtual isPrimitive {reexecute=0 rethrow=0 return_oop=0}
                      ; - jdk.internal.misc.Unsafe::checkPrimitiveArray@10 (line 559)
                      ; - jdk.internal.misc.Unsafe::checkPrimitivePointer@15 (line 579)
                      ; - jdk.internal.misc.Unsafe::copyMemoryChecks@17 (line 833)
                      ; - jdk.internal.misc.Unsafe::copyMemory@9 (line 800)
                      ;   {internal_word}
  0x00007cdcbcecea04: 20a2 ff49 | ba9e e8ec | bcdc 7c00 | 004d 8997 | 6003 0000 

  0x00007cdcbcecea18: ;   {runtime_call SafepointBlob}
  0x00007cdcbcecea18: e9e3 8c98 

  0x00007cdcbcecea1c: ;   {internal_word}
  0x00007cdcbcecea1c: ff49 baec | e8ec bcdc | 7c00 004d | 8997 6003 

  0x00007cdcbcecea2c: ;   {runtime_call SafepointBlob}
  0x00007cdcbcecea2c: 0000 e9cd | 8c98 ff48 

  0x00007cdcbcecea34: ;   {runtime_call fast_new_instance Runtime1 stub}
  0x00007cdcbcecea34: 8bd2 e8c5 

  0x00007cdcbcecea38: ; ImmutableOopMap {[216]=Oop [200]=Oop [224]=Oop }
                      ;*new {reexecute=0 rethrow=0 return_oop=0}
                      ; - jdk.internal.misc.Unsafe::invalidInput@0 (line 440)
                      ; - jdk.internal.misc.Unsafe::checkPrimitiveArray@17 (line 560)
                      ; - jdk.internal.misc.Unsafe::checkPrimitivePointer@15 (line 579)
                      ; - jdk.internal.misc.Unsafe::copyMemoryChecks@17 (line 833)
                      ; - jdk.internal.misc.Unsafe::copyMemory@9 (line 800)
  0x00007cdcbcecea38: 28a2 ffe9 | 12ff ffff 

  0x00007cdcbcecea40: ;   {runtime_call fast_new_instance Runtime1 stub}
  0x00007cdcbcecea40: 488b d2e8 

  0x00007cdcbcecea44: ; ImmutableOopMap {[224]=Oop [200]=Oop [216]=Oop }
                      ;*new {reexecute=0 rethrow=0 return_oop=0}
                      ; - jdk.internal.misc.Unsafe::invalidInput@0 (line 440)
                      ; - jdk.internal.misc.Unsafe::checkPrimitiveArray@17 (line 560)
                      ; - jdk.internal.misc.Unsafe::checkPrimitivePointer@15 (line 579)
                      ; - jdk.internal.misc.Unsafe::copyMemoryChecks@9 (line 832)
                      ; - jdk.internal.misc.Unsafe::copyMemory@9 (line 800)
  0x00007cdcbcecea44: b828 a2ff | e97c ffff | ff90 9049 | 8b87 d803 | 0000 49c7 | 87d8 0300 | 0000 0000 | 0049 c787 
  0x00007cdcbcecea64: e003 0000 | 0000 0000 | 4881 c420 | 0100 005d 

  0x00007cdcbcecea74: ;   {runtime_call unwind_exception Runtime1 stub}
  0x00007cdcbcecea74: e987 04a2 | fff4 f4f4 | f4f4 f4f4 
[Stub Code]
  0x00007cdcbcecea80: ;   {no_reloc}
  0x00007cdcbcecea80: 0f1f 4400 

  0x00007cdcbcecea84: ;   {static_stub}
  0x00007cdcbcecea84: 0048 bb00 | 0000 0000 

  0x00007cdcbcecea8c: ;   {runtime_call}
  0x00007cdcbcecea8c: 0000 00e9 | fbff ffff 

  0x00007cdcbcecea94: ;   {static_stub}
  0x00007cdcbcecea94: 9048 bb80 | 9541 53dc 

  0x00007cdcbcecea9c: ;   {runtime_call I2C/C2I adapters}
  0x00007cdcbcecea9c: 7c00 00e9 | 3998 98ff 

  0x00007cdcbceceaa4: ;   {static_stub}
  0x00007cdcbceceaa4: 9048 bb00 | 0000 0000 

  0x00007cdcbceceaac: ;   {runtime_call}
  0x00007cdcbceceaac: 0000 00e9 | fbff ffff 

  0x00007cdcbceceab4: ;   {static_stub}
  0x00007cdcbceceab4: 9048 bb00 | 0000 0000 

  0x00007cdcbceceabc: ;   {runtime_call}
  0x00007cdcbceceabc: 0000 00e9 | fbff ffff 

  0x00007cdcbceceac4: ;   {static_stub}
  0x00007cdcbceceac4: 9048 bb80 | 9541 53dc 

  0x00007cdcbceceacc: ;   {runtime_call I2C/C2I adapters}
  0x00007cdcbceceacc: 7c00 00e9 | 0998 98ff 

  0x00007cdcbcecead4: ;   {static_stub}
  0x00007cdcbcecead4: 9048 bb00 | 0000 0000 

  0x00007cdcbceceadc: ;   {runtime_call}
  0x00007cdcbceceadc: 0000 00e9 | fbff ffff 

  0x00007cdcbceceae4: ;   {static_stub}
  0x00007cdcbceceae4: 9048 bb00 | 0000 0000 

  0x00007cdcbceceaec: ;   {runtime_call}
  0x00007cdcbceceaec: 0000 00e9 | fbff ffff 

  0x00007cdcbceceaf4: ;   {static_stub}
  0x00007cdcbceceaf4: 9048 bb00 | 0000 0000 

  0x00007cdcbceceafc: ;   {runtime_call}
  0x00007cdcbceceafc: 0000 00e9 | fbff ffff 

  0x00007cdcbceceb04: ;   {static_stub}
  0x00007cdcbceceb04: 9048 bb00 | 0000 0000 

  0x00007cdcbceceb0c: ;   {runtime_call}
  0x00007cdcbceceb0c: 0000 00e9 | fbff ffff 

  0x00007cdcbceceb14: ;   {static_stub}
  0x00007cdcbceceb14: 9048 bb00 | 0000 0000 

  0x00007cdcbceceb1c: ;   {runtime_call}
  0x00007cdcbceceb1c: 0000 00e9 | fbff ffff 
[Exception Handler]
  0x00007cdcbceceb24: ;   {runtime_call handle_exception_from_callee Runtime1 stub}
  0x00007cdcbceceb24: e8d7 3ca2 

  0x00007cdcbceceb28: ;   {external_word}
  0x00007cdcbceceb28: ff48 bf32 | 65a1 cddc | 7c00 0048 

  0x00007cdcbceceb34: ;   {runtime_call MacroAssembler::debug64(char*, long, long*)}
  0x00007cdcbceceb34: 83e4 f0e8 | 844e 6410 

  0x00007cdcbceceb3c: ;   {section_word}
  0x00007cdcbceceb3c: f449 ba3d | ebec bcdc | 7c00 0041 

  0x00007cdcbceceb48: ;   {runtime_call DeoptimizationBlob}
  0x00007cdcbceceb48: 52e9 527e | 98ff f4f4 
[/MachCode]


---------------  P R O C E S S  ---------------

Threads class SMR info:
_java_thread_list=0x00007cd9d800cbb0, length=90, elements={
0x00007cdcc8a6e3f0, 0x00007cdcc8a6f7e0, 0x00007cdcc8a74fa0, 0x00007cdcc8a76360,
0x00007cdcc8a77780, 0x00007cdcc8a78d80, 0x00007cdcc8a7a1f0, 0x00007cdcc8a86c30,
0x00007cdcc9a44970, 0x00007cdcc9a456f0, 0x00007cdcc9b27540, 0x00007cdc34000ff0,
0x00007cdbd0001670, 0x00007cdbb8012000, 0x00007cdbd00026c0, 0x00007cdcca6e7e50,
0x00007cdb4c017d30, 0x00007cdcca6e9bf0, 0x00007cdcca7436c0, 0x00007cdcca7c58a0,
0x00007cdccac3a2a0, 0x00007cdbd0003310, 0x00007cdccae60cb0, 0x00007cdccae61720,
0x00007cdccae62180, 0x00007cdccae62cd0, 0x00007cdccae63820, 0x00007cdccae64260,
0x00007cdccae64e10, 0x00007cdccae65be0, 0x00007cdccae67030, 0x00007cdccae683c0,
0x00007cdccae6b700, 0x00007cdccae71530, 0x00007cdccae7dd80, 0x00007cdccae83c70,
0x00007cdccae86b20, 0x00007cdccaea1480, 0x00007cdccaea3540, 0x00007cdccaeca200,
0x00007cdccaecac40, 0x00007cdccaecdd00, 0x00007cdcca5068a0, 0x00007cd9e40d28f0,
0x00007cdcc80355d0, 0x00007cdbd0003c00, 0x00007cda49893c40, 0x00007cda49895990,
0x00007cd9ac00a530, 0x00007cd9c00086f0, 0x00007cd9ac0e9180, 0x00007cda49c11600,
0x00007cd9cc211390, 0x00007cd9d8001930, 0x00007cd9d8002b60, 0x00007cd9d8003ba0,
0x00007cd9d8004df0, 0x00007cd9d8006060, 0x00007cda30a4bac0, 0x00007cd9c0008c70,
0x00007cd8a0000ff0, 0x00007cd980001170, 0x00007cd894001010, 0x00007cda317b34f0,
0x00007cda317bccf0, 0x00007cda317bdcd0, 0x00007cda317bed90, 0x00007cd884001760,
0x00007cd884002a10, 0x00007cd884003ce0, 0x00007cd9d80072d0, 0x00007cd9d80085b0,
0x00007cd884004fb0, 0x00007cd89c8ccfa0, 0x00007cd90c001450, 0x00007cd8840062a0,
0x00007cd9d8009890, 0x00007cd890b3dfa0, 0x00007cdc18029760, 0x00007cd9d800aba0,
0x00007cd8840075a0, 0x00007cd9d800bbc0, 0x00007cd9d800cef0, 0x00007cd914001590,
0x00007cd9445d81e0, 0x00007cd924001310, 0x00007cd9e40d67d0, 0x00007cd9d022b280,
0x00007cd9d0228600, 0x00007cdc240a1690
}

Java Threads: ( => current thread )
  0x00007cdcc8a6e3f0 JavaThread "Reference Handler" daemon [_thread_blocked, id=12483, stack(0x00007cdcabf00000,0x00007cdcac000000)]
  0x00007cdcc8a6f7e0 JavaThread "Finalizer" daemon [_thread_blocked, id=12484, stack(0x00007cdcabe00000,0x00007cdcabf00000)]
  0x00007cdcc8a74fa0 JavaThread "Signal Dispatcher" daemon [_thread_blocked, id=12485, stack(0x00007cdcabd00000,0x00007cdcabe00000)]
  0x00007cdcc8a76360 JavaThread "Service Thread" daemon [_thread_blocked, id=12486, stack(0x00007cdcab900000,0x00007cdcaba00000)]
  0x00007cdcc8a77780 JavaThread "Monitor Deflation Thread" daemon [_thread_blocked, id=12487, stack(0x00007cdcaaf00000,0x00007cdcab000000)]
  0x00007cdcc8a78d80 JavaThread "C1 CompilerThread0" daemon [_thread_blocked, id=12488, stack(0x00007cdcaae00000,0x00007cdcaaf00000)]
  0x00007cdcc8a7a1f0 JavaThread "Sweeper thread" daemon [_thread_blocked, id=12489, stack(0x00007cdcaad00000,0x00007cdcaae00000)]
  0x00007cdcc8a86c30 JavaThread "Common-Cleaner" daemon [_thread_blocked, id=12493, stack(0x00007cdcaa900000,0x00007cdcaaa00000)]
  0x00007cdcc9a44970 JavaThread "Monitor Ctrl-Break" daemon [_thread_in_native, id=12502, stack(0x00007cdca9c00000,0x00007cdca9d00000)]
  0x00007cdcc9a456f0 JavaThread "Notification Thread" daemon [_thread_blocked, id=12503, stack(0x00007cdca9b00000,0x00007cdca9c00000)]
  0x00007cdcc9b27540 JavaThread "RMI TCP Accept-0" daemon [_thread_in_native, id=12505, stack(0x00007cdca9700000,0x00007cdca9800000)]
  0x00007cdc34000ff0 JavaThread "Attach Listener" daemon [_thread_blocked, id=12557, stack(0x00007cdca9100000,0x00007cdca9200000)]
  0x00007cdbd0001670 JavaThread "RMI TCP Connection(idle)" daemon [_thread_blocked, id=12561, stack(0x00007cdca9000000,0x00007cdca9100000)]
  0x00007cdbb8012000 JavaThread "RMI Scheduler(0)" daemon [_thread_blocked, id=12562, stack(0x00007cdca8f00000,0x00007cdca9000000)]
  0x00007cdbd00026c0 JavaThread "RMI TCP Connection(idle)" daemon [_thread_blocked, id=12641, stack(0x00007cdca8a00000,0x00007cdca8b00000)]
  0x00007cdcca6e7e50 JavaThread "Catalina-utility-1" [_thread_blocked, id=12891, stack(0x00007cdc9f3fb000,0x00007cdc9f4fb000)]
  0x00007cdb4c017d30 JavaThread "Catalina-utility-2" [_thread_blocked, id=12892, stack(0x00007cdcaa100000,0x00007cdcaa200000)]
  0x00007cdcca6e9bf0 JavaThread "container-0" [_thread_blocked, id=12893, stack(0x00007cdca9d00000,0x00007cdca9e00000)]
  0x00007cdcca7436c0 JavaThread "commons-pool-evictor" daemon [_thread_blocked, id=12904, stack(0x00007cdc9f2fb000,0x00007cdc9f3fb000)]
  0x00007cdcca7c58a0 JavaThread "JavaCPP Deallocator" daemon [_thread_blocked, id=12907, stack(0x00007cdc9f1fb000,0x00007cdc9f2fb000)]
  0x00007cdccac3a2a0 JavaThread "spring.cloud.inetutils" daemon [_thread_blocked, id=13305, stack(0x00007cdca94ff000,0x00007cdca95ff000)]
  0x00007cdbd0003310 JavaThread "RMI TCP Connection(idle)" daemon [_thread_blocked, id=13322, stack(0x00007cdcaa800000,0x00007cdcaa900000)]
  0x00007cdccae60cb0 JavaThread "http-nio-10001-exec-1" daemon [_thread_blocked, id=13438, stack(0x00007cdcaa700000,0x00007cdcaa800000)]
  0x00007cdccae61720 JavaThread "http-nio-10001-exec-2" daemon [_thread_blocked, id=13439, stack(0x00007cdcaa300000,0x00007cdcaa400000)]
  0x00007cdccae62180 JavaThread "http-nio-10001-exec-3" daemon [_thread_blocked, id=13440, stack(0x00007cdcaa200000,0x00007cdcaa300000)]
  0x00007cdccae62cd0 JavaThread "http-nio-10001-exec-4" daemon [_thread_blocked, id=13441, stack(0x00007cdca8b00000,0x00007cdca8c00000)]
  0x00007cdccae63820 JavaThread "http-nio-10001-exec-5" daemon [_thread_blocked, id=13442, stack(0x00007cdc9f0fb000,0x00007cdc9f1fb000)]
  0x00007cdccae64260 JavaThread "http-nio-10001-exec-6" daemon [_thread_blocked, id=13443, stack(0x00007cdc9ed00000,0x00007cdc9ee00000)]
  0x00007cdccae64e10 JavaThread "http-nio-10001-exec-7" daemon [_thread_blocked, id=13444, stack(0x00007cdc9ec00000,0x00007cdc9ed00000)]
  0x00007cdccae65be0 JavaThread "http-nio-10001-exec-8" daemon [_thread_blocked, id=13445, stack(0x00007cdc9eb00000,0x00007cdc9ec00000)]
  0x00007cdccae67030 JavaThread "http-nio-10001-exec-9" daemon [_thread_blocked, id=13446, stack(0x00007cdc9e700000,0x00007cdc9e800000)]
  0x00007cdccae683c0 JavaThread "http-nio-10001-exec-10" daemon [_thread_blocked, id=13447, stack(0x00007cdc9e600000,0x00007cdc9e700000)]
  0x00007cdccae6b700 JavaThread "http-nio-10001-Poller" daemon [_thread_in_native, id=13448, stack(0x00007cdc9e500000,0x00007cdc9e600000)]
  0x00007cdccae71530 JavaThread "http-nio-10001-Acceptor" daemon [_thread_in_native, id=13449, stack(0x00007cdc9e100000,0x00007cdc9e200000)]
  0x00007cdccae7dd80 JavaThread "nacos.publisher-com.alibaba.nacos.common.notify.SlowEvent" daemon [_thread_blocked, id=13454, stack(0x00007cdc9e000000,0x00007cdc9e100000)]
  0x00007cdccae83c70 JavaThread "nacos.publisher-com.alibaba.nacos.client.naming.event.InstancesChangeEvent" daemon [_thread_blocked, id=13455, stack(0x00007cdc9df00000,0x00007cdc9e000000)]
  0x00007cdccae86b20 JavaThread "com.alibaba.nacos.naming.failover" daemon [_thread_blocked, id=13456, stack(0x00007cdc9d900000,0x00007cdc9da00000)]
  0x00007cdccaea1480 JavaThread "com.alibaba.nacos.client.auth.ram.identify.watcher.0" daemon [_thread_blocked, id=13458, stack(0x00007cdc9cf00000,0x00007cdc9d000000)]
  0x00007cdccaea3540 JavaThread "com.alibaba.nacos.client.naming.security" daemon [_thread_blocked, id=13459, stack(0x00007cdc9c100000,0x00007cdc9c200000)]
  0x00007cdccaeca200 JavaThread "com.alibaba.nacos.client.naming.grpc.redo.0" daemon [_thread_blocked, id=13468, stack(0x00007cdc9c000000,0x00007cdc9c100000)]
  0x00007cdccaecac40 JavaThread "com.alibaba.nacos.client.remote.worker" daemon [_thread_blocked, id=13469, stack(0x00007cdc4ef00000,0x00007cdc4f000000)]
  0x00007cdccaecdd00 JavaThread "com.alibaba.nacos.client.remote.worker" daemon [_thread_blocked, id=13470, stack(0x00007cdc4cf00000,0x00007cdc4d000000)]
  0x00007cdcca5068a0 JavaThread "grpc-nio-worker-ELG-1-1" daemon [_thread_in_native, id=13499, stack(0x00007cdc4c500000,0x00007cdc4c600000)]
  0x00007cd9e40d28f0 JavaThread "grpc-nio-worker-ELG-1-2" daemon [_thread_in_native, id=13529, stack(0x00007cdc4c100000,0x00007cdc4c200000)]
  0x00007cdcc80355d0 JavaThread "DestroyJavaVM" [_thread_blocked, id=12462, stack(0x00007cdccebe3000,0x00007cdccece3000)]
  0x00007cdbd0003c00 JavaThread "RMI TCP Connection(idle)" daemon [_thread_blocked, id=14621, stack(0x00007cdc46b00000,0x00007cdc46c00000)]
  0x00007cda49893c40 JavaThread "grpc-default-worker-ELG-1-1" daemon [_thread_in_native, id=15336, stack(0x00007cdc44d00000,0x00007cdc44e00000)]
  0x00007cda49895990 JavaThread "grpc-default-executor-0" daemon [_thread_blocked, id=15337, stack(0x00007cdc45700000,0x00007cdc45800000)]
  0x00007cd9ac00a530 JavaThread "grpc-default-executor-1" daemon [_thread_blocked, id=15338, stack(0x00007cdc47500000,0x00007cdc47600000)]
  0x00007cd9c00086f0 JavaThread "grpc-default-executor-2" daemon [_thread_blocked, id=15339, stack(0x00007cdc47f00000,0x00007cdc48000000)]
  0x00007cd9ac0e9180 JavaThread "grpc-default-worker-ELG-1-2" daemon [_thread_in_native, id=15340, stack(0x00007cdc4c000000,0x00007cdc4c100000)]
=>0x00007cda49c11600 JavaThread "Thread-12" daemon [_thread_in_vm, id=15341, stack(0x00007cdc4c300000,0x00007cdc4c400000)]
  0x00007cd9cc211390 JavaThread "grpc-default-worker-ELG-1-3" daemon [_thread_in_native, id=15345, stack(0x00007cdc3b500000,0x00007cdc3b600000)]
  0x00007cd9d8001930 JavaThread "pool-2-thread-1" [_thread_blocked, id=15346, stack(0x00007cdc3ab00000,0x00007cdc3ac00000)]
  0x00007cd9d8002b60 JavaThread "pool-2-thread-2" [_thread_blocked, id=15362, stack(0x00007cdc39700000,0x00007cdc39800000)]
  0x00007cd9d8003ba0 JavaThread "pool-2-thread-3" [_thread_blocked, id=15363, stack(0x00007cdc38d00000,0x00007cdc38e00000)]
  0x00007cd9d8004df0 JavaThread "pool-2-thread-4" [_thread_blocked, id=15368, stack(0x00007cdc38100000,0x00007cdc38200000)]
  0x00007cd9d8006060 JavaThread "pool-2-thread-5" [_thread_blocked, id=15369, stack(0x00007cdc38000000,0x00007cdc38100000)]
  0x00007cda30a4bac0 JavaThread "grpc-default-worker-ELG-1-4" daemon [_thread_in_native, id=15392, stack(0x00007cdc2ff00000,0x00007cdc30000000)]
  0x00007cd9c0008c70 JavaThread "grpc-default-worker-ELG-1-5" daemon [_thread_in_native, id=15393, stack(0x00007cdc2df00000,0x00007cdc2e000000)]
  0x00007cd8a0000ff0 JavaThread "grpc-default-worker-ELG-1-6" daemon [_thread_in_native, id=15394, stack(0x00007cdc2d500000,0x00007cdc2d600000)]
  0x00007cd980001170 JavaThread "grpc-default-worker-ELG-1-7" daemon [_thread_in_native, id=15395, stack(0x00007cdc2cb00000,0x00007cdc2cc00000)]
  0x00007cd894001010 JavaThread "grpc-default-worker-ELG-1-8" daemon [_thread_in_native, id=15396, stack(0x00007cdc2c100000,0x00007cdc2c200000)]
  0x00007cda317b34f0 JavaThread "Thread-16" daemon [_thread_in_native, id=15399, stack(0x00007cdc2c000000,0x00007cdc2c100000)]
  0x00007cda317bccf0 JavaThread "Thread-17" daemon [_thread_blocked, id=15400, stack(0x00007cdc23f00000,0x00007cdc24000000)]
  0x00007cda317bdcd0 JavaThread "Thread-18" daemon [_thread_blocked, id=15401, stack(0x00007cdc23500000,0x00007cdc23600000)]
  0x00007cda317bed90 JavaThread "Thread-19" daemon [_thread_blocked, id=15402, stack(0x00007cdc22b00000,0x00007cdc22c00000)]
  0x00007cd884001760 JavaThread "pool-2-thread-6" [_thread_blocked, id=15403, stack(0x00007cdc22100000,0x00007cdc22200000)]
  0x00007cd884002a10 JavaThread "pool-2-thread-7" [_thread_blocked, id=15404, stack(0x00007cdc21700000,0x00007cdc21800000)]
  0x00007cd884003ce0 JavaThread "pool-2-thread-8" [_thread_blocked, id=15405, stack(0x00007cdc20d00000,0x00007cdc20e00000)]
  0x00007cd9d80072d0 JavaThread "pool-2-thread-9" [_thread_blocked, id=15410, stack(0x00007cdc20300000,0x00007cdc20400000)]
  0x00007cd9d80085b0 JavaThread "pool-2-thread-10" [_thread_blocked, id=15411, stack(0x00007cdc20200000,0x00007cdc20300000)]
  0x00007cd884004fb0 JavaThread "pool-2-thread-11" [_thread_blocked, id=15412, stack(0x00007cdc20100000,0x00007cdc20200000)]
  0x00007cd89c8ccfa0 JavaThread "grpc-default-worker-ELG-1-9" daemon [_thread_in_native, id=15414, stack(0x00007cdc20000000,0x00007cdc20100000)]
  0x00007cd90c001450 JavaThread "grpc-default-worker-ELG-1-10" daemon [_thread_in_native, id=15415, stack(0x00007cdc17f00000,0x00007cdc18000000)]
  0x00007cd8840062a0 JavaThread "pool-2-thread-12" [_thread_blocked, id=15418, stack(0x00007cdc17500000,0x00007cdc17600000)]
  0x00007cd9d8009890 JavaThread "pool-2-thread-13" [_thread_blocked, id=15419, stack(0x00007cdc16b00000,0x00007cdc16c00000)]
  0x00007cd890b3dfa0 JavaThread "grpc-default-worker-ELG-1-11" daemon [_thread_in_native, id=15422, stack(0x00007cdcaac00000,0x00007cdcaad00000)]
  0x00007cdc18029760 JavaThread "grpc-default-worker-ELG-1-12" daemon [_thread_in_native, id=15423, stack(0x00007cdc16100000,0x00007cdc16200000)]
  0x00007cd9d800aba0 JavaThread "pool-2-thread-14" [_thread_blocked, id=15424, stack(0x00007cdc15700000,0x00007cdc15800000)]
  0x00007cd8840075a0 JavaThread "pool-2-thread-15" [_thread_blocked, id=15427, stack(0x00007cdc14d00000,0x00007cdc14e00000)]
  0x00007cd9d800bbc0 JavaThread "pool-2-thread-16" [_thread_blocked, id=15430, stack(0x00007cdc14300000,0x00007cdc14400000)]
  0x00007cd9d800cef0 JavaThread "pool-2-thread-17" [_thread_blocked, id=15431, stack(0x00007cdc14200000,0x00007cdc14300000)]
  0x00007cd914001590 JavaThread "grpc-default-worker-ELG-1-13" daemon [_thread_in_native, id=15432, stack(0x00007cdc14100000,0x00007cdc14200000)]
  0x00007cd9445d81e0 JavaThread "grpc-default-worker-ELG-1-14" daemon [_thread_in_native, id=15433, stack(0x00007cdc14000000,0x00007cdc14100000)]
  0x00007cd924001310 JavaThread "grpc-default-worker-ELG-1-15" daemon [_thread_in_native, id=15438, stack(0x00007cdc4c400000,0x00007cdc4c500000)]
  0x00007cd9e40d67d0 JavaThread "grpc-default-worker-ELG-1-16" daemon [_thread_in_native, id=15439, stack(0x00007cdc0bf00000,0x00007cdc0c000000)]
  0x00007cd9d022b280 JavaThread "nacos-grpc-client-executor-scnu.saigou.work-34" daemon [_thread_blocked, id=15471, stack(0x00007cdc38200000,0x00007cdc38300000)]
  0x00007cd9d0228600 JavaThread "nacos-grpc-client-executor-scnu.saigou.work-35" daemon [_thread_blocked, id=15472, stack(0x00007cdc38300000,0x00007cdc38400000)]
  0x00007cdc240a1690 JavaThread "C1 CompilerThread1" daemon [_thread_blocked, id=15500, stack(0x00007cdcaab00000,0x00007cdcaac00000)]

Other Threads:
  0x00007cdcc8a6a320 VMThread "VM Thread" [stack: 0x00007cdcb00f2000,0x00007cdcb01f2000] [id=12482]
  0x00007cdcc8037e50 WatcherThread [stack: 0x00007cdca9600000,0x00007cdca9700000] [id=12506]
  0x00007cdcc80a3070 GCTaskThread "GC Thread#0" [stack: 0x00007cdcc00fe000,0x00007cdcc01fe000] [id=12465]
  0x00007cdc48006e00 GCTaskThread "GC Thread#1" [stack: 0x00007cdca8900000,0x00007cdca8a00000] [id=12643]
  0x00007cdc48007810 GCTaskThread "GC Thread#2" [stack: 0x00007cdca8500000,0x00007cdca8600000] [id=12644]
  0x00007cdc48008220 GCTaskThread "GC Thread#3" [stack: 0x00007cdca83ff000,0x00007cdca84ff000] [id=12645]
  0x00007cdc48008c30 GCTaskThread "GC Thread#4" [stack: 0x00007cdca82fe000,0x00007cdca83fe000] [id=12646]
  0x00007cdc48009640 GCTaskThread "GC Thread#5" [stack: 0x00007cdca81fd000,0x00007cdca82fd000] [id=12647]
  0x00007cdc4800a080 GCTaskThread "GC Thread#6" [stack: 0x00007cdca80fc000,0x00007cdca81fc000] [id=12648]
  0x00007cdc4800aac0 GCTaskThread "GC Thread#7" [stack: 0x00007cdc9ff00000,0x00007cdca0000000] [id=12649]
  0x00007cdc4800b500 GCTaskThread "GC Thread#8" [stack: 0x00007cdc9fdff000,0x00007cdc9feff000] [id=12650]
  0x00007cdc4800bf40 GCTaskThread "GC Thread#9" [stack: 0x00007cdc9fcfe000,0x00007cdc9fdfe000] [id=12651]
  0x00007cdc4800cd70 GCTaskThread "GC Thread#10" [stack: 0x00007cdc9f900000,0x00007cdc9fa00000] [id=12652]
  0x00007cdc4800dba0 GCTaskThread "GC Thread#11" [stack: 0x00007cdc9f7ff000,0x00007cdc9f8ff000] [id=12653]
  0x00007cdc4800e9d0 GCTaskThread "GC Thread#12" [stack: 0x00007cdc9f6fe000,0x00007cdc9f7fe000] [id=12654]
  0x00007cdcc80b4620 ConcurrentGCThread "G1 Main Marker" [stack: 0x00007cdcbfd00000,0x00007cdcbfe00000] [id=12466]
  0x00007cdcc80b5590 ConcurrentGCThread "G1 Conc#0" [stack: 0x00007cdcbfbff000,0x00007cdcbfcff000] [id=12467]
  0x00007cdca4000eb0 ConcurrentGCThread "G1 Conc#1" [stack: 0x00007cdc9f5fd000,0x00007cdc9f6fd000] [id=12655]
  0x00007cdca4001cf0 ConcurrentGCThread "G1 Conc#2" [stack: 0x00007cdc9f4fc000,0x00007cdc9f5fc000] [id=12656]
  0x00007cdcc8a3e0e0 ConcurrentGCThread "G1 Refine#0" [stack: 0x00007cdcb02f4000,0x00007cdcb03f4000] [id=12477]
  0x00007cdcc8a3efe0 ConcurrentGCThread "G1 Service" [stack: 0x00007cdcb01f3000,0x00007cdcb02f3000] [id=12478]

Threads with active compile tasks:

VM state: not at safepoint (normal execution)

VM Mutex/Monitor currently owned by a thread: None

Heap address: 0x0000000700000000, size: 4096 MB, Compressed Oops mode: Zero based, Oop shift amount: 3

CDS archive(s) mapped at: [0x00007cdc53000000-0x00007cdc53bc9000-0x00007cdc53bc9000), size 12357632, SharedBaseAddress: 0x00007cdc53000000, ArchiveRelocationMode: 1.
Compressed class space mapped at: 0x00007cdc54000000-0x00007cdc94000000, reserved size: 1073741824
Narrow klass base: 0x00007cdc53000000, Narrow klass shift: 0, Narrow klass range: 0x100000000

GC Precious Log:
 CPUs: 16 total, 16 available
 Memory: 27913M
 Large Page Support: Disabled
 NUMA Support: Disabled
 Compressed Oops: Enabled (Zero based)
 Heap Region Size: 2M
 Heap Min Capacity: 4G
 Heap Initial Capacity: 4G
 Heap Max Capacity: 4G
 Pre-touch: Disabled
 Parallel Workers: 13
 Concurrent Workers: 3
 Concurrent Refinement Workers: 13
 Periodic GC: Disabled

Heap:
 garbage-first heap   total 4194304K, used 78392K [0x0000000700000000, 0x0000000800000000)
  region size 2048K, 13 young (26624K), 0 survivors (0K)
 Metaspace       used 80990K, committed 81600K, reserved 1179648K
  class space    used 10507K, committed 10816K, reserved 1048576K

Heap Regions: E=young(eden), S=young(survivor), O=old, HS=humongous(starts), HC=humongous(continues), CS=collection set, F=free, OA=open archive, CA=closed archive, TAMS=top-at-mark-start (previous, next)
|   0|0x0000000700000000, 0x00000007001ffff0, 0x0000000700200000| 99%| O|  |TAMS 0x0000000700000000, 0x0000000700000000| Untracked 
|   1|0x0000000700200000, 0x00000007003ffff8, 0x0000000700400000| 99%| O|  |TAMS 0x0000000700200000, 0x0000000700200000| Untracked 
|   2|0x0000000700400000, 0x00000007005d4eb8, 0x0000000700600000| 91%| O|  |TAMS 0x0000000700400000, 0x0000000700400000| Untracked 
|   3|0x0000000700600000, 0x000000070062f5c0, 0x0000000700800000|  9%| O|  |TAMS 0x0000000700600000, 0x0000000700600000| Untracked 
|   4|0x0000000700800000, 0x0000000700800000, 0x0000000700a00000|  0%| F|  |TAMS 0x0000000700800000, 0x0000000700800000| Untracked 
|   5|0x0000000700a00000, 0x0000000700a8bf78, 0x0000000700c00000| 27%| O|  |TAMS 0x0000000700a00000, 0x0000000700a00000| Untracked 
|   6|0x0000000700c00000, 0x0000000700d6b990, 0x0000000700e00000| 71%| O|  |TAMS 0x0000000700c00000, 0x0000000700c00000| Untracked 
|   7|0x0000000700e00000, 0x0000000700ffffa0, 0x0000000701000000| 99%| O|  |TAMS 0x0000000700e00000, 0x0000000700e00000| Untracked 
|   8|0x0000000701000000, 0x00000007011ea0c0, 0x0000000701200000| 95%| O|  |TAMS 0x0000000701000000, 0x0000000701000000| Untracked 
|   9|0x0000000701200000, 0x00000007013f5a70, 0x0000000701400000| 97%| O|  |TAMS 0x0000000701200000, 0x0000000701200000| Untracked 
|  10|0x0000000701400000, 0x00000007015ebe20, 0x0000000701600000| 96%| O|  |TAMS 0x0000000701400000, 0x0000000701400000| Untracked 
|  11|0x0000000701600000, 0x0000000701600000, 0x0000000701800000|  0%| F|  |TAMS 0x0000000701600000, 0x0000000701600000| Untracked 
|  12|0x0000000701800000, 0x00000007018c6f38, 0x0000000701a00000| 38%| O|  |TAMS 0x0000000701800000, 0x0000000701800000| Untracked 
|  13|0x0000000701a00000, 0x0000000701c00000, 0x0000000701c00000|100%| O|  |TAMS 0x0000000701a00000, 0x0000000701a00000| Untracked 
|  14|0x0000000701c00000, 0x0000000701c77be0, 0x0000000701e00000| 23%| O|  |TAMS 0x0000000701c00000, 0x0000000701c00000| Untracked 
|  15|0x0000000701e00000, 0x0000000701e00000, 0x0000000702000000|  0%| F|  |TAMS 0x0000000701e00000, 0x0000000701e00000| Untracked 
|  16|0x0000000702000000, 0x0000000702000000, 0x0000000702200000|  0%| F|  |TAMS 0x0000000702000000, 0x0000000702000000| Untracked 
|  17|0x0000000702200000, 0x0000000702200000, 0x0000000702400000|  0%| F|  |TAMS 0x0000000702200000, 0x0000000702200000| Untracked 
|  18|0x0000000702400000, 0x0000000702400000, 0x0000000702600000|  0%| F|  |TAMS 0x0000000702400000, 0x0000000702400000| Untracked 
|  19|0x0000000702600000, 0x00000007027d0010, 0x0000000702800000| 90%| O|  |TAMS 0x0000000702600000, 0x0000000702600000| Untracked 
|  20|0x0000000702800000, 0x0000000702861188, 0x0000000702a00000| 18%| O|  |TAMS 0x0000000702800000, 0x0000000702800000| Untracked 
|  21|0x0000000702a00000, 0x0000000702a00000, 0x0000000702c00000|  0%| F|  |TAMS 0x0000000702a00000, 0x0000000702a00000| Untracked 
|  22|0x0000000702c00000, 0x0000000702c00000, 0x0000000702e00000|  0%| F|  |TAMS 0x0000000702c00000, 0x0000000702c00000| Untracked 
|  23|0x0000000702e00000, 0x0000000702e00000, 0x0000000703000000|  0%| F|  |TAMS 0x0000000702e00000, 0x0000000702e00000| Untracked 
|  24|0x0000000703000000, 0x00000007030ca340, 0x0000000703200000| 39%| O|  |TAMS 0x0000000703000000, 0x0000000703000000| Untracked 
|  25|0x0000000703200000, 0x00000007032ee9c0, 0x0000000703400000| 46%| O|  |TAMS 0x0000000703200000, 0x0000000703200000| Untracked 
|  26|0x0000000703400000, 0x00000007035b36c8, 0x0000000703600000| 85%| O|  |TAMS 0x0000000703400000, 0x0000000703400000| Untracked 
|  27|0x0000000703600000, 0x0000000703600000, 0x0000000703800000|  0%| F|  |TAMS 0x0000000703600000, 0x0000000703600000| Untracked 
|  28|0x0000000703800000, 0x0000000703800000, 0x0000000703a00000|  0%| F|  |TAMS 0x0000000703800000, 0x0000000703800000| Untracked 
|  29|0x0000000703a00000, 0x0000000703a00000, 0x0000000703c00000|  0%| F|  |TAMS 0x0000000703a00000, 0x0000000703a00000| Untracked 
|  30|0x0000000703c00000, 0x0000000703cc0880, 0x0000000703e00000| 37%| O|  |TAMS 0x0000000703c00000, 0x0000000703c00000| Untracked 
|  31|0x0000000703e00000, 0x0000000703e00000, 0x0000000704000000|  0%| F|  |TAMS 0x0000000703e00000, 0x0000000703e00000| Untracked 
|  32|0x0000000704000000, 0x0000000704000000, 0x0000000704200000|  0%| F|  |TAMS 0x0000000704000000, 0x0000000704000000| Untracked 
|  33|0x0000000704200000, 0x00000007043fed88, 0x0000000704400000| 99%| O|  |TAMS 0x0000000704200000, 0x0000000704200000| Untracked 
|  34|0x0000000704400000, 0x0000000704400000, 0x0000000704600000|  0%| F|  |TAMS 0x0000000704400000, 0x0000000704400000| Untracked 
|  35|0x0000000704600000, 0x0000000704600000, 0x0000000704800000|  0%| F|  |TAMS 0x0000000704600000, 0x0000000704600000| Untracked 
|  36|0x0000000704800000, 0x0000000704800000, 0x0000000704a00000|  0%| F|  |TAMS 0x0000000704800000, 0x0000000704800000| Untracked 
|  37|0x0000000704a00000, 0x0000000704a00000, 0x0000000704c00000|  0%| F|  |TAMS 0x0000000704a00000, 0x0000000704a00000| Untracked 
|  38|0x0000000704c00000, 0x0000000704c00000, 0x0000000704e00000|  0%| F|  |TAMS 0x0000000704c00000, 0x0000000704c00000| Untracked 
|  39|0x0000000704e00000, 0x0000000704e00000, 0x0000000705000000|  0%| F|  |TAMS 0x0000000704e00000, 0x0000000704e00000| Untracked 
|  40|0x0000000705000000, 0x0000000705000000, 0x0000000705200000|  0%| F|  |TAMS 0x0000000705000000, 0x0000000705000000| Untracked 
|  41|0x0000000705200000, 0x0000000705200000, 0x0000000705400000|  0%| F|  |TAMS 0x0000000705200000, 0x0000000705200000| Untracked 
|  42|0x0000000705400000, 0x0000000705400000, 0x0000000705600000|  0%| F|  |TAMS 0x0000000705400000, 0x0000000705400000| Untracked 
|  43|0x0000000705600000, 0x0000000705600000, 0x0000000705800000|  0%| F|  |TAMS 0x0000000705600000, 0x0000000705600000| Untracked 
|  44|0x0000000705800000, 0x0000000705800000, 0x0000000705a00000|  0%| F|  |TAMS 0x0000000705800000, 0x0000000705800000| Untracked 
|  45|0x0000000705a00000, 0x0000000705a00000, 0x0000000705c00000|  0%| F|  |TAMS 0x0000000705a00000, 0x0000000705a00000| Untracked 
|  46|0x0000000705c00000, 0x0000000705c00000, 0x0000000705e00000|  0%| F|  |TAMS 0x0000000705c00000, 0x0000000705c00000| Untracked 
|  47|0x0000000705e00000, 0x0000000705e00000, 0x0000000706000000|  0%| F|  |TAMS 0x0000000705e00000, 0x0000000705e00000| Untracked 
|  48|0x0000000706000000, 0x000000070613f630, 0x0000000706200000| 62%| O|  |TAMS 0x0000000706000000, 0x0000000706000000| Untracked 
|  49|0x0000000706200000, 0x0000000706200000, 0x0000000706400000|  0%| F|  |TAMS 0x0000000706200000, 0x0000000706200000| Untracked 
|  50|0x0000000706400000, 0x0000000706400000, 0x0000000706600000|  0%| F|  |TAMS 0x0000000706400000, 0x0000000706400000| Untracked 
|  51|0x0000000706600000, 0x0000000706600000, 0x0000000706800000|  0%| F|  |TAMS 0x0000000706600000, 0x0000000706600000| Untracked 
|  52|0x0000000706800000, 0x0000000706800000, 0x0000000706a00000|  0%| F|  |TAMS 0x0000000706800000, 0x0000000706800000| Untracked 
|  53|0x0000000706a00000, 0x0000000706a00000, 0x0000000706c00000|  0%| F|  |TAMS 0x0000000706a00000, 0x0000000706a00000| Untracked 
|  54|0x0000000706c00000, 0x0000000706c00000, 0x0000000706e00000|  0%| F|  |TAMS 0x0000000706c00000, 0x0000000706c00000| Untracked 
|  55|0x0000000706e00000, 0x0000000706e00000, 0x0000000707000000|  0%| F|  |TAMS 0x0000000706e00000, 0x0000000706e00000| Untracked 
|  56|0x0000000707000000, 0x0000000707000000, 0x0000000707200000|  0%| F|  |TAMS 0x0000000707000000, 0x0000000707000000| Untracked 
|  57|0x0000000707200000, 0x0000000707200000, 0x0000000707400000|  0%| F|  |TAMS 0x0000000707200000, 0x0000000707200000| Untracked 
|  58|0x0000000707400000, 0x0000000707400000, 0x0000000707600000|  0%| F|  |TAMS 0x0000000707400000, 0x0000000707400000| Untracked 
|  59|0x0000000707600000, 0x0000000707600000, 0x0000000707800000|  0%| F|  |TAMS 0x0000000707600000, 0x0000000707600000| Untracked 
|  60|0x0000000707800000, 0x0000000707800000, 0x0000000707a00000|  0%| F|  |TAMS 0x0000000707800000, 0x0000000707800000| Untracked 
|  61|0x0000000707a00000, 0x0000000707a00000, 0x0000000707c00000|  0%| F|  |TAMS 0x0000000707a00000, 0x0000000707a00000| Untracked 
|  62|0x0000000707c00000, 0x0000000707c00000, 0x0000000707e00000|  0%| F|  |TAMS 0x0000000707c00000, 0x0000000707c00000| Untracked 
|  63|0x0000000707e00000, 0x0000000707e00000, 0x0000000708000000|  0%| F|  |TAMS 0x0000000707e00000, 0x0000000707e00000| Untracked 
|  64|0x0000000708000000, 0x0000000708000000, 0x0000000708200000|  0%| F|  |TAMS 0x0000000708000000, 0x0000000708000000| Untracked 
|  65|0x0000000708200000, 0x0000000708200000, 0x0000000708400000|  0%| F|  |TAMS 0x0000000708200000, 0x0000000708200000| Untracked 
|  66|0x0000000708400000, 0x0000000708400000, 0x0000000708600000|  0%| F|  |TAMS 0x0000000708400000, 0x0000000708400000| Untracked 
|  67|0x0000000708600000, 0x0000000708600000, 0x0000000708800000|  0%| F|  |TAMS 0x0000000708600000, 0x0000000708600000| Untracked 
|  68|0x0000000708800000, 0x0000000708800000, 0x0000000708a00000|  0%| F|  |TAMS 0x0000000708800000, 0x0000000708800000| Untracked 
|  69|0x0000000708a00000, 0x0000000708a00000, 0x0000000708c00000|  0%| F|  |TAMS 0x0000000708a00000, 0x0000000708a00000| Untracked 
|  70|0x0000000708c00000, 0x0000000708c00000, 0x0000000708e00000|  0%| F|  |TAMS 0x0000000708c00000, 0x0000000708c00000| Untracked 
|  71|0x0000000708e00000, 0x0000000708e00000, 0x0000000709000000|  0%| F|  |TAMS 0x0000000708e00000, 0x0000000708e00000| Untracked 
|  72|0x0000000709000000, 0x0000000709000000, 0x0000000709200000|  0%| F|  |TAMS 0x0000000709000000, 0x0000000709000000| Untracked 
|  73|0x0000000709200000, 0x0000000709200000, 0x0000000709400000|  0%| F|  |TAMS 0x0000000709200000, 0x0000000709200000| Untracked 
|  74|0x0000000709400000, 0x0000000709400000, 0x0000000709600000|  0%| F|  |TAMS 0x0000000709400000, 0x0000000709400000| Untracked 
|  75|0x0000000709600000, 0x0000000709600000, 0x0000000709800000|  0%| F|  |TAMS 0x0000000709600000, 0x0000000709600000| Untracked 
|  76|0x0000000709800000, 0x0000000709800000, 0x0000000709a00000|  0%| F|  |TAMS 0x0000000709800000, 0x0000000709800000| Untracked 
|  77|0x0000000709a00000, 0x0000000709a00000, 0x0000000709c00000|  0%| F|  |TAMS 0x0000000709a00000, 0x0000000709a00000| Untracked 
|  78|0x0000000709c00000, 0x0000000709c00000, 0x0000000709e00000|  0%| F|  |TAMS 0x0000000709c00000, 0x0000000709c00000| Untracked 
|  79|0x0000000709e00000, 0x0000000709e00000, 0x000000070a000000|  0%| F|  |TAMS 0x0000000709e00000, 0x0000000709e00000| Untracked 
|  80|0x000000070a000000, 0x000000070a000000, 0x000000070a200000|  0%| F|  |TAMS 0x000000070a000000, 0x000000070a000000| Untracked 
|  81|0x000000070a200000, 0x000000070a200000, 0x000000070a400000|  0%| F|  |TAMS 0x000000070a200000, 0x000000070a200000| Untracked 
|  82|0x000000070a400000, 0x000000070a400000, 0x000000070a600000|  0%| F|  |TAMS 0x000000070a400000, 0x000000070a400000| Untracked 
|  83|0x000000070a600000, 0x000000070a600000, 0x000000070a800000|  0%| F|  |TAMS 0x000000070a600000, 0x000000070a600000| Untracked 
|  84|0x000000070a800000, 0x000000070a800000, 0x000000070aa00000|  0%| F|  |TAMS 0x000000070a800000, 0x000000070a800000| Untracked 
|  85|0x000000070aa00000, 0x000000070aa00000, 0x000000070ac00000|  0%| F|  |TAMS 0x000000070aa00000, 0x000000070aa00000| Untracked 
|  86|0x000000070ac00000, 0x000000070ac00000, 0x000000070ae00000|  0%| F|  |TAMS 0x000000070ac00000, 0x000000070ac00000| Untracked 
|  87|0x000000070ae00000, 0x000000070ae00000, 0x000000070b000000|  0%| F|  |TAMS 0x000000070ae00000, 0x000000070ae00000| Untracked 
|  88|0x000000070b000000, 0x000000070b000000, 0x000000070b200000|  0%| F|  |TAMS 0x000000070b000000, 0x000000070b000000| Untracked 
|  89|0x000000070b200000, 0x000000070b200000, 0x000000070b400000|  0%| F|  |TAMS 0x000000070b200000, 0x000000070b200000| Untracked 
|  90|0x000000070b400000, 0x000000070b400000, 0x000000070b600000|  0%| F|  |TAMS 0x000000070b400000, 0x000000070b400000| Untracked 
|  91|0x000000070b600000, 0x000000070b600000, 0x000000070b800000|  0%| F|  |TAMS 0x000000070b600000, 0x000000070b600000| Untracked 
|  92|0x000000070b800000, 0x000000070b800000, 0x000000070ba00000|  0%| F|  |TAMS 0x000000070b800000, 0x000000070b800000| Untracked 
|  93|0x000000070ba00000, 0x000000070ba00000, 0x000000070bc00000|  0%| F|  |TAMS 0x000000070ba00000, 0x000000070ba00000| Untracked 
|  94|0x000000070bc00000, 0x000000070bc00000, 0x000000070be00000|  0%| F|  |TAMS 0x000000070bc00000, 0x000000070bc00000| Untracked 
|  95|0x000000070be00000, 0x000000070be00000, 0x000000070c000000|  0%| F|  |TAMS 0x000000070be00000, 0x000000070be00000| Untracked 
|  96|0x000000070c000000, 0x000000070c000000, 0x000000070c200000|  0%| F|  |TAMS 0x000000070c000000, 0x000000070c000000| Untracked 
|  97|0x000000070c200000, 0x000000070c200000, 0x000000070c400000|  0%| F|  |TAMS 0x000000070c200000, 0x000000070c200000| Untracked 
|  98|0x000000070c400000, 0x000000070c400000, 0x000000070c600000|  0%| F|  |TAMS 0x000000070c400000, 0x000000070c400000| Untracked 
|  99|0x000000070c600000, 0x000000070c600000, 0x000000070c800000|  0%| F|  |TAMS 0x000000070c600000, 0x000000070c600000| Untracked 
| 100|0x000000070c800000, 0x000000070c800000, 0x000000070ca00000|  0%| F|  |TAMS 0x000000070c800000, 0x000000070c800000| Untracked 
| 101|0x000000070ca00000, 0x000000070ca00000, 0x000000070cc00000|  0%| F|  |TAMS 0x000000070ca00000, 0x000000070ca00000| Untracked 
| 102|0x000000070cc00000, 0x000000070cc00000, 0x000000070ce00000|  0%| F|  |TAMS 0x000000070cc00000, 0x000000070cc00000| Untracked 
| 103|0x000000070ce00000, 0x000000070ce00000, 0x000000070d000000|  0%| F|  |TAMS 0x000000070ce00000, 0x000000070ce00000| Untracked 
| 104|0x000000070d000000, 0x000000070d000000, 0x000000070d200000|  0%| F|  |TAMS 0x000000070d000000, 0x000000070d000000| Untracked 
| 105|0x000000070d200000, 0x000000070d200000, 0x000000070d400000|  0%| F|  |TAMS 0x000000070d200000, 0x000000070d200000| Untracked 
| 106|0x000000070d400000, 0x000000070d400000, 0x000000070d600000|  0%| F|  |TAMS 0x000000070d400000, 0x000000070d400000| Untracked 
| 107|0x000000070d600000, 0x000000070d600000, 0x000000070d800000|  0%| F|  |TAMS 0x000000070d600000, 0x000000070d600000| Untracked 
| 108|0x000000070d800000, 0x000000070d800000, 0x000000070da00000|  0%| F|  |TAMS 0x000000070d800000, 0x000000070d800000| Untracked 
| 109|0x000000070da00000, 0x000000070da00000, 0x000000070dc00000|  0%| F|  |TAMS 0x000000070da00000, 0x000000070da00000| Untracked 
| 110|0x000000070dc00000, 0x000000070dc00000, 0x000000070de00000|  0%| F|  |TAMS 0x000000070dc00000, 0x000000070dc00000| Untracked 
| 111|0x000000070de00000, 0x000000070de00000, 0x000000070e000000|  0%| F|  |TAMS 0x000000070de00000, 0x000000070de00000| Untracked 
| 112|0x000000070e000000, 0x000000070e000000, 0x000000070e200000|  0%| F|  |TAMS 0x000000070e000000, 0x000000070e000000| Untracked 
| 113|0x000000070e200000, 0x000000070e200000, 0x000000070e400000|  0%| F|  |TAMS 0x000000070e200000, 0x000000070e200000| Untracked 
| 114|0x000000070e400000, 0x000000070e400000, 0x000000070e600000|  0%| F|  |TAMS 0x000000070e400000, 0x000000070e400000| Untracked 
| 115|0x000000070e600000, 0x000000070e600000, 0x000000070e800000|  0%| F|  |TAMS 0x000000070e600000, 0x000000070e600000| Untracked 
| 116|0x000000070e800000, 0x000000070e800000, 0x000000070ea00000|  0%| F|  |TAMS 0x000000070e800000, 0x000000070e800000| Untracked 
| 117|0x000000070ea00000, 0x000000070ea00000, 0x000000070ec00000|  0%| F|  |TAMS 0x000000070ea00000, 0x000000070ea00000| Untracked 
| 118|0x000000070ec00000, 0x000000070ec00000, 0x000000070ee00000|  0%| F|  |TAMS 0x000000070ec00000, 0x000000070ec00000| Untracked 
| 119|0x000000070ee00000, 0x000000070ee00000, 0x000000070f000000|  0%| F|  |TAMS 0x000000070ee00000, 0x000000070ee00000| Untracked 
| 120|0x000000070f000000, 0x000000070f000000, 0x000000070f200000|  0%| F|  |TAMS 0x000000070f000000, 0x000000070f000000| Untracked 
| 121|0x000000070f200000, 0x000000070f200000, 0x000000070f400000|  0%| F|  |TAMS 0x000000070f200000, 0x000000070f200000| Untracked 
| 122|0x000000070f400000, 0x000000070f400000, 0x000000070f600000|  0%| F|  |TAMS 0x000000070f400000, 0x000000070f400000| Untracked 
| 123|0x000000070f600000, 0x000000070f600000, 0x000000070f800000|  0%| F|  |TAMS 0x000000070f600000, 0x000000070f600000| Untracked 
| 124|0x000000070f800000, 0x000000070f800000, 0x000000070fa00000|  0%| F|  |TAMS 0x000000070f800000, 0x000000070f800000| Untracked 
| 125|0x000000070fa00000, 0x000000070fa00000, 0x000000070fc00000|  0%| F|  |TAMS 0x000000070fa00000, 0x000000070fa00000| Untracked 
| 126|0x000000070fc00000, 0x000000070fc00000, 0x000000070fe00000|  0%| F|  |TAMS 0x000000070fc00000, 0x000000070fc00000| Untracked 
| 127|0x000000070fe00000, 0x000000070fe00000, 0x0000000710000000|  0%| F|  |TAMS 0x000000070fe00000, 0x000000070fe00000| Untracked 
| 128|0x0000000710000000, 0x0000000710000000, 0x0000000710200000|  0%| F|  |TAMS 0x0000000710000000, 0x0000000710000000| Untracked 
| 129|0x0000000710200000, 0x0000000710200000, 0x0000000710400000|  0%| F|  |TAMS 0x0000000710200000, 0x0000000710200000| Untracked 
| 130|0x0000000710400000, 0x0000000710400000, 0x0000000710600000|  0%| F|  |TAMS 0x0000000710400000, 0x0000000710400000| Untracked 
| 131|0x0000000710600000, 0x0000000710600000, 0x0000000710800000|  0%| F|  |TAMS 0x0000000710600000, 0x0000000710600000| Untracked 
| 132|0x0000000710800000, 0x0000000710800000, 0x0000000710a00000|  0%| F|  |TAMS 0x0000000710800000, 0x0000000710800000| Untracked 
| 133|0x0000000710a00000, 0x0000000710a00000, 0x0000000710c00000|  0%| F|  |TAMS 0x0000000710a00000, 0x0000000710a00000| Untracked 
| 134|0x0000000710c00000, 0x0000000710c00000, 0x0000000710e00000|  0%| F|  |TAMS 0x0000000710c00000, 0x0000000710c00000| Untracked 
| 135|0x0000000710e00000, 0x0000000710e00000, 0x0000000711000000|  0%| F|  |TAMS 0x0000000710e00000, 0x0000000710e00000| Untracked 
| 136|0x0000000711000000, 0x0000000711000000, 0x0000000711200000|  0%| F|  |TAMS 0x0000000711000000, 0x0000000711000000| Untracked 
| 137|0x0000000711200000, 0x0000000711200000, 0x0000000711400000|  0%| F|  |TAMS 0x0000000711200000, 0x0000000711200000| Untracked 
| 138|0x0000000711400000, 0x0000000711400000, 0x0000000711600000|  0%| F|  |TAMS 0x0000000711400000, 0x0000000711400000| Untracked 
| 139|0x0000000711600000, 0x0000000711600000, 0x0000000711800000|  0%| F|  |TAMS 0x0000000711600000, 0x0000000711600000| Untracked 
| 140|0x0000000711800000, 0x0000000711800000, 0x0000000711a00000|  0%| F|  |TAMS 0x0000000711800000, 0x0000000711800000| Untracked 
| 141|0x0000000711a00000, 0x0000000711a00000, 0x0000000711c00000|  0%| F|  |TAMS 0x0000000711a00000, 0x0000000711a00000| Untracked 
| 142|0x0000000711c00000, 0x0000000711c00000, 0x0000000711e00000|  0%| F|  |TAMS 0x0000000711c00000, 0x0000000711c00000| Untracked 
| 143|0x0000000711e00000, 0x0000000711e00000, 0x0000000712000000|  0%| F|  |TAMS 0x0000000711e00000, 0x0000000711e00000| Untracked 
| 144|0x0000000712000000, 0x0000000712000000, 0x0000000712200000|  0%| F|  |TAMS 0x0000000712000000, 0x0000000712000000| Untracked 
| 145|0x0000000712200000, 0x0000000712200000, 0x0000000712400000|  0%| F|  |TAMS 0x0000000712200000, 0x0000000712200000| Untracked 
| 146|0x0000000712400000, 0x0000000712400000, 0x0000000712600000|  0%| F|  |TAMS 0x0000000712400000, 0x0000000712400000| Untracked 
| 147|0x0000000712600000, 0x0000000712600000, 0x0000000712800000|  0%| F|  |TAMS 0x0000000712600000, 0x0000000712600000| Untracked 
| 148|0x0000000712800000, 0x0000000712800000, 0x0000000712a00000|  0%| F|  |TAMS 0x0000000712800000, 0x0000000712800000| Untracked 
| 149|0x0000000712a00000, 0x0000000712a00000, 0x0000000712c00000|  0%| F|  |TAMS 0x0000000712a00000, 0x0000000712a00000| Untracked 
| 150|0x0000000712c00000, 0x0000000712c00000, 0x0000000712e00000|  0%| F|  |TAMS 0x0000000712c00000, 0x0000000712c00000| Untracked 
| 151|0x0000000712e00000, 0x0000000712e00000, 0x0000000713000000|  0%| F|  |TAMS 0x0000000712e00000, 0x0000000712e00000| Untracked 
| 152|0x0000000713000000, 0x0000000713000000, 0x0000000713200000|  0%| F|  |TAMS 0x0000000713000000, 0x0000000713000000| Untracked 
| 153|0x0000000713200000, 0x0000000713200000, 0x0000000713400000|  0%| F|  |TAMS 0x0000000713200000, 0x0000000713200000| Untracked 
| 154|0x0000000713400000, 0x0000000713400000, 0x0000000713600000|  0%| F|  |TAMS 0x0000000713400000, 0x0000000713400000| Untracked 
| 155|0x0000000713600000, 0x0000000713600000, 0x0000000713800000|  0%| F|  |TAMS 0x0000000713600000, 0x0000000713600000| Untracked 
| 156|0x0000000713800000, 0x0000000713800000, 0x0000000713a00000|  0%| F|  |TAMS 0x0000000713800000, 0x0000000713800000| Untracked 
| 157|0x0000000713a00000, 0x0000000713a00000, 0x0000000713c00000|  0%| F|  |TAMS 0x0000000713a00000, 0x0000000713a00000| Untracked 
| 158|0x0000000713c00000, 0x0000000713c00000, 0x0000000713e00000|  0%| F|  |TAMS 0x0000000713c00000, 0x0000000713c00000| Untracked 
| 159|0x0000000713e00000, 0x0000000713e00000, 0x0000000714000000|  0%| F|  |TAMS 0x0000000713e00000, 0x0000000713e00000| Untracked 
| 160|0x0000000714000000, 0x0000000714000000, 0x0000000714200000|  0%| F|  |TAMS 0x0000000714000000, 0x0000000714000000| Untracked 
| 161|0x0000000714200000, 0x0000000714200000, 0x0000000714400000|  0%| F|  |TAMS 0x0000000714200000, 0x0000000714200000| Untracked 
| 162|0x0000000714400000, 0x0000000714400000, 0x0000000714600000|  0%| F|  |TAMS 0x0000000714400000, 0x0000000714400000| Untracked 
| 163|0x0000000714600000, 0x0000000714600000, 0x0000000714800000|  0%| F|  |TAMS 0x0000000714600000, 0x0000000714600000| Untracked 
| 164|0x0000000714800000, 0x0000000714800000, 0x0000000714a00000|  0%| F|  |TAMS 0x0000000714800000, 0x0000000714800000| Untracked 
| 165|0x0000000714a00000, 0x0000000714a00000, 0x0000000714c00000|  0%| F|  |TAMS 0x0000000714a00000, 0x0000000714a00000| Untracked 
| 166|0x0000000714c00000, 0x0000000714c00000, 0x0000000714e00000|  0%| F|  |TAMS 0x0000000714c00000, 0x0000000714c00000| Untracked 
| 167|0x0000000714e00000, 0x0000000714e00000, 0x0000000715000000|  0%| F|  |TAMS 0x0000000714e00000, 0x0000000714e00000| Untracked 
| 168|0x0000000715000000, 0x0000000715000000, 0x0000000715200000|  0%| F|  |TAMS 0x0000000715000000, 0x0000000715000000| Untracked 
| 169|0x0000000715200000, 0x0000000715200000, 0x0000000715400000|  0%| F|  |TAMS 0x0000000715200000, 0x0000000715200000| Untracked 
| 170|0x0000000715400000, 0x0000000715400000, 0x0000000715600000|  0%| F|  |TAMS 0x0000000715400000, 0x0000000715400000| Untracked 
| 171|0x0000000715600000, 0x0000000715600000, 0x0000000715800000|  0%| F|  |TAMS 0x0000000715600000, 0x0000000715600000| Untracked 
| 172|0x0000000715800000, 0x0000000715800000, 0x0000000715a00000|  0%| F|  |TAMS 0x0000000715800000, 0x0000000715800000| Untracked 
| 173|0x0000000715a00000, 0x0000000715a00000, 0x0000000715c00000|  0%| F|  |TAMS 0x0000000715a00000, 0x0000000715a00000| Untracked 
| 174|0x0000000715c00000, 0x0000000715c00000, 0x0000000715e00000|  0%| F|  |TAMS 0x0000000715c00000, 0x0000000715c00000| Untracked 
| 175|0x0000000715e00000, 0x0000000715e00000, 0x0000000716000000|  0%| F|  |TAMS 0x0000000715e00000, 0x0000000715e00000| Untracked 
| 176|0x0000000716000000, 0x0000000716000000, 0x0000000716200000|  0%| F|  |TAMS 0x0000000716000000, 0x0000000716000000| Untracked 
| 177|0x0000000716200000, 0x0000000716200000, 0x0000000716400000|  0%| F|  |TAMS 0x0000000716200000, 0x0000000716200000| Untracked 
| 178|0x0000000716400000, 0x0000000716400000, 0x0000000716600000|  0%| F|  |TAMS 0x0000000716400000, 0x0000000716400000| Untracked 
| 179|0x0000000716600000, 0x0000000716600000, 0x0000000716800000|  0%| F|  |TAMS 0x0000000716600000, 0x0000000716600000| Untracked 
| 180|0x0000000716800000, 0x0000000716800000, 0x0000000716a00000|  0%| F|  |TAMS 0x0000000716800000, 0x0000000716800000| Untracked 
| 181|0x0000000716a00000, 0x0000000716a00000, 0x0000000716c00000|  0%| F|  |TAMS 0x0000000716a00000, 0x0000000716a00000| Untracked 
| 182|0x0000000716c00000, 0x0000000716c00000, 0x0000000716e00000|  0%| F|  |TAMS 0x0000000716c00000, 0x0000000716c00000| Untracked 
| 183|0x0000000716e00000, 0x0000000716e00000, 0x0000000717000000|  0%| F|  |TAMS 0x0000000716e00000, 0x0000000716e00000| Untracked 
| 184|0x0000000717000000, 0x0000000717000000, 0x0000000717200000|  0%| F|  |TAMS 0x0000000717000000, 0x0000000717000000| Untracked 
| 185|0x0000000717200000, 0x0000000717200000, 0x0000000717400000|  0%| F|  |TAMS 0x0000000717200000, 0x0000000717200000| Untracked 
| 186|0x0000000717400000, 0x0000000717400000, 0x0000000717600000|  0%| F|  |TAMS 0x0000000717400000, 0x0000000717400000| Untracked 
| 187|0x0000000717600000, 0x0000000717600000, 0x0000000717800000|  0%| F|  |TAMS 0x0000000717600000, 0x0000000717600000| Untracked 
| 188|0x0000000717800000, 0x0000000717800000, 0x0000000717a00000|  0%| F|  |TAMS 0x0000000717800000, 0x0000000717800000| Untracked 
| 189|0x0000000717a00000, 0x0000000717a00000, 0x0000000717c00000|  0%| F|  |TAMS 0x0000000717a00000, 0x0000000717a00000| Untracked 
| 190|0x0000000717c00000, 0x0000000717c00000, 0x0000000717e00000|  0%| F|  |TAMS 0x0000000717c00000, 0x0000000717c00000| Untracked 
| 191|0x0000000717e00000, 0x0000000717e00000, 0x0000000718000000|  0%| F|  |TAMS 0x0000000717e00000, 0x0000000717e00000| Untracked 
| 192|0x0000000718000000, 0x0000000718000000, 0x0000000718200000|  0%| F|  |TAMS 0x0000000718000000, 0x0000000718000000| Untracked 
| 193|0x0000000718200000, 0x0000000718200000, 0x0000000718400000|  0%| F|  |TAMS 0x0000000718200000, 0x0000000718200000| Untracked 
| 194|0x0000000718400000, 0x0000000718400000, 0x0000000718600000|  0%| F|  |TAMS 0x0000000718400000, 0x0000000718400000| Untracked 
| 195|0x0000000718600000, 0x0000000718600000, 0x0000000718800000|  0%| F|  |TAMS 0x0000000718600000, 0x0000000718600000| Untracked 
| 196|0x0000000718800000, 0x0000000718800000, 0x0000000718a00000|  0%| F|  |TAMS 0x0000000718800000, 0x0000000718800000| Untracked 
| 197|0x0000000718a00000, 0x0000000718a00000, 0x0000000718c00000|  0%| F|  |TAMS 0x0000000718a00000, 0x0000000718a00000| Untracked 
| 198|0x0000000718c00000, 0x0000000718c00000, 0x0000000718e00000|  0%| F|  |TAMS 0x0000000718c00000, 0x0000000718c00000| Untracked 
| 199|0x0000000718e00000, 0x0000000718e00000, 0x0000000719000000|  0%| F|  |TAMS 0x0000000718e00000, 0x0000000718e00000| Untracked 
| 200|0x0000000719000000, 0x0000000719000000, 0x0000000719200000|  0%| F|  |TAMS 0x0000000719000000, 0x0000000719000000| Untracked 
| 201|0x0000000719200000, 0x0000000719200000, 0x0000000719400000|  0%| F|  |TAMS 0x0000000719200000, 0x0000000719200000| Untracked 
| 202|0x0000000719400000, 0x0000000719400000, 0x0000000719600000|  0%| F|  |TAMS 0x0000000719400000, 0x0000000719400000| Untracked 
| 203|0x0000000719600000, 0x0000000719600000, 0x0000000719800000|  0%| F|  |TAMS 0x0000000719600000, 0x0000000719600000| Untracked 
| 204|0x0000000719800000, 0x0000000719800000, 0x0000000719a00000|  0%| F|  |TAMS 0x0000000719800000, 0x0000000719800000| Untracked 
| 205|0x0000000719a00000, 0x0000000719a00000, 0x0000000719c00000|  0%| F|  |TAMS 0x0000000719a00000, 0x0000000719a00000| Untracked 
| 206|0x0000000719c00000, 0x0000000719c00000, 0x0000000719e00000|  0%| F|  |TAMS 0x0000000719c00000, 0x0000000719c00000| Untracked 
| 207|0x0000000719e00000, 0x0000000719e00000, 0x000000071a000000|  0%| F|  |TAMS 0x0000000719e00000, 0x0000000719e00000| Untracked 
| 208|0x000000071a000000, 0x000000071a000000, 0x000000071a200000|  0%| F|  |TAMS 0x000000071a000000, 0x000000071a000000| Untracked 
| 209|0x000000071a200000, 0x000000071a200000, 0x000000071a400000|  0%| F|  |TAMS 0x000000071a200000, 0x000000071a200000| Untracked 
| 210|0x000000071a400000, 0x000000071a400000, 0x000000071a600000|  0%| F|  |TAMS 0x000000071a400000, 0x000000071a400000| Untracked 
| 211|0x000000071a600000, 0x000000071a600000, 0x000000071a800000|  0%| F|  |TAMS 0x000000071a600000, 0x000000071a600000| Untracked 
| 212|0x000000071a800000, 0x000000071a800000, 0x000000071aa00000|  0%| F|  |TAMS 0x000000071a800000, 0x000000071a800000| Untracked 
| 213|0x000000071aa00000, 0x000000071aa00000, 0x000000071ac00000|  0%| F|  |TAMS 0x000000071aa00000, 0x000000071aa00000| Untracked 
| 214|0x000000071ac00000, 0x000000071ac00000, 0x000000071ae00000|  0%| F|  |TAMS 0x000000071ac00000, 0x000000071ac00000| Untracked 
| 215|0x000000071ae00000, 0x000000071ae00000, 0x000000071b000000|  0%| F|  |TAMS 0x000000071ae00000, 0x000000071ae00000| Untracked 
| 216|0x000000071b000000, 0x000000071b000000, 0x000000071b200000|  0%| F|  |TAMS 0x000000071b000000, 0x000000071b000000| Untracked 
| 217|0x000000071b200000, 0x000000071b200000, 0x000000071b400000|  0%| F|  |TAMS 0x000000071b200000, 0x000000071b200000| Untracked 
| 218|0x000000071b400000, 0x000000071b400000, 0x000000071b600000|  0%| F|  |TAMS 0x000000071b400000, 0x000000071b400000| Untracked 
| 219|0x000000071b600000, 0x000000071b600000, 0x000000071b800000|  0%| F|  |TAMS 0x000000071b600000, 0x000000071b600000| Untracked 
| 220|0x000000071b800000, 0x000000071b800000, 0x000000071ba00000|  0%| F|  |TAMS 0x000000071b800000, 0x000000071b800000| Untracked 
| 221|0x000000071ba00000, 0x000000071ba00000, 0x000000071bc00000|  0%| F|  |TAMS 0x000000071ba00000, 0x000000071ba00000| Untracked 
| 222|0x000000071bc00000, 0x000000071bc00000, 0x000000071be00000|  0%| F|  |TAMS 0x000000071bc00000, 0x000000071bc00000| Untracked 
| 223|0x000000071be00000, 0x000000071be00000, 0x000000071c000000|  0%| F|  |TAMS 0x000000071be00000, 0x000000071be00000| Untracked 
| 224|0x000000071c000000, 0x000000071c000000, 0x000000071c200000|  0%| F|  |TAMS 0x000000071c000000, 0x000000071c000000| Untracked 
| 225|0x000000071c200000, 0x000000071c200000, 0x000000071c400000|  0%| F|  |TAMS 0x000000071c200000, 0x000000071c200000| Untracked 
| 226|0x000000071c400000, 0x000000071c400000, 0x000000071c600000|  0%| F|  |TAMS 0x000000071c400000, 0x000000071c400000| Untracked 
| 227|0x000000071c600000, 0x000000071c600000, 0x000000071c800000|  0%| F|  |TAMS 0x000000071c600000, 0x000000071c600000| Untracked 
| 228|0x000000071c800000, 0x000000071c800000, 0x000000071ca00000|  0%| F|  |TAMS 0x000000071c800000, 0x000000071c800000| Untracked 
| 229|0x000000071ca00000, 0x000000071ca00000, 0x000000071cc00000|  0%| F|  |TAMS 0x000000071ca00000, 0x000000071ca00000| Untracked 
| 230|0x000000071cc00000, 0x000000071cc00000, 0x000000071ce00000|  0%| F|  |TAMS 0x000000071cc00000, 0x000000071cc00000| Untracked 
| 231|0x000000071ce00000, 0x000000071ce00000, 0x000000071d000000|  0%| F|  |TAMS 0x000000071ce00000, 0x000000071ce00000| Untracked 
| 232|0x000000071d000000, 0x000000071d000000, 0x000000071d200000|  0%| F|  |TAMS 0x000000071d000000, 0x000000071d000000| Untracked 
| 233|0x000000071d200000, 0x000000071d200000, 0x000000071d400000|  0%| F|  |TAMS 0x000000071d200000, 0x000000071d200000| Untracked 
| 234|0x000000071d400000, 0x000000071d400000, 0x000000071d600000|  0%| F|  |TAMS 0x000000071d400000, 0x000000071d400000| Untracked 
| 235|0x000000071d600000, 0x000000071d600000, 0x000000071d800000|  0%| F|  |TAMS 0x000000071d600000, 0x000000071d600000| Untracked 
| 236|0x000000071d800000, 0x000000071d800000, 0x000000071da00000|  0%| F|  |TAMS 0x000000071d800000, 0x000000071d800000| Untracked 
| 237|0x000000071da00000, 0x000000071da00000, 0x000000071dc00000|  0%| F|  |TAMS 0x000000071da00000, 0x000000071da00000| Untracked 
| 238|0x000000071dc00000, 0x000000071dc00000, 0x000000071de00000|  0%| F|  |TAMS 0x000000071dc00000, 0x000000071dc00000| Untracked 
| 239|0x000000071de00000, 0x000000071de00000, 0x000000071e000000|  0%| F|  |TAMS 0x000000071de00000, 0x000000071de00000| Untracked 
| 240|0x000000071e000000, 0x000000071e000000, 0x000000071e200000|  0%| F|  |TAMS 0x000000071e000000, 0x000000071e000000| Untracked 
| 241|0x000000071e200000, 0x000000071e200000, 0x000000071e400000|  0%| F|  |TAMS 0x000000071e200000, 0x000000071e200000| Untracked 
| 242|0x000000071e400000, 0x000000071e400000, 0x000000071e600000|  0%| F|  |TAMS 0x000000071e400000, 0x000000071e400000| Untracked 
| 243|0x000000071e600000, 0x000000071e600000, 0x000000071e800000|  0%| F|  |TAMS 0x000000071e600000, 0x000000071e600000| Untracked 
| 244|0x000000071e800000, 0x000000071e800000, 0x000000071ea00000|  0%| F|  |TAMS 0x000000071e800000, 0x000000071e800000| Untracked 
| 245|0x000000071ea00000, 0x000000071ea00000, 0x000000071ec00000|  0%| F|  |TAMS 0x000000071ea00000, 0x000000071ea00000| Untracked 
| 246|0x000000071ec00000, 0x000000071ec00000, 0x000000071ee00000|  0%| F|  |TAMS 0x000000071ec00000, 0x000000071ec00000| Untracked 
| 247|0x000000071ee00000, 0x000000071ee00000, 0x000000071f000000|  0%| F|  |TAMS 0x000000071ee00000, 0x000000071ee00000| Untracked 
| 248|0x000000071f000000, 0x000000071f000000, 0x000000071f200000|  0%| F|  |TAMS 0x000000071f000000, 0x000000071f000000| Untracked 
| 249|0x000000071f200000, 0x000000071f200000, 0x000000071f400000|  0%| F|  |TAMS 0x000000071f200000, 0x000000071f200000| Untracked 
| 250|0x000000071f400000, 0x000000071f400000, 0x000000071f600000|  0%| F|  |TAMS 0x000000071f400000, 0x000000071f400000| Untracked 
| 251|0x000000071f600000, 0x000000071f600000, 0x000000071f800000|  0%| F|  |TAMS 0x000000071f600000, 0x000000071f600000| Untracked 
| 252|0x000000071f800000, 0x000000071f800000, 0x000000071fa00000|  0%| F|  |TAMS 0x000000071f800000, 0x000000071f800000| Untracked 
| 253|0x000000071fa00000, 0x000000071fa00000, 0x000000071fc00000|  0%| F|  |TAMS 0x000000071fa00000, 0x000000071fa00000| Untracked 
| 254|0x000000071fc00000, 0x000000071fc00000, 0x000000071fe00000|  0%| F|  |TAMS 0x000000071fc00000, 0x000000071fc00000| Untracked 
| 255|0x000000071fe00000, 0x000000071fe00000, 0x0000000720000000|  0%| F|  |TAMS 0x000000071fe00000, 0x000000071fe00000| Untracked 
| 256|0x0000000720000000, 0x0000000720000000, 0x0000000720200000|  0%| F|  |TAMS 0x0000000720000000, 0x0000000720000000| Untracked 
| 257|0x0000000720200000, 0x0000000720200000, 0x0000000720400000|  0%| F|  |TAMS 0x0000000720200000, 0x0000000720200000| Untracked 
| 258|0x0000000720400000, 0x0000000720400000, 0x0000000720600000|  0%| F|  |TAMS 0x0000000720400000, 0x0000000720400000| Untracked 
| 259|0x0000000720600000, 0x0000000720600000, 0x0000000720800000|  0%| F|  |TAMS 0x0000000720600000, 0x0000000720600000| Untracked 
| 260|0x0000000720800000, 0x0000000720800000, 0x0000000720a00000|  0%| F|  |TAMS 0x0000000720800000, 0x0000000720800000| Untracked 
| 261|0x0000000720a00000, 0x0000000720a00000, 0x0000000720c00000|  0%| F|  |TAMS 0x0000000720a00000, 0x0000000720a00000| Untracked 
| 262|0x0000000720c00000, 0x0000000720c00000, 0x0000000720e00000|  0%| F|  |TAMS 0x0000000720c00000, 0x0000000720c00000| Untracked 
| 263|0x0000000720e00000, 0x0000000720e00000, 0x0000000721000000|  0%| F|  |TAMS 0x0000000720e00000, 0x0000000720e00000| Untracked 
| 264|0x0000000721000000, 0x0000000721000000, 0x0000000721200000|  0%| F|  |TAMS 0x0000000721000000, 0x0000000721000000| Untracked 
| 265|0x0000000721200000, 0x0000000721200000, 0x0000000721400000|  0%| F|  |TAMS 0x0000000721200000, 0x0000000721200000| Untracked 
| 266|0x0000000721400000, 0x0000000721400000, 0x0000000721600000|  0%| F|  |TAMS 0x0000000721400000, 0x0000000721400000| Untracked 
| 267|0x0000000721600000, 0x0000000721600000, 0x0000000721800000|  0%| F|  |TAMS 0x0000000721600000, 0x0000000721600000| Untracked 
| 268|0x0000000721800000, 0x0000000721800000, 0x0000000721a00000|  0%| F|  |TAMS 0x0000000721800000, 0x0000000721800000| Untracked 
| 269|0x0000000721a00000, 0x0000000721a00000, 0x0000000721c00000|  0%| F|  |TAMS 0x0000000721a00000, 0x0000000721a00000| Untracked 
| 270|0x0000000721c00000, 0x0000000721c00000, 0x0000000721e00000|  0%| F|  |TAMS 0x0000000721c00000, 0x0000000721c00000| Untracked 
| 271|0x0000000721e00000, 0x0000000721e00000, 0x0000000722000000|  0%| F|  |TAMS 0x0000000721e00000, 0x0000000721e00000| Untracked 
| 272|0x0000000722000000, 0x0000000722000000, 0x0000000722200000|  0%| F|  |TAMS 0x0000000722000000, 0x0000000722000000| Untracked 
| 273|0x0000000722200000, 0x0000000722200000, 0x0000000722400000|  0%| F|  |TAMS 0x0000000722200000, 0x0000000722200000| Untracked 
| 274|0x0000000722400000, 0x0000000722400000, 0x0000000722600000|  0%| F|  |TAMS 0x0000000722400000, 0x0000000722400000| Untracked 
| 275|0x0000000722600000, 0x0000000722600000, 0x0000000722800000|  0%| F|  |TAMS 0x0000000722600000, 0x0000000722600000| Untracked 
| 276|0x0000000722800000, 0x0000000722800000, 0x0000000722a00000|  0%| F|  |TAMS 0x0000000722800000, 0x0000000722800000| Untracked 
| 277|0x0000000722a00000, 0x0000000722a00000, 0x0000000722c00000|  0%| F|  |TAMS 0x0000000722a00000, 0x0000000722a00000| Untracked 
| 278|0x0000000722c00000, 0x0000000722c00000, 0x0000000722e00000|  0%| F|  |TAMS 0x0000000722c00000, 0x0000000722c00000| Untracked 
| 279|0x0000000722e00000, 0x0000000722e00000, 0x0000000723000000|  0%| F|  |TAMS 0x0000000722e00000, 0x0000000722e00000| Untracked 
| 280|0x0000000723000000, 0x0000000723000000, 0x0000000723200000|  0%| F|  |TAMS 0x0000000723000000, 0x0000000723000000| Untracked 
| 281|0x0000000723200000, 0x0000000723200000, 0x0000000723400000|  0%| F|  |TAMS 0x0000000723200000, 0x0000000723200000| Untracked 
| 282|0x0000000723400000, 0x0000000723400000, 0x0000000723600000|  0%| F|  |TAMS 0x0000000723400000, 0x0000000723400000| Untracked 
| 283|0x0000000723600000, 0x0000000723600000, 0x0000000723800000|  0%| F|  |TAMS 0x0000000723600000, 0x0000000723600000| Untracked 
| 284|0x0000000723800000, 0x0000000723800000, 0x0000000723a00000|  0%| F|  |TAMS 0x0000000723800000, 0x0000000723800000| Untracked 
| 285|0x0000000723a00000, 0x0000000723a00000, 0x0000000723c00000|  0%| F|  |TAMS 0x0000000723a00000, 0x0000000723a00000| Untracked 
| 286|0x0000000723c00000, 0x0000000723c00000, 0x0000000723e00000|  0%| F|  |TAMS 0x0000000723c00000, 0x0000000723c00000| Untracked 
| 287|0x0000000723e00000, 0x0000000723e00000, 0x0000000724000000|  0%| F|  |TAMS 0x0000000723e00000, 0x0000000723e00000| Untracked 
| 288|0x0000000724000000, 0x0000000724000000, 0x0000000724200000|  0%| F|  |TAMS 0x0000000724000000, 0x0000000724000000| Untracked 
| 289|0x0000000724200000, 0x0000000724200000, 0x0000000724400000|  0%| F|  |TAMS 0x0000000724200000, 0x0000000724200000| Untracked 
| 290|0x0000000724400000, 0x0000000724400000, 0x0000000724600000|  0%| F|  |TAMS 0x0000000724400000, 0x0000000724400000| Untracked 
| 291|0x0000000724600000, 0x0000000724600000, 0x0000000724800000|  0%| F|  |TAMS 0x0000000724600000, 0x0000000724600000| Untracked 
| 292|0x0000000724800000, 0x0000000724800000, 0x0000000724a00000|  0%| F|  |TAMS 0x0000000724800000, 0x0000000724800000| Untracked 
| 293|0x0000000724a00000, 0x0000000724a00000, 0x0000000724c00000|  0%| F|  |TAMS 0x0000000724a00000, 0x0000000724a00000| Untracked 
| 294|0x0000000724c00000, 0x0000000724c00000, 0x0000000724e00000|  0%| F|  |TAMS 0x0000000724c00000, 0x0000000724c00000| Untracked 
| 295|0x0000000724e00000, 0x0000000724e00000, 0x0000000725000000|  0%| F|  |TAMS 0x0000000724e00000, 0x0000000724e00000| Untracked 
| 296|0x0000000725000000, 0x0000000725000000, 0x0000000725200000|  0%| F|  |TAMS 0x0000000725000000, 0x0000000725000000| Untracked 
| 297|0x0000000725200000, 0x0000000725200000, 0x0000000725400000|  0%| F|  |TAMS 0x0000000725200000, 0x0000000725200000| Untracked 
| 298|0x0000000725400000, 0x0000000725400000, 0x0000000725600000|  0%| F|  |TAMS 0x0000000725400000, 0x0000000725400000| Untracked 
| 299|0x0000000725600000, 0x0000000725600000, 0x0000000725800000|  0%| F|  |TAMS 0x0000000725600000, 0x0000000725600000| Untracked 
| 300|0x0000000725800000, 0x0000000725800000, 0x0000000725a00000|  0%| F|  |TAMS 0x0000000725800000, 0x0000000725800000| Untracked 
| 301|0x0000000725a00000, 0x0000000725a00000, 0x0000000725c00000|  0%| F|  |TAMS 0x0000000725a00000, 0x0000000725a00000| Untracked 
| 302|0x0000000725c00000, 0x0000000725c00000, 0x0000000725e00000|  0%| F|  |TAMS 0x0000000725c00000, 0x0000000725c00000| Untracked 
| 303|0x0000000725e00000, 0x0000000725e00000, 0x0000000726000000|  0%| F|  |TAMS 0x0000000725e00000, 0x0000000725e00000| Untracked 
| 304|0x0000000726000000, 0x0000000726000000, 0x0000000726200000|  0%| F|  |TAMS 0x0000000726000000, 0x0000000726000000| Untracked 
| 305|0x0000000726200000, 0x0000000726200000, 0x0000000726400000|  0%| F|  |TAMS 0x0000000726200000, 0x0000000726200000| Untracked 
| 306|0x0000000726400000, 0x0000000726400000, 0x0000000726600000|  0%| F|  |TAMS 0x0000000726400000, 0x0000000726400000| Untracked 
| 307|0x0000000726600000, 0x0000000726600000, 0x0000000726800000|  0%| F|  |TAMS 0x0000000726600000, 0x0000000726600000| Untracked 
| 308|0x0000000726800000, 0x0000000726800000, 0x0000000726a00000|  0%| F|  |TAMS 0x0000000726800000, 0x0000000726800000| Untracked 
| 309|0x0000000726a00000, 0x0000000726a00000, 0x0000000726c00000|  0%| F|  |TAMS 0x0000000726a00000, 0x0000000726a00000| Untracked 
| 310|0x0000000726c00000, 0x0000000726c00000, 0x0000000726e00000|  0%| F|  |TAMS 0x0000000726c00000, 0x0000000726c00000| Untracked 
| 311|0x0000000726e00000, 0x0000000726e00000, 0x0000000727000000|  0%| F|  |TAMS 0x0000000726e00000, 0x0000000726e00000| Untracked 
| 312|0x0000000727000000, 0x0000000727000000, 0x0000000727200000|  0%| F|  |TAMS 0x0000000727000000, 0x0000000727000000| Untracked 
| 313|0x0000000727200000, 0x0000000727200000, 0x0000000727400000|  0%| F|  |TAMS 0x0000000727200000, 0x0000000727200000| Untracked 
| 314|0x0000000727400000, 0x0000000727400000, 0x0000000727600000|  0%| F|  |TAMS 0x0000000727400000, 0x0000000727400000| Untracked 
| 315|0x0000000727600000, 0x0000000727600000, 0x0000000727800000|  0%| F|  |TAMS 0x0000000727600000, 0x0000000727600000| Untracked 
| 316|0x0000000727800000, 0x0000000727800000, 0x0000000727a00000|  0%| F|  |TAMS 0x0000000727800000, 0x0000000727800000| Untracked 
| 317|0x0000000727a00000, 0x0000000727a00000, 0x0000000727c00000|  0%| F|  |TAMS 0x0000000727a00000, 0x0000000727a00000| Untracked 
| 318|0x0000000727c00000, 0x0000000727c00000, 0x0000000727e00000|  0%| F|  |TAMS 0x0000000727c00000, 0x0000000727c00000| Untracked 
| 319|0x0000000727e00000, 0x0000000727e00000, 0x0000000728000000|  0%| F|  |TAMS 0x0000000727e00000, 0x0000000727e00000| Untracked 
| 320|0x0000000728000000, 0x0000000728000000, 0x0000000728200000|  0%| F|  |TAMS 0x0000000728000000, 0x0000000728000000| Untracked 
| 321|0x0000000728200000, 0x0000000728200000, 0x0000000728400000|  0%| F|  |TAMS 0x0000000728200000, 0x0000000728200000| Untracked 
| 322|0x0000000728400000, 0x0000000728400000, 0x0000000728600000|  0%| F|  |TAMS 0x0000000728400000, 0x0000000728400000| Untracked 
| 323|0x0000000728600000, 0x0000000728600000, 0x0000000728800000|  0%| F|  |TAMS 0x0000000728600000, 0x0000000728600000| Untracked 
| 324|0x0000000728800000, 0x0000000728800000, 0x0000000728a00000|  0%| F|  |TAMS 0x0000000728800000, 0x0000000728800000| Untracked 
| 325|0x0000000728a00000, 0x0000000728a00000, 0x0000000728c00000|  0%| F|  |TAMS 0x0000000728a00000, 0x0000000728a00000| Untracked 
| 326|0x0000000728c00000, 0x0000000728c00000, 0x0000000728e00000|  0%| F|  |TAMS 0x0000000728c00000, 0x0000000728c00000| Untracked 
| 327|0x0000000728e00000, 0x0000000728e00000, 0x0000000729000000|  0%| F|  |TAMS 0x0000000728e00000, 0x0000000728e00000| Untracked 
| 328|0x0000000729000000, 0x0000000729000000, 0x0000000729200000|  0%| F|  |TAMS 0x0000000729000000, 0x0000000729000000| Untracked 
| 329|0x0000000729200000, 0x0000000729200000, 0x0000000729400000|  0%| F|  |TAMS 0x0000000729200000, 0x0000000729200000| Untracked 
| 330|0x0000000729400000, 0x0000000729400000, 0x0000000729600000|  0%| F|  |TAMS 0x0000000729400000, 0x0000000729400000| Untracked 
| 331|0x0000000729600000, 0x0000000729600000, 0x0000000729800000|  0%| F|  |TAMS 0x0000000729600000, 0x0000000729600000| Untracked 
| 332|0x0000000729800000, 0x0000000729800000, 0x0000000729a00000|  0%| F|  |TAMS 0x0000000729800000, 0x0000000729800000| Untracked 
| 333|0x0000000729a00000, 0x0000000729a00000, 0x0000000729c00000|  0%| F|  |TAMS 0x0000000729a00000, 0x0000000729a00000| Untracked 
| 334|0x0000000729c00000, 0x0000000729c00000, 0x0000000729e00000|  0%| F|  |TAMS 0x0000000729c00000, 0x0000000729c00000| Untracked 
| 335|0x0000000729e00000, 0x0000000729e00000, 0x000000072a000000|  0%| F|  |TAMS 0x0000000729e00000, 0x0000000729e00000| Untracked 
| 336|0x000000072a000000, 0x000000072a000000, 0x000000072a200000|  0%| F|  |TAMS 0x000000072a000000, 0x000000072a000000| Untracked 
| 337|0x000000072a200000, 0x000000072a200000, 0x000000072a400000|  0%| F|  |TAMS 0x000000072a200000, 0x000000072a200000| Untracked 
| 338|0x000000072a400000, 0x000000072a400000, 0x000000072a600000|  0%| F|  |TAMS 0x000000072a400000, 0x000000072a400000| Untracked 
| 339|0x000000072a600000, 0x000000072a600000, 0x000000072a800000|  0%| F|  |TAMS 0x000000072a600000, 0x000000072a600000| Untracked 
| 340|0x000000072a800000, 0x000000072a800000, 0x000000072aa00000|  0%| F|  |TAMS 0x000000072a800000, 0x000000072a800000| Untracked 
| 341|0x000000072aa00000, 0x000000072aa00000, 0x000000072ac00000|  0%| F|  |TAMS 0x000000072aa00000, 0x000000072aa00000| Untracked 
| 342|0x000000072ac00000, 0x000000072ac00000, 0x000000072ae00000|  0%| F|  |TAMS 0x000000072ac00000, 0x000000072ac00000| Untracked 
| 343|0x000000072ae00000, 0x000000072ae00000, 0x000000072b000000|  0%| F|  |TAMS 0x000000072ae00000, 0x000000072ae00000| Untracked 
| 344|0x000000072b000000, 0x000000072b000000, 0x000000072b200000|  0%| F|  |TAMS 0x000000072b000000, 0x000000072b000000| Untracked 
| 345|0x000000072b200000, 0x000000072b200000, 0x000000072b400000|  0%| F|  |TAMS 0x000000072b200000, 0x000000072b200000| Untracked 
| 346|0x000000072b400000, 0x000000072b400000, 0x000000072b600000|  0%| F|  |TAMS 0x000000072b400000, 0x000000072b400000| Untracked 
| 347|0x000000072b600000, 0x000000072b600000, 0x000000072b800000|  0%| F|  |TAMS 0x000000072b600000, 0x000000072b600000| Untracked 
| 348|0x000000072b800000, 0x000000072b800000, 0x000000072ba00000|  0%| F|  |TAMS 0x000000072b800000, 0x000000072b800000| Untracked 
| 349|0x000000072ba00000, 0x000000072ba00000, 0x000000072bc00000|  0%| F|  |TAMS 0x000000072ba00000, 0x000000072ba00000| Untracked 
| 350|0x000000072bc00000, 0x000000072bc00000, 0x000000072be00000|  0%| F|  |TAMS 0x000000072bc00000, 0x000000072bc00000| Untracked 
| 351|0x000000072be00000, 0x000000072be00000, 0x000000072c000000|  0%| F|  |TAMS 0x000000072be00000, 0x000000072be00000| Untracked 
| 352|0x000000072c000000, 0x000000072c000000, 0x000000072c200000|  0%| F|  |TAMS 0x000000072c000000, 0x000000072c000000| Untracked 
| 353|0x000000072c200000, 0x000000072c200000, 0x000000072c400000|  0%| F|  |TAMS 0x000000072c200000, 0x000000072c200000| Untracked 
| 354|0x000000072c400000, 0x000000072c400000, 0x000000072c600000|  0%| F|  |TAMS 0x000000072c400000, 0x000000072c400000| Untracked 
| 355|0x000000072c600000, 0x000000072c600000, 0x000000072c800000|  0%| F|  |TAMS 0x000000072c600000, 0x000000072c600000| Untracked 
| 356|0x000000072c800000, 0x000000072c800000, 0x000000072ca00000|  0%| F|  |TAMS 0x000000072c800000, 0x000000072c800000| Untracked 
| 357|0x000000072ca00000, 0x000000072ca00000, 0x000000072cc00000|  0%| F|  |TAMS 0x000000072ca00000, 0x000000072ca00000| Untracked 
| 358|0x000000072cc00000, 0x000000072cc00000, 0x000000072ce00000|  0%| F|  |TAMS 0x000000072cc00000, 0x000000072cc00000| Untracked 
| 359|0x000000072ce00000, 0x000000072ce00000, 0x000000072d000000|  0%| F|  |TAMS 0x000000072ce00000, 0x000000072ce00000| Untracked 
| 360|0x000000072d000000, 0x000000072d000000, 0x000000072d200000|  0%| F|  |TAMS 0x000000072d000000, 0x000000072d000000| Untracked 
| 361|0x000000072d200000, 0x000000072d200000, 0x000000072d400000|  0%| F|  |TAMS 0x000000072d200000, 0x000000072d200000| Untracked 
| 362|0x000000072d400000, 0x000000072d400000, 0x000000072d600000|  0%| F|  |TAMS 0x000000072d400000, 0x000000072d400000| Untracked 
| 363|0x000000072d600000, 0x000000072d600000, 0x000000072d800000|  0%| F|  |TAMS 0x000000072d600000, 0x000000072d600000| Untracked 
| 364|0x000000072d800000, 0x000000072d800000, 0x000000072da00000|  0%| F|  |TAMS 0x000000072d800000, 0x000000072d800000| Untracked 
| 365|0x000000072da00000, 0x000000072da00000, 0x000000072dc00000|  0%| F|  |TAMS 0x000000072da00000, 0x000000072da00000| Untracked 
| 366|0x000000072dc00000, 0x000000072dc00000, 0x000000072de00000|  0%| F|  |TAMS 0x000000072dc00000, 0x000000072dc00000| Untracked 
| 367|0x000000072de00000, 0x000000072de00000, 0x000000072e000000|  0%| F|  |TAMS 0x000000072de00000, 0x000000072de00000| Untracked 
| 368|0x000000072e000000, 0x000000072e000000, 0x000000072e200000|  0%| F|  |TAMS 0x000000072e000000, 0x000000072e000000| Untracked 
| 369|0x000000072e200000, 0x000000072e200000, 0x000000072e400000|  0%| F|  |TAMS 0x000000072e200000, 0x000000072e200000| Untracked 
| 370|0x000000072e400000, 0x000000072e400000, 0x000000072e600000|  0%| F|  |TAMS 0x000000072e400000, 0x000000072e400000| Untracked 
| 371|0x000000072e600000, 0x000000072e600000, 0x000000072e800000|  0%| F|  |TAMS 0x000000072e600000, 0x000000072e600000| Untracked 
| 372|0x000000072e800000, 0x000000072e800000, 0x000000072ea00000|  0%| F|  |TAMS 0x000000072e800000, 0x000000072e800000| Untracked 
| 373|0x000000072ea00000, 0x000000072ea00000, 0x000000072ec00000|  0%| F|  |TAMS 0x000000072ea00000, 0x000000072ea00000| Untracked 
| 374|0x000000072ec00000, 0x000000072ec00000, 0x000000072ee00000|  0%| F|  |TAMS 0x000000072ec00000, 0x000000072ec00000| Untracked 
| 375|0x000000072ee00000, 0x000000072ee00000, 0x000000072f000000|  0%| F|  |TAMS 0x000000072ee00000, 0x000000072ee00000| Untracked 
| 376|0x000000072f000000, 0x000000072f000000, 0x000000072f200000|  0%| F|  |TAMS 0x000000072f000000, 0x000000072f000000| Untracked 
| 377|0x000000072f200000, 0x000000072f200000, 0x000000072f400000|  0%| F|  |TAMS 0x000000072f200000, 0x000000072f200000| Untracked 
| 378|0x000000072f400000, 0x000000072f400000, 0x000000072f600000|  0%| F|  |TAMS 0x000000072f400000, 0x000000072f400000| Untracked 
| 379|0x000000072f600000, 0x000000072f600000, 0x000000072f800000|  0%| F|  |TAMS 0x000000072f600000, 0x000000072f600000| Untracked 
| 380|0x000000072f800000, 0x000000072f800000, 0x000000072fa00000|  0%| F|  |TAMS 0x000000072f800000, 0x000000072f800000| Untracked 
| 381|0x000000072fa00000, 0x000000072fa00000, 0x000000072fc00000|  0%| F|  |TAMS 0x000000072fa00000, 0x000000072fa00000| Untracked 
| 382|0x000000072fc00000, 0x000000072fc00000, 0x000000072fe00000|  0%| F|  |TAMS 0x000000072fc00000, 0x000000072fc00000| Untracked 
| 383|0x000000072fe00000, 0x000000072fe00000, 0x0000000730000000|  0%| F|  |TAMS 0x000000072fe00000, 0x000000072fe00000| Untracked 
| 384|0x0000000730000000, 0x0000000730000000, 0x0000000730200000|  0%| F|  |TAMS 0x0000000730000000, 0x0000000730000000| Untracked 
| 385|0x0000000730200000, 0x0000000730200000, 0x0000000730400000|  0%| F|  |TAMS 0x0000000730200000, 0x0000000730200000| Untracked 
| 386|0x0000000730400000, 0x0000000730400000, 0x0000000730600000|  0%| F|  |TAMS 0x0000000730400000, 0x0000000730400000| Untracked 
| 387|0x0000000730600000, 0x0000000730600000, 0x0000000730800000|  0%| F|  |TAMS 0x0000000730600000, 0x0000000730600000| Untracked 
| 388|0x0000000730800000, 0x0000000730800000, 0x0000000730a00000|  0%| F|  |TAMS 0x0000000730800000, 0x0000000730800000| Untracked 
| 389|0x0000000730a00000, 0x0000000730a00000, 0x0000000730c00000|  0%| F|  |TAMS 0x0000000730a00000, 0x0000000730a00000| Untracked 
| 390|0x0000000730c00000, 0x0000000730c00000, 0x0000000730e00000|  0%| F|  |TAMS 0x0000000730c00000, 0x0000000730c00000| Untracked 
| 391|0x0000000730e00000, 0x0000000730e00000, 0x0000000731000000|  0%| F|  |TAMS 0x0000000730e00000, 0x0000000730e00000| Untracked 
| 392|0x0000000731000000, 0x0000000731000000, 0x0000000731200000|  0%| F|  |TAMS 0x0000000731000000, 0x0000000731000000| Untracked 
| 393|0x0000000731200000, 0x0000000731200000, 0x0000000731400000|  0%| F|  |TAMS 0x0000000731200000, 0x0000000731200000| Untracked 
| 394|0x0000000731400000, 0x0000000731400000, 0x0000000731600000|  0%| F|  |TAMS 0x0000000731400000, 0x0000000731400000| Untracked 
| 395|0x0000000731600000, 0x0000000731600000, 0x0000000731800000|  0%| F|  |TAMS 0x0000000731600000, 0x0000000731600000| Untracked 
| 396|0x0000000731800000, 0x0000000731800000, 0x0000000731a00000|  0%| F|  |TAMS 0x0000000731800000, 0x0000000731800000| Untracked 
| 397|0x0000000731a00000, 0x0000000731a00000, 0x0000000731c00000|  0%| F|  |TAMS 0x0000000731a00000, 0x0000000731a00000| Untracked 
| 398|0x0000000731c00000, 0x0000000731c00000, 0x0000000731e00000|  0%| F|  |TAMS 0x0000000731c00000, 0x0000000731c00000| Untracked 
| 399|0x0000000731e00000, 0x0000000731e00000, 0x0000000732000000|  0%| F|  |TAMS 0x0000000731e00000, 0x0000000731e00000| Untracked 
| 400|0x0000000732000000, 0x0000000732000000, 0x0000000732200000|  0%| F|  |TAMS 0x0000000732000000, 0x0000000732000000| Untracked 
| 401|0x0000000732200000, 0x0000000732200000, 0x0000000732400000|  0%| F|  |TAMS 0x0000000732200000, 0x0000000732200000| Untracked 
| 402|0x0000000732400000, 0x0000000732400000, 0x0000000732600000|  0%| F|  |TAMS 0x0000000732400000, 0x0000000732400000| Untracked 
| 403|0x0000000732600000, 0x0000000732600000, 0x0000000732800000|  0%| F|  |TAMS 0x0000000732600000, 0x0000000732600000| Untracked 
| 404|0x0000000732800000, 0x0000000732800000, 0x0000000732a00000|  0%| F|  |TAMS 0x0000000732800000, 0x0000000732800000| Untracked 
| 405|0x0000000732a00000, 0x0000000732a00000, 0x0000000732c00000|  0%| F|  |TAMS 0x0000000732a00000, 0x0000000732a00000| Untracked 
| 406|0x0000000732c00000, 0x0000000732c00000, 0x0000000732e00000|  0%| F|  |TAMS 0x0000000732c00000, 0x0000000732c00000| Untracked 
| 407|0x0000000732e00000, 0x0000000732e00000, 0x0000000733000000|  0%| F|  |TAMS 0x0000000732e00000, 0x0000000732e00000| Untracked 
| 408|0x0000000733000000, 0x0000000733000000, 0x0000000733200000|  0%| F|  |TAMS 0x0000000733000000, 0x0000000733000000| Untracked 
| 409|0x0000000733200000, 0x0000000733200000, 0x0000000733400000|  0%| F|  |TAMS 0x0000000733200000, 0x0000000733200000| Untracked 
| 410|0x0000000733400000, 0x0000000733400000, 0x0000000733600000|  0%| F|  |TAMS 0x0000000733400000, 0x0000000733400000| Untracked 
| 411|0x0000000733600000, 0x0000000733600000, 0x0000000733800000|  0%| F|  |TAMS 0x0000000733600000, 0x0000000733600000| Untracked 
| 412|0x0000000733800000, 0x0000000733800000, 0x0000000733a00000|  0%| F|  |TAMS 0x0000000733800000, 0x0000000733800000| Untracked 
| 413|0x0000000733a00000, 0x0000000733a00000, 0x0000000733c00000|  0%| F|  |TAMS 0x0000000733a00000, 0x0000000733a00000| Untracked 
| 414|0x0000000733c00000, 0x0000000733c00000, 0x0000000733e00000|  0%| F|  |TAMS 0x0000000733c00000, 0x0000000733c00000| Untracked 
| 415|0x0000000733e00000, 0x0000000733e00000, 0x0000000734000000|  0%| F|  |TAMS 0x0000000733e00000, 0x0000000733e00000| Untracked 
| 416|0x0000000734000000, 0x0000000734000000, 0x0000000734200000|  0%| F|  |TAMS 0x0000000734000000, 0x0000000734000000| Untracked 
| 417|0x0000000734200000, 0x0000000734200000, 0x0000000734400000|  0%| F|  |TAMS 0x0000000734200000, 0x0000000734200000| Untracked 
| 418|0x0000000734400000, 0x0000000734400000, 0x0000000734600000|  0%| F|  |TAMS 0x0000000734400000, 0x0000000734400000| Untracked 
| 419|0x0000000734600000, 0x0000000734600000, 0x0000000734800000|  0%| F|  |TAMS 0x0000000734600000, 0x0000000734600000| Untracked 
| 420|0x0000000734800000, 0x0000000734800000, 0x0000000734a00000|  0%| F|  |TAMS 0x0000000734800000, 0x0000000734800000| Untracked 
| 421|0x0000000734a00000, 0x0000000734a00000, 0x0000000734c00000|  0%| F|  |TAMS 0x0000000734a00000, 0x0000000734a00000| Untracked 
| 422|0x0000000734c00000, 0x0000000734c00000, 0x0000000734e00000|  0%| F|  |TAMS 0x0000000734c00000, 0x0000000734c00000| Untracked 
| 423|0x0000000734e00000, 0x0000000734e00000, 0x0000000735000000|  0%| F|  |TAMS 0x0000000734e00000, 0x0000000734e00000| Untracked 
| 424|0x0000000735000000, 0x0000000735000000, 0x0000000735200000|  0%| F|  |TAMS 0x0000000735000000, 0x0000000735000000| Untracked 
| 425|0x0000000735200000, 0x0000000735200000, 0x0000000735400000|  0%| F|  |TAMS 0x0000000735200000, 0x0000000735200000| Untracked 
| 426|0x0000000735400000, 0x0000000735400000, 0x0000000735600000|  0%| F|  |TAMS 0x0000000735400000, 0x0000000735400000| Untracked 
| 427|0x0000000735600000, 0x0000000735600000, 0x0000000735800000|  0%| F|  |TAMS 0x0000000735600000, 0x0000000735600000| Untracked 
| 428|0x0000000735800000, 0x0000000735800000, 0x0000000735a00000|  0%| F|  |TAMS 0x0000000735800000, 0x0000000735800000| Untracked 
| 429|0x0000000735a00000, 0x0000000735a00000, 0x0000000735c00000|  0%| F|  |TAMS 0x0000000735a00000, 0x0000000735a00000| Untracked 
| 430|0x0000000735c00000, 0x0000000735c00000, 0x0000000735e00000|  0%| F|  |TAMS 0x0000000735c00000, 0x0000000735c00000| Untracked 
| 431|0x0000000735e00000, 0x0000000735e00000, 0x0000000736000000|  0%| F|  |TAMS 0x0000000735e00000, 0x0000000735e00000| Untracked 
| 432|0x0000000736000000, 0x0000000736000000, 0x0000000736200000|  0%| F|  |TAMS 0x0000000736000000, 0x0000000736000000| Untracked 
| 433|0x0000000736200000, 0x0000000736200000, 0x0000000736400000|  0%| F|  |TAMS 0x0000000736200000, 0x0000000736200000| Untracked 
| 434|0x0000000736400000, 0x0000000736400000, 0x0000000736600000|  0%| F|  |TAMS 0x0000000736400000, 0x0000000736400000| Untracked 
| 435|0x0000000736600000, 0x0000000736600000, 0x0000000736800000|  0%| F|  |TAMS 0x0000000736600000, 0x0000000736600000| Untracked 
| 436|0x0000000736800000, 0x0000000736800000, 0x0000000736a00000|  0%| F|  |TAMS 0x0000000736800000, 0x0000000736800000| Untracked 
| 437|0x0000000736a00000, 0x0000000736a00000, 0x0000000736c00000|  0%| F|  |TAMS 0x0000000736a00000, 0x0000000736a00000| Untracked 
| 438|0x0000000736c00000, 0x0000000736c00000, 0x0000000736e00000|  0%| F|  |TAMS 0x0000000736c00000, 0x0000000736c00000| Untracked 
| 439|0x0000000736e00000, 0x0000000736e00000, 0x0000000737000000|  0%| F|  |TAMS 0x0000000736e00000, 0x0000000736e00000| Untracked 
| 440|0x0000000737000000, 0x0000000737000000, 0x0000000737200000|  0%| F|  |TAMS 0x0000000737000000, 0x0000000737000000| Untracked 
| 441|0x0000000737200000, 0x0000000737200000, 0x0000000737400000|  0%| F|  |TAMS 0x0000000737200000, 0x0000000737200000| Untracked 
| 442|0x0000000737400000, 0x0000000737400000, 0x0000000737600000|  0%| F|  |TAMS 0x0000000737400000, 0x0000000737400000| Untracked 
| 443|0x0000000737600000, 0x0000000737600000, 0x0000000737800000|  0%| F|  |TAMS 0x0000000737600000, 0x0000000737600000| Untracked 
| 444|0x0000000737800000, 0x0000000737800000, 0x0000000737a00000|  0%| F|  |TAMS 0x0000000737800000, 0x0000000737800000| Untracked 
| 445|0x0000000737a00000, 0x0000000737a00000, 0x0000000737c00000|  0%| F|  |TAMS 0x0000000737a00000, 0x0000000737a00000| Untracked 
| 446|0x0000000737c00000, 0x0000000737c00000, 0x0000000737e00000|  0%| F|  |TAMS 0x0000000737c00000, 0x0000000737c00000| Untracked 
| 447|0x0000000737e00000, 0x0000000737e00000, 0x0000000738000000|  0%| F|  |TAMS 0x0000000737e00000, 0x0000000737e00000| Untracked 
| 448|0x0000000738000000, 0x0000000738000000, 0x0000000738200000|  0%| F|  |TAMS 0x0000000738000000, 0x0000000738000000| Untracked 
| 449|0x0000000738200000, 0x0000000738200000, 0x0000000738400000|  0%| F|  |TAMS 0x0000000738200000, 0x0000000738200000| Untracked 
| 450|0x0000000738400000, 0x0000000738400000, 0x0000000738600000|  0%| F|  |TAMS 0x0000000738400000, 0x0000000738400000| Untracked 
| 451|0x0000000738600000, 0x0000000738600000, 0x0000000738800000|  0%| F|  |TAMS 0x0000000738600000, 0x0000000738600000| Untracked 
| 452|0x0000000738800000, 0x0000000738800000, 0x0000000738a00000|  0%| F|  |TAMS 0x0000000738800000, 0x0000000738800000| Untracked 
| 453|0x0000000738a00000, 0x0000000738a00000, 0x0000000738c00000|  0%| F|  |TAMS 0x0000000738a00000, 0x0000000738a00000| Untracked 
| 454|0x0000000738c00000, 0x0000000738c00000, 0x0000000738e00000|  0%| F|  |TAMS 0x0000000738c00000, 0x0000000738c00000| Untracked 
| 455|0x0000000738e00000, 0x0000000738e00000, 0x0000000739000000|  0%| F|  |TAMS 0x0000000738e00000, 0x0000000738e00000| Untracked 
| 456|0x0000000739000000, 0x0000000739000000, 0x0000000739200000|  0%| F|  |TAMS 0x0000000739000000, 0x0000000739000000| Untracked 
| 457|0x0000000739200000, 0x0000000739200000, 0x0000000739400000|  0%| F|  |TAMS 0x0000000739200000, 0x0000000739200000| Untracked 
| 458|0x0000000739400000, 0x0000000739400000, 0x0000000739600000|  0%| F|  |TAMS 0x0000000739400000, 0x0000000739400000| Untracked 
| 459|0x0000000739600000, 0x0000000739600000, 0x0000000739800000|  0%| F|  |TAMS 0x0000000739600000, 0x0000000739600000| Untracked 
| 460|0x0000000739800000, 0x0000000739800000, 0x0000000739a00000|  0%| F|  |TAMS 0x0000000739800000, 0x0000000739800000| Untracked 
| 461|0x0000000739a00000, 0x0000000739a00000, 0x0000000739c00000|  0%| F|  |TAMS 0x0000000739a00000, 0x0000000739a00000| Untracked 
| 462|0x0000000739c00000, 0x0000000739c00000, 0x0000000739e00000|  0%| F|  |TAMS 0x0000000739c00000, 0x0000000739c00000| Untracked 
| 463|0x0000000739e00000, 0x0000000739e00000, 0x000000073a000000|  0%| F|  |TAMS 0x0000000739e00000, 0x0000000739e00000| Untracked 
| 464|0x000000073a000000, 0x000000073a000000, 0x000000073a200000|  0%| F|  |TAMS 0x000000073a000000, 0x000000073a000000| Untracked 
| 465|0x000000073a200000, 0x000000073a200000, 0x000000073a400000|  0%| F|  |TAMS 0x000000073a200000, 0x000000073a200000| Untracked 
| 466|0x000000073a400000, 0x000000073a400000, 0x000000073a600000|  0%| F|  |TAMS 0x000000073a400000, 0x000000073a400000| Untracked 
| 467|0x000000073a600000, 0x000000073a600000, 0x000000073a800000|  0%| F|  |TAMS 0x000000073a600000, 0x000000073a600000| Untracked 
| 468|0x000000073a800000, 0x000000073a800000, 0x000000073aa00000|  0%| F|  |TAMS 0x000000073a800000, 0x000000073a800000| Untracked 
| 469|0x000000073aa00000, 0x000000073aa00000, 0x000000073ac00000|  0%| F|  |TAMS 0x000000073aa00000, 0x000000073aa00000| Untracked 
| 470|0x000000073ac00000, 0x000000073ac00000, 0x000000073ae00000|  0%| F|  |TAMS 0x000000073ac00000, 0x000000073ac00000| Untracked 
| 471|0x000000073ae00000, 0x000000073ae00000, 0x000000073b000000|  0%| F|  |TAMS 0x000000073ae00000, 0x000000073ae00000| Untracked 
| 472|0x000000073b000000, 0x000000073b000000, 0x000000073b200000|  0%| F|  |TAMS 0x000000073b000000, 0x000000073b000000| Untracked 
| 473|0x000000073b200000, 0x000000073b200000, 0x000000073b400000|  0%| F|  |TAMS 0x000000073b200000, 0x000000073b200000| Untracked 
| 474|0x000000073b400000, 0x000000073b400000, 0x000000073b600000|  0%| F|  |TAMS 0x000000073b400000, 0x000000073b400000| Untracked 
| 475|0x000000073b600000, 0x000000073b600000, 0x000000073b800000|  0%| F|  |TAMS 0x000000073b600000, 0x000000073b600000| Untracked 
| 476|0x000000073b800000, 0x000000073b800000, 0x000000073ba00000|  0%| F|  |TAMS 0x000000073b800000, 0x000000073b800000| Untracked 
| 477|0x000000073ba00000, 0x000000073ba00000, 0x000000073bc00000|  0%| F|  |TAMS 0x000000073ba00000, 0x000000073ba00000| Untracked 
| 478|0x000000073bc00000, 0x000000073bc00000, 0x000000073be00000|  0%| F|  |TAMS 0x000000073bc00000, 0x000000073bc00000| Untracked 
| 479|0x000000073be00000, 0x000000073be00000, 0x000000073c000000|  0%| F|  |TAMS 0x000000073be00000, 0x000000073be00000| Untracked 
| 480|0x000000073c000000, 0x000000073c000000, 0x000000073c200000|  0%| F|  |TAMS 0x000000073c000000, 0x000000073c000000| Untracked 
| 481|0x000000073c200000, 0x000000073c200000, 0x000000073c400000|  0%| F|  |TAMS 0x000000073c200000, 0x000000073c200000| Untracked 
| 482|0x000000073c400000, 0x000000073c400000, 0x000000073c600000|  0%| F|  |TAMS 0x000000073c400000, 0x000000073c400000| Untracked 
| 483|0x000000073c600000, 0x000000073c600000, 0x000000073c800000|  0%| F|  |TAMS 0x000000073c600000, 0x000000073c600000| Untracked 
| 484|0x000000073c800000, 0x000000073c800000, 0x000000073ca00000|  0%| F|  |TAMS 0x000000073c800000, 0x000000073c800000| Untracked 
| 485|0x000000073ca00000, 0x000000073ca00000, 0x000000073cc00000|  0%| F|  |TAMS 0x000000073ca00000, 0x000000073ca00000| Untracked 
| 486|0x000000073cc00000, 0x000000073cc00000, 0x000000073ce00000|  0%| F|  |TAMS 0x000000073cc00000, 0x000000073cc00000| Untracked 
| 487|0x000000073ce00000, 0x000000073ce00000, 0x000000073d000000|  0%| F|  |TAMS 0x000000073ce00000, 0x000000073ce00000| Untracked 
| 488|0x000000073d000000, 0x000000073d000000, 0x000000073d200000|  0%| F|  |TAMS 0x000000073d000000, 0x000000073d000000| Untracked 
| 489|0x000000073d200000, 0x000000073d200000, 0x000000073d400000|  0%| F|  |TAMS 0x000000073d200000, 0x000000073d200000| Untracked 
| 490|0x000000073d400000, 0x000000073d400000, 0x000000073d600000|  0%| F|  |TAMS 0x000000073d400000, 0x000000073d400000| Untracked 
| 491|0x000000073d600000, 0x000000073d600000, 0x000000073d800000|  0%| F|  |TAMS 0x000000073d600000, 0x000000073d600000| Untracked 
| 492|0x000000073d800000, 0x000000073d800000, 0x000000073da00000|  0%| F|  |TAMS 0x000000073d800000, 0x000000073d800000| Untracked 
| 493|0x000000073da00000, 0x000000073da00000, 0x000000073dc00000|  0%| F|  |TAMS 0x000000073da00000, 0x000000073da00000| Untracked 
| 494|0x000000073dc00000, 0x000000073dc00000, 0x000000073de00000|  0%| F|  |TAMS 0x000000073dc00000, 0x000000073dc00000| Untracked 
| 495|0x000000073de00000, 0x000000073de00000, 0x000000073e000000|  0%| F|  |TAMS 0x000000073de00000, 0x000000073de00000| Untracked 
| 496|0x000000073e000000, 0x000000073e000000, 0x000000073e200000|  0%| F|  |TAMS 0x000000073e000000, 0x000000073e000000| Untracked 
| 497|0x000000073e200000, 0x000000073e200000, 0x000000073e400000|  0%| F|  |TAMS 0x000000073e200000, 0x000000073e200000| Untracked 
| 498|0x000000073e400000, 0x000000073e400000, 0x000000073e600000|  0%| F|  |TAMS 0x000000073e400000, 0x000000073e400000| Untracked 
| 499|0x000000073e600000, 0x000000073e600000, 0x000000073e800000|  0%| F|  |TAMS 0x000000073e600000, 0x000000073e600000| Untracked 
| 500|0x000000073e800000, 0x000000073e800000, 0x000000073ea00000|  0%| F|  |TAMS 0x000000073e800000, 0x000000073e800000| Untracked 
| 501|0x000000073ea00000, 0x000000073ea00000, 0x000000073ec00000|  0%| F|  |TAMS 0x000000073ea00000, 0x000000073ea00000| Untracked 
| 502|0x000000073ec00000, 0x000000073ec00000, 0x000000073ee00000|  0%| F|  |TAMS 0x000000073ec00000, 0x000000073ec00000| Untracked 
| 503|0x000000073ee00000, 0x000000073ee00000, 0x000000073f000000|  0%| F|  |TAMS 0x000000073ee00000, 0x000000073ee00000| Untracked 
| 504|0x000000073f000000, 0x000000073f000000, 0x000000073f200000|  0%| F|  |TAMS 0x000000073f000000, 0x000000073f000000| Untracked 
| 505|0x000000073f200000, 0x000000073f200000, 0x000000073f400000|  0%| F|  |TAMS 0x000000073f200000, 0x000000073f200000| Untracked 
| 506|0x000000073f400000, 0x000000073f400000, 0x000000073f600000|  0%| F|  |TAMS 0x000000073f400000, 0x000000073f400000| Untracked 
| 507|0x000000073f600000, 0x000000073f600000, 0x000000073f800000|  0%| F|  |TAMS 0x000000073f600000, 0x000000073f600000| Untracked 
| 508|0x000000073f800000, 0x000000073f800000, 0x000000073fa00000|  0%| F|  |TAMS 0x000000073f800000, 0x000000073f800000| Untracked 
| 509|0x000000073fa00000, 0x000000073fa00000, 0x000000073fc00000|  0%| F|  |TAMS 0x000000073fa00000, 0x000000073fa00000| Untracked 
| 510|0x000000073fc00000, 0x000000073fc00000, 0x000000073fe00000|  0%| F|  |TAMS 0x000000073fc00000, 0x000000073fc00000| Untracked 
| 511|0x000000073fe00000, 0x000000073fe00000, 0x0000000740000000|  0%| F|  |TAMS 0x000000073fe00000, 0x000000073fe00000| Untracked 
| 512|0x0000000740000000, 0x0000000740000000, 0x0000000740200000|  0%| F|  |TAMS 0x0000000740000000, 0x0000000740000000| Untracked 
| 513|0x0000000740200000, 0x0000000740200000, 0x0000000740400000|  0%| F|  |TAMS 0x0000000740200000, 0x0000000740200000| Untracked 
| 514|0x0000000740400000, 0x0000000740400000, 0x0000000740600000|  0%| F|  |TAMS 0x0000000740400000, 0x0000000740400000| Untracked 
| 515|0x0000000740600000, 0x0000000740600000, 0x0000000740800000|  0%| F|  |TAMS 0x0000000740600000, 0x0000000740600000| Untracked 
| 516|0x0000000740800000, 0x0000000740800000, 0x0000000740a00000|  0%| F|  |TAMS 0x0000000740800000, 0x0000000740800000| Untracked 
| 517|0x0000000740a00000, 0x0000000740a00000, 0x0000000740c00000|  0%| F|  |TAMS 0x0000000740a00000, 0x0000000740a00000| Untracked 
| 518|0x0000000740c00000, 0x0000000740c00000, 0x0000000740e00000|  0%| F|  |TAMS 0x0000000740c00000, 0x0000000740c00000| Untracked 
| 519|0x0000000740e00000, 0x0000000740e00000, 0x0000000741000000|  0%| F|  |TAMS 0x0000000740e00000, 0x0000000740e00000| Untracked 
| 520|0x0000000741000000, 0x0000000741000000, 0x0000000741200000|  0%| F|  |TAMS 0x0000000741000000, 0x0000000741000000| Untracked 
| 521|0x0000000741200000, 0x0000000741200000, 0x0000000741400000|  0%| F|  |TAMS 0x0000000741200000, 0x0000000741200000| Untracked 
| 522|0x0000000741400000, 0x0000000741400000, 0x0000000741600000|  0%| F|  |TAMS 0x0000000741400000, 0x0000000741400000| Untracked 
| 523|0x0000000741600000, 0x0000000741600000, 0x0000000741800000|  0%| F|  |TAMS 0x0000000741600000, 0x0000000741600000| Untracked 
| 524|0x0000000741800000, 0x0000000741800000, 0x0000000741a00000|  0%| F|  |TAMS 0x0000000741800000, 0x0000000741800000| Untracked 
| 525|0x0000000741a00000, 0x0000000741a00000, 0x0000000741c00000|  0%| F|  |TAMS 0x0000000741a00000, 0x0000000741a00000| Untracked 
| 526|0x0000000741c00000, 0x0000000741c00000, 0x0000000741e00000|  0%| F|  |TAMS 0x0000000741c00000, 0x0000000741c00000| Untracked 
| 527|0x0000000741e00000, 0x0000000741e00000, 0x0000000742000000|  0%| F|  |TAMS 0x0000000741e00000, 0x0000000741e00000| Untracked 
| 528|0x0000000742000000, 0x0000000742000000, 0x0000000742200000|  0%| F|  |TAMS 0x0000000742000000, 0x0000000742000000| Untracked 
| 529|0x0000000742200000, 0x0000000742200000, 0x0000000742400000|  0%| F|  |TAMS 0x0000000742200000, 0x0000000742200000| Untracked 
| 530|0x0000000742400000, 0x0000000742400000, 0x0000000742600000|  0%| F|  |TAMS 0x0000000742400000, 0x0000000742400000| Untracked 
| 531|0x0000000742600000, 0x0000000742600000, 0x0000000742800000|  0%| F|  |TAMS 0x0000000742600000, 0x0000000742600000| Untracked 
| 532|0x0000000742800000, 0x0000000742800000, 0x0000000742a00000|  0%| F|  |TAMS 0x0000000742800000, 0x0000000742800000| Untracked 
| 533|0x0000000742a00000, 0x0000000742a00000, 0x0000000742c00000|  0%| F|  |TAMS 0x0000000742a00000, 0x0000000742a00000| Untracked 
| 534|0x0000000742c00000, 0x0000000742c00000, 0x0000000742e00000|  0%| F|  |TAMS 0x0000000742c00000, 0x0000000742c00000| Untracked 
| 535|0x0000000742e00000, 0x0000000742e00000, 0x0000000743000000|  0%| F|  |TAMS 0x0000000742e00000, 0x0000000742e00000| Untracked 
| 536|0x0000000743000000, 0x0000000743000000, 0x0000000743200000|  0%| F|  |TAMS 0x0000000743000000, 0x0000000743000000| Untracked 
| 537|0x0000000743200000, 0x0000000743200000, 0x0000000743400000|  0%| F|  |TAMS 0x0000000743200000, 0x0000000743200000| Untracked 
| 538|0x0000000743400000, 0x0000000743400000, 0x0000000743600000|  0%| F|  |TAMS 0x0000000743400000, 0x0000000743400000| Untracked 
| 539|0x0000000743600000, 0x0000000743600000, 0x0000000743800000|  0%| F|  |TAMS 0x0000000743600000, 0x0000000743600000| Untracked 
| 540|0x0000000743800000, 0x0000000743800000, 0x0000000743a00000|  0%| F|  |TAMS 0x0000000743800000, 0x0000000743800000| Untracked 
| 541|0x0000000743a00000, 0x0000000743a00000, 0x0000000743c00000|  0%| F|  |TAMS 0x0000000743a00000, 0x0000000743a00000| Untracked 
| 542|0x0000000743c00000, 0x0000000743c00000, 0x0000000743e00000|  0%| F|  |TAMS 0x0000000743c00000, 0x0000000743c00000| Untracked 
| 543|0x0000000743e00000, 0x0000000743e00000, 0x0000000744000000|  0%| F|  |TAMS 0x0000000743e00000, 0x0000000743e00000| Untracked 
| 544|0x0000000744000000, 0x0000000744000000, 0x0000000744200000|  0%| F|  |TAMS 0x0000000744000000, 0x0000000744000000| Untracked 
| 545|0x0000000744200000, 0x0000000744200000, 0x0000000744400000|  0%| F|  |TAMS 0x0000000744200000, 0x0000000744200000| Untracked 
| 546|0x0000000744400000, 0x0000000744400000, 0x0000000744600000|  0%| F|  |TAMS 0x0000000744400000, 0x0000000744400000| Untracked 
| 547|0x0000000744600000, 0x0000000744600000, 0x0000000744800000|  0%| F|  |TAMS 0x0000000744600000, 0x0000000744600000| Untracked 
| 548|0x0000000744800000, 0x0000000744800000, 0x0000000744a00000|  0%| F|  |TAMS 0x0000000744800000, 0x0000000744800000| Untracked 
| 549|0x0000000744a00000, 0x0000000744a00000, 0x0000000744c00000|  0%| F|  |TAMS 0x0000000744a00000, 0x0000000744a00000| Untracked 
| 550|0x0000000744c00000, 0x0000000744c00000, 0x0000000744e00000|  0%| F|  |TAMS 0x0000000744c00000, 0x0000000744c00000| Untracked 
| 551|0x0000000744e00000, 0x0000000744e00000, 0x0000000745000000|  0%| F|  |TAMS 0x0000000744e00000, 0x0000000744e00000| Untracked 
| 552|0x0000000745000000, 0x0000000745000000, 0x0000000745200000|  0%| F|  |TAMS 0x0000000745000000, 0x0000000745000000| Untracked 
| 553|0x0000000745200000, 0x0000000745200000, 0x0000000745400000|  0%| F|  |TAMS 0x0000000745200000, 0x0000000745200000| Untracked 
| 554|0x0000000745400000, 0x0000000745400000, 0x0000000745600000|  0%| F|  |TAMS 0x0000000745400000, 0x0000000745400000| Untracked 
| 555|0x0000000745600000, 0x0000000745600000, 0x0000000745800000|  0%| F|  |TAMS 0x0000000745600000, 0x0000000745600000| Untracked 
| 556|0x0000000745800000, 0x0000000745800000, 0x0000000745a00000|  0%| F|  |TAMS 0x0000000745800000, 0x0000000745800000| Untracked 
| 557|0x0000000745a00000, 0x0000000745a00000, 0x0000000745c00000|  0%| F|  |TAMS 0x0000000745a00000, 0x0000000745a00000| Untracked 
| 558|0x0000000745c00000, 0x0000000745c00000, 0x0000000745e00000|  0%| F|  |TAMS 0x0000000745c00000, 0x0000000745c00000| Untracked 
| 559|0x0000000745e00000, 0x0000000745e00000, 0x0000000746000000|  0%| F|  |TAMS 0x0000000745e00000, 0x0000000745e00000| Untracked 
| 560|0x0000000746000000, 0x0000000746000000, 0x0000000746200000|  0%| F|  |TAMS 0x0000000746000000, 0x0000000746000000| Untracked 
| 561|0x0000000746200000, 0x0000000746200000, 0x0000000746400000|  0%| F|  |TAMS 0x0000000746200000, 0x0000000746200000| Untracked 
| 562|0x0000000746400000, 0x0000000746400000, 0x0000000746600000|  0%| F|  |TAMS 0x0000000746400000, 0x0000000746400000| Untracked 
| 563|0x0000000746600000, 0x0000000746600000, 0x0000000746800000|  0%| F|  |TAMS 0x0000000746600000, 0x0000000746600000| Untracked 
| 564|0x0000000746800000, 0x0000000746800000, 0x0000000746a00000|  0%| F|  |TAMS 0x0000000746800000, 0x0000000746800000| Untracked 
| 565|0x0000000746a00000, 0x0000000746a00000, 0x0000000746c00000|  0%| F|  |TAMS 0x0000000746a00000, 0x0000000746a00000| Untracked 
| 566|0x0000000746c00000, 0x0000000746c00000, 0x0000000746e00000|  0%| F|  |TAMS 0x0000000746c00000, 0x0000000746c00000| Untracked 
| 567|0x0000000746e00000, 0x0000000746e00000, 0x0000000747000000|  0%| F|  |TAMS 0x0000000746e00000, 0x0000000746e00000| Untracked 
| 568|0x0000000747000000, 0x0000000747000000, 0x0000000747200000|  0%| F|  |TAMS 0x0000000747000000, 0x0000000747000000| Untracked 
| 569|0x0000000747200000, 0x0000000747200000, 0x0000000747400000|  0%| F|  |TAMS 0x0000000747200000, 0x0000000747200000| Untracked 
| 570|0x0000000747400000, 0x0000000747400000, 0x0000000747600000|  0%| F|  |TAMS 0x0000000747400000, 0x0000000747400000| Untracked 
| 571|0x0000000747600000, 0x0000000747600000, 0x0000000747800000|  0%| F|  |TAMS 0x0000000747600000, 0x0000000747600000| Untracked 
| 572|0x0000000747800000, 0x0000000747800000, 0x0000000747a00000|  0%| F|  |TAMS 0x0000000747800000, 0x0000000747800000| Untracked 
| 573|0x0000000747a00000, 0x0000000747a00000, 0x0000000747c00000|  0%| F|  |TAMS 0x0000000747a00000, 0x0000000747a00000| Untracked 
| 574|0x0000000747c00000, 0x0000000747c00000, 0x0000000747e00000|  0%| F|  |TAMS 0x0000000747c00000, 0x0000000747c00000| Untracked 
| 575|0x0000000747e00000, 0x0000000747e00000, 0x0000000748000000|  0%| F|  |TAMS 0x0000000747e00000, 0x0000000747e00000| Untracked 
| 576|0x0000000748000000, 0x0000000748000000, 0x0000000748200000|  0%| F|  |TAMS 0x0000000748000000, 0x0000000748000000| Untracked 
| 577|0x0000000748200000, 0x0000000748200000, 0x0000000748400000|  0%| F|  |TAMS 0x0000000748200000, 0x0000000748200000| Untracked 
| 578|0x0000000748400000, 0x0000000748400000, 0x0000000748600000|  0%| F|  |TAMS 0x0000000748400000, 0x0000000748400000| Untracked 
| 579|0x0000000748600000, 0x0000000748600000, 0x0000000748800000|  0%| F|  |TAMS 0x0000000748600000, 0x0000000748600000| Untracked 
| 580|0x0000000748800000, 0x0000000748800000, 0x0000000748a00000|  0%| F|  |TAMS 0x0000000748800000, 0x0000000748800000| Untracked 
| 581|0x0000000748a00000, 0x0000000748a00000, 0x0000000748c00000|  0%| F|  |TAMS 0x0000000748a00000, 0x0000000748a00000| Untracked 
| 582|0x0000000748c00000, 0x0000000748c00000, 0x0000000748e00000|  0%| F|  |TAMS 0x0000000748c00000, 0x0000000748c00000| Untracked 
| 583|0x0000000748e00000, 0x0000000748e00000, 0x0000000749000000|  0%| F|  |TAMS 0x0000000748e00000, 0x0000000748e00000| Untracked 
| 584|0x0000000749000000, 0x0000000749000000, 0x0000000749200000|  0%| F|  |TAMS 0x0000000749000000, 0x0000000749000000| Untracked 
| 585|0x0000000749200000, 0x0000000749200000, 0x0000000749400000|  0%| F|  |TAMS 0x0000000749200000, 0x0000000749200000| Untracked 
| 586|0x0000000749400000, 0x0000000749400000, 0x0000000749600000|  0%| F|  |TAMS 0x0000000749400000, 0x0000000749400000| Untracked 
| 587|0x0000000749600000, 0x0000000749600000, 0x0000000749800000|  0%| F|  |TAMS 0x0000000749600000, 0x0000000749600000| Untracked 
| 588|0x0000000749800000, 0x0000000749800000, 0x0000000749a00000|  0%| F|  |TAMS 0x0000000749800000, 0x0000000749800000| Untracked 
| 589|0x0000000749a00000, 0x0000000749a00000, 0x0000000749c00000|  0%| F|  |TAMS 0x0000000749a00000, 0x0000000749a00000| Untracked 
| 590|0x0000000749c00000, 0x0000000749c00000, 0x0000000749e00000|  0%| F|  |TAMS 0x0000000749c00000, 0x0000000749c00000| Untracked 
| 591|0x0000000749e00000, 0x0000000749e00000, 0x000000074a000000|  0%| F|  |TAMS 0x0000000749e00000, 0x0000000749e00000| Untracked 
| 592|0x000000074a000000, 0x000000074a000000, 0x000000074a200000|  0%| F|  |TAMS 0x000000074a000000, 0x000000074a000000| Untracked 
| 593|0x000000074a200000, 0x000000074a200000, 0x000000074a400000|  0%| F|  |TAMS 0x000000074a200000, 0x000000074a200000| Untracked 
| 594|0x000000074a400000, 0x000000074a400000, 0x000000074a600000|  0%| F|  |TAMS 0x000000074a400000, 0x000000074a400000| Untracked 
| 595|0x000000074a600000, 0x000000074a600000, 0x000000074a800000|  0%| F|  |TAMS 0x000000074a600000, 0x000000074a600000| Untracked 
| 596|0x000000074a800000, 0x000000074a800000, 0x000000074aa00000|  0%| F|  |TAMS 0x000000074a800000, 0x000000074a800000| Untracked 
| 597|0x000000074aa00000, 0x000000074aa00000, 0x000000074ac00000|  0%| F|  |TAMS 0x000000074aa00000, 0x000000074aa00000| Untracked 
| 598|0x000000074ac00000, 0x000000074ac00000, 0x000000074ae00000|  0%| F|  |TAMS 0x000000074ac00000, 0x000000074ac00000| Untracked 
| 599|0x000000074ae00000, 0x000000074ae00000, 0x000000074b000000|  0%| F|  |TAMS 0x000000074ae00000, 0x000000074ae00000| Untracked 
| 600|0x000000074b000000, 0x000000074b000000, 0x000000074b200000|  0%| F|  |TAMS 0x000000074b000000, 0x000000074b000000| Untracked 
| 601|0x000000074b200000, 0x000000074b200000, 0x000000074b400000|  0%| F|  |TAMS 0x000000074b200000, 0x000000074b200000| Untracked 
| 602|0x000000074b400000, 0x000000074b400000, 0x000000074b600000|  0%| F|  |TAMS 0x000000074b400000, 0x000000074b400000| Untracked 
| 603|0x000000074b600000, 0x000000074b600000, 0x000000074b800000|  0%| F|  |TAMS 0x000000074b600000, 0x000000074b600000| Untracked 
| 604|0x000000074b800000, 0x000000074b800000, 0x000000074ba00000|  0%| F|  |TAMS 0x000000074b800000, 0x000000074b800000| Untracked 
| 605|0x000000074ba00000, 0x000000074ba00000, 0x000000074bc00000|  0%| F|  |TAMS 0x000000074ba00000, 0x000000074ba00000| Untracked 
| 606|0x000000074bc00000, 0x000000074bc00000, 0x000000074be00000|  0%| F|  |TAMS 0x000000074bc00000, 0x000000074bc00000| Untracked 
| 607|0x000000074be00000, 0x000000074be00000, 0x000000074c000000|  0%| F|  |TAMS 0x000000074be00000, 0x000000074be00000| Untracked 
| 608|0x000000074c000000, 0x000000074c000000, 0x000000074c200000|  0%| F|  |TAMS 0x000000074c000000, 0x000000074c000000| Untracked 
| 609|0x000000074c200000, 0x000000074c200000, 0x000000074c400000|  0%| F|  |TAMS 0x000000074c200000, 0x000000074c200000| Untracked 
| 610|0x000000074c400000, 0x000000074c400000, 0x000000074c600000|  0%| F|  |TAMS 0x000000074c400000, 0x000000074c400000| Untracked 
| 611|0x000000074c600000, 0x000000074c600000, 0x000000074c800000|  0%| F|  |TAMS 0x000000074c600000, 0x000000074c600000| Untracked 
| 612|0x000000074c800000, 0x000000074c800000, 0x000000074ca00000|  0%| F|  |TAMS 0x000000074c800000, 0x000000074c800000| Untracked 
| 613|0x000000074ca00000, 0x000000074ca00000, 0x000000074cc00000|  0%| F|  |TAMS 0x000000074ca00000, 0x000000074ca00000| Untracked 
| 614|0x000000074cc00000, 0x000000074cc00000, 0x000000074ce00000|  0%| F|  |TAMS 0x000000074cc00000, 0x000000074cc00000| Untracked 
| 615|0x000000074ce00000, 0x000000074ce00000, 0x000000074d000000|  0%| F|  |TAMS 0x000000074ce00000, 0x000000074ce00000| Untracked 
| 616|0x000000074d000000, 0x000000074d000000, 0x000000074d200000|  0%| F|  |TAMS 0x000000074d000000, 0x000000074d000000| Untracked 
| 617|0x000000074d200000, 0x000000074d200000, 0x000000074d400000|  0%| F|  |TAMS 0x000000074d200000, 0x000000074d200000| Untracked 
| 618|0x000000074d400000, 0x000000074d400000, 0x000000074d600000|  0%| F|  |TAMS 0x000000074d400000, 0x000000074d400000| Untracked 
| 619|0x000000074d600000, 0x000000074d600000, 0x000000074d800000|  0%| F|  |TAMS 0x000000074d600000, 0x000000074d600000| Untracked 
| 620|0x000000074d800000, 0x000000074d800000, 0x000000074da00000|  0%| F|  |TAMS 0x000000074d800000, 0x000000074d800000| Untracked 
| 621|0x000000074da00000, 0x000000074da00000, 0x000000074dc00000|  0%| F|  |TAMS 0x000000074da00000, 0x000000074da00000| Untracked 
| 622|0x000000074dc00000, 0x000000074dc00000, 0x000000074de00000|  0%| F|  |TAMS 0x000000074dc00000, 0x000000074dc00000| Untracked 
| 623|0x000000074de00000, 0x000000074de00000, 0x000000074e000000|  0%| F|  |TAMS 0x000000074de00000, 0x000000074de00000| Untracked 
| 624|0x000000074e000000, 0x000000074e000000, 0x000000074e200000|  0%| F|  |TAMS 0x000000074e000000, 0x000000074e000000| Untracked 
| 625|0x000000074e200000, 0x000000074e200000, 0x000000074e400000|  0%| F|  |TAMS 0x000000074e200000, 0x000000074e200000| Untracked 
| 626|0x000000074e400000, 0x000000074e400000, 0x000000074e600000|  0%| F|  |TAMS 0x000000074e400000, 0x000000074e400000| Untracked 
| 627|0x000000074e600000, 0x000000074e600000, 0x000000074e800000|  0%| F|  |TAMS 0x000000074e600000, 0x000000074e600000| Untracked 
| 628|0x000000074e800000, 0x000000074e800000, 0x000000074ea00000|  0%| F|  |TAMS 0x000000074e800000, 0x000000074e800000| Untracked 
| 629|0x000000074ea00000, 0x000000074ea00000, 0x000000074ec00000|  0%| F|  |TAMS 0x000000074ea00000, 0x000000074ea00000| Untracked 
| 630|0x000000074ec00000, 0x000000074ec00000, 0x000000074ee00000|  0%| F|  |TAMS 0x000000074ec00000, 0x000000074ec00000| Untracked 
| 631|0x000000074ee00000, 0x000000074ee00000, 0x000000074f000000|  0%| F|  |TAMS 0x000000074ee00000, 0x000000074ee00000| Untracked 
| 632|0x000000074f000000, 0x000000074f000000, 0x000000074f200000|  0%| F|  |TAMS 0x000000074f000000, 0x000000074f000000| Untracked 
| 633|0x000000074f200000, 0x000000074f200000, 0x000000074f400000|  0%| F|  |TAMS 0x000000074f200000, 0x000000074f200000| Untracked 
| 634|0x000000074f400000, 0x000000074f400000, 0x000000074f600000|  0%| F|  |TAMS 0x000000074f400000, 0x000000074f400000| Untracked 
| 635|0x000000074f600000, 0x000000074f600000, 0x000000074f800000|  0%| F|  |TAMS 0x000000074f600000, 0x000000074f600000| Untracked 
| 636|0x000000074f800000, 0x000000074f800000, 0x000000074fa00000|  0%| F|  |TAMS 0x000000074f800000, 0x000000074f800000| Untracked 
| 637|0x000000074fa00000, 0x000000074fa00000, 0x000000074fc00000|  0%| F|  |TAMS 0x000000074fa00000, 0x000000074fa00000| Untracked 
| 638|0x000000074fc00000, 0x000000074fc00000, 0x000000074fe00000|  0%| F|  |TAMS 0x000000074fc00000, 0x000000074fc00000| Untracked 
| 639|0x000000074fe00000, 0x000000074fe00000, 0x0000000750000000|  0%| F|  |TAMS 0x000000074fe00000, 0x000000074fe00000| Untracked 
| 640|0x0000000750000000, 0x0000000750000000, 0x0000000750200000|  0%| F|  |TAMS 0x0000000750000000, 0x0000000750000000| Untracked 
| 641|0x0000000750200000, 0x0000000750200000, 0x0000000750400000|  0%| F|  |TAMS 0x0000000750200000, 0x0000000750200000| Untracked 
| 642|0x0000000750400000, 0x0000000750400000, 0x0000000750600000|  0%| F|  |TAMS 0x0000000750400000, 0x0000000750400000| Untracked 
| 643|0x0000000750600000, 0x0000000750600000, 0x0000000750800000|  0%| F|  |TAMS 0x0000000750600000, 0x0000000750600000| Untracked 
| 644|0x0000000750800000, 0x0000000750800000, 0x0000000750a00000|  0%| F|  |TAMS 0x0000000750800000, 0x0000000750800000| Untracked 
| 645|0x0000000750a00000, 0x0000000750a00000, 0x0000000750c00000|  0%| F|  |TAMS 0x0000000750a00000, 0x0000000750a00000| Untracked 
| 646|0x0000000750c00000, 0x0000000750c00000, 0x0000000750e00000|  0%| F|  |TAMS 0x0000000750c00000, 0x0000000750c00000| Untracked 
| 647|0x0000000750e00000, 0x0000000750e00000, 0x0000000751000000|  0%| F|  |TAMS 0x0000000750e00000, 0x0000000750e00000| Untracked 
| 648|0x0000000751000000, 0x0000000751000000, 0x0000000751200000|  0%| F|  |TAMS 0x0000000751000000, 0x0000000751000000| Untracked 
| 649|0x0000000751200000, 0x0000000751200000, 0x0000000751400000|  0%| F|  |TAMS 0x0000000751200000, 0x0000000751200000| Untracked 
| 650|0x0000000751400000, 0x0000000751400000, 0x0000000751600000|  0%| F|  |TAMS 0x0000000751400000, 0x0000000751400000| Untracked 
| 651|0x0000000751600000, 0x0000000751600000, 0x0000000751800000|  0%| F|  |TAMS 0x0000000751600000, 0x0000000751600000| Untracked 
| 652|0x0000000751800000, 0x0000000751800000, 0x0000000751a00000|  0%| F|  |TAMS 0x0000000751800000, 0x0000000751800000| Untracked 
| 653|0x0000000751a00000, 0x0000000751a00000, 0x0000000751c00000|  0%| F|  |TAMS 0x0000000751a00000, 0x0000000751a00000| Untracked 
| 654|0x0000000751c00000, 0x0000000751c00000, 0x0000000751e00000|  0%| F|  |TAMS 0x0000000751c00000, 0x0000000751c00000| Untracked 
| 655|0x0000000751e00000, 0x0000000751e00000, 0x0000000752000000|  0%| F|  |TAMS 0x0000000751e00000, 0x0000000751e00000| Untracked 
| 656|0x0000000752000000, 0x0000000752000000, 0x0000000752200000|  0%| F|  |TAMS 0x0000000752000000, 0x0000000752000000| Untracked 
| 657|0x0000000752200000, 0x0000000752200000, 0x0000000752400000|  0%| F|  |TAMS 0x0000000752200000, 0x0000000752200000| Untracked 
| 658|0x0000000752400000, 0x0000000752400000, 0x0000000752600000|  0%| F|  |TAMS 0x0000000752400000, 0x0000000752400000| Untracked 
| 659|0x0000000752600000, 0x0000000752600000, 0x0000000752800000|  0%| F|  |TAMS 0x0000000752600000, 0x0000000752600000| Untracked 
| 660|0x0000000752800000, 0x0000000752800000, 0x0000000752a00000|  0%| F|  |TAMS 0x0000000752800000, 0x0000000752800000| Untracked 
| 661|0x0000000752a00000, 0x0000000752a00000, 0x0000000752c00000|  0%| F|  |TAMS 0x0000000752a00000, 0x0000000752a00000| Untracked 
| 662|0x0000000752c00000, 0x0000000752c00000, 0x0000000752e00000|  0%| F|  |TAMS 0x0000000752c00000, 0x0000000752c00000| Untracked 
| 663|0x0000000752e00000, 0x0000000752e00000, 0x0000000753000000|  0%| F|  |TAMS 0x0000000752e00000, 0x0000000752e00000| Untracked 
| 664|0x0000000753000000, 0x0000000753000000, 0x0000000753200000|  0%| F|  |TAMS 0x0000000753000000, 0x0000000753000000| Untracked 
| 665|0x0000000753200000, 0x0000000753200000, 0x0000000753400000|  0%| F|  |TAMS 0x0000000753200000, 0x0000000753200000| Untracked 
| 666|0x0000000753400000, 0x0000000753400000, 0x0000000753600000|  0%| F|  |TAMS 0x0000000753400000, 0x0000000753400000| Untracked 
| 667|0x0000000753600000, 0x0000000753600000, 0x0000000753800000|  0%| F|  |TAMS 0x0000000753600000, 0x0000000753600000| Untracked 
| 668|0x0000000753800000, 0x0000000753800000, 0x0000000753a00000|  0%| F|  |TAMS 0x0000000753800000, 0x0000000753800000| Untracked 
| 669|0x0000000753a00000, 0x0000000753a00000, 0x0000000753c00000|  0%| F|  |TAMS 0x0000000753a00000, 0x0000000753a00000| Untracked 
| 670|0x0000000753c00000, 0x0000000753c00000, 0x0000000753e00000|  0%| F|  |TAMS 0x0000000753c00000, 0x0000000753c00000| Untracked 
| 671|0x0000000753e00000, 0x0000000753e00000, 0x0000000754000000|  0%| F|  |TAMS 0x0000000753e00000, 0x0000000753e00000| Untracked 
| 672|0x0000000754000000, 0x0000000754000000, 0x0000000754200000|  0%| F|  |TAMS 0x0000000754000000, 0x0000000754000000| Untracked 
| 673|0x0000000754200000, 0x0000000754200000, 0x0000000754400000|  0%| F|  |TAMS 0x0000000754200000, 0x0000000754200000| Untracked 
| 674|0x0000000754400000, 0x0000000754400000, 0x0000000754600000|  0%| F|  |TAMS 0x0000000754400000, 0x0000000754400000| Untracked 
| 675|0x0000000754600000, 0x0000000754600000, 0x0000000754800000|  0%| F|  |TAMS 0x0000000754600000, 0x0000000754600000| Untracked 
| 676|0x0000000754800000, 0x0000000754800000, 0x0000000754a00000|  0%| F|  |TAMS 0x0000000754800000, 0x0000000754800000| Untracked 
| 677|0x0000000754a00000, 0x0000000754a00000, 0x0000000754c00000|  0%| F|  |TAMS 0x0000000754a00000, 0x0000000754a00000| Untracked 
| 678|0x0000000754c00000, 0x0000000754c00000, 0x0000000754e00000|  0%| F|  |TAMS 0x0000000754c00000, 0x0000000754c00000| Untracked 
| 679|0x0000000754e00000, 0x0000000754e00000, 0x0000000755000000|  0%| F|  |TAMS 0x0000000754e00000, 0x0000000754e00000| Untracked 
| 680|0x0000000755000000, 0x0000000755000000, 0x0000000755200000|  0%| F|  |TAMS 0x0000000755000000, 0x0000000755000000| Untracked 
| 681|0x0000000755200000, 0x0000000755200000, 0x0000000755400000|  0%| F|  |TAMS 0x0000000755200000, 0x0000000755200000| Untracked 
| 682|0x0000000755400000, 0x0000000755400000, 0x0000000755600000|  0%| F|  |TAMS 0x0000000755400000, 0x0000000755400000| Untracked 
| 683|0x0000000755600000, 0x0000000755600000, 0x0000000755800000|  0%| F|  |TAMS 0x0000000755600000, 0x0000000755600000| Untracked 
| 684|0x0000000755800000, 0x0000000755800000, 0x0000000755a00000|  0%| F|  |TAMS 0x0000000755800000, 0x0000000755800000| Untracked 
| 685|0x0000000755a00000, 0x0000000755a00000, 0x0000000755c00000|  0%| F|  |TAMS 0x0000000755a00000, 0x0000000755a00000| Untracked 
| 686|0x0000000755c00000, 0x0000000755c00000, 0x0000000755e00000|  0%| F|  |TAMS 0x0000000755c00000, 0x0000000755c00000| Untracked 
| 687|0x0000000755e00000, 0x0000000755e00000, 0x0000000756000000|  0%| F|  |TAMS 0x0000000755e00000, 0x0000000755e00000| Untracked 
| 688|0x0000000756000000, 0x0000000756000000, 0x0000000756200000|  0%| F|  |TAMS 0x0000000756000000, 0x0000000756000000| Untracked 
| 689|0x0000000756200000, 0x0000000756200000, 0x0000000756400000|  0%| F|  |TAMS 0x0000000756200000, 0x0000000756200000| Untracked 
| 690|0x0000000756400000, 0x0000000756400000, 0x0000000756600000|  0%| F|  |TAMS 0x0000000756400000, 0x0000000756400000| Untracked 
| 691|0x0000000756600000, 0x0000000756600000, 0x0000000756800000|  0%| F|  |TAMS 0x0000000756600000, 0x0000000756600000| Untracked 
| 692|0x0000000756800000, 0x0000000756800000, 0x0000000756a00000|  0%| F|  |TAMS 0x0000000756800000, 0x0000000756800000| Untracked 
| 693|0x0000000756a00000, 0x0000000756a00000, 0x0000000756c00000|  0%| F|  |TAMS 0x0000000756a00000, 0x0000000756a00000| Untracked 
| 694|0x0000000756c00000, 0x0000000756c00000, 0x0000000756e00000|  0%| F|  |TAMS 0x0000000756c00000, 0x0000000756c00000| Untracked 
| 695|0x0000000756e00000, 0x0000000756e00000, 0x0000000757000000|  0%| F|  |TAMS 0x0000000756e00000, 0x0000000756e00000| Untracked 
| 696|0x0000000757000000, 0x0000000757000000, 0x0000000757200000|  0%| F|  |TAMS 0x0000000757000000, 0x0000000757000000| Untracked 
| 697|0x0000000757200000, 0x0000000757200000, 0x0000000757400000|  0%| F|  |TAMS 0x0000000757200000, 0x0000000757200000| Untracked 
| 698|0x0000000757400000, 0x0000000757400000, 0x0000000757600000|  0%| F|  |TAMS 0x0000000757400000, 0x0000000757400000| Untracked 
| 699|0x0000000757600000, 0x0000000757600000, 0x0000000757800000|  0%| F|  |TAMS 0x0000000757600000, 0x0000000757600000| Untracked 
| 700|0x0000000757800000, 0x0000000757800000, 0x0000000757a00000|  0%| F|  |TAMS 0x0000000757800000, 0x0000000757800000| Untracked 
| 701|0x0000000757a00000, 0x0000000757a00000, 0x0000000757c00000|  0%| F|  |TAMS 0x0000000757a00000, 0x0000000757a00000| Untracked 
| 702|0x0000000757c00000, 0x0000000757c00000, 0x0000000757e00000|  0%| F|  |TAMS 0x0000000757c00000, 0x0000000757c00000| Untracked 
| 703|0x0000000757e00000, 0x0000000757e00000, 0x0000000758000000|  0%| F|  |TAMS 0x0000000757e00000, 0x0000000757e00000| Untracked 
| 704|0x0000000758000000, 0x0000000758000000, 0x0000000758200000|  0%| F|  |TAMS 0x0000000758000000, 0x0000000758000000| Untracked 
| 705|0x0000000758200000, 0x0000000758200000, 0x0000000758400000|  0%| F|  |TAMS 0x0000000758200000, 0x0000000758200000| Untracked 
| 706|0x0000000758400000, 0x0000000758400000, 0x0000000758600000|  0%| F|  |TAMS 0x0000000758400000, 0x0000000758400000| Untracked 
| 707|0x0000000758600000, 0x0000000758600000, 0x0000000758800000|  0%| F|  |TAMS 0x0000000758600000, 0x0000000758600000| Untracked 
| 708|0x0000000758800000, 0x0000000758800000, 0x0000000758a00000|  0%| F|  |TAMS 0x0000000758800000, 0x0000000758800000| Untracked 
| 709|0x0000000758a00000, 0x0000000758a00000, 0x0000000758c00000|  0%| F|  |TAMS 0x0000000758a00000, 0x0000000758a00000| Untracked 
| 710|0x0000000758c00000, 0x0000000758c00000, 0x0000000758e00000|  0%| F|  |TAMS 0x0000000758c00000, 0x0000000758c00000| Untracked 
| 711|0x0000000758e00000, 0x0000000758e00000, 0x0000000759000000|  0%| F|  |TAMS 0x0000000758e00000, 0x0000000758e00000| Untracked 
| 712|0x0000000759000000, 0x0000000759000000, 0x0000000759200000|  0%| F|  |TAMS 0x0000000759000000, 0x0000000759000000| Untracked 
| 713|0x0000000759200000, 0x0000000759200000, 0x0000000759400000|  0%| F|  |TAMS 0x0000000759200000, 0x0000000759200000| Untracked 
| 714|0x0000000759400000, 0x0000000759400000, 0x0000000759600000|  0%| F|  |TAMS 0x0000000759400000, 0x0000000759400000| Untracked 
| 715|0x0000000759600000, 0x0000000759600000, 0x0000000759800000|  0%| F|  |TAMS 0x0000000759600000, 0x0000000759600000| Untracked 
| 716|0x0000000759800000, 0x0000000759800000, 0x0000000759a00000|  0%| F|  |TAMS 0x0000000759800000, 0x0000000759800000| Untracked 
| 717|0x0000000759a00000, 0x0000000759a00000, 0x0000000759c00000|  0%| F|  |TAMS 0x0000000759a00000, 0x0000000759a00000| Untracked 
| 718|0x0000000759c00000, 0x0000000759c00000, 0x0000000759e00000|  0%| F|  |TAMS 0x0000000759c00000, 0x0000000759c00000| Untracked 
| 719|0x0000000759e00000, 0x0000000759e00000, 0x000000075a000000|  0%| F|  |TAMS 0x0000000759e00000, 0x0000000759e00000| Untracked 
| 720|0x000000075a000000, 0x000000075a000000, 0x000000075a200000|  0%| F|  |TAMS 0x000000075a000000, 0x000000075a000000| Untracked 
| 721|0x000000075a200000, 0x000000075a200000, 0x000000075a400000|  0%| F|  |TAMS 0x000000075a200000, 0x000000075a200000| Untracked 
| 722|0x000000075a400000, 0x000000075a400000, 0x000000075a600000|  0%| F|  |TAMS 0x000000075a400000, 0x000000075a400000| Untracked 
| 723|0x000000075a600000, 0x000000075a600000, 0x000000075a800000|  0%| F|  |TAMS 0x000000075a600000, 0x000000075a600000| Untracked 
| 724|0x000000075a800000, 0x000000075a800000, 0x000000075aa00000|  0%| F|  |TAMS 0x000000075a800000, 0x000000075a800000| Untracked 
| 725|0x000000075aa00000, 0x000000075aa00000, 0x000000075ac00000|  0%| F|  |TAMS 0x000000075aa00000, 0x000000075aa00000| Untracked 
| 726|0x000000075ac00000, 0x000000075ac00000, 0x000000075ae00000|  0%| F|  |TAMS 0x000000075ac00000, 0x000000075ac00000| Untracked 
| 727|0x000000075ae00000, 0x000000075ae00000, 0x000000075b000000|  0%| F|  |TAMS 0x000000075ae00000, 0x000000075ae00000| Untracked 
| 728|0x000000075b000000, 0x000000075b000000, 0x000000075b200000|  0%| F|  |TAMS 0x000000075b000000, 0x000000075b000000| Untracked 
| 729|0x000000075b200000, 0x000000075b200000, 0x000000075b400000|  0%| F|  |TAMS 0x000000075b200000, 0x000000075b200000| Untracked 
| 730|0x000000075b400000, 0x000000075b400000, 0x000000075b600000|  0%| F|  |TAMS 0x000000075b400000, 0x000000075b400000| Untracked 
| 731|0x000000075b600000, 0x000000075b600000, 0x000000075b800000|  0%| F|  |TAMS 0x000000075b600000, 0x000000075b600000| Untracked 
| 732|0x000000075b800000, 0x000000075b800000, 0x000000075ba00000|  0%| F|  |TAMS 0x000000075b800000, 0x000000075b800000| Untracked 
| 733|0x000000075ba00000, 0x000000075ba00000, 0x000000075bc00000|  0%| F|  |TAMS 0x000000075ba00000, 0x000000075ba00000| Untracked 
| 734|0x000000075bc00000, 0x000000075bc00000, 0x000000075be00000|  0%| F|  |TAMS 0x000000075bc00000, 0x000000075bc00000| Untracked 
| 735|0x000000075be00000, 0x000000075be00000, 0x000000075c000000|  0%| F|  |TAMS 0x000000075be00000, 0x000000075be00000| Untracked 
| 736|0x000000075c000000, 0x000000075c000000, 0x000000075c200000|  0%| F|  |TAMS 0x000000075c000000, 0x000000075c000000| Untracked 
| 737|0x000000075c200000, 0x000000075c200000, 0x000000075c400000|  0%| F|  |TAMS 0x000000075c200000, 0x000000075c200000| Untracked 
| 738|0x000000075c400000, 0x000000075c400000, 0x000000075c600000|  0%| F|  |TAMS 0x000000075c400000, 0x000000075c400000| Untracked 
| 739|0x000000075c600000, 0x000000075c600000, 0x000000075c800000|  0%| F|  |TAMS 0x000000075c600000, 0x000000075c600000| Untracked 
| 740|0x000000075c800000, 0x000000075c800000, 0x000000075ca00000|  0%| F|  |TAMS 0x000000075c800000, 0x000000075c800000| Untracked 
| 741|0x000000075ca00000, 0x000000075ca00000, 0x000000075cc00000|  0%| F|  |TAMS 0x000000075ca00000, 0x000000075ca00000| Untracked 
| 742|0x000000075cc00000, 0x000000075cc00000, 0x000000075ce00000|  0%| F|  |TAMS 0x000000075cc00000, 0x000000075cc00000| Untracked 
| 743|0x000000075ce00000, 0x000000075ce00000, 0x000000075d000000|  0%| F|  |TAMS 0x000000075ce00000, 0x000000075ce00000| Untracked 
| 744|0x000000075d000000, 0x000000075d000000, 0x000000075d200000|  0%| F|  |TAMS 0x000000075d000000, 0x000000075d000000| Untracked 
| 745|0x000000075d200000, 0x000000075d200000, 0x000000075d400000|  0%| F|  |TAMS 0x000000075d200000, 0x000000075d200000| Untracked 
| 746|0x000000075d400000, 0x000000075d400000, 0x000000075d600000|  0%| F|  |TAMS 0x000000075d400000, 0x000000075d400000| Untracked 
| 747|0x000000075d600000, 0x000000075d600000, 0x000000075d800000|  0%| F|  |TAMS 0x000000075d600000, 0x000000075d600000| Untracked 
| 748|0x000000075d800000, 0x000000075d800000, 0x000000075da00000|  0%| F|  |TAMS 0x000000075d800000, 0x000000075d800000| Untracked 
| 749|0x000000075da00000, 0x000000075da00000, 0x000000075dc00000|  0%| F|  |TAMS 0x000000075da00000, 0x000000075da00000| Untracked 
| 750|0x000000075dc00000, 0x000000075dc00000, 0x000000075de00000|  0%| F|  |TAMS 0x000000075dc00000, 0x000000075dc00000| Untracked 
| 751|0x000000075de00000, 0x000000075de00000, 0x000000075e000000|  0%| F|  |TAMS 0x000000075de00000, 0x000000075de00000| Untracked 
| 752|0x000000075e000000, 0x000000075e000000, 0x000000075e200000|  0%| F|  |TAMS 0x000000075e000000, 0x000000075e000000| Untracked 
| 753|0x000000075e200000, 0x000000075e200000, 0x000000075e400000|  0%| F|  |TAMS 0x000000075e200000, 0x000000075e200000| Untracked 
| 754|0x000000075e400000, 0x000000075e400000, 0x000000075e600000|  0%| F|  |TAMS 0x000000075e400000, 0x000000075e400000| Untracked 
| 755|0x000000075e600000, 0x000000075e600000, 0x000000075e800000|  0%| F|  |TAMS 0x000000075e600000, 0x000000075e600000| Untracked 
| 756|0x000000075e800000, 0x000000075e800000, 0x000000075ea00000|  0%| F|  |TAMS 0x000000075e800000, 0x000000075e800000| Untracked 
| 757|0x000000075ea00000, 0x000000075ea00000, 0x000000075ec00000|  0%| F|  |TAMS 0x000000075ea00000, 0x000000075ea00000| Untracked 
| 758|0x000000075ec00000, 0x000000075ec00000, 0x000000075ee00000|  0%| F|  |TAMS 0x000000075ec00000, 0x000000075ec00000| Untracked 
| 759|0x000000075ee00000, 0x000000075ee00000, 0x000000075f000000|  0%| F|  |TAMS 0x000000075ee00000, 0x000000075ee00000| Untracked 
| 760|0x000000075f000000, 0x000000075f000000, 0x000000075f200000|  0%| F|  |TAMS 0x000000075f000000, 0x000000075f000000| Untracked 
| 761|0x000000075f200000, 0x000000075f200000, 0x000000075f400000|  0%| F|  |TAMS 0x000000075f200000, 0x000000075f200000| Untracked 
| 762|0x000000075f400000, 0x000000075f400000, 0x000000075f600000|  0%| F|  |TAMS 0x000000075f400000, 0x000000075f400000| Untracked 
| 763|0x000000075f600000, 0x000000075f600000, 0x000000075f800000|  0%| F|  |TAMS 0x000000075f600000, 0x000000075f600000| Untracked 
| 764|0x000000075f800000, 0x000000075f800000, 0x000000075fa00000|  0%| F|  |TAMS 0x000000075f800000, 0x000000075f800000| Untracked 
| 765|0x000000075fa00000, 0x000000075fa00000, 0x000000075fc00000|  0%| F|  |TAMS 0x000000075fa00000, 0x000000075fa00000| Untracked 
| 766|0x000000075fc00000, 0x000000075fc00000, 0x000000075fe00000|  0%| F|  |TAMS 0x000000075fc00000, 0x000000075fc00000| Untracked 
| 767|0x000000075fe00000, 0x000000075fe00000, 0x0000000760000000|  0%| F|  |TAMS 0x000000075fe00000, 0x000000075fe00000| Untracked 
| 768|0x0000000760000000, 0x0000000760000000, 0x0000000760200000|  0%| F|  |TAMS 0x0000000760000000, 0x0000000760000000| Untracked 
| 769|0x0000000760200000, 0x0000000760200000, 0x0000000760400000|  0%| F|  |TAMS 0x0000000760200000, 0x0000000760200000| Untracked 
| 770|0x0000000760400000, 0x0000000760400000, 0x0000000760600000|  0%| F|  |TAMS 0x0000000760400000, 0x0000000760400000| Untracked 
| 771|0x0000000760600000, 0x0000000760600000, 0x0000000760800000|  0%| F|  |TAMS 0x0000000760600000, 0x0000000760600000| Untracked 
| 772|0x0000000760800000, 0x0000000760800000, 0x0000000760a00000|  0%| F|  |TAMS 0x0000000760800000, 0x0000000760800000| Untracked 
| 773|0x0000000760a00000, 0x0000000760a00000, 0x0000000760c00000|  0%| F|  |TAMS 0x0000000760a00000, 0x0000000760a00000| Untracked 
| 774|0x0000000760c00000, 0x0000000760c00000, 0x0000000760e00000|  0%| F|  |TAMS 0x0000000760c00000, 0x0000000760c00000| Untracked 
| 775|0x0000000760e00000, 0x0000000760e00000, 0x0000000761000000|  0%| F|  |TAMS 0x0000000760e00000, 0x0000000760e00000| Untracked 
| 776|0x0000000761000000, 0x0000000761000000, 0x0000000761200000|  0%| F|  |TAMS 0x0000000761000000, 0x0000000761000000| Untracked 
| 777|0x0000000761200000, 0x0000000761200000, 0x0000000761400000|  0%| F|  |TAMS 0x0000000761200000, 0x0000000761200000| Untracked 
| 778|0x0000000761400000, 0x0000000761400000, 0x0000000761600000|  0%| F|  |TAMS 0x0000000761400000, 0x0000000761400000| Untracked 
| 779|0x0000000761600000, 0x0000000761600000, 0x0000000761800000|  0%| F|  |TAMS 0x0000000761600000, 0x0000000761600000| Untracked 
| 780|0x0000000761800000, 0x0000000761800000, 0x0000000761a00000|  0%| F|  |TAMS 0x0000000761800000, 0x0000000761800000| Untracked 
| 781|0x0000000761a00000, 0x0000000761a00000, 0x0000000761c00000|  0%| F|  |TAMS 0x0000000761a00000, 0x0000000761a00000| Untracked 
| 782|0x0000000761c00000, 0x0000000761c00000, 0x0000000761e00000|  0%| F|  |TAMS 0x0000000761c00000, 0x0000000761c00000| Untracked 
| 783|0x0000000761e00000, 0x0000000761e00000, 0x0000000762000000|  0%| F|  |TAMS 0x0000000761e00000, 0x0000000761e00000| Untracked 
| 784|0x0000000762000000, 0x0000000762000000, 0x0000000762200000|  0%| F|  |TAMS 0x0000000762000000, 0x0000000762000000| Untracked 
| 785|0x0000000762200000, 0x0000000762200000, 0x0000000762400000|  0%| F|  |TAMS 0x0000000762200000, 0x0000000762200000| Untracked 
| 786|0x0000000762400000, 0x0000000762400000, 0x0000000762600000|  0%| F|  |TAMS 0x0000000762400000, 0x0000000762400000| Untracked 
| 787|0x0000000762600000, 0x0000000762600000, 0x0000000762800000|  0%| F|  |TAMS 0x0000000762600000, 0x0000000762600000| Untracked 
| 788|0x0000000762800000, 0x0000000762800000, 0x0000000762a00000|  0%| F|  |TAMS 0x0000000762800000, 0x0000000762800000| Untracked 
| 789|0x0000000762a00000, 0x0000000762a00000, 0x0000000762c00000|  0%| F|  |TAMS 0x0000000762a00000, 0x0000000762a00000| Untracked 
| 790|0x0000000762c00000, 0x0000000762c00000, 0x0000000762e00000|  0%| F|  |TAMS 0x0000000762c00000, 0x0000000762c00000| Untracked 
| 791|0x0000000762e00000, 0x0000000762e00000, 0x0000000763000000|  0%| F|  |TAMS 0x0000000762e00000, 0x0000000762e00000| Untracked 
| 792|0x0000000763000000, 0x0000000763000000, 0x0000000763200000|  0%| F|  |TAMS 0x0000000763000000, 0x0000000763000000| Untracked 
| 793|0x0000000763200000, 0x0000000763200000, 0x0000000763400000|  0%| F|  |TAMS 0x0000000763200000, 0x0000000763200000| Untracked 
| 794|0x0000000763400000, 0x0000000763400000, 0x0000000763600000|  0%| F|  |TAMS 0x0000000763400000, 0x0000000763400000| Untracked 
| 795|0x0000000763600000, 0x0000000763600000, 0x0000000763800000|  0%| F|  |TAMS 0x0000000763600000, 0x0000000763600000| Untracked 
| 796|0x0000000763800000, 0x0000000763800000, 0x0000000763a00000|  0%| F|  |TAMS 0x0000000763800000, 0x0000000763800000| Untracked 
| 797|0x0000000763a00000, 0x0000000763a00000, 0x0000000763c00000|  0%| F|  |TAMS 0x0000000763a00000, 0x0000000763a00000| Untracked 
| 798|0x0000000763c00000, 0x0000000763c00000, 0x0000000763e00000|  0%| F|  |TAMS 0x0000000763c00000, 0x0000000763c00000| Untracked 
| 799|0x0000000763e00000, 0x0000000763e00000, 0x0000000764000000|  0%| F|  |TAMS 0x0000000763e00000, 0x0000000763e00000| Untracked 
| 800|0x0000000764000000, 0x0000000764000000, 0x0000000764200000|  0%| F|  |TAMS 0x0000000764000000, 0x0000000764000000| Untracked 
| 801|0x0000000764200000, 0x0000000764200000, 0x0000000764400000|  0%| F|  |TAMS 0x0000000764200000, 0x0000000764200000| Untracked 
| 802|0x0000000764400000, 0x0000000764400000, 0x0000000764600000|  0%| F|  |TAMS 0x0000000764400000, 0x0000000764400000| Untracked 
| 803|0x0000000764600000, 0x0000000764600000, 0x0000000764800000|  0%| F|  |TAMS 0x0000000764600000, 0x0000000764600000| Untracked 
| 804|0x0000000764800000, 0x0000000764800000, 0x0000000764a00000|  0%| F|  |TAMS 0x0000000764800000, 0x0000000764800000| Untracked 
| 805|0x0000000764a00000, 0x0000000764a00000, 0x0000000764c00000|  0%| F|  |TAMS 0x0000000764a00000, 0x0000000764a00000| Untracked 
| 806|0x0000000764c00000, 0x0000000764c00000, 0x0000000764e00000|  0%| F|  |TAMS 0x0000000764c00000, 0x0000000764c00000| Untracked 
| 807|0x0000000764e00000, 0x0000000764e00000, 0x0000000765000000|  0%| F|  |TAMS 0x0000000764e00000, 0x0000000764e00000| Untracked 
| 808|0x0000000765000000, 0x0000000765000000, 0x0000000765200000|  0%| F|  |TAMS 0x0000000765000000, 0x0000000765000000| Untracked 
| 809|0x0000000765200000, 0x0000000765200000, 0x0000000765400000|  0%| F|  |TAMS 0x0000000765200000, 0x0000000765200000| Untracked 
| 810|0x0000000765400000, 0x0000000765400000, 0x0000000765600000|  0%| F|  |TAMS 0x0000000765400000, 0x0000000765400000| Untracked 
| 811|0x0000000765600000, 0x0000000765600000, 0x0000000765800000|  0%| F|  |TAMS 0x0000000765600000, 0x0000000765600000| Untracked 
| 812|0x0000000765800000, 0x0000000765800000, 0x0000000765a00000|  0%| F|  |TAMS 0x0000000765800000, 0x0000000765800000| Untracked 
| 813|0x0000000765a00000, 0x0000000765a00000, 0x0000000765c00000|  0%| F|  |TAMS 0x0000000765a00000, 0x0000000765a00000| Untracked 
| 814|0x0000000765c00000, 0x0000000765c00000, 0x0000000765e00000|  0%| F|  |TAMS 0x0000000765c00000, 0x0000000765c00000| Untracked 
| 815|0x0000000765e00000, 0x0000000765e00000, 0x0000000766000000|  0%| F|  |TAMS 0x0000000765e00000, 0x0000000765e00000| Untracked 
| 816|0x0000000766000000, 0x0000000766000000, 0x0000000766200000|  0%| F|  |TAMS 0x0000000766000000, 0x0000000766000000| Untracked 
| 817|0x0000000766200000, 0x0000000766200000, 0x0000000766400000|  0%| F|  |TAMS 0x0000000766200000, 0x0000000766200000| Untracked 
| 818|0x0000000766400000, 0x0000000766400000, 0x0000000766600000|  0%| F|  |TAMS 0x0000000766400000, 0x0000000766400000| Untracked 
| 819|0x0000000766600000, 0x0000000766600000, 0x0000000766800000|  0%| F|  |TAMS 0x0000000766600000, 0x0000000766600000| Untracked 
| 820|0x0000000766800000, 0x0000000766800000, 0x0000000766a00000|  0%| F|  |TAMS 0x0000000766800000, 0x0000000766800000| Untracked 
| 821|0x0000000766a00000, 0x0000000766a00000, 0x0000000766c00000|  0%| F|  |TAMS 0x0000000766a00000, 0x0000000766a00000| Untracked 
| 822|0x0000000766c00000, 0x0000000766c00000, 0x0000000766e00000|  0%| F|  |TAMS 0x0000000766c00000, 0x0000000766c00000| Untracked 
| 823|0x0000000766e00000, 0x0000000766e00000, 0x0000000767000000|  0%| F|  |TAMS 0x0000000766e00000, 0x0000000766e00000| Untracked 
| 824|0x0000000767000000, 0x0000000767000000, 0x0000000767200000|  0%| F|  |TAMS 0x0000000767000000, 0x0000000767000000| Untracked 
| 825|0x0000000767200000, 0x0000000767200000, 0x0000000767400000|  0%| F|  |TAMS 0x0000000767200000, 0x0000000767200000| Untracked 
| 826|0x0000000767400000, 0x0000000767400000, 0x0000000767600000|  0%| F|  |TAMS 0x0000000767400000, 0x0000000767400000| Untracked 
| 827|0x0000000767600000, 0x0000000767600000, 0x0000000767800000|  0%| F|  |TAMS 0x0000000767600000, 0x0000000767600000| Untracked 
| 828|0x0000000767800000, 0x0000000767800000, 0x0000000767a00000|  0%| F|  |TAMS 0x0000000767800000, 0x0000000767800000| Untracked 
| 829|0x0000000767a00000, 0x0000000767a00000, 0x0000000767c00000|  0%| F|  |TAMS 0x0000000767a00000, 0x0000000767a00000| Untracked 
| 830|0x0000000767c00000, 0x0000000767c00000, 0x0000000767e00000|  0%| F|  |TAMS 0x0000000767c00000, 0x0000000767c00000| Untracked 
| 831|0x0000000767e00000, 0x0000000767e00000, 0x0000000768000000|  0%| F|  |TAMS 0x0000000767e00000, 0x0000000767e00000| Untracked 
| 832|0x0000000768000000, 0x0000000768000000, 0x0000000768200000|  0%| F|  |TAMS 0x0000000768000000, 0x0000000768000000| Untracked 
| 833|0x0000000768200000, 0x0000000768200000, 0x0000000768400000|  0%| F|  |TAMS 0x0000000768200000, 0x0000000768200000| Untracked 
| 834|0x0000000768400000, 0x0000000768400000, 0x0000000768600000|  0%| F|  |TAMS 0x0000000768400000, 0x0000000768400000| Untracked 
| 835|0x0000000768600000, 0x0000000768600000, 0x0000000768800000|  0%| F|  |TAMS 0x0000000768600000, 0x0000000768600000| Untracked 
| 836|0x0000000768800000, 0x0000000768800000, 0x0000000768a00000|  0%| F|  |TAMS 0x0000000768800000, 0x0000000768800000| Untracked 
| 837|0x0000000768a00000, 0x0000000768a00000, 0x0000000768c00000|  0%| F|  |TAMS 0x0000000768a00000, 0x0000000768a00000| Untracked 
| 838|0x0000000768c00000, 0x0000000768c00000, 0x0000000768e00000|  0%| F|  |TAMS 0x0000000768c00000, 0x0000000768c00000| Untracked 
| 839|0x0000000768e00000, 0x0000000768e00000, 0x0000000769000000|  0%| F|  |TAMS 0x0000000768e00000, 0x0000000768e00000| Untracked 
| 840|0x0000000769000000, 0x0000000769000000, 0x0000000769200000|  0%| F|  |TAMS 0x0000000769000000, 0x0000000769000000| Untracked 
| 841|0x0000000769200000, 0x0000000769200000, 0x0000000769400000|  0%| F|  |TAMS 0x0000000769200000, 0x0000000769200000| Untracked 
| 842|0x0000000769400000, 0x0000000769400000, 0x0000000769600000|  0%| F|  |TAMS 0x0000000769400000, 0x0000000769400000| Untracked 
| 843|0x0000000769600000, 0x0000000769600000, 0x0000000769800000|  0%| F|  |TAMS 0x0000000769600000, 0x0000000769600000| Untracked 
| 844|0x0000000769800000, 0x0000000769800000, 0x0000000769a00000|  0%| F|  |TAMS 0x0000000769800000, 0x0000000769800000| Untracked 
| 845|0x0000000769a00000, 0x0000000769a00000, 0x0000000769c00000|  0%| F|  |TAMS 0x0000000769a00000, 0x0000000769a00000| Untracked 
| 846|0x0000000769c00000, 0x0000000769c00000, 0x0000000769e00000|  0%| F|  |TAMS 0x0000000769c00000, 0x0000000769c00000| Untracked 
| 847|0x0000000769e00000, 0x0000000769e00000, 0x000000076a000000|  0%| F|  |TAMS 0x0000000769e00000, 0x0000000769e00000| Untracked 
| 848|0x000000076a000000, 0x000000076a000000, 0x000000076a200000|  0%| F|  |TAMS 0x000000076a000000, 0x000000076a000000| Untracked 
| 849|0x000000076a200000, 0x000000076a200000, 0x000000076a400000|  0%| F|  |TAMS 0x000000076a200000, 0x000000076a200000| Untracked 
| 850|0x000000076a400000, 0x000000076a400000, 0x000000076a600000|  0%| F|  |TAMS 0x000000076a400000, 0x000000076a400000| Untracked 
| 851|0x000000076a600000, 0x000000076a600000, 0x000000076a800000|  0%| F|  |TAMS 0x000000076a600000, 0x000000076a600000| Untracked 
| 852|0x000000076a800000, 0x000000076a800000, 0x000000076aa00000|  0%| F|  |TAMS 0x000000076a800000, 0x000000076a800000| Untracked 
| 853|0x000000076aa00000, 0x000000076aa00000, 0x000000076ac00000|  0%| F|  |TAMS 0x000000076aa00000, 0x000000076aa00000| Untracked 
| 854|0x000000076ac00000, 0x000000076ac00000, 0x000000076ae00000|  0%| F|  |TAMS 0x000000076ac00000, 0x000000076ac00000| Untracked 
| 855|0x000000076ae00000, 0x000000076ae00000, 0x000000076b000000|  0%| F|  |TAMS 0x000000076ae00000, 0x000000076ae00000| Untracked 
| 856|0x000000076b000000, 0x000000076b000000, 0x000000076b200000|  0%| F|  |TAMS 0x000000076b000000, 0x000000076b000000| Untracked 
| 857|0x000000076b200000, 0x000000076b200000, 0x000000076b400000|  0%| F|  |TAMS 0x000000076b200000, 0x000000076b200000| Untracked 
| 858|0x000000076b400000, 0x000000076b400000, 0x000000076b600000|  0%| F|  |TAMS 0x000000076b400000, 0x000000076b400000| Untracked 
| 859|0x000000076b600000, 0x000000076b600000, 0x000000076b800000|  0%| F|  |TAMS 0x000000076b600000, 0x000000076b600000| Untracked 
| 860|0x000000076b800000, 0x000000076b800000, 0x000000076ba00000|  0%| F|  |TAMS 0x000000076b800000, 0x000000076b800000| Untracked 
| 861|0x000000076ba00000, 0x000000076ba00000, 0x000000076bc00000|  0%| F|  |TAMS 0x000000076ba00000, 0x000000076ba00000| Untracked 
| 862|0x000000076bc00000, 0x000000076bc00000, 0x000000076be00000|  0%| F|  |TAMS 0x000000076bc00000, 0x000000076bc00000| Untracked 
| 863|0x000000076be00000, 0x000000076be00000, 0x000000076c000000|  0%| F|  |TAMS 0x000000076be00000, 0x000000076be00000| Untracked 
| 864|0x000000076c000000, 0x000000076c000000, 0x000000076c200000|  0%| F|  |TAMS 0x000000076c000000, 0x000000076c000000| Untracked 
| 865|0x000000076c200000, 0x000000076c200000, 0x000000076c400000|  0%| F|  |TAMS 0x000000076c200000, 0x000000076c200000| Untracked 
| 866|0x000000076c400000, 0x000000076c400000, 0x000000076c600000|  0%| F|  |TAMS 0x000000076c400000, 0x000000076c400000| Untracked 
| 867|0x000000076c600000, 0x000000076c600000, 0x000000076c800000|  0%| F|  |TAMS 0x000000076c600000, 0x000000076c600000| Untracked 
| 868|0x000000076c800000, 0x000000076c800000, 0x000000076ca00000|  0%| F|  |TAMS 0x000000076c800000, 0x000000076c800000| Untracked 
| 869|0x000000076ca00000, 0x000000076ca00000, 0x000000076cc00000|  0%| F|  |TAMS 0x000000076ca00000, 0x000000076ca00000| Untracked 
| 870|0x000000076cc00000, 0x000000076cc00000, 0x000000076ce00000|  0%| F|  |TAMS 0x000000076cc00000, 0x000000076cc00000| Untracked 
| 871|0x000000076ce00000, 0x000000076ce00000, 0x000000076d000000|  0%| F|  |TAMS 0x000000076ce00000, 0x000000076ce00000| Untracked 
| 872|0x000000076d000000, 0x000000076d000000, 0x000000076d200000|  0%| F|  |TAMS 0x000000076d000000, 0x000000076d000000| Untracked 
| 873|0x000000076d200000, 0x000000076d200000, 0x000000076d400000|  0%| F|  |TAMS 0x000000076d200000, 0x000000076d200000| Untracked 
| 874|0x000000076d400000, 0x000000076d400000, 0x000000076d600000|  0%| F|  |TAMS 0x000000076d400000, 0x000000076d400000| Untracked 
| 875|0x000000076d600000, 0x000000076d600000, 0x000000076d800000|  0%| F|  |TAMS 0x000000076d600000, 0x000000076d600000| Untracked 
| 876|0x000000076d800000, 0x000000076d800000, 0x000000076da00000|  0%| F|  |TAMS 0x000000076d800000, 0x000000076d800000| Untracked 
| 877|0x000000076da00000, 0x000000076da00000, 0x000000076dc00000|  0%| F|  |TAMS 0x000000076da00000, 0x000000076da00000| Untracked 
| 878|0x000000076dc00000, 0x000000076dc00000, 0x000000076de00000|  0%| F|  |TAMS 0x000000076dc00000, 0x000000076dc00000| Untracked 
| 879|0x000000076de00000, 0x000000076de00000, 0x000000076e000000|  0%| F|  |TAMS 0x000000076de00000, 0x000000076de00000| Untracked 
| 880|0x000000076e000000, 0x000000076e000000, 0x000000076e200000|  0%| F|  |TAMS 0x000000076e000000, 0x000000076e000000| Untracked 
| 881|0x000000076e200000, 0x000000076e200000, 0x000000076e400000|  0%| F|  |TAMS 0x000000076e200000, 0x000000076e200000| Untracked 
| 882|0x000000076e400000, 0x000000076e400000, 0x000000076e600000|  0%| F|  |TAMS 0x000000076e400000, 0x000000076e400000| Untracked 
| 883|0x000000076e600000, 0x000000076e600000, 0x000000076e800000|  0%| F|  |TAMS 0x000000076e600000, 0x000000076e600000| Untracked 
| 884|0x000000076e800000, 0x000000076e800000, 0x000000076ea00000|  0%| F|  |TAMS 0x000000076e800000, 0x000000076e800000| Untracked 
| 885|0x000000076ea00000, 0x000000076ea00000, 0x000000076ec00000|  0%| F|  |TAMS 0x000000076ea00000, 0x000000076ea00000| Untracked 
| 886|0x000000076ec00000, 0x000000076ec00000, 0x000000076ee00000|  0%| F|  |TAMS 0x000000076ec00000, 0x000000076ec00000| Untracked 
| 887|0x000000076ee00000, 0x000000076ee00000, 0x000000076f000000|  0%| F|  |TAMS 0x000000076ee00000, 0x000000076ee00000| Untracked 
| 888|0x000000076f000000, 0x000000076f000000, 0x000000076f200000|  0%| F|  |TAMS 0x000000076f000000, 0x000000076f000000| Untracked 
| 889|0x000000076f200000, 0x000000076f200000, 0x000000076f400000|  0%| F|  |TAMS 0x000000076f200000, 0x000000076f200000| Untracked 
| 890|0x000000076f400000, 0x000000076f400000, 0x000000076f600000|  0%| F|  |TAMS 0x000000076f400000, 0x000000076f400000| Untracked 
| 891|0x000000076f600000, 0x000000076f600000, 0x000000076f800000|  0%| F|  |TAMS 0x000000076f600000, 0x000000076f600000| Untracked 
| 892|0x000000076f800000, 0x000000076f800000, 0x000000076fa00000|  0%| F|  |TAMS 0x000000076f800000, 0x000000076f800000| Untracked 
| 893|0x000000076fa00000, 0x000000076fa00000, 0x000000076fc00000|  0%| F|  |TAMS 0x000000076fa00000, 0x000000076fa00000| Untracked 
| 894|0x000000076fc00000, 0x000000076fc00000, 0x000000076fe00000|  0%| F|  |TAMS 0x000000076fc00000, 0x000000076fc00000| Untracked 
| 895|0x000000076fe00000, 0x000000076fe00000, 0x0000000770000000|  0%| F|  |TAMS 0x000000076fe00000, 0x000000076fe00000| Untracked 
| 896|0x0000000770000000, 0x0000000770000000, 0x0000000770200000|  0%| F|  |TAMS 0x0000000770000000, 0x0000000770000000| Untracked 
| 897|0x0000000770200000, 0x0000000770200000, 0x0000000770400000|  0%| F|  |TAMS 0x0000000770200000, 0x0000000770200000| Untracked 
| 898|0x0000000770400000, 0x0000000770400000, 0x0000000770600000|  0%| F|  |TAMS 0x0000000770400000, 0x0000000770400000| Untracked 
| 899|0x0000000770600000, 0x0000000770600000, 0x0000000770800000|  0%| F|  |TAMS 0x0000000770600000, 0x0000000770600000| Untracked 
| 900|0x0000000770800000, 0x0000000770800000, 0x0000000770a00000|  0%| F|  |TAMS 0x0000000770800000, 0x0000000770800000| Untracked 
| 901|0x0000000770a00000, 0x0000000770a00000, 0x0000000770c00000|  0%| F|  |TAMS 0x0000000770a00000, 0x0000000770a00000| Untracked 
| 902|0x0000000770c00000, 0x0000000770c00000, 0x0000000770e00000|  0%| F|  |TAMS 0x0000000770c00000, 0x0000000770c00000| Untracked 
| 903|0x0000000770e00000, 0x0000000770e00000, 0x0000000771000000|  0%| F|  |TAMS 0x0000000770e00000, 0x0000000770e00000| Untracked 
| 904|0x0000000771000000, 0x0000000771000000, 0x0000000771200000|  0%| F|  |TAMS 0x0000000771000000, 0x0000000771000000| Untracked 
| 905|0x0000000771200000, 0x0000000771200000, 0x0000000771400000|  0%| F|  |TAMS 0x0000000771200000, 0x0000000771200000| Untracked 
| 906|0x0000000771400000, 0x0000000771400000, 0x0000000771600000|  0%| F|  |TAMS 0x0000000771400000, 0x0000000771400000| Untracked 
| 907|0x0000000771600000, 0x0000000771600000, 0x0000000771800000|  0%| F|  |TAMS 0x0000000771600000, 0x0000000771600000| Untracked 
| 908|0x0000000771800000, 0x0000000771800000, 0x0000000771a00000|  0%| F|  |TAMS 0x0000000771800000, 0x0000000771800000| Untracked 
| 909|0x0000000771a00000, 0x0000000771a00000, 0x0000000771c00000|  0%| F|  |TAMS 0x0000000771a00000, 0x0000000771a00000| Untracked 
| 910|0x0000000771c00000, 0x0000000771c00000, 0x0000000771e00000|  0%| F|  |TAMS 0x0000000771c00000, 0x0000000771c00000| Untracked 
| 911|0x0000000771e00000, 0x0000000771e00000, 0x0000000772000000|  0%| F|  |TAMS 0x0000000771e00000, 0x0000000771e00000| Untracked 
| 912|0x0000000772000000, 0x0000000772000000, 0x0000000772200000|  0%| F|  |TAMS 0x0000000772000000, 0x0000000772000000| Untracked 
| 913|0x0000000772200000, 0x0000000772200000, 0x0000000772400000|  0%| F|  |TAMS 0x0000000772200000, 0x0000000772200000| Untracked 
| 914|0x0000000772400000, 0x0000000772400000, 0x0000000772600000|  0%| F|  |TAMS 0x0000000772400000, 0x0000000772400000| Untracked 
| 915|0x0000000772600000, 0x0000000772600000, 0x0000000772800000|  0%| F|  |TAMS 0x0000000772600000, 0x0000000772600000| Untracked 
| 916|0x0000000772800000, 0x0000000772800000, 0x0000000772a00000|  0%| F|  |TAMS 0x0000000772800000, 0x0000000772800000| Untracked 
| 917|0x0000000772a00000, 0x0000000772a00000, 0x0000000772c00000|  0%| F|  |TAMS 0x0000000772a00000, 0x0000000772a00000| Untracked 
| 918|0x0000000772c00000, 0x0000000772c00000, 0x0000000772e00000|  0%| F|  |TAMS 0x0000000772c00000, 0x0000000772c00000| Untracked 
| 919|0x0000000772e00000, 0x0000000772e00000, 0x0000000773000000|  0%| F|  |TAMS 0x0000000772e00000, 0x0000000772e00000| Untracked 
| 920|0x0000000773000000, 0x0000000773000000, 0x0000000773200000|  0%| F|  |TAMS 0x0000000773000000, 0x0000000773000000| Untracked 
| 921|0x0000000773200000, 0x0000000773200000, 0x0000000773400000|  0%| F|  |TAMS 0x0000000773200000, 0x0000000773200000| Untracked 
| 922|0x0000000773400000, 0x0000000773400000, 0x0000000773600000|  0%| F|  |TAMS 0x0000000773400000, 0x0000000773400000| Untracked 
| 923|0x0000000773600000, 0x0000000773600000, 0x0000000773800000|  0%| F|  |TAMS 0x0000000773600000, 0x0000000773600000| Untracked 
| 924|0x0000000773800000, 0x0000000773800000, 0x0000000773a00000|  0%| F|  |TAMS 0x0000000773800000, 0x0000000773800000| Untracked 
| 925|0x0000000773a00000, 0x0000000773a00000, 0x0000000773c00000|  0%| F|  |TAMS 0x0000000773a00000, 0x0000000773a00000| Untracked 
| 926|0x0000000773c00000, 0x0000000773c00000, 0x0000000773e00000|  0%| F|  |TAMS 0x0000000773c00000, 0x0000000773c00000| Untracked 
| 927|0x0000000773e00000, 0x0000000773e00000, 0x0000000774000000|  0%| F|  |TAMS 0x0000000773e00000, 0x0000000773e00000| Untracked 
| 928|0x0000000774000000, 0x0000000774000000, 0x0000000774200000|  0%| F|  |TAMS 0x0000000774000000, 0x0000000774000000| Untracked 
| 929|0x0000000774200000, 0x0000000774200000, 0x0000000774400000|  0%| F|  |TAMS 0x0000000774200000, 0x0000000774200000| Untracked 
| 930|0x0000000774400000, 0x0000000774400000, 0x0000000774600000|  0%| F|  |TAMS 0x0000000774400000, 0x0000000774400000| Untracked 
| 931|0x0000000774600000, 0x0000000774600000, 0x0000000774800000|  0%| F|  |TAMS 0x0000000774600000, 0x0000000774600000| Untracked 
| 932|0x0000000774800000, 0x0000000774800000, 0x0000000774a00000|  0%| F|  |TAMS 0x0000000774800000, 0x0000000774800000| Untracked 
| 933|0x0000000774a00000, 0x0000000774a00000, 0x0000000774c00000|  0%| F|  |TAMS 0x0000000774a00000, 0x0000000774a00000| Untracked 
| 934|0x0000000774c00000, 0x0000000774c00000, 0x0000000774e00000|  0%| F|  |TAMS 0x0000000774c00000, 0x0000000774c00000| Untracked 
| 935|0x0000000774e00000, 0x0000000774e00000, 0x0000000775000000|  0%| F|  |TAMS 0x0000000774e00000, 0x0000000774e00000| Untracked 
| 936|0x0000000775000000, 0x0000000775000000, 0x0000000775200000|  0%| F|  |TAMS 0x0000000775000000, 0x0000000775000000| Untracked 
| 937|0x0000000775200000, 0x0000000775200000, 0x0000000775400000|  0%| F|  |TAMS 0x0000000775200000, 0x0000000775200000| Untracked 
| 938|0x0000000775400000, 0x0000000775400000, 0x0000000775600000|  0%| F|  |TAMS 0x0000000775400000, 0x0000000775400000| Untracked 
| 939|0x0000000775600000, 0x0000000775600000, 0x0000000775800000|  0%| F|  |TAMS 0x0000000775600000, 0x0000000775600000| Untracked 
| 940|0x0000000775800000, 0x0000000775800000, 0x0000000775a00000|  0%| F|  |TAMS 0x0000000775800000, 0x0000000775800000| Untracked 
| 941|0x0000000775a00000, 0x0000000775a00000, 0x0000000775c00000|  0%| F|  |TAMS 0x0000000775a00000, 0x0000000775a00000| Untracked 
| 942|0x0000000775c00000, 0x0000000775c00000, 0x0000000775e00000|  0%| F|  |TAMS 0x0000000775c00000, 0x0000000775c00000| Untracked 
| 943|0x0000000775e00000, 0x0000000775e00000, 0x0000000776000000|  0%| F|  |TAMS 0x0000000775e00000, 0x0000000775e00000| Untracked 
| 944|0x0000000776000000, 0x0000000776000000, 0x0000000776200000|  0%| F|  |TAMS 0x0000000776000000, 0x0000000776000000| Untracked 
| 945|0x0000000776200000, 0x0000000776200000, 0x0000000776400000|  0%| F|  |TAMS 0x0000000776200000, 0x0000000776200000| Untracked 
| 946|0x0000000776400000, 0x0000000776400000, 0x0000000776600000|  0%| F|  |TAMS 0x0000000776400000, 0x0000000776400000| Untracked 
| 947|0x0000000776600000, 0x0000000776600000, 0x0000000776800000|  0%| F|  |TAMS 0x0000000776600000, 0x0000000776600000| Untracked 
| 948|0x0000000776800000, 0x0000000776800000, 0x0000000776a00000|  0%| F|  |TAMS 0x0000000776800000, 0x0000000776800000| Untracked 
| 949|0x0000000776a00000, 0x0000000776a00000, 0x0000000776c00000|  0%| F|  |TAMS 0x0000000776a00000, 0x0000000776a00000| Untracked 
| 950|0x0000000776c00000, 0x0000000776c00000, 0x0000000776e00000|  0%| F|  |TAMS 0x0000000776c00000, 0x0000000776c00000| Untracked 
| 951|0x0000000776e00000, 0x0000000776e00000, 0x0000000777000000|  0%| F|  |TAMS 0x0000000776e00000, 0x0000000776e00000| Untracked 
| 952|0x0000000777000000, 0x0000000777000000, 0x0000000777200000|  0%| F|  |TAMS 0x0000000777000000, 0x0000000777000000| Untracked 
| 953|0x0000000777200000, 0x0000000777200000, 0x0000000777400000|  0%| F|  |TAMS 0x0000000777200000, 0x0000000777200000| Untracked 
| 954|0x0000000777400000, 0x0000000777400000, 0x0000000777600000|  0%| F|  |TAMS 0x0000000777400000, 0x0000000777400000| Untracked 
| 955|0x0000000777600000, 0x0000000777600000, 0x0000000777800000|  0%| F|  |TAMS 0x0000000777600000, 0x0000000777600000| Untracked 
| 956|0x0000000777800000, 0x0000000777800000, 0x0000000777a00000|  0%| F|  |TAMS 0x0000000777800000, 0x0000000777800000| Untracked 
| 957|0x0000000777a00000, 0x0000000777a00000, 0x0000000777c00000|  0%| F|  |TAMS 0x0000000777a00000, 0x0000000777a00000| Untracked 
| 958|0x0000000777c00000, 0x0000000777c00000, 0x0000000777e00000|  0%| F|  |TAMS 0x0000000777c00000, 0x0000000777c00000| Untracked 
| 959|0x0000000777e00000, 0x0000000777e00000, 0x0000000778000000|  0%| F|  |TAMS 0x0000000777e00000, 0x0000000777e00000| Untracked 
| 960|0x0000000778000000, 0x0000000778000000, 0x0000000778200000|  0%| F|  |TAMS 0x0000000778000000, 0x0000000778000000| Untracked 
| 961|0x0000000778200000, 0x0000000778200000, 0x0000000778400000|  0%| F|  |TAMS 0x0000000778200000, 0x0000000778200000| Untracked 
| 962|0x0000000778400000, 0x0000000778400000, 0x0000000778600000|  0%| F|  |TAMS 0x0000000778400000, 0x0000000778400000| Untracked 
| 963|0x0000000778600000, 0x0000000778600000, 0x0000000778800000|  0%| F|  |TAMS 0x0000000778600000, 0x0000000778600000| Untracked 
| 964|0x0000000778800000, 0x0000000778800000, 0x0000000778a00000|  0%| F|  |TAMS 0x0000000778800000, 0x0000000778800000| Untracked 
| 965|0x0000000778a00000, 0x0000000778a00000, 0x0000000778c00000|  0%| F|  |TAMS 0x0000000778a00000, 0x0000000778a00000| Untracked 
| 966|0x0000000778c00000, 0x0000000778c00000, 0x0000000778e00000|  0%| F|  |TAMS 0x0000000778c00000, 0x0000000778c00000| Untracked 
| 967|0x0000000778e00000, 0x0000000778e00000, 0x0000000779000000|  0%| F|  |TAMS 0x0000000778e00000, 0x0000000778e00000| Untracked 
| 968|0x0000000779000000, 0x0000000779000000, 0x0000000779200000|  0%| F|  |TAMS 0x0000000779000000, 0x0000000779000000| Untracked 
| 969|0x0000000779200000, 0x0000000779200000, 0x0000000779400000|  0%| F|  |TAMS 0x0000000779200000, 0x0000000779200000| Untracked 
| 970|0x0000000779400000, 0x0000000779400000, 0x0000000779600000|  0%| F|  |TAMS 0x0000000779400000, 0x0000000779400000| Untracked 
| 971|0x0000000779600000, 0x0000000779600000, 0x0000000779800000|  0%| F|  |TAMS 0x0000000779600000, 0x0000000779600000| Untracked 
| 972|0x0000000779800000, 0x0000000779800000, 0x0000000779a00000|  0%| F|  |TAMS 0x0000000779800000, 0x0000000779800000| Untracked 
| 973|0x0000000779a00000, 0x0000000779a00000, 0x0000000779c00000|  0%| F|  |TAMS 0x0000000779a00000, 0x0000000779a00000| Untracked 
| 974|0x0000000779c00000, 0x0000000779c00000, 0x0000000779e00000|  0%| F|  |TAMS 0x0000000779c00000, 0x0000000779c00000| Untracked 
| 975|0x0000000779e00000, 0x0000000779e00000, 0x000000077a000000|  0%| F|  |TAMS 0x0000000779e00000, 0x0000000779e00000| Untracked 
| 976|0x000000077a000000, 0x000000077a000000, 0x000000077a200000|  0%| F|  |TAMS 0x000000077a000000, 0x000000077a000000| Untracked 
| 977|0x000000077a200000, 0x000000077a200000, 0x000000077a400000|  0%| F|  |TAMS 0x000000077a200000, 0x000000077a200000| Untracked 
| 978|0x000000077a400000, 0x000000077a400000, 0x000000077a600000|  0%| F|  |TAMS 0x000000077a400000, 0x000000077a400000| Untracked 
| 979|0x000000077a600000, 0x000000077a600000, 0x000000077a800000|  0%| F|  |TAMS 0x000000077a600000, 0x000000077a600000| Untracked 
| 980|0x000000077a800000, 0x000000077a800000, 0x000000077aa00000|  0%| F|  |TAMS 0x000000077a800000, 0x000000077a800000| Untracked 
| 981|0x000000077aa00000, 0x000000077aa00000, 0x000000077ac00000|  0%| F|  |TAMS 0x000000077aa00000, 0x000000077aa00000| Untracked 
| 982|0x000000077ac00000, 0x000000077ac00000, 0x000000077ae00000|  0%| F|  |TAMS 0x000000077ac00000, 0x000000077ac00000| Untracked 
| 983|0x000000077ae00000, 0x000000077ae00000, 0x000000077b000000|  0%| F|  |TAMS 0x000000077ae00000, 0x000000077ae00000| Untracked 
| 984|0x000000077b000000, 0x000000077b000000, 0x000000077b200000|  0%| F|  |TAMS 0x000000077b000000, 0x000000077b000000| Untracked 
| 985|0x000000077b200000, 0x000000077b200000, 0x000000077b400000|  0%| F|  |TAMS 0x000000077b200000, 0x000000077b200000| Untracked 
| 986|0x000000077b400000, 0x000000077b400000, 0x000000077b600000|  0%| F|  |TAMS 0x000000077b400000, 0x000000077b400000| Untracked 
| 987|0x000000077b600000, 0x000000077b600000, 0x000000077b800000|  0%| F|  |TAMS 0x000000077b600000, 0x000000077b600000| Untracked 
| 988|0x000000077b800000, 0x000000077b800000, 0x000000077ba00000|  0%| F|  |TAMS 0x000000077b800000, 0x000000077b800000| Untracked 
| 989|0x000000077ba00000, 0x000000077ba00000, 0x000000077bc00000|  0%| F|  |TAMS 0x000000077ba00000, 0x000000077ba00000| Untracked 
| 990|0x000000077bc00000, 0x000000077bc00000, 0x000000077be00000|  0%| F|  |TAMS 0x000000077bc00000, 0x000000077bc00000| Untracked 
| 991|0x000000077be00000, 0x000000077be00000, 0x000000077c000000|  0%| F|  |TAMS 0x000000077be00000, 0x000000077be00000| Untracked 
| 992|0x000000077c000000, 0x000000077c000000, 0x000000077c200000|  0%| F|  |TAMS 0x000000077c000000, 0x000000077c000000| Untracked 
| 993|0x000000077c200000, 0x000000077c200000, 0x000000077c400000|  0%| F|  |TAMS 0x000000077c200000, 0x000000077c200000| Untracked 
| 994|0x000000077c400000, 0x000000077c400000, 0x000000077c600000|  0%| F|  |TAMS 0x000000077c400000, 0x000000077c400000| Untracked 
| 995|0x000000077c600000, 0x000000077c600000, 0x000000077c800000|  0%| F|  |TAMS 0x000000077c600000, 0x000000077c600000| Untracked 
| 996|0x000000077c800000, 0x000000077c800000, 0x000000077ca00000|  0%| F|  |TAMS 0x000000077c800000, 0x000000077c800000| Untracked 
| 997|0x000000077ca00000, 0x000000077ca00000, 0x000000077cc00000|  0%| F|  |TAMS 0x000000077ca00000, 0x000000077ca00000| Untracked 
| 998|0x000000077cc00000, 0x000000077cc00000, 0x000000077ce00000|  0%| F|  |TAMS 0x000000077cc00000, 0x000000077cc00000| Untracked 
| 999|0x000000077ce00000, 0x000000077ce00000, 0x000000077d000000|  0%| F|  |TAMS 0x000000077ce00000, 0x000000077ce00000| Untracked 
|1000|0x000000077d000000, 0x000000077d000000, 0x000000077d200000|  0%| F|  |TAMS 0x000000077d000000, 0x000000077d000000| Untracked 
|1001|0x000000077d200000, 0x000000077d200000, 0x000000077d400000|  0%| F|  |TAMS 0x000000077d200000, 0x000000077d200000| Untracked 
|1002|0x000000077d400000, 0x000000077d400000, 0x000000077d600000|  0%| F|  |TAMS 0x000000077d400000, 0x000000077d400000| Untracked 
|1003|0x000000077d600000, 0x000000077d600000, 0x000000077d800000|  0%| F|  |TAMS 0x000000077d600000, 0x000000077d600000| Untracked 
|1004|0x000000077d800000, 0x000000077d800000, 0x000000077da00000|  0%| F|  |TAMS 0x000000077d800000, 0x000000077d800000| Untracked 
|1005|0x000000077da00000, 0x000000077da00000, 0x000000077dc00000|  0%| F|  |TAMS 0x000000077da00000, 0x000000077da00000| Untracked 
|1006|0x000000077dc00000, 0x000000077dc00000, 0x000000077de00000|  0%| F|  |TAMS 0x000000077dc00000, 0x000000077dc00000| Untracked 
|1007|0x000000077de00000, 0x000000077de00000, 0x000000077e000000|  0%| F|  |TAMS 0x000000077de00000, 0x000000077de00000| Untracked 
|1008|0x000000077e000000, 0x000000077e000000, 0x000000077e200000|  0%| F|  |TAMS 0x000000077e000000, 0x000000077e000000| Untracked 
|1009|0x000000077e200000, 0x000000077e200000, 0x000000077e400000|  0%| F|  |TAMS 0x000000077e200000, 0x000000077e200000| Untracked 
|1010|0x000000077e400000, 0x000000077e400000, 0x000000077e600000|  0%| F|  |TAMS 0x000000077e400000, 0x000000077e400000| Untracked 
|1011|0x000000077e600000, 0x000000077e600000, 0x000000077e800000|  0%| F|  |TAMS 0x000000077e600000, 0x000000077e600000| Untracked 
|1012|0x000000077e800000, 0x000000077e800000, 0x000000077ea00000|  0%| F|  |TAMS 0x000000077e800000, 0x000000077e800000| Untracked 
|1013|0x000000077ea00000, 0x000000077ea00000, 0x000000077ec00000|  0%| F|  |TAMS 0x000000077ea00000, 0x000000077ea00000| Untracked 
|1014|0x000000077ec00000, 0x000000077ec00000, 0x000000077ee00000|  0%| F|  |TAMS 0x000000077ec00000, 0x000000077ec00000| Untracked 
|1015|0x000000077ee00000, 0x000000077ee00000, 0x000000077f000000|  0%| F|  |TAMS 0x000000077ee00000, 0x000000077ee00000| Untracked 
|1016|0x000000077f000000, 0x000000077f000000, 0x000000077f200000|  0%| F|  |TAMS 0x000000077f000000, 0x000000077f000000| Untracked 
|1017|0x000000077f200000, 0x000000077f200000, 0x000000077f400000|  0%| F|  |TAMS 0x000000077f200000, 0x000000077f200000| Untracked 
|1018|0x000000077f400000, 0x000000077f400000, 0x000000077f600000|  0%| F|  |TAMS 0x000000077f400000, 0x000000077f400000| Untracked 
|1019|0x000000077f600000, 0x000000077f600000, 0x000000077f800000|  0%| F|  |TAMS 0x000000077f600000, 0x000000077f600000| Untracked 
|1020|0x000000077f800000, 0x000000077f800000, 0x000000077fa00000|  0%| F|  |TAMS 0x000000077f800000, 0x000000077f800000| Untracked 
|1021|0x000000077fa00000, 0x000000077fa00000, 0x000000077fc00000|  0%| F|  |TAMS 0x000000077fa00000, 0x000000077fa00000| Untracked 
|1022|0x000000077fc00000, 0x000000077fc00000, 0x000000077fe00000|  0%| F|  |TAMS 0x000000077fc00000, 0x000000077fc00000| Untracked 
|1023|0x000000077fe00000, 0x000000077fe00000, 0x0000000780000000|  0%| F|  |TAMS 0x000000077fe00000, 0x000000077fe00000| Untracked 
|1024|0x0000000780000000, 0x0000000780000000, 0x0000000780200000|  0%| F|  |TAMS 0x0000000780000000, 0x0000000780000000| Untracked 
|1025|0x0000000780200000, 0x0000000780200000, 0x0000000780400000|  0%| F|  |TAMS 0x0000000780200000, 0x0000000780200000| Untracked 
|1026|0x0000000780400000, 0x0000000780400000, 0x0000000780600000|  0%| F|  |TAMS 0x0000000780400000, 0x0000000780400000| Untracked 
|1027|0x0000000780600000, 0x0000000780600000, 0x0000000780800000|  0%| F|  |TAMS 0x0000000780600000, 0x0000000780600000| Untracked 
|1028|0x0000000780800000, 0x0000000780800000, 0x0000000780a00000|  0%| F|  |TAMS 0x0000000780800000, 0x0000000780800000| Untracked 
|1029|0x0000000780a00000, 0x0000000780a00000, 0x0000000780c00000|  0%| F|  |TAMS 0x0000000780a00000, 0x0000000780a00000| Untracked 
|1030|0x0000000780c00000, 0x0000000780c00000, 0x0000000780e00000|  0%| F|  |TAMS 0x0000000780c00000, 0x0000000780c00000| Untracked 
|1031|0x0000000780e00000, 0x0000000780e00000, 0x0000000781000000|  0%| F|  |TAMS 0x0000000780e00000, 0x0000000780e00000| Untracked 
|1032|0x0000000781000000, 0x0000000781000000, 0x0000000781200000|  0%| F|  |TAMS 0x0000000781000000, 0x0000000781000000| Untracked 
|1033|0x0000000781200000, 0x0000000781200000, 0x0000000781400000|  0%| F|  |TAMS 0x0000000781200000, 0x0000000781200000| Untracked 
|1034|0x0000000781400000, 0x0000000781400000, 0x0000000781600000|  0%| F|  |TAMS 0x0000000781400000, 0x0000000781400000| Untracked 
|1035|0x0000000781600000, 0x0000000781600000, 0x0000000781800000|  0%| F|  |TAMS 0x0000000781600000, 0x0000000781600000| Untracked 
|1036|0x0000000781800000, 0x0000000781800000, 0x0000000781a00000|  0%| F|  |TAMS 0x0000000781800000, 0x0000000781800000| Untracked 
|1037|0x0000000781a00000, 0x0000000781a00000, 0x0000000781c00000|  0%| F|  |TAMS 0x0000000781a00000, 0x0000000781a00000| Untracked 
|1038|0x0000000781c00000, 0x0000000781c00000, 0x0000000781e00000|  0%| F|  |TAMS 0x0000000781c00000, 0x0000000781c00000| Untracked 
|1039|0x0000000781e00000, 0x0000000781e00000, 0x0000000782000000|  0%| F|  |TAMS 0x0000000781e00000, 0x0000000781e00000| Untracked 
|1040|0x0000000782000000, 0x0000000782000000, 0x0000000782200000|  0%| F|  |TAMS 0x0000000782000000, 0x0000000782000000| Untracked 
|1041|0x0000000782200000, 0x0000000782200000, 0x0000000782400000|  0%| F|  |TAMS 0x0000000782200000, 0x0000000782200000| Untracked 
|1042|0x0000000782400000, 0x0000000782400000, 0x0000000782600000|  0%| F|  |TAMS 0x0000000782400000, 0x0000000782400000| Untracked 
|1043|0x0000000782600000, 0x0000000782600000, 0x0000000782800000|  0%| F|  |TAMS 0x0000000782600000, 0x0000000782600000| Untracked 
|1044|0x0000000782800000, 0x0000000782800000, 0x0000000782a00000|  0%| F|  |TAMS 0x0000000782800000, 0x0000000782800000| Untracked 
|1045|0x0000000782a00000, 0x0000000782a00000, 0x0000000782c00000|  0%| F|  |TAMS 0x0000000782a00000, 0x0000000782a00000| Untracked 
|1046|0x0000000782c00000, 0x0000000782c00000, 0x0000000782e00000|  0%| F|  |TAMS 0x0000000782c00000, 0x0000000782c00000| Untracked 
|1047|0x0000000782e00000, 0x0000000782e00000, 0x0000000783000000|  0%| F|  |TAMS 0x0000000782e00000, 0x0000000782e00000| Untracked 
|1048|0x0000000783000000, 0x0000000783000000, 0x0000000783200000|  0%| F|  |TAMS 0x0000000783000000, 0x0000000783000000| Untracked 
|1049|0x0000000783200000, 0x0000000783200000, 0x0000000783400000|  0%| F|  |TAMS 0x0000000783200000, 0x0000000783200000| Untracked 
|1050|0x0000000783400000, 0x0000000783400000, 0x0000000783600000|  0%| F|  |TAMS 0x0000000783400000, 0x0000000783400000| Untracked 
|1051|0x0000000783600000, 0x0000000783600000, 0x0000000783800000|  0%| F|  |TAMS 0x0000000783600000, 0x0000000783600000| Untracked 
|1052|0x0000000783800000, 0x0000000783800000, 0x0000000783a00000|  0%| F|  |TAMS 0x0000000783800000, 0x0000000783800000| Untracked 
|1053|0x0000000783a00000, 0x0000000783a00000, 0x0000000783c00000|  0%| F|  |TAMS 0x0000000783a00000, 0x0000000783a00000| Untracked 
|1054|0x0000000783c00000, 0x0000000783c00000, 0x0000000783e00000|  0%| F|  |TAMS 0x0000000783c00000, 0x0000000783c00000| Untracked 
|1055|0x0000000783e00000, 0x0000000783e00000, 0x0000000784000000|  0%| F|  |TAMS 0x0000000783e00000, 0x0000000783e00000| Untracked 
|1056|0x0000000784000000, 0x0000000784000000, 0x0000000784200000|  0%| F|  |TAMS 0x0000000784000000, 0x0000000784000000| Untracked 
|1057|0x0000000784200000, 0x0000000784200000, 0x0000000784400000|  0%| F|  |TAMS 0x0000000784200000, 0x0000000784200000| Untracked 
|1058|0x0000000784400000, 0x0000000784400000, 0x0000000784600000|  0%| F|  |TAMS 0x0000000784400000, 0x0000000784400000| Untracked 
|1059|0x0000000784600000, 0x0000000784600000, 0x0000000784800000|  0%| F|  |TAMS 0x0000000784600000, 0x0000000784600000| Untracked 
|1060|0x0000000784800000, 0x0000000784800000, 0x0000000784a00000|  0%| F|  |TAMS 0x0000000784800000, 0x0000000784800000| Untracked 
|1061|0x0000000784a00000, 0x0000000784a00000, 0x0000000784c00000|  0%| F|  |TAMS 0x0000000784a00000, 0x0000000784a00000| Untracked 
|1062|0x0000000784c00000, 0x0000000784c00000, 0x0000000784e00000|  0%| F|  |TAMS 0x0000000784c00000, 0x0000000784c00000| Untracked 
|1063|0x0000000784e00000, 0x0000000784e00000, 0x0000000785000000|  0%| F|  |TAMS 0x0000000784e00000, 0x0000000784e00000| Untracked 
|1064|0x0000000785000000, 0x0000000785000000, 0x0000000785200000|  0%| F|  |TAMS 0x0000000785000000, 0x0000000785000000| Untracked 
|1065|0x0000000785200000, 0x0000000785200000, 0x0000000785400000|  0%| F|  |TAMS 0x0000000785200000, 0x0000000785200000| Untracked 
|1066|0x0000000785400000, 0x0000000785400000, 0x0000000785600000|  0%| F|  |TAMS 0x0000000785400000, 0x0000000785400000| Untracked 
|1067|0x0000000785600000, 0x0000000785600000, 0x0000000785800000|  0%| F|  |TAMS 0x0000000785600000, 0x0000000785600000| Untracked 
|1068|0x0000000785800000, 0x0000000785800000, 0x0000000785a00000|  0%| F|  |TAMS 0x0000000785800000, 0x0000000785800000| Untracked 
|1069|0x0000000785a00000, 0x0000000785a00000, 0x0000000785c00000|  0%| F|  |TAMS 0x0000000785a00000, 0x0000000785a00000| Untracked 
|1070|0x0000000785c00000, 0x0000000785c00000, 0x0000000785e00000|  0%| F|  |TAMS 0x0000000785c00000, 0x0000000785c00000| Untracked 
|1071|0x0000000785e00000, 0x0000000785e00000, 0x0000000786000000|  0%| F|  |TAMS 0x0000000785e00000, 0x0000000785e00000| Untracked 
|1072|0x0000000786000000, 0x0000000786000000, 0x0000000786200000|  0%| F|  |TAMS 0x0000000786000000, 0x0000000786000000| Untracked 
|1073|0x0000000786200000, 0x0000000786200000, 0x0000000786400000|  0%| F|  |TAMS 0x0000000786200000, 0x0000000786200000| Untracked 
|1074|0x0000000786400000, 0x0000000786400000, 0x0000000786600000|  0%| F|  |TAMS 0x0000000786400000, 0x0000000786400000| Untracked 
|1075|0x0000000786600000, 0x0000000786600000, 0x0000000786800000|  0%| F|  |TAMS 0x0000000786600000, 0x0000000786600000| Untracked 
|1076|0x0000000786800000, 0x0000000786800000, 0x0000000786a00000|  0%| F|  |TAMS 0x0000000786800000, 0x0000000786800000| Untracked 
|1077|0x0000000786a00000, 0x0000000786a00000, 0x0000000786c00000|  0%| F|  |TAMS 0x0000000786a00000, 0x0000000786a00000| Untracked 
|1078|0x0000000786c00000, 0x0000000786c00000, 0x0000000786e00000|  0%| F|  |TAMS 0x0000000786c00000, 0x0000000786c00000| Untracked 
|1079|0x0000000786e00000, 0x0000000786e00000, 0x0000000787000000|  0%| F|  |TAMS 0x0000000786e00000, 0x0000000786e00000| Untracked 
|1080|0x0000000787000000, 0x0000000787000000, 0x0000000787200000|  0%| F|  |TAMS 0x0000000787000000, 0x0000000787000000| Untracked 
|1081|0x0000000787200000, 0x0000000787200000, 0x0000000787400000|  0%| F|  |TAMS 0x0000000787200000, 0x0000000787200000| Untracked 
|1082|0x0000000787400000, 0x0000000787400000, 0x0000000787600000|  0%| F|  |TAMS 0x0000000787400000, 0x0000000787400000| Untracked 
|1083|0x0000000787600000, 0x0000000787600000, 0x0000000787800000|  0%| F|  |TAMS 0x0000000787600000, 0x0000000787600000| Untracked 
|1084|0x0000000787800000, 0x0000000787800000, 0x0000000787a00000|  0%| F|  |TAMS 0x0000000787800000, 0x0000000787800000| Untracked 
|1085|0x0000000787a00000, 0x0000000787a00000, 0x0000000787c00000|  0%| F|  |TAMS 0x0000000787a00000, 0x0000000787a00000| Untracked 
|1086|0x0000000787c00000, 0x0000000787c00000, 0x0000000787e00000|  0%| F|  |TAMS 0x0000000787c00000, 0x0000000787c00000| Untracked 
|1087|0x0000000787e00000, 0x0000000787e00000, 0x0000000788000000|  0%| F|  |TAMS 0x0000000787e00000, 0x0000000787e00000| Untracked 
|1088|0x0000000788000000, 0x0000000788000000, 0x0000000788200000|  0%| F|  |TAMS 0x0000000788000000, 0x0000000788000000| Untracked 
|1089|0x0000000788200000, 0x0000000788200000, 0x0000000788400000|  0%| F|  |TAMS 0x0000000788200000, 0x0000000788200000| Untracked 
|1090|0x0000000788400000, 0x0000000788400000, 0x0000000788600000|  0%| F|  |TAMS 0x0000000788400000, 0x0000000788400000| Untracked 
|1091|0x0000000788600000, 0x0000000788600000, 0x0000000788800000|  0%| F|  |TAMS 0x0000000788600000, 0x0000000788600000| Untracked 
|1092|0x0000000788800000, 0x0000000788800000, 0x0000000788a00000|  0%| F|  |TAMS 0x0000000788800000, 0x0000000788800000| Untracked 
|1093|0x0000000788a00000, 0x0000000788a00000, 0x0000000788c00000|  0%| F|  |TAMS 0x0000000788a00000, 0x0000000788a00000| Untracked 
|1094|0x0000000788c00000, 0x0000000788c00000, 0x0000000788e00000|  0%| F|  |TAMS 0x0000000788c00000, 0x0000000788c00000| Untracked 
|1095|0x0000000788e00000, 0x0000000788e00000, 0x0000000789000000|  0%| F|  |TAMS 0x0000000788e00000, 0x0000000788e00000| Untracked 
|1096|0x0000000789000000, 0x0000000789000000, 0x0000000789200000|  0%| F|  |TAMS 0x0000000789000000, 0x0000000789000000| Untracked 
|1097|0x0000000789200000, 0x0000000789200000, 0x0000000789400000|  0%| F|  |TAMS 0x0000000789200000, 0x0000000789200000| Untracked 
|1098|0x0000000789400000, 0x0000000789400000, 0x0000000789600000|  0%| F|  |TAMS 0x0000000789400000, 0x0000000789400000| Untracked 
|1099|0x0000000789600000, 0x0000000789600000, 0x0000000789800000|  0%| F|  |TAMS 0x0000000789600000, 0x0000000789600000| Untracked 
|1100|0x0000000789800000, 0x0000000789800000, 0x0000000789a00000|  0%| F|  |TAMS 0x0000000789800000, 0x0000000789800000| Untracked 
|1101|0x0000000789a00000, 0x0000000789a00000, 0x0000000789c00000|  0%| F|  |TAMS 0x0000000789a00000, 0x0000000789a00000| Untracked 
|1102|0x0000000789c00000, 0x0000000789c00000, 0x0000000789e00000|  0%| F|  |TAMS 0x0000000789c00000, 0x0000000789c00000| Untracked 
|1103|0x0000000789e00000, 0x0000000789e00000, 0x000000078a000000|  0%| F|  |TAMS 0x0000000789e00000, 0x0000000789e00000| Untracked 
|1104|0x000000078a000000, 0x000000078a000000, 0x000000078a200000|  0%| F|  |TAMS 0x000000078a000000, 0x000000078a000000| Untracked 
|1105|0x000000078a200000, 0x000000078a200000, 0x000000078a400000|  0%| F|  |TAMS 0x000000078a200000, 0x000000078a200000| Untracked 
|1106|0x000000078a400000, 0x000000078a400000, 0x000000078a600000|  0%| F|  |TAMS 0x000000078a400000, 0x000000078a400000| Untracked 
|1107|0x000000078a600000, 0x000000078a600000, 0x000000078a800000|  0%| F|  |TAMS 0x000000078a600000, 0x000000078a600000| Untracked 
|1108|0x000000078a800000, 0x000000078a800000, 0x000000078aa00000|  0%| F|  |TAMS 0x000000078a800000, 0x000000078a800000| Untracked 
|1109|0x000000078aa00000, 0x000000078aa00000, 0x000000078ac00000|  0%| F|  |TAMS 0x000000078aa00000, 0x000000078aa00000| Untracked 
|1110|0x000000078ac00000, 0x000000078ac00000, 0x000000078ae00000|  0%| F|  |TAMS 0x000000078ac00000, 0x000000078ac00000| Untracked 
|1111|0x000000078ae00000, 0x000000078ae00000, 0x000000078b000000|  0%| F|  |TAMS 0x000000078ae00000, 0x000000078ae00000| Untracked 
|1112|0x000000078b000000, 0x000000078b000000, 0x000000078b200000|  0%| F|  |TAMS 0x000000078b000000, 0x000000078b000000| Untracked 
|1113|0x000000078b200000, 0x000000078b200000, 0x000000078b400000|  0%| F|  |TAMS 0x000000078b200000, 0x000000078b200000| Untracked 
|1114|0x000000078b400000, 0x000000078b400000, 0x000000078b600000|  0%| F|  |TAMS 0x000000078b400000, 0x000000078b400000| Untracked 
|1115|0x000000078b600000, 0x000000078b600000, 0x000000078b800000|  0%| F|  |TAMS 0x000000078b600000, 0x000000078b600000| Untracked 
|1116|0x000000078b800000, 0x000000078b800000, 0x000000078ba00000|  0%| F|  |TAMS 0x000000078b800000, 0x000000078b800000| Untracked 
|1117|0x000000078ba00000, 0x000000078ba00000, 0x000000078bc00000|  0%| F|  |TAMS 0x000000078ba00000, 0x000000078ba00000| Untracked 
|1118|0x000000078bc00000, 0x000000078bc00000, 0x000000078be00000|  0%| F|  |TAMS 0x000000078bc00000, 0x000000078bc00000| Untracked 
|1119|0x000000078be00000, 0x000000078be00000, 0x000000078c000000|  0%| F|  |TAMS 0x000000078be00000, 0x000000078be00000| Untracked 
|1120|0x000000078c000000, 0x000000078c000000, 0x000000078c200000|  0%| F|  |TAMS 0x000000078c000000, 0x000000078c000000| Untracked 
|1121|0x000000078c200000, 0x000000078c200000, 0x000000078c400000|  0%| F|  |TAMS 0x000000078c200000, 0x000000078c200000| Untracked 
|1122|0x000000078c400000, 0x000000078c400000, 0x000000078c600000|  0%| F|  |TAMS 0x000000078c400000, 0x000000078c400000| Untracked 
|1123|0x000000078c600000, 0x000000078c600000, 0x000000078c800000|  0%| F|  |TAMS 0x000000078c600000, 0x000000078c600000| Untracked 
|1124|0x000000078c800000, 0x000000078c800000, 0x000000078ca00000|  0%| F|  |TAMS 0x000000078c800000, 0x000000078c800000| Untracked 
|1125|0x000000078ca00000, 0x000000078ca00000, 0x000000078cc00000|  0%| F|  |TAMS 0x000000078ca00000, 0x000000078ca00000| Untracked 
|1126|0x000000078cc00000, 0x000000078cc00000, 0x000000078ce00000|  0%| F|  |TAMS 0x000000078cc00000, 0x000000078cc00000| Untracked 
|1127|0x000000078ce00000, 0x000000078ce00000, 0x000000078d000000|  0%| F|  |TAMS 0x000000078ce00000, 0x000000078ce00000| Untracked 
|1128|0x000000078d000000, 0x000000078d000000, 0x000000078d200000|  0%| F|  |TAMS 0x000000078d000000, 0x000000078d000000| Untracked 
|1129|0x000000078d200000, 0x000000078d200000, 0x000000078d400000|  0%| F|  |TAMS 0x000000078d200000, 0x000000078d200000| Untracked 
|1130|0x000000078d400000, 0x000000078d400000, 0x000000078d600000|  0%| F|  |TAMS 0x000000078d400000, 0x000000078d400000| Untracked 
|1131|0x000000078d600000, 0x000000078d600000, 0x000000078d800000|  0%| F|  |TAMS 0x000000078d600000, 0x000000078d600000| Untracked 
|1132|0x000000078d800000, 0x000000078d800000, 0x000000078da00000|  0%| F|  |TAMS 0x000000078d800000, 0x000000078d800000| Untracked 
|1133|0x000000078da00000, 0x000000078da00000, 0x000000078dc00000|  0%| F|  |TAMS 0x000000078da00000, 0x000000078da00000| Untracked 
|1134|0x000000078dc00000, 0x000000078dc00000, 0x000000078de00000|  0%| F|  |TAMS 0x000000078dc00000, 0x000000078dc00000| Untracked 
|1135|0x000000078de00000, 0x000000078de00000, 0x000000078e000000|  0%| F|  |TAMS 0x000000078de00000, 0x000000078de00000| Untracked 
|1136|0x000000078e000000, 0x000000078e000000, 0x000000078e200000|  0%| F|  |TAMS 0x000000078e000000, 0x000000078e000000| Untracked 
|1137|0x000000078e200000, 0x000000078e200000, 0x000000078e400000|  0%| F|  |TAMS 0x000000078e200000, 0x000000078e200000| Untracked 
|1138|0x000000078e400000, 0x000000078e400000, 0x000000078e600000|  0%| F|  |TAMS 0x000000078e400000, 0x000000078e400000| Untracked 
|1139|0x000000078e600000, 0x000000078e600000, 0x000000078e800000|  0%| F|  |TAMS 0x000000078e600000, 0x000000078e600000| Untracked 
|1140|0x000000078e800000, 0x000000078e800000, 0x000000078ea00000|  0%| F|  |TAMS 0x000000078e800000, 0x000000078e800000| Untracked 
|1141|0x000000078ea00000, 0x000000078ea00000, 0x000000078ec00000|  0%| F|  |TAMS 0x000000078ea00000, 0x000000078ea00000| Untracked 
|1142|0x000000078ec00000, 0x000000078ec00000, 0x000000078ee00000|  0%| F|  |TAMS 0x000000078ec00000, 0x000000078ec00000| Untracked 
|1143|0x000000078ee00000, 0x000000078ee00000, 0x000000078f000000|  0%| F|  |TAMS 0x000000078ee00000, 0x000000078ee00000| Untracked 
|1144|0x000000078f000000, 0x000000078f000000, 0x000000078f200000|  0%| F|  |TAMS 0x000000078f000000, 0x000000078f000000| Untracked 
|1145|0x000000078f200000, 0x000000078f200000, 0x000000078f400000|  0%| F|  |TAMS 0x000000078f200000, 0x000000078f200000| Untracked 
|1146|0x000000078f400000, 0x000000078f400000, 0x000000078f600000|  0%| F|  |TAMS 0x000000078f400000, 0x000000078f400000| Untracked 
|1147|0x000000078f600000, 0x000000078f600000, 0x000000078f800000|  0%| F|  |TAMS 0x000000078f600000, 0x000000078f600000| Untracked 
|1148|0x000000078f800000, 0x000000078f800000, 0x000000078fa00000|  0%| F|  |TAMS 0x000000078f800000, 0x000000078f800000| Untracked 
|1149|0x000000078fa00000, 0x000000078fa00000, 0x000000078fc00000|  0%| F|  |TAMS 0x000000078fa00000, 0x000000078fa00000| Untracked 
|1150|0x000000078fc00000, 0x000000078fc00000, 0x000000078fe00000|  0%| F|  |TAMS 0x000000078fc00000, 0x000000078fc00000| Untracked 
|1151|0x000000078fe00000, 0x000000078fe00000, 0x0000000790000000|  0%| F|  |TAMS 0x000000078fe00000, 0x000000078fe00000| Untracked 
|1152|0x0000000790000000, 0x0000000790000000, 0x0000000790200000|  0%| F|  |TAMS 0x0000000790000000, 0x0000000790000000| Untracked 
|1153|0x0000000790200000, 0x0000000790200000, 0x0000000790400000|  0%| F|  |TAMS 0x0000000790200000, 0x0000000790200000| Untracked 
|1154|0x0000000790400000, 0x0000000790400000, 0x0000000790600000|  0%| F|  |TAMS 0x0000000790400000, 0x0000000790400000| Untracked 
|1155|0x0000000790600000, 0x0000000790600000, 0x0000000790800000|  0%| F|  |TAMS 0x0000000790600000, 0x0000000790600000| Untracked 
|1156|0x0000000790800000, 0x0000000790800000, 0x0000000790a00000|  0%| F|  |TAMS 0x0000000790800000, 0x0000000790800000| Untracked 
|1157|0x0000000790a00000, 0x0000000790a00000, 0x0000000790c00000|  0%| F|  |TAMS 0x0000000790a00000, 0x0000000790a00000| Untracked 
|1158|0x0000000790c00000, 0x0000000790c00000, 0x0000000790e00000|  0%| F|  |TAMS 0x0000000790c00000, 0x0000000790c00000| Untracked 
|1159|0x0000000790e00000, 0x0000000790e00000, 0x0000000791000000|  0%| F|  |TAMS 0x0000000790e00000, 0x0000000790e00000| Untracked 
|1160|0x0000000791000000, 0x0000000791000000, 0x0000000791200000|  0%| F|  |TAMS 0x0000000791000000, 0x0000000791000000| Untracked 
|1161|0x0000000791200000, 0x0000000791200000, 0x0000000791400000|  0%| F|  |TAMS 0x0000000791200000, 0x0000000791200000| Untracked 
|1162|0x0000000791400000, 0x0000000791400000, 0x0000000791600000|  0%| F|  |TAMS 0x0000000791400000, 0x0000000791400000| Untracked 
|1163|0x0000000791600000, 0x0000000791600000, 0x0000000791800000|  0%| F|  |TAMS 0x0000000791600000, 0x0000000791600000| Untracked 
|1164|0x0000000791800000, 0x0000000791800000, 0x0000000791a00000|  0%| F|  |TAMS 0x0000000791800000, 0x0000000791800000| Untracked 
|1165|0x0000000791a00000, 0x0000000791a00000, 0x0000000791c00000|  0%| F|  |TAMS 0x0000000791a00000, 0x0000000791a00000| Untracked 
|1166|0x0000000791c00000, 0x0000000791c00000, 0x0000000791e00000|  0%| F|  |TAMS 0x0000000791c00000, 0x0000000791c00000| Untracked 
|1167|0x0000000791e00000, 0x0000000791e00000, 0x0000000792000000|  0%| F|  |TAMS 0x0000000791e00000, 0x0000000791e00000| Untracked 
|1168|0x0000000792000000, 0x0000000792000000, 0x0000000792200000|  0%| F|  |TAMS 0x0000000792000000, 0x0000000792000000| Untracked 
|1169|0x0000000792200000, 0x0000000792200000, 0x0000000792400000|  0%| F|  |TAMS 0x0000000792200000, 0x0000000792200000| Untracked 
|1170|0x0000000792400000, 0x0000000792400000, 0x0000000792600000|  0%| F|  |TAMS 0x0000000792400000, 0x0000000792400000| Untracked 
|1171|0x0000000792600000, 0x0000000792600000, 0x0000000792800000|  0%| F|  |TAMS 0x0000000792600000, 0x0000000792600000| Untracked 
|1172|0x0000000792800000, 0x0000000792800000, 0x0000000792a00000|  0%| F|  |TAMS 0x0000000792800000, 0x0000000792800000| Untracked 
|1173|0x0000000792a00000, 0x0000000792a00000, 0x0000000792c00000|  0%| F|  |TAMS 0x0000000792a00000, 0x0000000792a00000| Untracked 
|1174|0x0000000792c00000, 0x0000000792c00000, 0x0000000792e00000|  0%| F|  |TAMS 0x0000000792c00000, 0x0000000792c00000| Untracked 
|1175|0x0000000792e00000, 0x0000000792e00000, 0x0000000793000000|  0%| F|  |TAMS 0x0000000792e00000, 0x0000000792e00000| Untracked 
|1176|0x0000000793000000, 0x0000000793000000, 0x0000000793200000|  0%| F|  |TAMS 0x0000000793000000, 0x0000000793000000| Untracked 
|1177|0x0000000793200000, 0x0000000793200000, 0x0000000793400000|  0%| F|  |TAMS 0x0000000793200000, 0x0000000793200000| Untracked 
|1178|0x0000000793400000, 0x0000000793400000, 0x0000000793600000|  0%| F|  |TAMS 0x0000000793400000, 0x0000000793400000| Untracked 
|1179|0x0000000793600000, 0x0000000793600000, 0x0000000793800000|  0%| F|  |TAMS 0x0000000793600000, 0x0000000793600000| Untracked 
|1180|0x0000000793800000, 0x0000000793800000, 0x0000000793a00000|  0%| F|  |TAMS 0x0000000793800000, 0x0000000793800000| Untracked 
|1181|0x0000000793a00000, 0x0000000793a00000, 0x0000000793c00000|  0%| F|  |TAMS 0x0000000793a00000, 0x0000000793a00000| Untracked 
|1182|0x0000000793c00000, 0x0000000793c00000, 0x0000000793e00000|  0%| F|  |TAMS 0x0000000793c00000, 0x0000000793c00000| Untracked 
|1183|0x0000000793e00000, 0x0000000793e00000, 0x0000000794000000|  0%| F|  |TAMS 0x0000000793e00000, 0x0000000793e00000| Untracked 
|1184|0x0000000794000000, 0x0000000794000000, 0x0000000794200000|  0%| F|  |TAMS 0x0000000794000000, 0x0000000794000000| Untracked 
|1185|0x0000000794200000, 0x0000000794200000, 0x0000000794400000|  0%| F|  |TAMS 0x0000000794200000, 0x0000000794200000| Untracked 
|1186|0x0000000794400000, 0x0000000794400000, 0x0000000794600000|  0%| F|  |TAMS 0x0000000794400000, 0x0000000794400000| Untracked 
|1187|0x0000000794600000, 0x0000000794600000, 0x0000000794800000|  0%| F|  |TAMS 0x0000000794600000, 0x0000000794600000| Untracked 
|1188|0x0000000794800000, 0x0000000794800000, 0x0000000794a00000|  0%| F|  |TAMS 0x0000000794800000, 0x0000000794800000| Untracked 
|1189|0x0000000794a00000, 0x0000000794a00000, 0x0000000794c00000|  0%| F|  |TAMS 0x0000000794a00000, 0x0000000794a00000| Untracked 
|1190|0x0000000794c00000, 0x0000000794c00000, 0x0000000794e00000|  0%| F|  |TAMS 0x0000000794c00000, 0x0000000794c00000| Untracked 
|1191|0x0000000794e00000, 0x0000000794e00000, 0x0000000795000000|  0%| F|  |TAMS 0x0000000794e00000, 0x0000000794e00000| Untracked 
|1192|0x0000000795000000, 0x0000000795000000, 0x0000000795200000|  0%| F|  |TAMS 0x0000000795000000, 0x0000000795000000| Untracked 
|1193|0x0000000795200000, 0x0000000795200000, 0x0000000795400000|  0%| F|  |TAMS 0x0000000795200000, 0x0000000795200000| Untracked 
|1194|0x0000000795400000, 0x0000000795400000, 0x0000000795600000|  0%| F|  |TAMS 0x0000000795400000, 0x0000000795400000| Untracked 
|1195|0x0000000795600000, 0x0000000795600000, 0x0000000795800000|  0%| F|  |TAMS 0x0000000795600000, 0x0000000795600000| Untracked 
|1196|0x0000000795800000, 0x0000000795800000, 0x0000000795a00000|  0%| F|  |TAMS 0x0000000795800000, 0x0000000795800000| Untracked 
|1197|0x0000000795a00000, 0x0000000795a00000, 0x0000000795c00000|  0%| F|  |TAMS 0x0000000795a00000, 0x0000000795a00000| Untracked 
|1198|0x0000000795c00000, 0x0000000795c00000, 0x0000000795e00000|  0%| F|  |TAMS 0x0000000795c00000, 0x0000000795c00000| Untracked 
|1199|0x0000000795e00000, 0x0000000795e00000, 0x0000000796000000|  0%| F|  |TAMS 0x0000000795e00000, 0x0000000795e00000| Untracked 
|1200|0x0000000796000000, 0x0000000796000000, 0x0000000796200000|  0%| F|  |TAMS 0x0000000796000000, 0x0000000796000000| Untracked 
|1201|0x0000000796200000, 0x0000000796200000, 0x0000000796400000|  0%| F|  |TAMS 0x0000000796200000, 0x0000000796200000| Untracked 
|1202|0x0000000796400000, 0x0000000796400000, 0x0000000796600000|  0%| F|  |TAMS 0x0000000796400000, 0x0000000796400000| Untracked 
|1203|0x0000000796600000, 0x0000000796600000, 0x0000000796800000|  0%| F|  |TAMS 0x0000000796600000, 0x0000000796600000| Untracked 
|1204|0x0000000796800000, 0x0000000796800000, 0x0000000796a00000|  0%| F|  |TAMS 0x0000000796800000, 0x0000000796800000| Untracked 
|1205|0x0000000796a00000, 0x0000000796a00000, 0x0000000796c00000|  0%| F|  |TAMS 0x0000000796a00000, 0x0000000796a00000| Untracked 
|1206|0x0000000796c00000, 0x0000000796c00000, 0x0000000796e00000|  0%| F|  |TAMS 0x0000000796c00000, 0x0000000796c00000| Untracked 
|1207|0x0000000796e00000, 0x0000000796e00000, 0x0000000797000000|  0%| F|  |TAMS 0x0000000796e00000, 0x0000000796e00000| Untracked 
|1208|0x0000000797000000, 0x0000000797000000, 0x0000000797200000|  0%| F|  |TAMS 0x0000000797000000, 0x0000000797000000| Untracked 
|1209|0x0000000797200000, 0x0000000797200000, 0x0000000797400000|  0%| F|  |TAMS 0x0000000797200000, 0x0000000797200000| Untracked 
|1210|0x0000000797400000, 0x0000000797400000, 0x0000000797600000|  0%| F|  |TAMS 0x0000000797400000, 0x0000000797400000| Untracked 
|1211|0x0000000797600000, 0x0000000797600000, 0x0000000797800000|  0%| F|  |TAMS 0x0000000797600000, 0x0000000797600000| Untracked 
|1212|0x0000000797800000, 0x0000000797800000, 0x0000000797a00000|  0%| F|  |TAMS 0x0000000797800000, 0x0000000797800000| Untracked 
|1213|0x0000000797a00000, 0x0000000797a00000, 0x0000000797c00000|  0%| F|  |TAMS 0x0000000797a00000, 0x0000000797a00000| Untracked 
|1214|0x0000000797c00000, 0x0000000797c00000, 0x0000000797e00000|  0%| F|  |TAMS 0x0000000797c00000, 0x0000000797c00000| Untracked 
|1215|0x0000000797e00000, 0x0000000797e00000, 0x0000000798000000|  0%| F|  |TAMS 0x0000000797e00000, 0x0000000797e00000| Untracked 
|1216|0x0000000798000000, 0x0000000798000000, 0x0000000798200000|  0%| F|  |TAMS 0x0000000798000000, 0x0000000798000000| Untracked 
|1217|0x0000000798200000, 0x0000000798200000, 0x0000000798400000|  0%| F|  |TAMS 0x0000000798200000, 0x0000000798200000| Untracked 
|1218|0x0000000798400000, 0x0000000798400000, 0x0000000798600000|  0%| F|  |TAMS 0x0000000798400000, 0x0000000798400000| Untracked 
|1219|0x0000000798600000, 0x0000000798600000, 0x0000000798800000|  0%| F|  |TAMS 0x0000000798600000, 0x0000000798600000| Untracked 
|1220|0x0000000798800000, 0x0000000798800000, 0x0000000798a00000|  0%| F|  |TAMS 0x0000000798800000, 0x0000000798800000| Untracked 
|1221|0x0000000798a00000, 0x0000000798a00000, 0x0000000798c00000|  0%| F|  |TAMS 0x0000000798a00000, 0x0000000798a00000| Untracked 
|1222|0x0000000798c00000, 0x0000000798c00000, 0x0000000798e00000|  0%| F|  |TAMS 0x0000000798c00000, 0x0000000798c00000| Untracked 
|1223|0x0000000798e00000, 0x0000000798e00000, 0x0000000799000000|  0%| F|  |TAMS 0x0000000798e00000, 0x0000000798e00000| Untracked 
|1224|0x0000000799000000, 0x0000000799000000, 0x0000000799200000|  0%| F|  |TAMS 0x0000000799000000, 0x0000000799000000| Untracked 
|1225|0x0000000799200000, 0x0000000799200000, 0x0000000799400000|  0%| F|  |TAMS 0x0000000799200000, 0x0000000799200000| Untracked 
|1226|0x0000000799400000, 0x0000000799400000, 0x0000000799600000|  0%| F|  |TAMS 0x0000000799400000, 0x0000000799400000| Untracked 
|1227|0x0000000799600000, 0x0000000799600000, 0x0000000799800000|  0%| F|  |TAMS 0x0000000799600000, 0x0000000799600000| Untracked 
|1228|0x0000000799800000, 0x0000000799800000, 0x0000000799a00000|  0%| F|  |TAMS 0x0000000799800000, 0x0000000799800000| Untracked 
|1229|0x0000000799a00000, 0x0000000799a00000, 0x0000000799c00000|  0%| F|  |TAMS 0x0000000799a00000, 0x0000000799a00000| Untracked 
|1230|0x0000000799c00000, 0x0000000799c00000, 0x0000000799e00000|  0%| F|  |TAMS 0x0000000799c00000, 0x0000000799c00000| Untracked 
|1231|0x0000000799e00000, 0x0000000799e00000, 0x000000079a000000|  0%| F|  |TAMS 0x0000000799e00000, 0x0000000799e00000| Untracked 
|1232|0x000000079a000000, 0x000000079a000000, 0x000000079a200000|  0%| F|  |TAMS 0x000000079a000000, 0x000000079a000000| Untracked 
|1233|0x000000079a200000, 0x000000079a200000, 0x000000079a400000|  0%| F|  |TAMS 0x000000079a200000, 0x000000079a200000| Untracked 
|1234|0x000000079a400000, 0x000000079a400000, 0x000000079a600000|  0%| F|  |TAMS 0x000000079a400000, 0x000000079a400000| Untracked 
|1235|0x000000079a600000, 0x000000079a600000, 0x000000079a800000|  0%| F|  |TAMS 0x000000079a600000, 0x000000079a600000| Untracked 
|1236|0x000000079a800000, 0x000000079a800000, 0x000000079aa00000|  0%| F|  |TAMS 0x000000079a800000, 0x000000079a800000| Untracked 
|1237|0x000000079aa00000, 0x000000079aa00000, 0x000000079ac00000|  0%| F|  |TAMS 0x000000079aa00000, 0x000000079aa00000| Untracked 
|1238|0x000000079ac00000, 0x000000079ac00000, 0x000000079ae00000|  0%| F|  |TAMS 0x000000079ac00000, 0x000000079ac00000| Untracked 
|1239|0x000000079ae00000, 0x000000079ae00000, 0x000000079b000000|  0%| F|  |TAMS 0x000000079ae00000, 0x000000079ae00000| Untracked 
|1240|0x000000079b000000, 0x000000079b000000, 0x000000079b200000|  0%| F|  |TAMS 0x000000079b000000, 0x000000079b000000| Untracked 
|1241|0x000000079b200000, 0x000000079b200000, 0x000000079b400000|  0%| F|  |TAMS 0x000000079b200000, 0x000000079b200000| Untracked 
|1242|0x000000079b400000, 0x000000079b400000, 0x000000079b600000|  0%| F|  |TAMS 0x000000079b400000, 0x000000079b400000| Untracked 
|1243|0x000000079b600000, 0x000000079b600000, 0x000000079b800000|  0%| F|  |TAMS 0x000000079b600000, 0x000000079b600000| Untracked 
|1244|0x000000079b800000, 0x000000079b800000, 0x000000079ba00000|  0%| F|  |TAMS 0x000000079b800000, 0x000000079b800000| Untracked 
|1245|0x000000079ba00000, 0x000000079ba00000, 0x000000079bc00000|  0%| F|  |TAMS 0x000000079ba00000, 0x000000079ba00000| Untracked 
|1246|0x000000079bc00000, 0x000000079bc00000, 0x000000079be00000|  0%| F|  |TAMS 0x000000079bc00000, 0x000000079bc00000| Untracked 
|1247|0x000000079be00000, 0x000000079be00000, 0x000000079c000000|  0%| F|  |TAMS 0x000000079be00000, 0x000000079be00000| Untracked 
|1248|0x000000079c000000, 0x000000079c000000, 0x000000079c200000|  0%| F|  |TAMS 0x000000079c000000, 0x000000079c000000| Untracked 
|1249|0x000000079c200000, 0x000000079c200000, 0x000000079c400000|  0%| F|  |TAMS 0x000000079c200000, 0x000000079c200000| Untracked 
|1250|0x000000079c400000, 0x000000079c400000, 0x000000079c600000|  0%| F|  |TAMS 0x000000079c400000, 0x000000079c400000| Untracked 
|1251|0x000000079c600000, 0x000000079c600000, 0x000000079c800000|  0%| F|  |TAMS 0x000000079c600000, 0x000000079c600000| Untracked 
|1252|0x000000079c800000, 0x000000079c800000, 0x000000079ca00000|  0%| F|  |TAMS 0x000000079c800000, 0x000000079c800000| Untracked 
|1253|0x000000079ca00000, 0x000000079ca00000, 0x000000079cc00000|  0%| F|  |TAMS 0x000000079ca00000, 0x000000079ca00000| Untracked 
|1254|0x000000079cc00000, 0x000000079cc00000, 0x000000079ce00000|  0%| F|  |TAMS 0x000000079cc00000, 0x000000079cc00000| Untracked 
|1255|0x000000079ce00000, 0x000000079ce00000, 0x000000079d000000|  0%| F|  |TAMS 0x000000079ce00000, 0x000000079ce00000| Untracked 
|1256|0x000000079d000000, 0x000000079d000000, 0x000000079d200000|  0%| F|  |TAMS 0x000000079d000000, 0x000000079d000000| Untracked 
|1257|0x000000079d200000, 0x000000079d200000, 0x000000079d400000|  0%| F|  |TAMS 0x000000079d200000, 0x000000079d200000| Untracked 
|1258|0x000000079d400000, 0x000000079d400000, 0x000000079d600000|  0%| F|  |TAMS 0x000000079d400000, 0x000000079d400000| Untracked 
|1259|0x000000079d600000, 0x000000079d600000, 0x000000079d800000|  0%| F|  |TAMS 0x000000079d600000, 0x000000079d600000| Untracked 
|1260|0x000000079d800000, 0x000000079d800000, 0x000000079da00000|  0%| F|  |TAMS 0x000000079d800000, 0x000000079d800000| Untracked 
|1261|0x000000079da00000, 0x000000079da00000, 0x000000079dc00000|  0%| F|  |TAMS 0x000000079da00000, 0x000000079da00000| Untracked 
|1262|0x000000079dc00000, 0x000000079dc00000, 0x000000079de00000|  0%| F|  |TAMS 0x000000079dc00000, 0x000000079dc00000| Untracked 
|1263|0x000000079de00000, 0x000000079de00000, 0x000000079e000000|  0%| F|  |TAMS 0x000000079de00000, 0x000000079de00000| Untracked 
|1264|0x000000079e000000, 0x000000079e000000, 0x000000079e200000|  0%| F|  |TAMS 0x000000079e000000, 0x000000079e000000| Untracked 
|1265|0x000000079e200000, 0x000000079e200000, 0x000000079e400000|  0%| F|  |TAMS 0x000000079e200000, 0x000000079e200000| Untracked 
|1266|0x000000079e400000, 0x000000079e400000, 0x000000079e600000|  0%| F|  |TAMS 0x000000079e400000, 0x000000079e400000| Untracked 
|1267|0x000000079e600000, 0x000000079e600000, 0x000000079e800000|  0%| F|  |TAMS 0x000000079e600000, 0x000000079e600000| Untracked 
|1268|0x000000079e800000, 0x000000079e800000, 0x000000079ea00000|  0%| F|  |TAMS 0x000000079e800000, 0x000000079e800000| Untracked 
|1269|0x000000079ea00000, 0x000000079ea00000, 0x000000079ec00000|  0%| F|  |TAMS 0x000000079ea00000, 0x000000079ea00000| Untracked 
|1270|0x000000079ec00000, 0x000000079ec00000, 0x000000079ee00000|  0%| F|  |TAMS 0x000000079ec00000, 0x000000079ec00000| Untracked 
|1271|0x000000079ee00000, 0x000000079ee00000, 0x000000079f000000|  0%| F|  |TAMS 0x000000079ee00000, 0x000000079ee00000| Untracked 
|1272|0x000000079f000000, 0x000000079f000000, 0x000000079f200000|  0%| F|  |TAMS 0x000000079f000000, 0x000000079f000000| Untracked 
|1273|0x000000079f200000, 0x000000079f200000, 0x000000079f400000|  0%| F|  |TAMS 0x000000079f200000, 0x000000079f200000| Untracked 
|1274|0x000000079f400000, 0x000000079f400000, 0x000000079f600000|  0%| F|  |TAMS 0x000000079f400000, 0x000000079f400000| Untracked 
|1275|0x000000079f600000, 0x000000079f600000, 0x000000079f800000|  0%| F|  |TAMS 0x000000079f600000, 0x000000079f600000| Untracked 
|1276|0x000000079f800000, 0x000000079f800000, 0x000000079fa00000|  0%| F|  |TAMS 0x000000079f800000, 0x000000079f800000| Untracked 
|1277|0x000000079fa00000, 0x000000079fa00000, 0x000000079fc00000|  0%| F|  |TAMS 0x000000079fa00000, 0x000000079fa00000| Untracked 
|1278|0x000000079fc00000, 0x000000079fc00000, 0x000000079fe00000|  0%| F|  |TAMS 0x000000079fc00000, 0x000000079fc00000| Untracked 
|1279|0x000000079fe00000, 0x000000079fe00000, 0x00000007a0000000|  0%| F|  |TAMS 0x000000079fe00000, 0x000000079fe00000| Untracked 
|1280|0x00000007a0000000, 0x00000007a0000000, 0x00000007a0200000|  0%| F|  |TAMS 0x00000007a0000000, 0x00000007a0000000| Untracked 
|1281|0x00000007a0200000, 0x00000007a0200000, 0x00000007a0400000|  0%| F|  |TAMS 0x00000007a0200000, 0x00000007a0200000| Untracked 
|1282|0x00000007a0400000, 0x00000007a0400000, 0x00000007a0600000|  0%| F|  |TAMS 0x00000007a0400000, 0x00000007a0400000| Untracked 
|1283|0x00000007a0600000, 0x00000007a0600000, 0x00000007a0800000|  0%| F|  |TAMS 0x00000007a0600000, 0x00000007a0600000| Untracked 
|1284|0x00000007a0800000, 0x00000007a0800000, 0x00000007a0a00000|  0%| F|  |TAMS 0x00000007a0800000, 0x00000007a0800000| Untracked 
|1285|0x00000007a0a00000, 0x00000007a0a00000, 0x00000007a0c00000|  0%| F|  |TAMS 0x00000007a0a00000, 0x00000007a0a00000| Untracked 
|1286|0x00000007a0c00000, 0x00000007a0c00000, 0x00000007a0e00000|  0%| F|  |TAMS 0x00000007a0c00000, 0x00000007a0c00000| Untracked 
|1287|0x00000007a0e00000, 0x00000007a0e00000, 0x00000007a1000000|  0%| F|  |TAMS 0x00000007a0e00000, 0x00000007a0e00000| Untracked 
|1288|0x00000007a1000000, 0x00000007a1000000, 0x00000007a1200000|  0%| F|  |TAMS 0x00000007a1000000, 0x00000007a1000000| Untracked 
|1289|0x00000007a1200000, 0x00000007a1200000, 0x00000007a1400000|  0%| F|  |TAMS 0x00000007a1200000, 0x00000007a1200000| Untracked 
|1290|0x00000007a1400000, 0x00000007a1400000, 0x00000007a1600000|  0%| F|  |TAMS 0x00000007a1400000, 0x00000007a1400000| Untracked 
|1291|0x00000007a1600000, 0x00000007a1600000, 0x00000007a1800000|  0%| F|  |TAMS 0x00000007a1600000, 0x00000007a1600000| Untracked 
|1292|0x00000007a1800000, 0x00000007a1800000, 0x00000007a1a00000|  0%| F|  |TAMS 0x00000007a1800000, 0x00000007a1800000| Untracked 
|1293|0x00000007a1a00000, 0x00000007a1a00000, 0x00000007a1c00000|  0%| F|  |TAMS 0x00000007a1a00000, 0x00000007a1a00000| Untracked 
|1294|0x00000007a1c00000, 0x00000007a1c00000, 0x00000007a1e00000|  0%| F|  |TAMS 0x00000007a1c00000, 0x00000007a1c00000| Untracked 
|1295|0x00000007a1e00000, 0x00000007a1e00000, 0x00000007a2000000|  0%| F|  |TAMS 0x00000007a1e00000, 0x00000007a1e00000| Untracked 
|1296|0x00000007a2000000, 0x00000007a2000000, 0x00000007a2200000|  0%| F|  |TAMS 0x00000007a2000000, 0x00000007a2000000| Untracked 
|1297|0x00000007a2200000, 0x00000007a2200000, 0x00000007a2400000|  0%| F|  |TAMS 0x00000007a2200000, 0x00000007a2200000| Untracked 
|1298|0x00000007a2400000, 0x00000007a2400000, 0x00000007a2600000|  0%| F|  |TAMS 0x00000007a2400000, 0x00000007a2400000| Untracked 
|1299|0x00000007a2600000, 0x00000007a2600000, 0x00000007a2800000|  0%| F|  |TAMS 0x00000007a2600000, 0x00000007a2600000| Untracked 
|1300|0x00000007a2800000, 0x00000007a2800000, 0x00000007a2a00000|  0%| F|  |TAMS 0x00000007a2800000, 0x00000007a2800000| Untracked 
|1301|0x00000007a2a00000, 0x00000007a2a00000, 0x00000007a2c00000|  0%| F|  |TAMS 0x00000007a2a00000, 0x00000007a2a00000| Untracked 
|1302|0x00000007a2c00000, 0x00000007a2c00000, 0x00000007a2e00000|  0%| F|  |TAMS 0x00000007a2c00000, 0x00000007a2c00000| Untracked 
|1303|0x00000007a2e00000, 0x00000007a2e00000, 0x00000007a3000000|  0%| F|  |TAMS 0x00000007a2e00000, 0x00000007a2e00000| Untracked 
|1304|0x00000007a3000000, 0x00000007a3000000, 0x00000007a3200000|  0%| F|  |TAMS 0x00000007a3000000, 0x00000007a3000000| Untracked 
|1305|0x00000007a3200000, 0x00000007a3200000, 0x00000007a3400000|  0%| F|  |TAMS 0x00000007a3200000, 0x00000007a3200000| Untracked 
|1306|0x00000007a3400000, 0x00000007a3400000, 0x00000007a3600000|  0%| F|  |TAMS 0x00000007a3400000, 0x00000007a3400000| Untracked 
|1307|0x00000007a3600000, 0x00000007a3600000, 0x00000007a3800000|  0%| F|  |TAMS 0x00000007a3600000, 0x00000007a3600000| Untracked 
|1308|0x00000007a3800000, 0x00000007a3800000, 0x00000007a3a00000|  0%| F|  |TAMS 0x00000007a3800000, 0x00000007a3800000| Untracked 
|1309|0x00000007a3a00000, 0x00000007a3a00000, 0x00000007a3c00000|  0%| F|  |TAMS 0x00000007a3a00000, 0x00000007a3a00000| Untracked 
|1310|0x00000007a3c00000, 0x00000007a3c00000, 0x00000007a3e00000|  0%| F|  |TAMS 0x00000007a3c00000, 0x00000007a3c00000| Untracked 
|1311|0x00000007a3e00000, 0x00000007a3e00000, 0x00000007a4000000|  0%| F|  |TAMS 0x00000007a3e00000, 0x00000007a3e00000| Untracked 
|1312|0x00000007a4000000, 0x00000007a4000000, 0x00000007a4200000|  0%| F|  |TAMS 0x00000007a4000000, 0x00000007a4000000| Untracked 
|1313|0x00000007a4200000, 0x00000007a4200000, 0x00000007a4400000|  0%| F|  |TAMS 0x00000007a4200000, 0x00000007a4200000| Untracked 
|1314|0x00000007a4400000, 0x00000007a4400000, 0x00000007a4600000|  0%| F|  |TAMS 0x00000007a4400000, 0x00000007a4400000| Untracked 
|1315|0x00000007a4600000, 0x00000007a4600000, 0x00000007a4800000|  0%| F|  |TAMS 0x00000007a4600000, 0x00000007a4600000| Untracked 
|1316|0x00000007a4800000, 0x00000007a4800000, 0x00000007a4a00000|  0%| F|  |TAMS 0x00000007a4800000, 0x00000007a4800000| Untracked 
|1317|0x00000007a4a00000, 0x00000007a4a00000, 0x00000007a4c00000|  0%| F|  |TAMS 0x00000007a4a00000, 0x00000007a4a00000| Untracked 
|1318|0x00000007a4c00000, 0x00000007a4c00000, 0x00000007a4e00000|  0%| F|  |TAMS 0x00000007a4c00000, 0x00000007a4c00000| Untracked 
|1319|0x00000007a4e00000, 0x00000007a4e00000, 0x00000007a5000000|  0%| F|  |TAMS 0x00000007a4e00000, 0x00000007a4e00000| Untracked 
|1320|0x00000007a5000000, 0x00000007a5000000, 0x00000007a5200000|  0%| F|  |TAMS 0x00000007a5000000, 0x00000007a5000000| Untracked 
|1321|0x00000007a5200000, 0x00000007a5200000, 0x00000007a5400000|  0%| F|  |TAMS 0x00000007a5200000, 0x00000007a5200000| Untracked 
|1322|0x00000007a5400000, 0x00000007a5400000, 0x00000007a5600000|  0%| F|  |TAMS 0x00000007a5400000, 0x00000007a5400000| Untracked 
|1323|0x00000007a5600000, 0x00000007a5600000, 0x00000007a5800000|  0%| F|  |TAMS 0x00000007a5600000, 0x00000007a5600000| Untracked 
|1324|0x00000007a5800000, 0x00000007a5800000, 0x00000007a5a00000|  0%| F|  |TAMS 0x00000007a5800000, 0x00000007a5800000| Untracked 
|1325|0x00000007a5a00000, 0x00000007a5a00000, 0x00000007a5c00000|  0%| F|  |TAMS 0x00000007a5a00000, 0x00000007a5a00000| Untracked 
|1326|0x00000007a5c00000, 0x00000007a5c00000, 0x00000007a5e00000|  0%| F|  |TAMS 0x00000007a5c00000, 0x00000007a5c00000| Untracked 
|1327|0x00000007a5e00000, 0x00000007a5e00000, 0x00000007a6000000|  0%| F|  |TAMS 0x00000007a5e00000, 0x00000007a5e00000| Untracked 
|1328|0x00000007a6000000, 0x00000007a6000000, 0x00000007a6200000|  0%| F|  |TAMS 0x00000007a6000000, 0x00000007a6000000| Untracked 
|1329|0x00000007a6200000, 0x00000007a6200000, 0x00000007a6400000|  0%| F|  |TAMS 0x00000007a6200000, 0x00000007a6200000| Untracked 
|1330|0x00000007a6400000, 0x00000007a6400000, 0x00000007a6600000|  0%| F|  |TAMS 0x00000007a6400000, 0x00000007a6400000| Untracked 
|1331|0x00000007a6600000, 0x00000007a6600000, 0x00000007a6800000|  0%| F|  |TAMS 0x00000007a6600000, 0x00000007a6600000| Untracked 
|1332|0x00000007a6800000, 0x00000007a6800000, 0x00000007a6a00000|  0%| F|  |TAMS 0x00000007a6800000, 0x00000007a6800000| Untracked 
|1333|0x00000007a6a00000, 0x00000007a6a00000, 0x00000007a6c00000|  0%| F|  |TAMS 0x00000007a6a00000, 0x00000007a6a00000| Untracked 
|1334|0x00000007a6c00000, 0x00000007a6c00000, 0x00000007a6e00000|  0%| F|  |TAMS 0x00000007a6c00000, 0x00000007a6c00000| Untracked 
|1335|0x00000007a6e00000, 0x00000007a6e00000, 0x00000007a7000000|  0%| F|  |TAMS 0x00000007a6e00000, 0x00000007a6e00000| Untracked 
|1336|0x00000007a7000000, 0x00000007a7000000, 0x00000007a7200000|  0%| F|  |TAMS 0x00000007a7000000, 0x00000007a7000000| Untracked 
|1337|0x00000007a7200000, 0x00000007a7200000, 0x00000007a7400000|  0%| F|  |TAMS 0x00000007a7200000, 0x00000007a7200000| Untracked 
|1338|0x00000007a7400000, 0x00000007a7400000, 0x00000007a7600000|  0%| F|  |TAMS 0x00000007a7400000, 0x00000007a7400000| Untracked 
|1339|0x00000007a7600000, 0x00000007a7600000, 0x00000007a7800000|  0%| F|  |TAMS 0x00000007a7600000, 0x00000007a7600000| Untracked 
|1340|0x00000007a7800000, 0x00000007a7800000, 0x00000007a7a00000|  0%| F|  |TAMS 0x00000007a7800000, 0x00000007a7800000| Untracked 
|1341|0x00000007a7a00000, 0x00000007a7a00000, 0x00000007a7c00000|  0%| F|  |TAMS 0x00000007a7a00000, 0x00000007a7a00000| Untracked 
|1342|0x00000007a7c00000, 0x00000007a7c00000, 0x00000007a7e00000|  0%| F|  |TAMS 0x00000007a7c00000, 0x00000007a7c00000| Untracked 
|1343|0x00000007a7e00000, 0x00000007a7e00000, 0x00000007a8000000|  0%| F|  |TAMS 0x00000007a7e00000, 0x00000007a7e00000| Untracked 
|1344|0x00000007a8000000, 0x00000007a8000000, 0x00000007a8200000|  0%| F|  |TAMS 0x00000007a8000000, 0x00000007a8000000| Untracked 
|1345|0x00000007a8200000, 0x00000007a8200000, 0x00000007a8400000|  0%| F|  |TAMS 0x00000007a8200000, 0x00000007a8200000| Untracked 
|1346|0x00000007a8400000, 0x00000007a8400000, 0x00000007a8600000|  0%| F|  |TAMS 0x00000007a8400000, 0x00000007a8400000| Untracked 
|1347|0x00000007a8600000, 0x00000007a8600000, 0x00000007a8800000|  0%| F|  |TAMS 0x00000007a8600000, 0x00000007a8600000| Untracked 
|1348|0x00000007a8800000, 0x00000007a8800000, 0x00000007a8a00000|  0%| F|  |TAMS 0x00000007a8800000, 0x00000007a8800000| Untracked 
|1349|0x00000007a8a00000, 0x00000007a8a00000, 0x00000007a8c00000|  0%| F|  |TAMS 0x00000007a8a00000, 0x00000007a8a00000| Untracked 
|1350|0x00000007a8c00000, 0x00000007a8c00000, 0x00000007a8e00000|  0%| F|  |TAMS 0x00000007a8c00000, 0x00000007a8c00000| Untracked 
|1351|0x00000007a8e00000, 0x00000007a8e00000, 0x00000007a9000000|  0%| F|  |TAMS 0x00000007a8e00000, 0x00000007a8e00000| Untracked 
|1352|0x00000007a9000000, 0x00000007a9000000, 0x00000007a9200000|  0%| F|  |TAMS 0x00000007a9000000, 0x00000007a9000000| Untracked 
|1353|0x00000007a9200000, 0x00000007a9200000, 0x00000007a9400000|  0%| F|  |TAMS 0x00000007a9200000, 0x00000007a9200000| Untracked 
|1354|0x00000007a9400000, 0x00000007a9400000, 0x00000007a9600000|  0%| F|  |TAMS 0x00000007a9400000, 0x00000007a9400000| Untracked 
|1355|0x00000007a9600000, 0x00000007a9600000, 0x00000007a9800000|  0%| F|  |TAMS 0x00000007a9600000, 0x00000007a9600000| Untracked 
|1356|0x00000007a9800000, 0x00000007a9800000, 0x00000007a9a00000|  0%| F|  |TAMS 0x00000007a9800000, 0x00000007a9800000| Untracked 
|1357|0x00000007a9a00000, 0x00000007a9a00000, 0x00000007a9c00000|  0%| F|  |TAMS 0x00000007a9a00000, 0x00000007a9a00000| Untracked 
|1358|0x00000007a9c00000, 0x00000007a9c00000, 0x00000007a9e00000|  0%| F|  |TAMS 0x00000007a9c00000, 0x00000007a9c00000| Untracked 
|1359|0x00000007a9e00000, 0x00000007a9e00000, 0x00000007aa000000|  0%| F|  |TAMS 0x00000007a9e00000, 0x00000007a9e00000| Untracked 
|1360|0x00000007aa000000, 0x00000007aa000000, 0x00000007aa200000|  0%| F|  |TAMS 0x00000007aa000000, 0x00000007aa000000| Untracked 
|1361|0x00000007aa200000, 0x00000007aa200000, 0x00000007aa400000|  0%| F|  |TAMS 0x00000007aa200000, 0x00000007aa200000| Untracked 
|1362|0x00000007aa400000, 0x00000007aa600000, 0x00000007aa600000|100%| O|  |TAMS 0x00000007aa600000, 0x00000007aa400000| Untracked 
|1363|0x00000007aa600000, 0x00000007aa800000, 0x00000007aa800000|100%| O|  |TAMS 0x00000007aa800000, 0x00000007aa600000| Untracked 
|1364|0x00000007aa800000, 0x00000007aa800000, 0x00000007aaa00000|  0%| F|  |TAMS 0x00000007aa800000, 0x00000007aa800000| Untracked 
|1365|0x00000007aaa00000, 0x00000007aaa00000, 0x00000007aac00000|  0%| F|  |TAMS 0x00000007aaa00000, 0x00000007aaa00000| Untracked 
|1366|0x00000007aac00000, 0x00000007aac00000, 0x00000007aae00000|  0%| F|  |TAMS 0x00000007aac00000, 0x00000007aac00000| Untracked 
|1367|0x00000007aae00000, 0x00000007aae00000, 0x00000007ab000000|  0%| F|  |TAMS 0x00000007aae00000, 0x00000007aae00000| Untracked 
|1368|0x00000007ab000000, 0x00000007ab000000, 0x00000007ab200000|  0%| F|  |TAMS 0x00000007ab000000, 0x00000007ab000000| Untracked 
|1369|0x00000007ab200000, 0x00000007ab200000, 0x00000007ab400000|  0%| F|  |TAMS 0x00000007ab200000, 0x00000007ab200000| Untracked 
|1370|0x00000007ab400000, 0x00000007ab600000, 0x00000007ab600000|100%| O|  |TAMS 0x00000007ab600000, 0x00000007ab400000| Untracked 
|1371|0x00000007ab600000, 0x00000007ab800000, 0x00000007ab800000|100%| O|  |TAMS 0x00000007ab800000, 0x00000007ab600000| Untracked 
|1372|0x00000007ab800000, 0x00000007aba00000, 0x00000007aba00000|100%| O|  |TAMS 0x00000007aba00000, 0x00000007ab800000| Untracked 
|1373|0x00000007aba00000, 0x00000007abc00000, 0x00000007abc00000|100%| O|  |TAMS 0x00000007abc00000, 0x00000007aba00000| Untracked 
|1374|0x00000007abc00000, 0x00000007abe00000, 0x00000007abe00000|100%| O|  |TAMS 0x00000007abe00000, 0x00000007abc00000| Untracked 
|1375|0x00000007abe00000, 0x00000007ac000000, 0x00000007ac000000|100%| O|  |TAMS 0x00000007ac000000, 0x00000007abe00000| Untracked 
|1376|0x00000007ac000000, 0x00000007ac200000, 0x00000007ac200000|100%| O|  |TAMS 0x00000007ac200000, 0x00000007ac000000| Untracked 
|1377|0x00000007ac200000, 0x00000007ac200000, 0x00000007ac400000|  0%| F|  |TAMS 0x00000007ac200000, 0x00000007ac200000| Untracked 
|1378|0x00000007ac400000, 0x00000007ac600000, 0x00000007ac600000|100%| O|  |TAMS 0x00000007ac600000, 0x00000007ac400000| Untracked 
|1379|0x00000007ac600000, 0x00000007ac800000, 0x00000007ac800000|100%| O|  |TAMS 0x00000007ac800000, 0x00000007ac600000| Untracked 
|1380|0x00000007ac800000, 0x00000007ac800000, 0x00000007aca00000|  0%| F|  |TAMS 0x00000007ac800000, 0x00000007ac800000| Untracked 
|1381|0x00000007aca00000, 0x00000007aca00000, 0x00000007acc00000|  0%| F|  |TAMS 0x00000007aca00000, 0x00000007aca00000| Untracked 
|1382|0x00000007acc00000, 0x00000007acc00000, 0x00000007ace00000|  0%| F|  |TAMS 0x00000007acc00000, 0x00000007acc00000| Untracked 
|1383|0x00000007ace00000, 0x00000007ace00000, 0x00000007ad000000|  0%| F|  |TAMS 0x00000007ace00000, 0x00000007ace00000| Untracked 
|1384|0x00000007ad000000, 0x00000007ad000000, 0x00000007ad200000|  0%| F|  |TAMS 0x00000007ad000000, 0x00000007ad000000| Untracked 
|1385|0x00000007ad200000, 0x00000007ad200000, 0x00000007ad400000|  0%| F|  |TAMS 0x00000007ad200000, 0x00000007ad200000| Untracked 
|1386|0x00000007ad400000, 0x00000007ad400000, 0x00000007ad600000|  0%| F|  |TAMS 0x00000007ad400000, 0x00000007ad400000| Untracked 
|1387|0x00000007ad600000, 0x00000007ad600000, 0x00000007ad800000|  0%| F|  |TAMS 0x00000007ad600000, 0x00000007ad600000| Untracked 
|1388|0x00000007ad800000, 0x00000007ad800000, 0x00000007ada00000|  0%| F|  |TAMS 0x00000007ad800000, 0x00000007ad800000| Untracked 
|1389|0x00000007ada00000, 0x00000007ada00000, 0x00000007adc00000|  0%| F|  |TAMS 0x00000007ada00000, 0x00000007ada00000| Untracked 
|1390|0x00000007adc00000, 0x00000007adc00000, 0x00000007ade00000|  0%| F|  |TAMS 0x00000007adc00000, 0x00000007adc00000| Untracked 
|1391|0x00000007ade00000, 0x00000007ade00000, 0x00000007ae000000|  0%| F|  |TAMS 0x00000007ade00000, 0x00000007ade00000| Untracked 
|1392|0x00000007ae000000, 0x00000007ae000000, 0x00000007ae200000|  0%| F|  |TAMS 0x00000007ae000000, 0x00000007ae000000| Untracked 
|1393|0x00000007ae200000, 0x00000007ae200000, 0x00000007ae400000|  0%| F|  |TAMS 0x00000007ae200000, 0x00000007ae200000| Untracked 
|1394|0x00000007ae400000, 0x00000007ae400000, 0x00000007ae600000|  0%| F|  |TAMS 0x00000007ae400000, 0x00000007ae400000| Untracked 
|1395|0x00000007ae600000, 0x00000007ae600000, 0x00000007ae800000|  0%| F|  |TAMS 0x00000007ae600000, 0x00000007ae600000| Untracked 
|1396|0x00000007ae800000, 0x00000007ae800000, 0x00000007aea00000|  0%| F|  |TAMS 0x00000007ae800000, 0x00000007ae800000| Untracked 
|1397|0x00000007aea00000, 0x00000007aea00000, 0x00000007aec00000|  0%| F|  |TAMS 0x00000007aea00000, 0x00000007aea00000| Untracked 
|1398|0x00000007aec00000, 0x00000007aec00000, 0x00000007aee00000|  0%| F|  |TAMS 0x00000007aec00000, 0x00000007aec00000| Untracked 
|1399|0x00000007aee00000, 0x00000007aee00000, 0x00000007af000000|  0%| F|  |TAMS 0x00000007aee00000, 0x00000007aee00000| Untracked 
|1400|0x00000007af000000, 0x00000007af000000, 0x00000007af200000|  0%| F|  |TAMS 0x00000007af000000, 0x00000007af000000| Untracked 
|1401|0x00000007af200000, 0x00000007af200000, 0x00000007af400000|  0%| F|  |TAMS 0x00000007af200000, 0x00000007af200000| Untracked 
|1402|0x00000007af400000, 0x00000007af400000, 0x00000007af600000|  0%| F|  |TAMS 0x00000007af400000, 0x00000007af400000| Untracked 
|1403|0x00000007af600000, 0x00000007af600000, 0x00000007af800000|  0%| F|  |TAMS 0x00000007af600000, 0x00000007af600000| Untracked 
|1404|0x00000007af800000, 0x00000007af800000, 0x00000007afa00000|  0%| F|  |TAMS 0x00000007af800000, 0x00000007af800000| Untracked 
|1405|0x00000007afa00000, 0x00000007afa00000, 0x00000007afc00000|  0%| F|  |TAMS 0x00000007afa00000, 0x00000007afa00000| Untracked 
|1406|0x00000007afc00000, 0x00000007afc00000, 0x00000007afe00000|  0%| F|  |TAMS 0x00000007afc00000, 0x00000007afc00000| Untracked 
|1407|0x00000007afe00000, 0x00000007afe00000, 0x00000007b0000000|  0%| F|  |TAMS 0x00000007afe00000, 0x00000007afe00000| Untracked 
|1408|0x00000007b0000000, 0x00000007b0000000, 0x00000007b0200000|  0%| F|  |TAMS 0x00000007b0000000, 0x00000007b0000000| Untracked 
|1409|0x00000007b0200000, 0x00000007b0200000, 0x00000007b0400000|  0%| F|  |TAMS 0x00000007b0200000, 0x00000007b0200000| Untracked 
|1410|0x00000007b0400000, 0x00000007b0400000, 0x00000007b0600000|  0%| F|  |TAMS 0x00000007b0400000, 0x00000007b0400000| Untracked 
|1411|0x00000007b0600000, 0x00000007b0600000, 0x00000007b0800000|  0%| F|  |TAMS 0x00000007b0600000, 0x00000007b0600000| Untracked 
|1412|0x00000007b0800000, 0x00000007b0800000, 0x00000007b0a00000|  0%| F|  |TAMS 0x00000007b0800000, 0x00000007b0800000| Untracked 
|1413|0x00000007b0a00000, 0x00000007b0a00000, 0x00000007b0c00000|  0%| F|  |TAMS 0x00000007b0a00000, 0x00000007b0a00000| Untracked 
|1414|0x00000007b0c00000, 0x00000007b0c00000, 0x00000007b0e00000|  0%| F|  |TAMS 0x00000007b0c00000, 0x00000007b0c00000| Untracked 
|1415|0x00000007b0e00000, 0x00000007b0e00000, 0x00000007b1000000|  0%| F|  |TAMS 0x00000007b0e00000, 0x00000007b0e00000| Untracked 
|1416|0x00000007b1000000, 0x00000007b1000000, 0x00000007b1200000|  0%| F|  |TAMS 0x00000007b1000000, 0x00000007b1000000| Untracked 
|1417|0x00000007b1200000, 0x00000007b1200000, 0x00000007b1400000|  0%| F|  |TAMS 0x00000007b1200000, 0x00000007b1200000| Untracked 
|1418|0x00000007b1400000, 0x00000007b1400000, 0x00000007b1600000|  0%| F|  |TAMS 0x00000007b1400000, 0x00000007b1400000| Untracked 
|1419|0x00000007b1600000, 0x00000007b1600000, 0x00000007b1800000|  0%| F|  |TAMS 0x00000007b1600000, 0x00000007b1600000| Untracked 
|1420|0x00000007b1800000, 0x00000007b1800000, 0x00000007b1a00000|  0%| F|  |TAMS 0x00000007b1800000, 0x00000007b1800000| Untracked 
|1421|0x00000007b1a00000, 0x00000007b1a00000, 0x00000007b1c00000|  0%| F|  |TAMS 0x00000007b1a00000, 0x00000007b1a00000| Untracked 
|1422|0x00000007b1c00000, 0x00000007b1c00000, 0x00000007b1e00000|  0%| F|  |TAMS 0x00000007b1c00000, 0x00000007b1c00000| Untracked 
|1423|0x00000007b1e00000, 0x00000007b1e00000, 0x00000007b2000000|  0%| F|  |TAMS 0x00000007b1e00000, 0x00000007b1e00000| Untracked 
|1424|0x00000007b2000000, 0x00000007b2000000, 0x00000007b2200000|  0%| F|  |TAMS 0x00000007b2000000, 0x00000007b2000000| Untracked 
|1425|0x00000007b2200000, 0x00000007b2200000, 0x00000007b2400000|  0%| F|  |TAMS 0x00000007b2200000, 0x00000007b2200000| Untracked 
|1426|0x00000007b2400000, 0x00000007b2400000, 0x00000007b2600000|  0%| F|  |TAMS 0x00000007b2400000, 0x00000007b2400000| Untracked 
|1427|0x00000007b2600000, 0x00000007b2600000, 0x00000007b2800000|  0%| F|  |TAMS 0x00000007b2600000, 0x00000007b2600000| Untracked 
|1428|0x00000007b2800000, 0x00000007b2800000, 0x00000007b2a00000|  0%| F|  |TAMS 0x00000007b2800000, 0x00000007b2800000| Untracked 
|1429|0x00000007b2a00000, 0x00000007b2a00000, 0x00000007b2c00000|  0%| F|  |TAMS 0x00000007b2a00000, 0x00000007b2a00000| Untracked 
|1430|0x00000007b2c00000, 0x00000007b2c00000, 0x00000007b2e00000|  0%| F|  |TAMS 0x00000007b2c00000, 0x00000007b2c00000| Untracked 
|1431|0x00000007b2e00000, 0x00000007b2e00000, 0x00000007b3000000|  0%| F|  |TAMS 0x00000007b2e00000, 0x00000007b2e00000| Untracked 
|1432|0x00000007b3000000, 0x00000007b3000000, 0x00000007b3200000|  0%| F|  |TAMS 0x00000007b3000000, 0x00000007b3000000| Untracked 
|1433|0x00000007b3200000, 0x00000007b3200000, 0x00000007b3400000|  0%| F|  |TAMS 0x00000007b3200000, 0x00000007b3200000| Untracked 
|1434|0x00000007b3400000, 0x00000007b3400000, 0x00000007b3600000|  0%| F|  |TAMS 0x00000007b3400000, 0x00000007b3400000| Untracked 
|1435|0x00000007b3600000, 0x00000007b3600000, 0x00000007b3800000|  0%| F|  |TAMS 0x00000007b3600000, 0x00000007b3600000| Untracked 
|1436|0x00000007b3800000, 0x00000007b3800000, 0x00000007b3a00000|  0%| F|  |TAMS 0x00000007b3800000, 0x00000007b3800000| Untracked 
|1437|0x00000007b3a00000, 0x00000007b3a00000, 0x00000007b3c00000|  0%| F|  |TAMS 0x00000007b3a00000, 0x00000007b3a00000| Untracked 
|1438|0x00000007b3c00000, 0x00000007b3c00000, 0x00000007b3e00000|  0%| F|  |TAMS 0x00000007b3c00000, 0x00000007b3c00000| Untracked 
|1439|0x00000007b3e00000, 0x00000007b3e00000, 0x00000007b4000000|  0%| F|  |TAMS 0x00000007b3e00000, 0x00000007b3e00000| Untracked 
|1440|0x00000007b4000000, 0x00000007b4000000, 0x00000007b4200000|  0%| F|  |TAMS 0x00000007b4000000, 0x00000007b4000000| Untracked 
|1441|0x00000007b4200000, 0x00000007b4200000, 0x00000007b4400000|  0%| F|  |TAMS 0x00000007b4200000, 0x00000007b4200000| Untracked 
|1442|0x00000007b4400000, 0x00000007b4400000, 0x00000007b4600000|  0%| F|  |TAMS 0x00000007b4400000, 0x00000007b4400000| Untracked 
|1443|0x00000007b4600000, 0x00000007b4600000, 0x00000007b4800000|  0%| F|  |TAMS 0x00000007b4600000, 0x00000007b4600000| Untracked 
|1444|0x00000007b4800000, 0x00000007b4800000, 0x00000007b4a00000|  0%| F|  |TAMS 0x00000007b4800000, 0x00000007b4800000| Untracked 
|1445|0x00000007b4a00000, 0x00000007b4a00000, 0x00000007b4c00000|  0%| F|  |TAMS 0x00000007b4a00000, 0x00000007b4a00000| Untracked 
|1446|0x00000007b4c00000, 0x00000007b4c00000, 0x00000007b4e00000|  0%| F|  |TAMS 0x00000007b4c00000, 0x00000007b4c00000| Untracked 
|1447|0x00000007b4e00000, 0x00000007b4e00000, 0x00000007b5000000|  0%| F|  |TAMS 0x00000007b4e00000, 0x00000007b4e00000| Untracked 
|1448|0x00000007b5000000, 0x00000007b5000000, 0x00000007b5200000|  0%| F|  |TAMS 0x00000007b5000000, 0x00000007b5000000| Untracked 
|1449|0x00000007b5200000, 0x00000007b5200000, 0x00000007b5400000|  0%| F|  |TAMS 0x00000007b5200000, 0x00000007b5200000| Untracked 
|1450|0x00000007b5400000, 0x00000007b5400000, 0x00000007b5600000|  0%| F|  |TAMS 0x00000007b5400000, 0x00000007b5400000| Untracked 
|1451|0x00000007b5600000, 0x00000007b5600000, 0x00000007b5800000|  0%| F|  |TAMS 0x00000007b5600000, 0x00000007b5600000| Untracked 
|1452|0x00000007b5800000, 0x00000007b5800000, 0x00000007b5a00000|  0%| F|  |TAMS 0x00000007b5800000, 0x00000007b5800000| Untracked 
|1453|0x00000007b5a00000, 0x00000007b5a00000, 0x00000007b5c00000|  0%| F|  |TAMS 0x00000007b5a00000, 0x00000007b5a00000| Untracked 
|1454|0x00000007b5c00000, 0x00000007b5c00000, 0x00000007b5e00000|  0%| F|  |TAMS 0x00000007b5c00000, 0x00000007b5c00000| Untracked 
|1455|0x00000007b5e00000, 0x00000007b5e00000, 0x00000007b6000000|  0%| F|  |TAMS 0x00000007b5e00000, 0x00000007b5e00000| Untracked 
|1456|0x00000007b6000000, 0x00000007b6000000, 0x00000007b6200000|  0%| F|  |TAMS 0x00000007b6000000, 0x00000007b6000000| Untracked 
|1457|0x00000007b6200000, 0x00000007b6200000, 0x00000007b6400000|  0%| F|  |TAMS 0x00000007b6200000, 0x00000007b6200000| Untracked 
|1458|0x00000007b6400000, 0x00000007b6400000, 0x00000007b6600000|  0%| F|  |TAMS 0x00000007b6400000, 0x00000007b6400000| Untracked 
|1459|0x00000007b6600000, 0x00000007b6600000, 0x00000007b6800000|  0%| F|  |TAMS 0x00000007b6600000, 0x00000007b6600000| Untracked 
|1460|0x00000007b6800000, 0x00000007b6800000, 0x00000007b6a00000|  0%| F|  |TAMS 0x00000007b6800000, 0x00000007b6800000| Untracked 
|1461|0x00000007b6a00000, 0x00000007b6a00000, 0x00000007b6c00000|  0%| F|  |TAMS 0x00000007b6a00000, 0x00000007b6a00000| Untracked 
|1462|0x00000007b6c00000, 0x00000007b6c00000, 0x00000007b6e00000|  0%| F|  |TAMS 0x00000007b6c00000, 0x00000007b6c00000| Untracked 
|1463|0x00000007b6e00000, 0x00000007b6e00000, 0x00000007b7000000|  0%| F|  |TAMS 0x00000007b6e00000, 0x00000007b6e00000| Untracked 
|1464|0x00000007b7000000, 0x00000007b7000000, 0x00000007b7200000|  0%| F|  |TAMS 0x00000007b7000000, 0x00000007b7000000| Untracked 
|1465|0x00000007b7200000, 0x00000007b7200000, 0x00000007b7400000|  0%| F|  |TAMS 0x00000007b7200000, 0x00000007b7200000| Untracked 
|1466|0x00000007b7400000, 0x00000007b7400000, 0x00000007b7600000|  0%| F|  |TAMS 0x00000007b7400000, 0x00000007b7400000| Untracked 
|1467|0x00000007b7600000, 0x00000007b7600000, 0x00000007b7800000|  0%| F|  |TAMS 0x00000007b7600000, 0x00000007b7600000| Untracked 
|1468|0x00000007b7800000, 0x00000007b7800000, 0x00000007b7a00000|  0%| F|  |TAMS 0x00000007b7800000, 0x00000007b7800000| Untracked 
|1469|0x00000007b7a00000, 0x00000007b7a00000, 0x00000007b7c00000|  0%| F|  |TAMS 0x00000007b7a00000, 0x00000007b7a00000| Untracked 
|1470|0x00000007b7c00000, 0x00000007b7c00000, 0x00000007b7e00000|  0%| F|  |TAMS 0x00000007b7c00000, 0x00000007b7c00000| Untracked 
|1471|0x00000007b7e00000, 0x00000007b7e00000, 0x00000007b8000000|  0%| F|  |TAMS 0x00000007b7e00000, 0x00000007b7e00000| Untracked 
|1472|0x00000007b8000000, 0x00000007b8000000, 0x00000007b8200000|  0%| F|  |TAMS 0x00000007b8000000, 0x00000007b8000000| Untracked 
|1473|0x00000007b8200000, 0x00000007b8200000, 0x00000007b8400000|  0%| F|  |TAMS 0x00000007b8200000, 0x00000007b8200000| Untracked 
|1474|0x00000007b8400000, 0x00000007b8400000, 0x00000007b8600000|  0%| F|  |TAMS 0x00000007b8400000, 0x00000007b8400000| Untracked 
|1475|0x00000007b8600000, 0x00000007b8600000, 0x00000007b8800000|  0%| F|  |TAMS 0x00000007b8600000, 0x00000007b8600000| Untracked 
|1476|0x00000007b8800000, 0x00000007b8800000, 0x00000007b8a00000|  0%| F|  |TAMS 0x00000007b8800000, 0x00000007b8800000| Untracked 
|1477|0x00000007b8a00000, 0x00000007b8a00000, 0x00000007b8c00000|  0%| F|  |TAMS 0x00000007b8a00000, 0x00000007b8a00000| Untracked 
|1478|0x00000007b8c00000, 0x00000007b8c00000, 0x00000007b8e00000|  0%| F|  |TAMS 0x00000007b8c00000, 0x00000007b8c00000| Untracked 
|1479|0x00000007b8e00000, 0x00000007b8e00000, 0x00000007b9000000|  0%| F|  |TAMS 0x00000007b8e00000, 0x00000007b8e00000| Untracked 
|1480|0x00000007b9000000, 0x00000007b9000000, 0x00000007b9200000|  0%| F|  |TAMS 0x00000007b9000000, 0x00000007b9000000| Untracked 
|1481|0x00000007b9200000, 0x00000007b9200000, 0x00000007b9400000|  0%| F|  |TAMS 0x00000007b9200000, 0x00000007b9200000| Untracked 
|1482|0x00000007b9400000, 0x00000007b9400000, 0x00000007b9600000|  0%| F|  |TAMS 0x00000007b9400000, 0x00000007b9400000| Untracked 
|1483|0x00000007b9600000, 0x00000007b9600000, 0x00000007b9800000|  0%| F|  |TAMS 0x00000007b9600000, 0x00000007b9600000| Untracked 
|1484|0x00000007b9800000, 0x00000007b9800000, 0x00000007b9a00000|  0%| F|  |TAMS 0x00000007b9800000, 0x00000007b9800000| Untracked 
|1485|0x00000007b9a00000, 0x00000007b9a00000, 0x00000007b9c00000|  0%| F|  |TAMS 0x00000007b9a00000, 0x00000007b9a00000| Untracked 
|1486|0x00000007b9c00000, 0x00000007b9c00000, 0x00000007b9e00000|  0%| F|  |TAMS 0x00000007b9c00000, 0x00000007b9c00000| Untracked 
|1487|0x00000007b9e00000, 0x00000007b9e00000, 0x00000007ba000000|  0%| F|  |TAMS 0x00000007b9e00000, 0x00000007b9e00000| Untracked 
|1488|0x00000007ba000000, 0x00000007ba000000, 0x00000007ba200000|  0%| F|  |TAMS 0x00000007ba000000, 0x00000007ba000000| Untracked 
|1489|0x00000007ba200000, 0x00000007ba200000, 0x00000007ba400000|  0%| F|  |TAMS 0x00000007ba200000, 0x00000007ba200000| Untracked 
|1490|0x00000007ba400000, 0x00000007ba400000, 0x00000007ba600000|  0%| F|  |TAMS 0x00000007ba400000, 0x00000007ba400000| Untracked 
|1491|0x00000007ba600000, 0x00000007ba600000, 0x00000007ba800000|  0%| F|  |TAMS 0x00000007ba600000, 0x00000007ba600000| Untracked 
|1492|0x00000007ba800000, 0x00000007ba800000, 0x00000007baa00000|  0%| F|  |TAMS 0x00000007ba800000, 0x00000007ba800000| Untracked 
|1493|0x00000007baa00000, 0x00000007baa00000, 0x00000007bac00000|  0%| F|  |TAMS 0x00000007baa00000, 0x00000007baa00000| Untracked 
|1494|0x00000007bac00000, 0x00000007bac00000, 0x00000007bae00000|  0%| F|  |TAMS 0x00000007bac00000, 0x00000007bac00000| Untracked 
|1495|0x00000007bae00000, 0x00000007bae00000, 0x00000007bb000000|  0%| F|  |TAMS 0x00000007bae00000, 0x00000007bae00000| Untracked 
|1496|0x00000007bb000000, 0x00000007bb000000, 0x00000007bb200000|  0%| F|  |TAMS 0x00000007bb000000, 0x00000007bb000000| Untracked 
|1497|0x00000007bb200000, 0x00000007bb200000, 0x00000007bb400000|  0%| F|  |TAMS 0x00000007bb200000, 0x00000007bb200000| Untracked 
|1498|0x00000007bb400000, 0x00000007bb400000, 0x00000007bb600000|  0%| F|  |TAMS 0x00000007bb400000, 0x00000007bb400000| Untracked 
|1499|0x00000007bb600000, 0x00000007bb600000, 0x00000007bb800000|  0%| F|  |TAMS 0x00000007bb600000, 0x00000007bb600000| Untracked 
|1500|0x00000007bb800000, 0x00000007bb800000, 0x00000007bba00000|  0%| F|  |TAMS 0x00000007bb800000, 0x00000007bb800000| Untracked 
|1501|0x00000007bba00000, 0x00000007bba00000, 0x00000007bbc00000|  0%| F|  |TAMS 0x00000007bba00000, 0x00000007bba00000| Untracked 
|1502|0x00000007bbc00000, 0x00000007bbc00000, 0x00000007bbe00000|  0%| F|  |TAMS 0x00000007bbc00000, 0x00000007bbc00000| Untracked 
|1503|0x00000007bbe00000, 0x00000007bbe00000, 0x00000007bc000000|  0%| F|  |TAMS 0x00000007bbe00000, 0x00000007bbe00000| Untracked 
|1504|0x00000007bc000000, 0x00000007bc000000, 0x00000007bc200000|  0%| F|  |TAMS 0x00000007bc000000, 0x00000007bc000000| Untracked 
|1505|0x00000007bc200000, 0x00000007bc200000, 0x00000007bc400000|  0%| F|  |TAMS 0x00000007bc200000, 0x00000007bc200000| Untracked 
|1506|0x00000007bc400000, 0x00000007bc400000, 0x00000007bc600000|  0%| F|  |TAMS 0x00000007bc400000, 0x00000007bc400000| Untracked 
|1507|0x00000007bc600000, 0x00000007bc600000, 0x00000007bc800000|  0%| F|  |TAMS 0x00000007bc600000, 0x00000007bc600000| Untracked 
|1508|0x00000007bc800000, 0x00000007bc800000, 0x00000007bca00000|  0%| F|  |TAMS 0x00000007bc800000, 0x00000007bc800000| Untracked 
|1509|0x00000007bca00000, 0x00000007bca00000, 0x00000007bcc00000|  0%| F|  |TAMS 0x00000007bca00000, 0x00000007bca00000| Untracked 
|1510|0x00000007bcc00000, 0x00000007bcc00000, 0x00000007bce00000|  0%| F|  |TAMS 0x00000007bcc00000, 0x00000007bcc00000| Untracked 
|1511|0x00000007bce00000, 0x00000007bce00000, 0x00000007bd000000|  0%| F|  |TAMS 0x00000007bce00000, 0x00000007bce00000| Untracked 
|1512|0x00000007bd000000, 0x00000007bd000000, 0x00000007bd200000|  0%| F|  |TAMS 0x00000007bd000000, 0x00000007bd000000| Untracked 
|1513|0x00000007bd200000, 0x00000007bd200000, 0x00000007bd400000|  0%| F|  |TAMS 0x00000007bd200000, 0x00000007bd200000| Untracked 
|1514|0x00000007bd400000, 0x00000007bd400000, 0x00000007bd600000|  0%| F|  |TAMS 0x00000007bd400000, 0x00000007bd400000| Untracked 
|1515|0x00000007bd600000, 0x00000007bd600000, 0x00000007bd800000|  0%| F|  |TAMS 0x00000007bd600000, 0x00000007bd600000| Untracked 
|1516|0x00000007bd800000, 0x00000007bd800000, 0x00000007bda00000|  0%| F|  |TAMS 0x00000007bd800000, 0x00000007bd800000| Untracked 
|1517|0x00000007bda00000, 0x00000007bda00000, 0x00000007bdc00000|  0%| F|  |TAMS 0x00000007bda00000, 0x00000007bda00000| Untracked 
|1518|0x00000007bdc00000, 0x00000007bdc00000, 0x00000007bde00000|  0%| F|  |TAMS 0x00000007bdc00000, 0x00000007bdc00000| Untracked 
|1519|0x00000007bde00000, 0x00000007bde00000, 0x00000007be000000|  0%| F|  |TAMS 0x00000007bde00000, 0x00000007bde00000| Untracked 
|1520|0x00000007be000000, 0x00000007be000000, 0x00000007be200000|  0%| F|  |TAMS 0x00000007be000000, 0x00000007be000000| Untracked 
|1521|0x00000007be200000, 0x00000007be200000, 0x00000007be400000|  0%| F|  |TAMS 0x00000007be200000, 0x00000007be200000| Untracked 
|1522|0x00000007be400000, 0x00000007be400000, 0x00000007be600000|  0%| F|  |TAMS 0x00000007be400000, 0x00000007be400000| Untracked 
|1523|0x00000007be600000, 0x00000007be600000, 0x00000007be800000|  0%| F|  |TAMS 0x00000007be600000, 0x00000007be600000| Untracked 
|1524|0x00000007be800000, 0x00000007be800000, 0x00000007bea00000|  0%| F|  |TAMS 0x00000007be800000, 0x00000007be800000| Untracked 
|1525|0x00000007bea00000, 0x00000007bea00000, 0x00000007bec00000|  0%| F|  |TAMS 0x00000007bea00000, 0x00000007bea00000| Untracked 
|1526|0x00000007bec00000, 0x00000007bec00000, 0x00000007bee00000|  0%| F|  |TAMS 0x00000007bec00000, 0x00000007bec00000| Untracked 
|1527|0x00000007bee00000, 0x00000007bee00000, 0x00000007bf000000|  0%| F|  |TAMS 0x00000007bee00000, 0x00000007bee00000| Untracked 
|1528|0x00000007bf000000, 0x00000007bf000000, 0x00000007bf200000|  0%| F|  |TAMS 0x00000007bf000000, 0x00000007bf000000| Untracked 
|1529|0x00000007bf200000, 0x00000007bf200000, 0x00000007bf400000|  0%| F|  |TAMS 0x00000007bf200000, 0x00000007bf200000| Untracked 
|1530|0x00000007bf400000, 0x00000007bf400000, 0x00000007bf600000|  0%| F|  |TAMS 0x00000007bf400000, 0x00000007bf400000| Untracked 
|1531|0x00000007bf600000, 0x00000007bf600000, 0x00000007bf800000|  0%| F|  |TAMS 0x00000007bf600000, 0x00000007bf600000| Untracked 
|1532|0x00000007bf800000, 0x00000007bf800000, 0x00000007bfa00000|  0%| F|  |TAMS 0x00000007bf800000, 0x00000007bf800000| Untracked 
|1533|0x00000007bfa00000, 0x00000007bfa00000, 0x00000007bfc00000|  0%| F|  |TAMS 0x00000007bfa00000, 0x00000007bfa00000| Untracked 
|1534|0x00000007bfc00000, 0x00000007bfc00000, 0x00000007bfe00000|  0%| F|  |TAMS 0x00000007bfc00000, 0x00000007bfc00000| Untracked 
|1535|0x00000007bfe00000, 0x00000007bfe00000, 0x00000007c0000000|  0%| F|  |TAMS 0x00000007bfe00000, 0x00000007bfe00000| Untracked 
|1536|0x00000007c0000000, 0x00000007c0000000, 0x00000007c0200000|  0%| F|  |TAMS 0x00000007c0000000, 0x00000007c0000000| Untracked 
|1537|0x00000007c0200000, 0x00000007c0200000, 0x00000007c0400000|  0%| F|  |TAMS 0x00000007c0200000, 0x00000007c0200000| Untracked 
|1538|0x00000007c0400000, 0x00000007c0400000, 0x00000007c0600000|  0%| F|  |TAMS 0x00000007c0400000, 0x00000007c0400000| Untracked 
|1539|0x00000007c0600000, 0x00000007c0600000, 0x00000007c0800000|  0%| F|  |TAMS 0x00000007c0600000, 0x00000007c0600000| Untracked 
|1540|0x00000007c0800000, 0x00000007c0800000, 0x00000007c0a00000|  0%| F|  |TAMS 0x00000007c0800000, 0x00000007c0800000| Untracked 
|1541|0x00000007c0a00000, 0x00000007c0a00000, 0x00000007c0c00000|  0%| F|  |TAMS 0x00000007c0a00000, 0x00000007c0a00000| Untracked 
|1542|0x00000007c0c00000, 0x00000007c0c00000, 0x00000007c0e00000|  0%| F|  |TAMS 0x00000007c0c00000, 0x00000007c0c00000| Untracked 
|1543|0x00000007c0e00000, 0x00000007c0e00000, 0x00000007c1000000|  0%| F|  |TAMS 0x00000007c0e00000, 0x00000007c0e00000| Untracked 
|1544|0x00000007c1000000, 0x00000007c1000000, 0x00000007c1200000|  0%| F|  |TAMS 0x00000007c1000000, 0x00000007c1000000| Untracked 
|1545|0x00000007c1200000, 0x00000007c1200000, 0x00000007c1400000|  0%| F|  |TAMS 0x00000007c1200000, 0x00000007c1200000| Untracked 
|1546|0x00000007c1400000, 0x00000007c1400000, 0x00000007c1600000|  0%| F|  |TAMS 0x00000007c1400000, 0x00000007c1400000| Untracked 
|1547|0x00000007c1600000, 0x00000007c1600000, 0x00000007c1800000|  0%| F|  |TAMS 0x00000007c1600000, 0x00000007c1600000| Untracked 
|1548|0x00000007c1800000, 0x00000007c1800000, 0x00000007c1a00000|  0%| F|  |TAMS 0x00000007c1800000, 0x00000007c1800000| Untracked 
|1549|0x00000007c1a00000, 0x00000007c1a00000, 0x00000007c1c00000|  0%| F|  |TAMS 0x00000007c1a00000, 0x00000007c1a00000| Untracked 
|1550|0x00000007c1c00000, 0x00000007c1c00000, 0x00000007c1e00000|  0%| F|  |TAMS 0x00000007c1c00000, 0x00000007c1c00000| Untracked 
|1551|0x00000007c1e00000, 0x00000007c1e00000, 0x00000007c2000000|  0%| F|  |TAMS 0x00000007c1e00000, 0x00000007c1e00000| Untracked 
|1552|0x00000007c2000000, 0x00000007c2000000, 0x00000007c2200000|  0%| F|  |TAMS 0x00000007c2000000, 0x00000007c2000000| Untracked 
|1553|0x00000007c2200000, 0x00000007c2200000, 0x00000007c2400000|  0%| F|  |TAMS 0x00000007c2200000, 0x00000007c2200000| Untracked 
|1554|0x00000007c2400000, 0x00000007c2400000, 0x00000007c2600000|  0%| F|  |TAMS 0x00000007c2400000, 0x00000007c2400000| Untracked 
|1555|0x00000007c2600000, 0x00000007c2600000, 0x00000007c2800000|  0%| F|  |TAMS 0x00000007c2600000, 0x00000007c2600000| Untracked 
|1556|0x00000007c2800000, 0x00000007c2800000, 0x00000007c2a00000|  0%| F|  |TAMS 0x00000007c2800000, 0x00000007c2800000| Untracked 
|1557|0x00000007c2a00000, 0x00000007c2a00000, 0x00000007c2c00000|  0%| F|  |TAMS 0x00000007c2a00000, 0x00000007c2a00000| Untracked 
|1558|0x00000007c2c00000, 0x00000007c2c00000, 0x00000007c2e00000|  0%| F|  |TAMS 0x00000007c2c00000, 0x00000007c2c00000| Untracked 
|1559|0x00000007c2e00000, 0x00000007c2e00000, 0x00000007c3000000|  0%| F|  |TAMS 0x00000007c2e00000, 0x00000007c2e00000| Untracked 
|1560|0x00000007c3000000, 0x00000007c3000000, 0x00000007c3200000|  0%| F|  |TAMS 0x00000007c3000000, 0x00000007c3000000| Untracked 
|1561|0x00000007c3200000, 0x00000007c3200000, 0x00000007c3400000|  0%| F|  |TAMS 0x00000007c3200000, 0x00000007c3200000| Untracked 
|1562|0x00000007c3400000, 0x00000007c3400000, 0x00000007c3600000|  0%| F|  |TAMS 0x00000007c3400000, 0x00000007c3400000| Untracked 
|1563|0x00000007c3600000, 0x00000007c3600000, 0x00000007c3800000|  0%| F|  |TAMS 0x00000007c3600000, 0x00000007c3600000| Untracked 
|1564|0x00000007c3800000, 0x00000007c3800000, 0x00000007c3a00000|  0%| F|  |TAMS 0x00000007c3800000, 0x00000007c3800000| Untracked 
|1565|0x00000007c3a00000, 0x00000007c3a00000, 0x00000007c3c00000|  0%| F|  |TAMS 0x00000007c3a00000, 0x00000007c3a00000| Untracked 
|1566|0x00000007c3c00000, 0x00000007c3c00000, 0x00000007c3e00000|  0%| F|  |TAMS 0x00000007c3c00000, 0x00000007c3c00000| Untracked 
|1567|0x00000007c3e00000, 0x00000007c3e00000, 0x00000007c4000000|  0%| F|  |TAMS 0x00000007c3e00000, 0x00000007c3e00000| Untracked 
|1568|0x00000007c4000000, 0x00000007c4000000, 0x00000007c4200000|  0%| F|  |TAMS 0x00000007c4000000, 0x00000007c4000000| Untracked 
|1569|0x00000007c4200000, 0x00000007c4200000, 0x00000007c4400000|  0%| F|  |TAMS 0x00000007c4200000, 0x00000007c4200000| Untracked 
|1570|0x00000007c4400000, 0x00000007c4400000, 0x00000007c4600000|  0%| F|  |TAMS 0x00000007c4400000, 0x00000007c4400000| Untracked 
|1571|0x00000007c4600000, 0x00000007c4600000, 0x00000007c4800000|  0%| F|  |TAMS 0x00000007c4600000, 0x00000007c4600000| Untracked 
|1572|0x00000007c4800000, 0x00000007c4800000, 0x00000007c4a00000|  0%| F|  |TAMS 0x00000007c4800000, 0x00000007c4800000| Untracked 
|1573|0x00000007c4a00000, 0x00000007c4a00000, 0x00000007c4c00000|  0%| F|  |TAMS 0x00000007c4a00000, 0x00000007c4a00000| Untracked 
|1574|0x00000007c4c00000, 0x00000007c4c00000, 0x00000007c4e00000|  0%| F|  |TAMS 0x00000007c4c00000, 0x00000007c4c00000| Untracked 
|1575|0x00000007c4e00000, 0x00000007c4e00000, 0x00000007c5000000|  0%| F|  |TAMS 0x00000007c4e00000, 0x00000007c4e00000| Untracked 
|1576|0x00000007c5000000, 0x00000007c5000000, 0x00000007c5200000|  0%| F|  |TAMS 0x00000007c5000000, 0x00000007c5000000| Untracked 
|1577|0x00000007c5200000, 0x00000007c5200000, 0x00000007c5400000|  0%| F|  |TAMS 0x00000007c5200000, 0x00000007c5200000| Untracked 
|1578|0x00000007c5400000, 0x00000007c5400000, 0x00000007c5600000|  0%| F|  |TAMS 0x00000007c5400000, 0x00000007c5400000| Untracked 
|1579|0x00000007c5600000, 0x00000007c5600000, 0x00000007c5800000|  0%| F|  |TAMS 0x00000007c5600000, 0x00000007c5600000| Untracked 
|1580|0x00000007c5800000, 0x00000007c5800000, 0x00000007c5a00000|  0%| F|  |TAMS 0x00000007c5800000, 0x00000007c5800000| Untracked 
|1581|0x00000007c5a00000, 0x00000007c5a00000, 0x00000007c5c00000|  0%| F|  |TAMS 0x00000007c5a00000, 0x00000007c5a00000| Untracked 
|1582|0x00000007c5c00000, 0x00000007c5c00000, 0x00000007c5e00000|  0%| F|  |TAMS 0x00000007c5c00000, 0x00000007c5c00000| Untracked 
|1583|0x00000007c5e00000, 0x00000007c5e00000, 0x00000007c6000000|  0%| F|  |TAMS 0x00000007c5e00000, 0x00000007c5e00000| Untracked 
|1584|0x00000007c6000000, 0x00000007c6000000, 0x00000007c6200000|  0%| F|  |TAMS 0x00000007c6000000, 0x00000007c6000000| Untracked 
|1585|0x00000007c6200000, 0x00000007c6200000, 0x00000007c6400000|  0%| F|  |TAMS 0x00000007c6200000, 0x00000007c6200000| Untracked 
|1586|0x00000007c6400000, 0x00000007c6400000, 0x00000007c6600000|  0%| F|  |TAMS 0x00000007c6400000, 0x00000007c6400000| Untracked 
|1587|0x00000007c6600000, 0x00000007c6600000, 0x00000007c6800000|  0%| F|  |TAMS 0x00000007c6600000, 0x00000007c6600000| Untracked 
|1588|0x00000007c6800000, 0x00000007c6800000, 0x00000007c6a00000|  0%| F|  |TAMS 0x00000007c6800000, 0x00000007c6800000| Untracked 
|1589|0x00000007c6a00000, 0x00000007c6a00000, 0x00000007c6c00000|  0%| F|  |TAMS 0x00000007c6a00000, 0x00000007c6a00000| Untracked 
|1590|0x00000007c6c00000, 0x00000007c6c00000, 0x00000007c6e00000|  0%| F|  |TAMS 0x00000007c6c00000, 0x00000007c6c00000| Untracked 
|1591|0x00000007c6e00000, 0x00000007c6e00000, 0x00000007c7000000|  0%| F|  |TAMS 0x00000007c6e00000, 0x00000007c6e00000| Untracked 
|1592|0x00000007c7000000, 0x00000007c7000000, 0x00000007c7200000|  0%| F|  |TAMS 0x00000007c7000000, 0x00000007c7000000| Untracked 
|1593|0x00000007c7200000, 0x00000007c7200000, 0x00000007c7400000|  0%| F|  |TAMS 0x00000007c7200000, 0x00000007c7200000| Untracked 
|1594|0x00000007c7400000, 0x00000007c7400000, 0x00000007c7600000|  0%| F|  |TAMS 0x00000007c7400000, 0x00000007c7400000| Untracked 
|1595|0x00000007c7600000, 0x00000007c7600000, 0x00000007c7800000|  0%| F|  |TAMS 0x00000007c7600000, 0x00000007c7600000| Untracked 
|1596|0x00000007c7800000, 0x00000007c7800000, 0x00000007c7a00000|  0%| F|  |TAMS 0x00000007c7800000, 0x00000007c7800000| Untracked 
|1597|0x00000007c7a00000, 0x00000007c7a00000, 0x00000007c7c00000|  0%| F|  |TAMS 0x00000007c7a00000, 0x00000007c7a00000| Untracked 
|1598|0x00000007c7c00000, 0x00000007c7c00000, 0x00000007c7e00000|  0%| F|  |TAMS 0x00000007c7c00000, 0x00000007c7c00000| Untracked 
|1599|0x00000007c7e00000, 0x00000007c7e00000, 0x00000007c8000000|  0%| F|  |TAMS 0x00000007c7e00000, 0x00000007c7e00000| Untracked 
|1600|0x00000007c8000000, 0x00000007c8000000, 0x00000007c8200000|  0%| F|  |TAMS 0x00000007c8000000, 0x00000007c8000000| Untracked 
|1601|0x00000007c8200000, 0x00000007c8200000, 0x00000007c8400000|  0%| F|  |TAMS 0x00000007c8200000, 0x00000007c8200000| Untracked 
|1602|0x00000007c8400000, 0x00000007c8400000, 0x00000007c8600000|  0%| F|  |TAMS 0x00000007c8400000, 0x00000007c8400000| Untracked 
|1603|0x00000007c8600000, 0x00000007c8600000, 0x00000007c8800000|  0%| F|  |TAMS 0x00000007c8600000, 0x00000007c8600000| Untracked 
|1604|0x00000007c8800000, 0x00000007c8800000, 0x00000007c8a00000|  0%| F|  |TAMS 0x00000007c8800000, 0x00000007c8800000| Untracked 
|1605|0x00000007c8a00000, 0x00000007c8a00000, 0x00000007c8c00000|  0%| F|  |TAMS 0x00000007c8a00000, 0x00000007c8a00000| Untracked 
|1606|0x00000007c8c00000, 0x00000007c8c00000, 0x00000007c8e00000|  0%| F|  |TAMS 0x00000007c8c00000, 0x00000007c8c00000| Untracked 
|1607|0x00000007c8e00000, 0x00000007c8e00000, 0x00000007c9000000|  0%| F|  |TAMS 0x00000007c8e00000, 0x00000007c8e00000| Untracked 
|1608|0x00000007c9000000, 0x00000007c9000000, 0x00000007c9200000|  0%| F|  |TAMS 0x00000007c9000000, 0x00000007c9000000| Untracked 
|1609|0x00000007c9200000, 0x00000007c9200000, 0x00000007c9400000|  0%| F|  |TAMS 0x00000007c9200000, 0x00000007c9200000| Untracked 
|1610|0x00000007c9400000, 0x00000007c9400000, 0x00000007c9600000|  0%| F|  |TAMS 0x00000007c9400000, 0x00000007c9400000| Untracked 
|1611|0x00000007c9600000, 0x00000007c9600000, 0x00000007c9800000|  0%| F|  |TAMS 0x00000007c9600000, 0x00000007c9600000| Untracked 
|1612|0x00000007c9800000, 0x00000007c9800000, 0x00000007c9a00000|  0%| F|  |TAMS 0x00000007c9800000, 0x00000007c9800000| Untracked 
|1613|0x00000007c9a00000, 0x00000007c9a00000, 0x00000007c9c00000|  0%| F|  |TAMS 0x00000007c9a00000, 0x00000007c9a00000| Untracked 
|1614|0x00000007c9c00000, 0x00000007c9c00000, 0x00000007c9e00000|  0%| F|  |TAMS 0x00000007c9c00000, 0x00000007c9c00000| Untracked 
|1615|0x00000007c9e00000, 0x00000007c9e00000, 0x00000007ca000000|  0%| F|  |TAMS 0x00000007c9e00000, 0x00000007c9e00000| Untracked 
|1616|0x00000007ca000000, 0x00000007ca000000, 0x00000007ca200000|  0%| F|  |TAMS 0x00000007ca000000, 0x00000007ca000000| Untracked 
|1617|0x00000007ca200000, 0x00000007ca200000, 0x00000007ca400000|  0%| F|  |TAMS 0x00000007ca200000, 0x00000007ca200000| Untracked 
|1618|0x00000007ca400000, 0x00000007ca400000, 0x00000007ca600000|  0%| F|  |TAMS 0x00000007ca400000, 0x00000007ca400000| Untracked 
|1619|0x00000007ca600000, 0x00000007ca600000, 0x00000007ca800000|  0%| F|  |TAMS 0x00000007ca600000, 0x00000007ca600000| Untracked 
|1620|0x00000007ca800000, 0x00000007ca800000, 0x00000007caa00000|  0%| F|  |TAMS 0x00000007ca800000, 0x00000007ca800000| Untracked 
|1621|0x00000007caa00000, 0x00000007caa00000, 0x00000007cac00000|  0%| F|  |TAMS 0x00000007caa00000, 0x00000007caa00000| Untracked 
|1622|0x00000007cac00000, 0x00000007cac00000, 0x00000007cae00000|  0%| F|  |TAMS 0x00000007cac00000, 0x00000007cac00000| Untracked 
|1623|0x00000007cae00000, 0x00000007cae00000, 0x00000007cb000000|  0%| F|  |TAMS 0x00000007cae00000, 0x00000007cae00000| Untracked 
|1624|0x00000007cb000000, 0x00000007cb000000, 0x00000007cb200000|  0%| F|  |TAMS 0x00000007cb000000, 0x00000007cb000000| Untracked 
|1625|0x00000007cb200000, 0x00000007cb200000, 0x00000007cb400000|  0%| F|  |TAMS 0x00000007cb200000, 0x00000007cb200000| Untracked 
|1626|0x00000007cb400000, 0x00000007cb400000, 0x00000007cb600000|  0%| F|  |TAMS 0x00000007cb400000, 0x00000007cb400000| Untracked 
|1627|0x00000007cb600000, 0x00000007cb600000, 0x00000007cb800000|  0%| F|  |TAMS 0x00000007cb600000, 0x00000007cb600000| Untracked 
|1628|0x00000007cb800000, 0x00000007cb800000, 0x00000007cba00000|  0%| F|  |TAMS 0x00000007cb800000, 0x00000007cb800000| Untracked 
|1629|0x00000007cba00000, 0x00000007cba00000, 0x00000007cbc00000|  0%| F|  |TAMS 0x00000007cba00000, 0x00000007cba00000| Untracked 
|1630|0x00000007cbc00000, 0x00000007cbc00000, 0x00000007cbe00000|  0%| F|  |TAMS 0x00000007cbc00000, 0x00000007cbc00000| Untracked 
|1631|0x00000007cbe00000, 0x00000007cbe00000, 0x00000007cc000000|  0%| F|  |TAMS 0x00000007cbe00000, 0x00000007cbe00000| Untracked 
|1632|0x00000007cc000000, 0x00000007cc000000, 0x00000007cc200000|  0%| F|  |TAMS 0x00000007cc000000, 0x00000007cc000000| Untracked 
|1633|0x00000007cc200000, 0x00000007cc200000, 0x00000007cc400000|  0%| F|  |TAMS 0x00000007cc200000, 0x00000007cc200000| Untracked 
|1634|0x00000007cc400000, 0x00000007cc400000, 0x00000007cc600000|  0%| F|  |TAMS 0x00000007cc400000, 0x00000007cc400000| Untracked 
|1635|0x00000007cc600000, 0x00000007cc600000, 0x00000007cc800000|  0%| F|  |TAMS 0x00000007cc600000, 0x00000007cc600000| Untracked 
|1636|0x00000007cc800000, 0x00000007cc800000, 0x00000007cca00000|  0%| F|  |TAMS 0x00000007cc800000, 0x00000007cc800000| Untracked 
|1637|0x00000007cca00000, 0x00000007cca00000, 0x00000007ccc00000|  0%| F|  |TAMS 0x00000007cca00000, 0x00000007cca00000| Untracked 
|1638|0x00000007ccc00000, 0x00000007ccc00000, 0x00000007cce00000|  0%| F|  |TAMS 0x00000007ccc00000, 0x00000007ccc00000| Untracked 
|1639|0x00000007cce00000, 0x00000007cce00000, 0x00000007cd000000|  0%| F|  |TAMS 0x00000007cce00000, 0x00000007cce00000| Untracked 
|1640|0x00000007cd000000, 0x00000007cd000000, 0x00000007cd200000|  0%| F|  |TAMS 0x00000007cd000000, 0x00000007cd000000| Untracked 
|1641|0x00000007cd200000, 0x00000007cd200000, 0x00000007cd400000|  0%| F|  |TAMS 0x00000007cd200000, 0x00000007cd200000| Untracked 
|1642|0x00000007cd400000, 0x00000007cd400000, 0x00000007cd600000|  0%| F|  |TAMS 0x00000007cd400000, 0x00000007cd400000| Untracked 
|1643|0x00000007cd600000, 0x00000007cd600000, 0x00000007cd800000|  0%| F|  |TAMS 0x00000007cd600000, 0x00000007cd600000| Untracked 
|1644|0x00000007cd800000, 0x00000007cd800000, 0x00000007cda00000|  0%| F|  |TAMS 0x00000007cd800000, 0x00000007cd800000| Untracked 
|1645|0x00000007cda00000, 0x00000007cda00000, 0x00000007cdc00000|  0%| F|  |TAMS 0x00000007cda00000, 0x00000007cda00000| Untracked 
|1646|0x00000007cdc00000, 0x00000007cdc00000, 0x00000007cde00000|  0%| F|  |TAMS 0x00000007cdc00000, 0x00000007cdc00000| Untracked 
|1647|0x00000007cde00000, 0x00000007cde00000, 0x00000007ce000000|  0%| F|  |TAMS 0x00000007cde00000, 0x00000007cde00000| Untracked 
|1648|0x00000007ce000000, 0x00000007ce000000, 0x00000007ce200000|  0%| F|  |TAMS 0x00000007ce000000, 0x00000007ce000000| Untracked 
|1649|0x00000007ce200000, 0x00000007ce200000, 0x00000007ce400000|  0%| F|  |TAMS 0x00000007ce200000, 0x00000007ce200000| Untracked 
|1650|0x00000007ce400000, 0x00000007ce400000, 0x00000007ce600000|  0%| F|  |TAMS 0x00000007ce400000, 0x00000007ce400000| Untracked 
|1651|0x00000007ce600000, 0x00000007ce600000, 0x00000007ce800000|  0%| F|  |TAMS 0x00000007ce600000, 0x00000007ce600000| Untracked 
|1652|0x00000007ce800000, 0x00000007ce800000, 0x00000007cea00000|  0%| F|  |TAMS 0x00000007ce800000, 0x00000007ce800000| Untracked 
|1653|0x00000007cea00000, 0x00000007cea00000, 0x00000007cec00000|  0%| F|  |TAMS 0x00000007cea00000, 0x00000007cea00000| Untracked 
|1654|0x00000007cec00000, 0x00000007cec00000, 0x00000007cee00000|  0%| F|  |TAMS 0x00000007cec00000, 0x00000007cec00000| Untracked 
|1655|0x00000007cee00000, 0x00000007cee00000, 0x00000007cf000000|  0%| F|  |TAMS 0x00000007cee00000, 0x00000007cee00000| Untracked 
|1656|0x00000007cf000000, 0x00000007cf000000, 0x00000007cf200000|  0%| F|  |TAMS 0x00000007cf000000, 0x00000007cf000000| Untracked 
|1657|0x00000007cf200000, 0x00000007cf200000, 0x00000007cf400000|  0%| F|  |TAMS 0x00000007cf200000, 0x00000007cf200000| Untracked 
|1658|0x00000007cf400000, 0x00000007cf400000, 0x00000007cf600000|  0%| F|  |TAMS 0x00000007cf400000, 0x00000007cf400000| Untracked 
|1659|0x00000007cf600000, 0x00000007cf600000, 0x00000007cf800000|  0%| F|  |TAMS 0x00000007cf600000, 0x00000007cf600000| Untracked 
|1660|0x00000007cf800000, 0x00000007cf800000, 0x00000007cfa00000|  0%| F|  |TAMS 0x00000007cf800000, 0x00000007cf800000| Untracked 
|1661|0x00000007cfa00000, 0x00000007cfa00000, 0x00000007cfc00000|  0%| F|  |TAMS 0x00000007cfa00000, 0x00000007cfa00000| Untracked 
|1662|0x00000007cfc00000, 0x00000007cfc00000, 0x00000007cfe00000|  0%| F|  |TAMS 0x00000007cfc00000, 0x00000007cfc00000| Untracked 
|1663|0x00000007cfe00000, 0x00000007cfe00000, 0x00000007d0000000|  0%| F|  |TAMS 0x00000007cfe00000, 0x00000007cfe00000| Untracked 
|1664|0x00000007d0000000, 0x00000007d0000000, 0x00000007d0200000|  0%| F|  |TAMS 0x00000007d0000000, 0x00000007d0000000| Untracked 
|1665|0x00000007d0200000, 0x00000007d0200000, 0x00000007d0400000|  0%| F|  |TAMS 0x00000007d0200000, 0x00000007d0200000| Untracked 
|1666|0x00000007d0400000, 0x00000007d0400000, 0x00000007d0600000|  0%| F|  |TAMS 0x00000007d0400000, 0x00000007d0400000| Untracked 
|1667|0x00000007d0600000, 0x00000007d0600000, 0x00000007d0800000|  0%| F|  |TAMS 0x00000007d0600000, 0x00000007d0600000| Untracked 
|1668|0x00000007d0800000, 0x00000007d0800000, 0x00000007d0a00000|  0%| F|  |TAMS 0x00000007d0800000, 0x00000007d0800000| Untracked 
|1669|0x00000007d0a00000, 0x00000007d0a00000, 0x00000007d0c00000|  0%| F|  |TAMS 0x00000007d0a00000, 0x00000007d0a00000| Untracked 
|1670|0x00000007d0c00000, 0x00000007d0c00000, 0x00000007d0e00000|  0%| F|  |TAMS 0x00000007d0c00000, 0x00000007d0c00000| Untracked 
|1671|0x00000007d0e00000, 0x00000007d0e00000, 0x00000007d1000000|  0%| F|  |TAMS 0x00000007d0e00000, 0x00000007d0e00000| Untracked 
|1672|0x00000007d1000000, 0x00000007d1000000, 0x00000007d1200000|  0%| F|  |TAMS 0x00000007d1000000, 0x00000007d1000000| Untracked 
|1673|0x00000007d1200000, 0x00000007d1200000, 0x00000007d1400000|  0%| F|  |TAMS 0x00000007d1200000, 0x00000007d1200000| Untracked 
|1674|0x00000007d1400000, 0x00000007d1400000, 0x00000007d1600000|  0%| F|  |TAMS 0x00000007d1400000, 0x00000007d1400000| Untracked 
|1675|0x00000007d1600000, 0x00000007d1600000, 0x00000007d1800000|  0%| F|  |TAMS 0x00000007d1600000, 0x00000007d1600000| Untracked 
|1676|0x00000007d1800000, 0x00000007d1800000, 0x00000007d1a00000|  0%| F|  |TAMS 0x00000007d1800000, 0x00000007d1800000| Untracked 
|1677|0x00000007d1a00000, 0x00000007d1a00000, 0x00000007d1c00000|  0%| F|  |TAMS 0x00000007d1a00000, 0x00000007d1a00000| Untracked 
|1678|0x00000007d1c00000, 0x00000007d1c00000, 0x00000007d1e00000|  0%| F|  |TAMS 0x00000007d1c00000, 0x00000007d1c00000| Untracked 
|1679|0x00000007d1e00000, 0x00000007d1e00000, 0x00000007d2000000|  0%| F|  |TAMS 0x00000007d1e00000, 0x00000007d1e00000| Untracked 
|1680|0x00000007d2000000, 0x00000007d2000000, 0x00000007d2200000|  0%| F|  |TAMS 0x00000007d2000000, 0x00000007d2000000| Untracked 
|1681|0x00000007d2200000, 0x00000007d2200000, 0x00000007d2400000|  0%| F|  |TAMS 0x00000007d2200000, 0x00000007d2200000| Untracked 
|1682|0x00000007d2400000, 0x00000007d2400000, 0x00000007d2600000|  0%| F|  |TAMS 0x00000007d2400000, 0x00000007d2400000| Untracked 
|1683|0x00000007d2600000, 0x00000007d2600000, 0x00000007d2800000|  0%| F|  |TAMS 0x00000007d2600000, 0x00000007d2600000| Untracked 
|1684|0x00000007d2800000, 0x00000007d2800000, 0x00000007d2a00000|  0%| F|  |TAMS 0x00000007d2800000, 0x00000007d2800000| Untracked 
|1685|0x00000007d2a00000, 0x00000007d2a00000, 0x00000007d2c00000|  0%| F|  |TAMS 0x00000007d2a00000, 0x00000007d2a00000| Untracked 
|1686|0x00000007d2c00000, 0x00000007d2c00000, 0x00000007d2e00000|  0%| F|  |TAMS 0x00000007d2c00000, 0x00000007d2c00000| Untracked 
|1687|0x00000007d2e00000, 0x00000007d2e00000, 0x00000007d3000000|  0%| F|  |TAMS 0x00000007d2e00000, 0x00000007d2e00000| Untracked 
|1688|0x00000007d3000000, 0x00000007d3000000, 0x00000007d3200000|  0%| F|  |TAMS 0x00000007d3000000, 0x00000007d3000000| Untracked 
|1689|0x00000007d3200000, 0x00000007d3200000, 0x00000007d3400000|  0%| F|  |TAMS 0x00000007d3200000, 0x00000007d3200000| Untracked 
|1690|0x00000007d3400000, 0x00000007d3400000, 0x00000007d3600000|  0%| F|  |TAMS 0x00000007d3400000, 0x00000007d3400000| Untracked 
|1691|0x00000007d3600000, 0x00000007d3600000, 0x00000007d3800000|  0%| F|  |TAMS 0x00000007d3600000, 0x00000007d3600000| Untracked 
|1692|0x00000007d3800000, 0x00000007d3800000, 0x00000007d3a00000|  0%| F|  |TAMS 0x00000007d3800000, 0x00000007d3800000| Untracked 
|1693|0x00000007d3a00000, 0x00000007d3a00000, 0x00000007d3c00000|  0%| F|  |TAMS 0x00000007d3a00000, 0x00000007d3a00000| Untracked 
|1694|0x00000007d3c00000, 0x00000007d3c00000, 0x00000007d3e00000|  0%| F|  |TAMS 0x00000007d3c00000, 0x00000007d3c00000| Untracked 
|1695|0x00000007d3e00000, 0x00000007d3e00000, 0x00000007d4000000|  0%| F|  |TAMS 0x00000007d3e00000, 0x00000007d3e00000| Untracked 
|1696|0x00000007d4000000, 0x00000007d4000000, 0x00000007d4200000|  0%| F|  |TAMS 0x00000007d4000000, 0x00000007d4000000| Untracked 
|1697|0x00000007d4200000, 0x00000007d4200000, 0x00000007d4400000|  0%| F|  |TAMS 0x00000007d4200000, 0x00000007d4200000| Untracked 
|1698|0x00000007d4400000, 0x00000007d4400000, 0x00000007d4600000|  0%| F|  |TAMS 0x00000007d4400000, 0x00000007d4400000| Untracked 
|1699|0x00000007d4600000, 0x00000007d4600000, 0x00000007d4800000|  0%| F|  |TAMS 0x00000007d4600000, 0x00000007d4600000| Untracked 
|1700|0x00000007d4800000, 0x00000007d4800000, 0x00000007d4a00000|  0%| F|  |TAMS 0x00000007d4800000, 0x00000007d4800000| Untracked 
|1701|0x00000007d4a00000, 0x00000007d4a00000, 0x00000007d4c00000|  0%| F|  |TAMS 0x00000007d4a00000, 0x00000007d4a00000| Untracked 
|1702|0x00000007d4c00000, 0x00000007d4c00000, 0x00000007d4e00000|  0%| F|  |TAMS 0x00000007d4c00000, 0x00000007d4c00000| Untracked 
|1703|0x00000007d4e00000, 0x00000007d4e00000, 0x00000007d5000000|  0%| F|  |TAMS 0x00000007d4e00000, 0x00000007d4e00000| Untracked 
|1704|0x00000007d5000000, 0x00000007d5000000, 0x00000007d5200000|  0%| F|  |TAMS 0x00000007d5000000, 0x00000007d5000000| Untracked 
|1705|0x00000007d5200000, 0x00000007d5200000, 0x00000007d5400000|  0%| F|  |TAMS 0x00000007d5200000, 0x00000007d5200000| Untracked 
|1706|0x00000007d5400000, 0x00000007d5400000, 0x00000007d5600000|  0%| F|  |TAMS 0x00000007d5400000, 0x00000007d5400000| Untracked 
|1707|0x00000007d5600000, 0x00000007d5600000, 0x00000007d5800000|  0%| F|  |TAMS 0x00000007d5600000, 0x00000007d5600000| Untracked 
|1708|0x00000007d5800000, 0x00000007d5800000, 0x00000007d5a00000|  0%| F|  |TAMS 0x00000007d5800000, 0x00000007d5800000| Untracked 
|1709|0x00000007d5a00000, 0x00000007d5a00000, 0x00000007d5c00000|  0%| F|  |TAMS 0x00000007d5a00000, 0x00000007d5a00000| Untracked 
|1710|0x00000007d5c00000, 0x00000007d5c00000, 0x00000007d5e00000|  0%| F|  |TAMS 0x00000007d5c00000, 0x00000007d5c00000| Untracked 
|1711|0x00000007d5e00000, 0x00000007d5e00000, 0x00000007d6000000|  0%| F|  |TAMS 0x00000007d5e00000, 0x00000007d5e00000| Untracked 
|1712|0x00000007d6000000, 0x00000007d6000000, 0x00000007d6200000|  0%| F|  |TAMS 0x00000007d6000000, 0x00000007d6000000| Untracked 
|1713|0x00000007d6200000, 0x00000007d6200000, 0x00000007d6400000|  0%| F|  |TAMS 0x00000007d6200000, 0x00000007d6200000| Untracked 
|1714|0x00000007d6400000, 0x00000007d6400000, 0x00000007d6600000|  0%| F|  |TAMS 0x00000007d6400000, 0x00000007d6400000| Untracked 
|1715|0x00000007d6600000, 0x00000007d6600000, 0x00000007d6800000|  0%| F|  |TAMS 0x00000007d6600000, 0x00000007d6600000| Untracked 
|1716|0x00000007d6800000, 0x00000007d6800000, 0x00000007d6a00000|  0%| F|  |TAMS 0x00000007d6800000, 0x00000007d6800000| Untracked 
|1717|0x00000007d6a00000, 0x00000007d6a00000, 0x00000007d6c00000|  0%| F|  |TAMS 0x00000007d6a00000, 0x00000007d6a00000| Untracked 
|1718|0x00000007d6c00000, 0x00000007d6c00000, 0x00000007d6e00000|  0%| F|  |TAMS 0x00000007d6c00000, 0x00000007d6c00000| Untracked 
|1719|0x00000007d6e00000, 0x00000007d6e00000, 0x00000007d7000000|  0%| F|  |TAMS 0x00000007d6e00000, 0x00000007d6e00000| Untracked 
|1720|0x00000007d7000000, 0x00000007d7000000, 0x00000007d7200000|  0%| F|  |TAMS 0x00000007d7000000, 0x00000007d7000000| Untracked 
|1721|0x00000007d7200000, 0x00000007d7200000, 0x00000007d7400000|  0%| F|  |TAMS 0x00000007d7200000, 0x00000007d7200000| Untracked 
|1722|0x00000007d7400000, 0x00000007d7400000, 0x00000007d7600000|  0%| F|  |TAMS 0x00000007d7400000, 0x00000007d7400000| Untracked 
|1723|0x00000007d7600000, 0x00000007d7600000, 0x00000007d7800000|  0%| F|  |TAMS 0x00000007d7600000, 0x00000007d7600000| Untracked 
|1724|0x00000007d7800000, 0x00000007d7800000, 0x00000007d7a00000|  0%| F|  |TAMS 0x00000007d7800000, 0x00000007d7800000| Untracked 
|1725|0x00000007d7a00000, 0x00000007d7a00000, 0x00000007d7c00000|  0%| F|  |TAMS 0x00000007d7a00000, 0x00000007d7a00000| Untracked 
|1726|0x00000007d7c00000, 0x00000007d7c00000, 0x00000007d7e00000|  0%| F|  |TAMS 0x00000007d7c00000, 0x00000007d7c00000| Untracked 
|1727|0x00000007d7e00000, 0x00000007d7e00000, 0x00000007d8000000|  0%| F|  |TAMS 0x00000007d7e00000, 0x00000007d7e00000| Untracked 
|1728|0x00000007d8000000, 0x00000007d8000000, 0x00000007d8200000|  0%| F|  |TAMS 0x00000007d8000000, 0x00000007d8000000| Untracked 
|1729|0x00000007d8200000, 0x00000007d8200000, 0x00000007d8400000|  0%| F|  |TAMS 0x00000007d8200000, 0x00000007d8200000| Untracked 
|1730|0x00000007d8400000, 0x00000007d8400000, 0x00000007d8600000|  0%| F|  |TAMS 0x00000007d8400000, 0x00000007d8400000| Untracked 
|1731|0x00000007d8600000, 0x00000007d8600000, 0x00000007d8800000|  0%| F|  |TAMS 0x00000007d8600000, 0x00000007d8600000| Untracked 
|1732|0x00000007d8800000, 0x00000007d8800000, 0x00000007d8a00000|  0%| F|  |TAMS 0x00000007d8800000, 0x00000007d8800000| Untracked 
|1733|0x00000007d8a00000, 0x00000007d8a00000, 0x00000007d8c00000|  0%| F|  |TAMS 0x00000007d8a00000, 0x00000007d8a00000| Untracked 
|1734|0x00000007d8c00000, 0x00000007d8c00000, 0x00000007d8e00000|  0%| F|  |TAMS 0x00000007d8c00000, 0x00000007d8c00000| Untracked 
|1735|0x00000007d8e00000, 0x00000007d8e00000, 0x00000007d9000000|  0%| F|  |TAMS 0x00000007d8e00000, 0x00000007d8e00000| Untracked 
|1736|0x00000007d9000000, 0x00000007d9000000, 0x00000007d9200000|  0%| F|  |TAMS 0x00000007d9000000, 0x00000007d9000000| Untracked 
|1737|0x00000007d9200000, 0x00000007d9200000, 0x00000007d9400000|  0%| F|  |TAMS 0x00000007d9200000, 0x00000007d9200000| Untracked 
|1738|0x00000007d9400000, 0x00000007d9400000, 0x00000007d9600000|  0%| F|  |TAMS 0x00000007d9400000, 0x00000007d9400000| Untracked 
|1739|0x00000007d9600000, 0x00000007d9600000, 0x00000007d9800000|  0%| F|  |TAMS 0x00000007d9600000, 0x00000007d9600000| Untracked 
|1740|0x00000007d9800000, 0x00000007d9800000, 0x00000007d9a00000|  0%| F|  |TAMS 0x00000007d9800000, 0x00000007d9800000| Untracked 
|1741|0x00000007d9a00000, 0x00000007d9a00000, 0x00000007d9c00000|  0%| F|  |TAMS 0x00000007d9a00000, 0x00000007d9a00000| Untracked 
|1742|0x00000007d9c00000, 0x00000007d9c00000, 0x00000007d9e00000|  0%| F|  |TAMS 0x00000007d9c00000, 0x00000007d9c00000| Untracked 
|1743|0x00000007d9e00000, 0x00000007d9e00000, 0x00000007da000000|  0%| F|  |TAMS 0x00000007d9e00000, 0x00000007d9e00000| Untracked 
|1744|0x00000007da000000, 0x00000007da000000, 0x00000007da200000|  0%| F|  |TAMS 0x00000007da000000, 0x00000007da000000| Untracked 
|1745|0x00000007da200000, 0x00000007da200000, 0x00000007da400000|  0%| F|  |TAMS 0x00000007da200000, 0x00000007da200000| Untracked 
|1746|0x00000007da400000, 0x00000007da400000, 0x00000007da600000|  0%| F|  |TAMS 0x00000007da400000, 0x00000007da400000| Untracked 
|1747|0x00000007da600000, 0x00000007da600000, 0x00000007da800000|  0%| F|  |TAMS 0x00000007da600000, 0x00000007da600000| Untracked 
|1748|0x00000007da800000, 0x00000007da800000, 0x00000007daa00000|  0%| F|  |TAMS 0x00000007da800000, 0x00000007da800000| Untracked 
|1749|0x00000007daa00000, 0x00000007daa00000, 0x00000007dac00000|  0%| F|  |TAMS 0x00000007daa00000, 0x00000007daa00000| Untracked 
|1750|0x00000007dac00000, 0x00000007dac00000, 0x00000007dae00000|  0%| F|  |TAMS 0x00000007dac00000, 0x00000007dac00000| Untracked 
|1751|0x00000007dae00000, 0x00000007dae00000, 0x00000007db000000|  0%| F|  |TAMS 0x00000007dae00000, 0x00000007dae00000| Untracked 
|1752|0x00000007db000000, 0x00000007db000000, 0x00000007db200000|  0%| F|  |TAMS 0x00000007db000000, 0x00000007db000000| Untracked 
|1753|0x00000007db200000, 0x00000007db200000, 0x00000007db400000|  0%| F|  |TAMS 0x00000007db200000, 0x00000007db200000| Untracked 
|1754|0x00000007db400000, 0x00000007db400000, 0x00000007db600000|  0%| F|  |TAMS 0x00000007db400000, 0x00000007db400000| Untracked 
|1755|0x00000007db600000, 0x00000007db600000, 0x00000007db800000|  0%| F|  |TAMS 0x00000007db600000, 0x00000007db600000| Untracked 
|1756|0x00000007db800000, 0x00000007db800000, 0x00000007dba00000|  0%| F|  |TAMS 0x00000007db800000, 0x00000007db800000| Untracked 
|1757|0x00000007dba00000, 0x00000007dba00000, 0x00000007dbc00000|  0%| F|  |TAMS 0x00000007dba00000, 0x00000007dba00000| Untracked 
|1758|0x00000007dbc00000, 0x00000007dbc00000, 0x00000007dbe00000|  0%| F|  |TAMS 0x00000007dbc00000, 0x00000007dbc00000| Untracked 
|1759|0x00000007dbe00000, 0x00000007dbe00000, 0x00000007dc000000|  0%| F|  |TAMS 0x00000007dbe00000, 0x00000007dbe00000| Untracked 
|1760|0x00000007dc000000, 0x00000007dc000000, 0x00000007dc200000|  0%| F|  |TAMS 0x00000007dc000000, 0x00000007dc000000| Untracked 
|1761|0x00000007dc200000, 0x00000007dc200000, 0x00000007dc400000|  0%| F|  |TAMS 0x00000007dc200000, 0x00000007dc200000| Untracked 
|1762|0x00000007dc400000, 0x00000007dc400000, 0x00000007dc600000|  0%| F|  |TAMS 0x00000007dc400000, 0x00000007dc400000| Untracked 
|1763|0x00000007dc600000, 0x00000007dc600000, 0x00000007dc800000|  0%| F|  |TAMS 0x00000007dc600000, 0x00000007dc600000| Untracked 
|1764|0x00000007dc800000, 0x00000007dc800000, 0x00000007dca00000|  0%| F|  |TAMS 0x00000007dc800000, 0x00000007dc800000| Untracked 
|1765|0x00000007dca00000, 0x00000007dca00000, 0x00000007dcc00000|  0%| F|  |TAMS 0x00000007dca00000, 0x00000007dca00000| Untracked 
|1766|0x00000007dcc00000, 0x00000007dcc00000, 0x00000007dce00000|  0%| F|  |TAMS 0x00000007dcc00000, 0x00000007dcc00000| Untracked 
|1767|0x00000007dce00000, 0x00000007dce00000, 0x00000007dd000000|  0%| F|  |TAMS 0x00000007dce00000, 0x00000007dce00000| Untracked 
|1768|0x00000007dd000000, 0x00000007dd000000, 0x00000007dd200000|  0%| F|  |TAMS 0x00000007dd000000, 0x00000007dd000000| Untracked 
|1769|0x00000007dd200000, 0x00000007dd200000, 0x00000007dd400000|  0%| F|  |TAMS 0x00000007dd200000, 0x00000007dd200000| Untracked 
|1770|0x00000007dd400000, 0x00000007dd400000, 0x00000007dd600000|  0%| F|  |TAMS 0x00000007dd400000, 0x00000007dd400000| Untracked 
|1771|0x00000007dd600000, 0x00000007dd600000, 0x00000007dd800000|  0%| F|  |TAMS 0x00000007dd600000, 0x00000007dd600000| Untracked 
|1772|0x00000007dd800000, 0x00000007dd800000, 0x00000007dda00000|  0%| F|  |TAMS 0x00000007dd800000, 0x00000007dd800000| Untracked 
|1773|0x00000007dda00000, 0x00000007dda00000, 0x00000007ddc00000|  0%| F|  |TAMS 0x00000007dda00000, 0x00000007dda00000| Untracked 
|1774|0x00000007ddc00000, 0x00000007ddc00000, 0x00000007dde00000|  0%| F|  |TAMS 0x00000007ddc00000, 0x00000007ddc00000| Untracked 
|1775|0x00000007dde00000, 0x00000007dde00000, 0x00000007de000000|  0%| F|  |TAMS 0x00000007dde00000, 0x00000007dde00000| Untracked 
|1776|0x00000007de000000, 0x00000007de000000, 0x00000007de200000|  0%| F|  |TAMS 0x00000007de000000, 0x00000007de000000| Untracked 
|1777|0x00000007de200000, 0x00000007de200000, 0x00000007de400000|  0%| F|  |TAMS 0x00000007de200000, 0x00000007de200000| Untracked 
|1778|0x00000007de400000, 0x00000007de400000, 0x00000007de600000|  0%| F|  |TAMS 0x00000007de400000, 0x00000007de400000| Untracked 
|1779|0x00000007de600000, 0x00000007de600000, 0x00000007de800000|  0%| F|  |TAMS 0x00000007de600000, 0x00000007de600000| Untracked 
|1780|0x00000007de800000, 0x00000007de800000, 0x00000007dea00000|  0%| F|  |TAMS 0x00000007de800000, 0x00000007de800000| Untracked 
|1781|0x00000007dea00000, 0x00000007dea00000, 0x00000007dec00000|  0%| F|  |TAMS 0x00000007dea00000, 0x00000007dea00000| Untracked 
|1782|0x00000007dec00000, 0x00000007dec00000, 0x00000007dee00000|  0%| F|  |TAMS 0x00000007dec00000, 0x00000007dec00000| Untracked 
|1783|0x00000007dee00000, 0x00000007dee00000, 0x00000007df000000|  0%| F|  |TAMS 0x00000007dee00000, 0x00000007dee00000| Untracked 
|1784|0x00000007df000000, 0x00000007df000000, 0x00000007df200000|  0%| F|  |TAMS 0x00000007df000000, 0x00000007df000000| Untracked 
|1785|0x00000007df200000, 0x00000007df200000, 0x00000007df400000|  0%| F|  |TAMS 0x00000007df200000, 0x00000007df200000| Untracked 
|1786|0x00000007df400000, 0x00000007df400000, 0x00000007df600000|  0%| F|  |TAMS 0x00000007df400000, 0x00000007df400000| Untracked 
|1787|0x00000007df600000, 0x00000007df600000, 0x00000007df800000|  0%| F|  |TAMS 0x00000007df600000, 0x00000007df600000| Untracked 
|1788|0x00000007df800000, 0x00000007df800000, 0x00000007dfa00000|  0%| F|  |TAMS 0x00000007df800000, 0x00000007df800000| Untracked 
|1789|0x00000007dfa00000, 0x00000007dfa00000, 0x00000007dfc00000|  0%| F|  |TAMS 0x00000007dfa00000, 0x00000007dfa00000| Untracked 
|1790|0x00000007dfc00000, 0x00000007dfc00000, 0x00000007dfe00000|  0%| F|  |TAMS 0x00000007dfc00000, 0x00000007dfc00000| Untracked 
|1791|0x00000007dfe00000, 0x00000007dfe00000, 0x00000007e0000000|  0%| F|  |TAMS 0x00000007dfe00000, 0x00000007dfe00000| Untracked 
|1792|0x00000007e0000000, 0x00000007e0000000, 0x00000007e0200000|  0%| F|  |TAMS 0x00000007e0000000, 0x00000007e0000000| Untracked 
|1793|0x00000007e0200000, 0x00000007e0200000, 0x00000007e0400000|  0%| F|  |TAMS 0x00000007e0200000, 0x00000007e0200000| Untracked 
|1794|0x00000007e0400000, 0x00000007e0400000, 0x00000007e0600000|  0%| F|  |TAMS 0x00000007e0400000, 0x00000007e0400000| Untracked 
|1795|0x00000007e0600000, 0x00000007e0600000, 0x00000007e0800000|  0%| F|  |TAMS 0x00000007e0600000, 0x00000007e0600000| Untracked 
|1796|0x00000007e0800000, 0x00000007e0800000, 0x00000007e0a00000|  0%| F|  |TAMS 0x00000007e0800000, 0x00000007e0800000| Untracked 
|1797|0x00000007e0a00000, 0x00000007e0a00000, 0x00000007e0c00000|  0%| F|  |TAMS 0x00000007e0a00000, 0x00000007e0a00000| Untracked 
|1798|0x00000007e0c00000, 0x00000007e0c00000, 0x00000007e0e00000|  0%| F|  |TAMS 0x00000007e0c00000, 0x00000007e0c00000| Untracked 
|1799|0x00000007e0e00000, 0x00000007e0e00000, 0x00000007e1000000|  0%| F|  |TAMS 0x00000007e0e00000, 0x00000007e0e00000| Untracked 
|1800|0x00000007e1000000, 0x00000007e1000000, 0x00000007e1200000|  0%| F|  |TAMS 0x00000007e1000000, 0x00000007e1000000| Untracked 
|1801|0x00000007e1200000, 0x00000007e1200000, 0x00000007e1400000|  0%| F|  |TAMS 0x00000007e1200000, 0x00000007e1200000| Untracked 
|1802|0x00000007e1400000, 0x00000007e1400000, 0x00000007e1600000|  0%| F|  |TAMS 0x00000007e1400000, 0x00000007e1400000| Untracked 
|1803|0x00000007e1600000, 0x00000007e1600000, 0x00000007e1800000|  0%| F|  |TAMS 0x00000007e1600000, 0x00000007e1600000| Untracked 
|1804|0x00000007e1800000, 0x00000007e1800000, 0x00000007e1a00000|  0%| F|  |TAMS 0x00000007e1800000, 0x00000007e1800000| Untracked 
|1805|0x00000007e1a00000, 0x00000007e1a00000, 0x00000007e1c00000|  0%| F|  |TAMS 0x00000007e1a00000, 0x00000007e1a00000| Untracked 
|1806|0x00000007e1c00000, 0x00000007e1c00000, 0x00000007e1e00000|  0%| F|  |TAMS 0x00000007e1c00000, 0x00000007e1c00000| Untracked 
|1807|0x00000007e1e00000, 0x00000007e1e00000, 0x00000007e2000000|  0%| F|  |TAMS 0x00000007e1e00000, 0x00000007e1e00000| Untracked 
|1808|0x00000007e2000000, 0x00000007e2000000, 0x00000007e2200000|  0%| F|  |TAMS 0x00000007e2000000, 0x00000007e2000000| Untracked 
|1809|0x00000007e2200000, 0x00000007e2200000, 0x00000007e2400000|  0%| F|  |TAMS 0x00000007e2200000, 0x00000007e2200000| Untracked 
|1810|0x00000007e2400000, 0x00000007e2400000, 0x00000007e2600000|  0%| F|  |TAMS 0x00000007e2400000, 0x00000007e2400000| Untracked 
|1811|0x00000007e2600000, 0x00000007e2600000, 0x00000007e2800000|  0%| F|  |TAMS 0x00000007e2600000, 0x00000007e2600000| Untracked 
|1812|0x00000007e2800000, 0x00000007e2800000, 0x00000007e2a00000|  0%| F|  |TAMS 0x00000007e2800000, 0x00000007e2800000| Untracked 
|1813|0x00000007e2a00000, 0x00000007e2a00000, 0x00000007e2c00000|  0%| F|  |TAMS 0x00000007e2a00000, 0x00000007e2a00000| Untracked 
|1814|0x00000007e2c00000, 0x00000007e2c00000, 0x00000007e2e00000|  0%| F|  |TAMS 0x00000007e2c00000, 0x00000007e2c00000| Untracked 
|1815|0x00000007e2e00000, 0x00000007e2e00000, 0x00000007e3000000|  0%| F|  |TAMS 0x00000007e2e00000, 0x00000007e2e00000| Untracked 
|1816|0x00000007e3000000, 0x00000007e3000000, 0x00000007e3200000|  0%| F|  |TAMS 0x00000007e3000000, 0x00000007e3000000| Untracked 
|1817|0x00000007e3200000, 0x00000007e3200000, 0x00000007e3400000|  0%| F|  |TAMS 0x00000007e3200000, 0x00000007e3200000| Untracked 
|1818|0x00000007e3400000, 0x00000007e3400000, 0x00000007e3600000|  0%| F|  |TAMS 0x00000007e3400000, 0x00000007e3400000| Untracked 
|1819|0x00000007e3600000, 0x00000007e3600000, 0x00000007e3800000|  0%| F|  |TAMS 0x00000007e3600000, 0x00000007e3600000| Untracked 
|1820|0x00000007e3800000, 0x00000007e3800000, 0x00000007e3a00000|  0%| F|  |TAMS 0x00000007e3800000, 0x00000007e3800000| Untracked 
|1821|0x00000007e3a00000, 0x00000007e3a00000, 0x00000007e3c00000|  0%| F|  |TAMS 0x00000007e3a00000, 0x00000007e3a00000| Untracked 
|1822|0x00000007e3c00000, 0x00000007e3c00000, 0x00000007e3e00000|  0%| F|  |TAMS 0x00000007e3c00000, 0x00000007e3c00000| Untracked 
|1823|0x00000007e3e00000, 0x00000007e3e00000, 0x00000007e4000000|  0%| F|  |TAMS 0x00000007e3e00000, 0x00000007e3e00000| Untracked 
|1824|0x00000007e4000000, 0x00000007e4000000, 0x00000007e4200000|  0%| F|  |TAMS 0x00000007e4000000, 0x00000007e4000000| Untracked 
|1825|0x00000007e4200000, 0x00000007e4200000, 0x00000007e4400000|  0%| F|  |TAMS 0x00000007e4200000, 0x00000007e4200000| Untracked 
|1826|0x00000007e4400000, 0x00000007e4400000, 0x00000007e4600000|  0%| F|  |TAMS 0x00000007e4400000, 0x00000007e4400000| Untracked 
|1827|0x00000007e4600000, 0x00000007e4600000, 0x00000007e4800000|  0%| F|  |TAMS 0x00000007e4600000, 0x00000007e4600000| Untracked 
|1828|0x00000007e4800000, 0x00000007e4800000, 0x00000007e4a00000|  0%| F|  |TAMS 0x00000007e4800000, 0x00000007e4800000| Untracked 
|1829|0x00000007e4a00000, 0x00000007e4a00000, 0x00000007e4c00000|  0%| F|  |TAMS 0x00000007e4a00000, 0x00000007e4a00000| Untracked 
|1830|0x00000007e4c00000, 0x00000007e4c00000, 0x00000007e4e00000|  0%| F|  |TAMS 0x00000007e4c00000, 0x00000007e4c00000| Untracked 
|1831|0x00000007e4e00000, 0x00000007e4e00000, 0x00000007e5000000|  0%| F|  |TAMS 0x00000007e4e00000, 0x00000007e4e00000| Untracked 
|1832|0x00000007e5000000, 0x00000007e5000000, 0x00000007e5200000|  0%| F|  |TAMS 0x00000007e5000000, 0x00000007e5000000| Untracked 
|1833|0x00000007e5200000, 0x00000007e5200000, 0x00000007e5400000|  0%| F|  |TAMS 0x00000007e5200000, 0x00000007e5200000| Untracked 
|1834|0x00000007e5400000, 0x00000007e5400000, 0x00000007e5600000|  0%| F|  |TAMS 0x00000007e5400000, 0x00000007e5400000| Untracked 
|1835|0x00000007e5600000, 0x00000007e5600000, 0x00000007e5800000|  0%| F|  |TAMS 0x00000007e5600000, 0x00000007e5600000| Untracked 
|1836|0x00000007e5800000, 0x00000007e5800000, 0x00000007e5a00000|  0%| F|  |TAMS 0x00000007e5800000, 0x00000007e5800000| Untracked 
|1837|0x00000007e5a00000, 0x00000007e5a00000, 0x00000007e5c00000|  0%| F|  |TAMS 0x00000007e5a00000, 0x00000007e5a00000| Untracked 
|1838|0x00000007e5c00000, 0x00000007e5c00000, 0x00000007e5e00000|  0%| F|  |TAMS 0x00000007e5c00000, 0x00000007e5c00000| Untracked 
|1839|0x00000007e5e00000, 0x00000007e5e00000, 0x00000007e6000000|  0%| F|  |TAMS 0x00000007e5e00000, 0x00000007e5e00000| Untracked 
|1840|0x00000007e6000000, 0x00000007e6000000, 0x00000007e6200000|  0%| F|  |TAMS 0x00000007e6000000, 0x00000007e6000000| Untracked 
|1841|0x00000007e6200000, 0x00000007e6200000, 0x00000007e6400000|  0%| F|  |TAMS 0x00000007e6200000, 0x00000007e6200000| Untracked 
|1842|0x00000007e6400000, 0x00000007e6400000, 0x00000007e6600000|  0%| F|  |TAMS 0x00000007e6400000, 0x00000007e6400000| Untracked 
|1843|0x00000007e6600000, 0x00000007e6600000, 0x00000007e6800000|  0%| F|  |TAMS 0x00000007e6600000, 0x00000007e6600000| Untracked 
|1844|0x00000007e6800000, 0x00000007e6800000, 0x00000007e6a00000|  0%| F|  |TAMS 0x00000007e6800000, 0x00000007e6800000| Untracked 
|1845|0x00000007e6a00000, 0x00000007e6a00000, 0x00000007e6c00000|  0%| F|  |TAMS 0x00000007e6a00000, 0x00000007e6a00000| Untracked 
|1846|0x00000007e6c00000, 0x00000007e6c00000, 0x00000007e6e00000|  0%| F|  |TAMS 0x00000007e6c00000, 0x00000007e6c00000| Untracked 
|1847|0x00000007e6e00000, 0x00000007e6e00000, 0x00000007e7000000|  0%| F|  |TAMS 0x00000007e6e00000, 0x00000007e6e00000| Untracked 
|1848|0x00000007e7000000, 0x00000007e7000000, 0x00000007e7200000|  0%| F|  |TAMS 0x00000007e7000000, 0x00000007e7000000| Untracked 
|1849|0x00000007e7200000, 0x00000007e7200000, 0x00000007e7400000|  0%| F|  |TAMS 0x00000007e7200000, 0x00000007e7200000| Untracked 
|1850|0x00000007e7400000, 0x00000007e7400000, 0x00000007e7600000|  0%| F|  |TAMS 0x00000007e7400000, 0x00000007e7400000| Untracked 
|1851|0x00000007e7600000, 0x00000007e7600000, 0x00000007e7800000|  0%| F|  |TAMS 0x00000007e7600000, 0x00000007e7600000| Untracked 
|1852|0x00000007e7800000, 0x00000007e7800000, 0x00000007e7a00000|  0%| F|  |TAMS 0x00000007e7800000, 0x00000007e7800000| Untracked 
|1853|0x00000007e7a00000, 0x00000007e7a00000, 0x00000007e7c00000|  0%| F|  |TAMS 0x00000007e7a00000, 0x00000007e7a00000| Untracked 
|1854|0x00000007e7c00000, 0x00000007e7c00000, 0x00000007e7e00000|  0%| F|  |TAMS 0x00000007e7c00000, 0x00000007e7c00000| Untracked 
|1855|0x00000007e7e00000, 0x00000007e7e00000, 0x00000007e8000000|  0%| F|  |TAMS 0x00000007e7e00000, 0x00000007e7e00000| Untracked 
|1856|0x00000007e8000000, 0x00000007e8000000, 0x00000007e8200000|  0%| F|  |TAMS 0x00000007e8000000, 0x00000007e8000000| Untracked 
|1857|0x00000007e8200000, 0x00000007e8200000, 0x00000007e8400000|  0%| F|  |TAMS 0x00000007e8200000, 0x00000007e8200000| Untracked 
|1858|0x00000007e8400000, 0x00000007e8400000, 0x00000007e8600000|  0%| F|  |TAMS 0x00000007e8400000, 0x00000007e8400000| Untracked 
|1859|0x00000007e8600000, 0x00000007e8600000, 0x00000007e8800000|  0%| F|  |TAMS 0x00000007e8600000, 0x00000007e8600000| Untracked 
|1860|0x00000007e8800000, 0x00000007e8800000, 0x00000007e8a00000|  0%| F|  |TAMS 0x00000007e8800000, 0x00000007e8800000| Untracked 
|1861|0x00000007e8a00000, 0x00000007e8a00000, 0x00000007e8c00000|  0%| F|  |TAMS 0x00000007e8a00000, 0x00000007e8a00000| Untracked 
|1862|0x00000007e8c00000, 0x00000007e8c00000, 0x00000007e8e00000|  0%| F|  |TAMS 0x00000007e8c00000, 0x00000007e8c00000| Untracked 
|1863|0x00000007e8e00000, 0x00000007e8e00000, 0x00000007e9000000|  0%| F|  |TAMS 0x00000007e8e00000, 0x00000007e8e00000| Untracked 
|1864|0x00000007e9000000, 0x00000007e9000000, 0x00000007e9200000|  0%| F|  |TAMS 0x00000007e9000000, 0x00000007e9000000| Untracked 
|1865|0x00000007e9200000, 0x00000007e9200000, 0x00000007e9400000|  0%| F|  |TAMS 0x00000007e9200000, 0x00000007e9200000| Untracked 
|1866|0x00000007e9400000, 0x00000007e9400000, 0x00000007e9600000|  0%| F|  |TAMS 0x00000007e9400000, 0x00000007e9400000| Untracked 
|1867|0x00000007e9600000, 0x00000007e9600000, 0x00000007e9800000|  0%| F|  |TAMS 0x00000007e9600000, 0x00000007e9600000| Untracked 
|1868|0x00000007e9800000, 0x00000007e9800000, 0x00000007e9a00000|  0%| F|  |TAMS 0x00000007e9800000, 0x00000007e9800000| Untracked 
|1869|0x00000007e9a00000, 0x00000007e9a00000, 0x00000007e9c00000|  0%| F|  |TAMS 0x00000007e9a00000, 0x00000007e9a00000| Untracked 
|1870|0x00000007e9c00000, 0x00000007e9c00000, 0x00000007e9e00000|  0%| F|  |TAMS 0x00000007e9c00000, 0x00000007e9c00000| Untracked 
|1871|0x00000007e9e00000, 0x00000007e9e00000, 0x00000007ea000000|  0%| F|  |TAMS 0x00000007e9e00000, 0x00000007e9e00000| Untracked 
|1872|0x00000007ea000000, 0x00000007ea000000, 0x00000007ea200000|  0%| F|  |TAMS 0x00000007ea000000, 0x00000007ea000000| Untracked 
|1873|0x00000007ea200000, 0x00000007ea200000, 0x00000007ea400000|  0%| F|  |TAMS 0x00000007ea200000, 0x00000007ea200000| Untracked 
|1874|0x00000007ea400000, 0x00000007ea400000, 0x00000007ea600000|  0%| F|  |TAMS 0x00000007ea400000, 0x00000007ea400000| Untracked 
|1875|0x00000007ea600000, 0x00000007ea600000, 0x00000007ea800000|  0%| F|  |TAMS 0x00000007ea600000, 0x00000007ea600000| Untracked 
|1876|0x00000007ea800000, 0x00000007ea800000, 0x00000007eaa00000|  0%| F|  |TAMS 0x00000007ea800000, 0x00000007ea800000| Untracked 
|1877|0x00000007eaa00000, 0x00000007eaa00000, 0x00000007eac00000|  0%| F|  |TAMS 0x00000007eaa00000, 0x00000007eaa00000| Untracked 
|1878|0x00000007eac00000, 0x00000007eac00000, 0x00000007eae00000|  0%| F|  |TAMS 0x00000007eac00000, 0x00000007eac00000| Untracked 
|1879|0x00000007eae00000, 0x00000007eae00000, 0x00000007eb000000|  0%| F|  |TAMS 0x00000007eae00000, 0x00000007eae00000| Untracked 
|1880|0x00000007eb000000, 0x00000007eb000000, 0x00000007eb200000|  0%| F|  |TAMS 0x00000007eb000000, 0x00000007eb000000| Untracked 
|1881|0x00000007eb200000, 0x00000007eb200000, 0x00000007eb400000|  0%| F|  |TAMS 0x00000007eb200000, 0x00000007eb200000| Untracked 
|1882|0x00000007eb400000, 0x00000007eb400000, 0x00000007eb600000|  0%| F|  |TAMS 0x00000007eb400000, 0x00000007eb400000| Untracked 
|1883|0x00000007eb600000, 0x00000007eb600000, 0x00000007eb800000|  0%| F|  |TAMS 0x00000007eb600000, 0x00000007eb600000| Untracked 
|1884|0x00000007eb800000, 0x00000007eb800000, 0x00000007eba00000|  0%| F|  |TAMS 0x00000007eb800000, 0x00000007eb800000| Untracked 
|1885|0x00000007eba00000, 0x00000007eba00000, 0x00000007ebc00000|  0%| F|  |TAMS 0x00000007eba00000, 0x00000007eba00000| Untracked 
|1886|0x00000007ebc00000, 0x00000007ebc00000, 0x00000007ebe00000|  0%| F|  |TAMS 0x00000007ebc00000, 0x00000007ebc00000| Untracked 
|1887|0x00000007ebe00000, 0x00000007ebe00000, 0x00000007ec000000|  0%| F|  |TAMS 0x00000007ebe00000, 0x00000007ebe00000| Untracked 
|1888|0x00000007ec000000, 0x00000007ec000000, 0x00000007ec200000|  0%| F|  |TAMS 0x00000007ec000000, 0x00000007ec000000| Untracked 
|1889|0x00000007ec200000, 0x00000007ec200000, 0x00000007ec400000|  0%| F|  |TAMS 0x00000007ec200000, 0x00000007ec200000| Untracked 
|1890|0x00000007ec400000, 0x00000007ec400000, 0x00000007ec600000|  0%| F|  |TAMS 0x00000007ec400000, 0x00000007ec400000| Untracked 
|1891|0x00000007ec600000, 0x00000007ec600000, 0x00000007ec800000|  0%| F|  |TAMS 0x00000007ec600000, 0x00000007ec600000| Untracked 
|1892|0x00000007ec800000, 0x00000007ec800000, 0x00000007eca00000|  0%| F|  |TAMS 0x00000007ec800000, 0x00000007ec800000| Untracked 
|1893|0x00000007eca00000, 0x00000007eca00000, 0x00000007ecc00000|  0%| F|  |TAMS 0x00000007eca00000, 0x00000007eca00000| Untracked 
|1894|0x00000007ecc00000, 0x00000007ecc00000, 0x00000007ece00000|  0%| F|  |TAMS 0x00000007ecc00000, 0x00000007ecc00000| Untracked 
|1895|0x00000007ece00000, 0x00000007ece00000, 0x00000007ed000000|  0%| F|  |TAMS 0x00000007ece00000, 0x00000007ece00000| Untracked 
|1896|0x00000007ed000000, 0x00000007ed000000, 0x00000007ed200000|  0%| F|  |TAMS 0x00000007ed000000, 0x00000007ed000000| Untracked 
|1897|0x00000007ed200000, 0x00000007ed200000, 0x00000007ed400000|  0%| F|  |TAMS 0x00000007ed200000, 0x00000007ed200000| Untracked 
|1898|0x00000007ed400000, 0x00000007ed400000, 0x00000007ed600000|  0%| F|  |TAMS 0x00000007ed400000, 0x00000007ed400000| Untracked 
|1899|0x00000007ed600000, 0x00000007ed600000, 0x00000007ed800000|  0%| F|  |TAMS 0x00000007ed600000, 0x00000007ed600000| Untracked 
|1900|0x00000007ed800000, 0x00000007ed800000, 0x00000007eda00000|  0%| F|  |TAMS 0x00000007ed800000, 0x00000007ed800000| Untracked 
|1901|0x00000007eda00000, 0x00000007eda00000, 0x00000007edc00000|  0%| F|  |TAMS 0x00000007eda00000, 0x00000007eda00000| Untracked 
|1902|0x00000007edc00000, 0x00000007edc00000, 0x00000007ede00000|  0%| F|  |TAMS 0x00000007edc00000, 0x00000007edc00000| Untracked 
|1903|0x00000007ede00000, 0x00000007ede00000, 0x00000007ee000000|  0%| F|  |TAMS 0x00000007ede00000, 0x00000007ede00000| Untracked 
|1904|0x00000007ee000000, 0x00000007ee000000, 0x00000007ee200000|  0%| F|  |TAMS 0x00000007ee000000, 0x00000007ee000000| Untracked 
|1905|0x00000007ee200000, 0x00000007ee200000, 0x00000007ee400000|  0%| F|  |TAMS 0x00000007ee200000, 0x00000007ee200000| Untracked 
|1906|0x00000007ee400000, 0x00000007ee400000, 0x00000007ee600000|  0%| F|  |TAMS 0x00000007ee400000, 0x00000007ee400000| Untracked 
|1907|0x00000007ee600000, 0x00000007ee600000, 0x00000007ee800000|  0%| F|  |TAMS 0x00000007ee600000, 0x00000007ee600000| Untracked 
|1908|0x00000007ee800000, 0x00000007ee800000, 0x00000007eea00000|  0%| F|  |TAMS 0x00000007ee800000, 0x00000007ee800000| Untracked 
|1909|0x00000007eea00000, 0x00000007eea00000, 0x00000007eec00000|  0%| F|  |TAMS 0x00000007eea00000, 0x00000007eea00000| Untracked 
|1910|0x00000007eec00000, 0x00000007eec00000, 0x00000007eee00000|  0%| F|  |TAMS 0x00000007eec00000, 0x00000007eec00000| Untracked 
|1911|0x00000007eee00000, 0x00000007eee00000, 0x00000007ef000000|  0%| F|  |TAMS 0x00000007eee00000, 0x00000007eee00000| Untracked 
|1912|0x00000007ef000000, 0x00000007ef000000, 0x00000007ef200000|  0%| F|  |TAMS 0x00000007ef000000, 0x00000007ef000000| Untracked 
|1913|0x00000007ef200000, 0x00000007ef200000, 0x00000007ef400000|  0%| F|  |TAMS 0x00000007ef200000, 0x00000007ef200000| Untracked 
|1914|0x00000007ef400000, 0x00000007ef400000, 0x00000007ef600000|  0%| F|  |TAMS 0x00000007ef400000, 0x00000007ef400000| Untracked 
|1915|0x00000007ef600000, 0x00000007ef600000, 0x00000007ef800000|  0%| F|  |TAMS 0x00000007ef600000, 0x00000007ef600000| Untracked 
|1916|0x00000007ef800000, 0x00000007ef800000, 0x00000007efa00000|  0%| F|  |TAMS 0x00000007ef800000, 0x00000007ef800000| Untracked 
|1917|0x00000007efa00000, 0x00000007efa00000, 0x00000007efc00000|  0%| F|  |TAMS 0x00000007efa00000, 0x00000007efa00000| Untracked 
|1918|0x00000007efc00000, 0x00000007efc00000, 0x00000007efe00000|  0%| F|  |TAMS 0x00000007efc00000, 0x00000007efc00000| Untracked 
|1919|0x00000007efe00000, 0x00000007efe00000, 0x00000007f0000000|  0%| F|  |TAMS 0x00000007efe00000, 0x00000007efe00000| Untracked 
|1920|0x00000007f0000000, 0x00000007f0000000, 0x00000007f0200000|  0%| F|  |TAMS 0x00000007f0000000, 0x00000007f0000000| Untracked 
|1921|0x00000007f0200000, 0x00000007f0200000, 0x00000007f0400000|  0%| F|  |TAMS 0x00000007f0200000, 0x00000007f0200000| Untracked 
|1922|0x00000007f0400000, 0x00000007f0400000, 0x00000007f0600000|  0%| F|  |TAMS 0x00000007f0400000, 0x00000007f0400000| Untracked 
|1923|0x00000007f0600000, 0x00000007f0600000, 0x00000007f0800000|  0%| F|  |TAMS 0x00000007f0600000, 0x00000007f0600000| Untracked 
|1924|0x00000007f0800000, 0x00000007f0800000, 0x00000007f0a00000|  0%| F|  |TAMS 0x00000007f0800000, 0x00000007f0800000| Untracked 
|1925|0x00000007f0a00000, 0x00000007f0a00000, 0x00000007f0c00000|  0%| F|  |TAMS 0x00000007f0a00000, 0x00000007f0a00000| Untracked 
|1926|0x00000007f0c00000, 0x00000007f0c00000, 0x00000007f0e00000|  0%| F|  |TAMS 0x00000007f0c00000, 0x00000007f0c00000| Untracked 
|1927|0x00000007f0e00000, 0x00000007f0e00000, 0x00000007f1000000|  0%| F|  |TAMS 0x00000007f0e00000, 0x00000007f0e00000| Untracked 
|1928|0x00000007f1000000, 0x00000007f1000000, 0x00000007f1200000|  0%| F|  |TAMS 0x00000007f1000000, 0x00000007f1000000| Untracked 
|1929|0x00000007f1200000, 0x00000007f1200000, 0x00000007f1400000|  0%| F|  |TAMS 0x00000007f1200000, 0x00000007f1200000| Untracked 
|1930|0x00000007f1400000, 0x00000007f1400000, 0x00000007f1600000|  0%| F|  |TAMS 0x00000007f1400000, 0x00000007f1400000| Untracked 
|1931|0x00000007f1600000, 0x00000007f1600000, 0x00000007f1800000|  0%| F|  |TAMS 0x00000007f1600000, 0x00000007f1600000| Untracked 
|1932|0x00000007f1800000, 0x00000007f1800000, 0x00000007f1a00000|  0%| F|  |TAMS 0x00000007f1800000, 0x00000007f1800000| Untracked 
|1933|0x00000007f1a00000, 0x00000007f1a00000, 0x00000007f1c00000|  0%| F|  |TAMS 0x00000007f1a00000, 0x00000007f1a00000| Untracked 
|1934|0x00000007f1c00000, 0x00000007f1c00000, 0x00000007f1e00000|  0%| F|  |TAMS 0x00000007f1c00000, 0x00000007f1c00000| Untracked 
|1935|0x00000007f1e00000, 0x00000007f1e00000, 0x00000007f2000000|  0%| F|  |TAMS 0x00000007f1e00000, 0x00000007f1e00000| Untracked 
|1936|0x00000007f2000000, 0x00000007f2000000, 0x00000007f2200000|  0%| F|  |TAMS 0x00000007f2000000, 0x00000007f2000000| Untracked 
|1937|0x00000007f2200000, 0x00000007f2200000, 0x00000007f2400000|  0%| F|  |TAMS 0x00000007f2200000, 0x00000007f2200000| Untracked 
|1938|0x00000007f2400000, 0x00000007f2400000, 0x00000007f2600000|  0%| F|  |TAMS 0x00000007f2400000, 0x00000007f2400000| Untracked 
|1939|0x00000007f2600000, 0x00000007f2600000, 0x00000007f2800000|  0%| F|  |TAMS 0x00000007f2600000, 0x00000007f2600000| Untracked 
|1940|0x00000007f2800000, 0x00000007f2800000, 0x00000007f2a00000|  0%| F|  |TAMS 0x00000007f2800000, 0x00000007f2800000| Untracked 
|1941|0x00000007f2a00000, 0x00000007f2a00000, 0x00000007f2c00000|  0%| F|  |TAMS 0x00000007f2a00000, 0x00000007f2a00000| Untracked 
|1942|0x00000007f2c00000, 0x00000007f2c00000, 0x00000007f2e00000|  0%| F|  |TAMS 0x00000007f2c00000, 0x00000007f2c00000| Untracked 
|1943|0x00000007f2e00000, 0x00000007f2e00000, 0x00000007f3000000|  0%| F|  |TAMS 0x00000007f2e00000, 0x00000007f2e00000| Untracked 
|1944|0x00000007f3000000, 0x00000007f3000000, 0x00000007f3200000|  0%| F|  |TAMS 0x00000007f3000000, 0x00000007f3000000| Untracked 
|1945|0x00000007f3200000, 0x00000007f3200000, 0x00000007f3400000|  0%| F|  |TAMS 0x00000007f3200000, 0x00000007f3200000| Untracked 
|1946|0x00000007f3400000, 0x00000007f3400000, 0x00000007f3600000|  0%| F|  |TAMS 0x00000007f3400000, 0x00000007f3400000| Untracked 
|1947|0x00000007f3600000, 0x00000007f3600000, 0x00000007f3800000|  0%| F|  |TAMS 0x00000007f3600000, 0x00000007f3600000| Untracked 
|1948|0x00000007f3800000, 0x00000007f3800000, 0x00000007f3a00000|  0%| F|  |TAMS 0x00000007f3800000, 0x00000007f3800000| Untracked 
|1949|0x00000007f3a00000, 0x00000007f3a00000, 0x00000007f3c00000|  0%| F|  |TAMS 0x00000007f3a00000, 0x00000007f3a00000| Untracked 
|1950|0x00000007f3c00000, 0x00000007f3c00000, 0x00000007f3e00000|  0%| F|  |TAMS 0x00000007f3c00000, 0x00000007f3c00000| Untracked 
|1951|0x00000007f3e00000, 0x00000007f3e00000, 0x00000007f4000000|  0%| F|  |TAMS 0x00000007f3e00000, 0x00000007f3e00000| Untracked 
|1952|0x00000007f4000000, 0x00000007f4000000, 0x00000007f4200000|  0%| F|  |TAMS 0x00000007f4000000, 0x00000007f4000000| Untracked 
|1953|0x00000007f4200000, 0x00000007f4200000, 0x00000007f4400000|  0%| F|  |TAMS 0x00000007f4200000, 0x00000007f4200000| Untracked 
|1954|0x00000007f4400000, 0x00000007f4400000, 0x00000007f4600000|  0%| F|  |TAMS 0x00000007f4400000, 0x00000007f4400000| Untracked 
|1955|0x00000007f4600000, 0x00000007f4600000, 0x00000007f4800000|  0%| F|  |TAMS 0x00000007f4600000, 0x00000007f4600000| Untracked 
|1956|0x00000007f4800000, 0x00000007f4800000, 0x00000007f4a00000|  0%| F|  |TAMS 0x00000007f4800000, 0x00000007f4800000| Untracked 
|1957|0x00000007f4a00000, 0x00000007f4a00000, 0x00000007f4c00000|  0%| F|  |TAMS 0x00000007f4a00000, 0x00000007f4a00000| Untracked 
|1958|0x00000007f4c00000, 0x00000007f4c00000, 0x00000007f4e00000|  0%| F|  |TAMS 0x00000007f4c00000, 0x00000007f4c00000| Untracked 
|1959|0x00000007f4e00000, 0x00000007f4e00000, 0x00000007f5000000|  0%| F|  |TAMS 0x00000007f4e00000, 0x00000007f4e00000| Untracked 
|1960|0x00000007f5000000, 0x00000007f5000000, 0x00000007f5200000|  0%| F|  |TAMS 0x00000007f5000000, 0x00000007f5000000| Untracked 
|1961|0x00000007f5200000, 0x00000007f5200000, 0x00000007f5400000|  0%| F|  |TAMS 0x00000007f5200000, 0x00000007f5200000| Untracked 
|1962|0x00000007f5400000, 0x00000007f5400000, 0x00000007f5600000|  0%| F|  |TAMS 0x00000007f5400000, 0x00000007f5400000| Untracked 
|1963|0x00000007f5600000, 0x00000007f5600000, 0x00000007f5800000|  0%| F|  |TAMS 0x00000007f5600000, 0x00000007f5600000| Untracked 
|1964|0x00000007f5800000, 0x00000007f5800000, 0x00000007f5a00000|  0%| F|  |TAMS 0x00000007f5800000, 0x00000007f5800000| Untracked 
|1965|0x00000007f5a00000, 0x00000007f5a00000, 0x00000007f5c00000|  0%| F|  |TAMS 0x00000007f5a00000, 0x00000007f5a00000| Untracked 
|1966|0x00000007f5c00000, 0x00000007f5c00000, 0x00000007f5e00000|  0%| F|  |TAMS 0x00000007f5c00000, 0x00000007f5c00000| Untracked 
|1967|0x00000007f5e00000, 0x00000007f5e00000, 0x00000007f6000000|  0%| F|  |TAMS 0x00000007f5e00000, 0x00000007f5e00000| Untracked 
|1968|0x00000007f6000000, 0x00000007f6000000, 0x00000007f6200000|  0%| F|  |TAMS 0x00000007f6000000, 0x00000007f6000000| Untracked 
|1969|0x00000007f6200000, 0x00000007f6200000, 0x00000007f6400000|  0%| F|  |TAMS 0x00000007f6200000, 0x00000007f6200000| Untracked 
|1970|0x00000007f6400000, 0x00000007f6400000, 0x00000007f6600000|  0%| F|  |TAMS 0x00000007f6400000, 0x00000007f6400000| Untracked 
|1971|0x00000007f6600000, 0x00000007f6600000, 0x00000007f6800000|  0%| F|  |TAMS 0x00000007f6600000, 0x00000007f6600000| Untracked 
|1972|0x00000007f6800000, 0x00000007f6800000, 0x00000007f6a00000|  0%| F|  |TAMS 0x00000007f6800000, 0x00000007f6800000| Untracked 
|1973|0x00000007f6a00000, 0x00000007f6a00000, 0x00000007f6c00000|  0%| F|  |TAMS 0x00000007f6a00000, 0x00000007f6a00000| Untracked 
|1974|0x00000007f6c00000, 0x00000007f6c00000, 0x00000007f6e00000|  0%| F|  |TAMS 0x00000007f6c00000, 0x00000007f6c00000| Untracked 
|1975|0x00000007f6e00000, 0x00000007f6e00000, 0x00000007f7000000|  0%| F|  |TAMS 0x00000007f6e00000, 0x00000007f6e00000| Untracked 
|1976|0x00000007f7000000, 0x00000007f7000000, 0x00000007f7200000|  0%| F|  |TAMS 0x00000007f7000000, 0x00000007f7000000| Untracked 
|1977|0x00000007f7200000, 0x00000007f7200000, 0x00000007f7400000|  0%| F|  |TAMS 0x00000007f7200000, 0x00000007f7200000| Untracked 
|1978|0x00000007f7400000, 0x00000007f7400000, 0x00000007f7600000|  0%| F|  |TAMS 0x00000007f7400000, 0x00000007f7400000| Untracked 
|1979|0x00000007f7600000, 0x00000007f7600000, 0x00000007f7800000|  0%| F|  |TAMS 0x00000007f7600000, 0x00000007f7600000| Untracked 
|1980|0x00000007f7800000, 0x00000007f7800000, 0x00000007f7a00000|  0%| F|  |TAMS 0x00000007f7800000, 0x00000007f7800000| Untracked 
|1981|0x00000007f7a00000, 0x00000007f7a00000, 0x00000007f7c00000|  0%| F|  |TAMS 0x00000007f7a00000, 0x00000007f7a00000| Untracked 
|1982|0x00000007f7c00000, 0x00000007f7c00000, 0x00000007f7e00000|  0%| F|  |TAMS 0x00000007f7c00000, 0x00000007f7c00000| Untracked 
|1983|0x00000007f7e00000, 0x00000007f7e00000, 0x00000007f8000000|  0%| F|  |TAMS 0x00000007f7e00000, 0x00000007f7e00000| Untracked 
|1984|0x00000007f8000000, 0x00000007f8000000, 0x00000007f8200000|  0%| F|  |TAMS 0x00000007f8000000, 0x00000007f8000000| Untracked 
|1985|0x00000007f8200000, 0x00000007f8200000, 0x00000007f8400000|  0%| F|  |TAMS 0x00000007f8200000, 0x00000007f8200000| Untracked 
|1986|0x00000007f8400000, 0x00000007f8400000, 0x00000007f8600000|  0%| F|  |TAMS 0x00000007f8400000, 0x00000007f8400000| Untracked 
|1987|0x00000007f8600000, 0x00000007f8600000, 0x00000007f8800000|  0%| F|  |TAMS 0x00000007f8600000, 0x00000007f8600000| Untracked 
|1988|0x00000007f8800000, 0x00000007f8800000, 0x00000007f8a00000|  0%| F|  |TAMS 0x00000007f8800000, 0x00000007f8800000| Untracked 
|1989|0x00000007f8a00000, 0x00000007f8a00000, 0x00000007f8c00000|  0%| F|  |TAMS 0x00000007f8a00000, 0x00000007f8a00000| Untracked 
|1990|0x00000007f8c00000, 0x00000007f8c00000, 0x00000007f8e00000|  0%| F|  |TAMS 0x00000007f8c00000, 0x00000007f8c00000| Untracked 
|1991|0x00000007f8e00000, 0x00000007f8e00000, 0x00000007f9000000|  0%| F|  |TAMS 0x00000007f8e00000, 0x00000007f8e00000| Untracked 
|1992|0x00000007f9000000, 0x00000007f9000000, 0x00000007f9200000|  0%| F|  |TAMS 0x00000007f9000000, 0x00000007f9000000| Untracked 
|1993|0x00000007f9200000, 0x00000007f9200000, 0x00000007f9400000|  0%| F|  |TAMS 0x00000007f9200000, 0x00000007f9200000| Untracked 
|1994|0x00000007f9400000, 0x00000007f9400000, 0x00000007f9600000|  0%| F|  |TAMS 0x00000007f9400000, 0x00000007f9400000| Untracked 
|1995|0x00000007f9600000, 0x00000007f9600000, 0x00000007f9800000|  0%| F|  |TAMS 0x00000007f9600000, 0x00000007f9600000| Untracked 
|1996|0x00000007f9800000, 0x00000007f9800000, 0x00000007f9a00000|  0%| F|  |TAMS 0x00000007f9800000, 0x00000007f9800000| Untracked 
|1997|0x00000007f9a00000, 0x00000007f9a00000, 0x00000007f9c00000|  0%| F|  |TAMS 0x00000007f9a00000, 0x00000007f9a00000| Untracked 
|1998|0x00000007f9c00000, 0x00000007f9c00000, 0x00000007f9e00000|  0%| F|  |TAMS 0x00000007f9c00000, 0x00000007f9c00000| Untracked 
|1999|0x00000007f9e00000, 0x00000007f9e00000, 0x00000007fa000000|  0%| F|  |TAMS 0x00000007f9e00000, 0x00000007f9e00000| Untracked 
|2000|0x00000007fa000000, 0x00000007fa000000, 0x00000007fa200000|  0%| F|  |TAMS 0x00000007fa000000, 0x00000007fa000000| Untracked 
|2001|0x00000007fa200000, 0x00000007fa200000, 0x00000007fa400000|  0%| F|  |TAMS 0x00000007fa200000, 0x00000007fa200000| Untracked 
|2002|0x00000007fa400000, 0x00000007fa400000, 0x00000007fa600000|  0%| F|  |TAMS 0x00000007fa400000, 0x00000007fa400000| Untracked 
|2003|0x00000007fa600000, 0x00000007fa600000, 0x00000007fa800000|  0%| F|  |TAMS 0x00000007fa600000, 0x00000007fa600000| Untracked 
|2004|0x00000007fa800000, 0x00000007fa800000, 0x00000007faa00000|  0%| F|  |TAMS 0x00000007fa800000, 0x00000007fa800000| Untracked 
|2005|0x00000007faa00000, 0x00000007faa00000, 0x00000007fac00000|  0%| F|  |TAMS 0x00000007faa00000, 0x00000007faa00000| Untracked 
|2006|0x00000007fac00000, 0x00000007fac00000, 0x00000007fae00000|  0%| F|  |TAMS 0x00000007fac00000, 0x00000007fac00000| Untracked 
|2007|0x00000007fae00000, 0x00000007fae00000, 0x00000007fb000000|  0%| F|  |TAMS 0x00000007fae00000, 0x00000007fae00000| Untracked 
|2008|0x00000007fb000000, 0x00000007fb000000, 0x00000007fb200000|  0%| F|  |TAMS 0x00000007fb000000, 0x00000007fb000000| Untracked 
|2009|0x00000007fb200000, 0x00000007fb200000, 0x00000007fb400000|  0%| F|  |TAMS 0x00000007fb200000, 0x00000007fb200000| Untracked 
|2010|0x00000007fb400000, 0x00000007fb400000, 0x00000007fb600000|  0%| F|  |TAMS 0x00000007fb400000, 0x00000007fb400000| Untracked 
|2011|0x00000007fb600000, 0x00000007fb600000, 0x00000007fb800000|  0%| F|  |TAMS 0x00000007fb600000, 0x00000007fb600000| Untracked 
|2012|0x00000007fb800000, 0x00000007fb800000, 0x00000007fba00000|  0%| F|  |TAMS 0x00000007fb800000, 0x00000007fb800000| Untracked 
|2013|0x00000007fba00000, 0x00000007fba00000, 0x00000007fbc00000|  0%| F|  |TAMS 0x00000007fba00000, 0x00000007fba00000| Untracked 
|2014|0x00000007fbc00000, 0x00000007fbc00000, 0x00000007fbe00000|  0%| F|  |TAMS 0x00000007fbc00000, 0x00000007fbc00000| Untracked 
|2015|0x00000007fbe00000, 0x00000007fbe00000, 0x00000007fc000000|  0%| F|  |TAMS 0x00000007fbe00000, 0x00000007fbe00000| Untracked 
|2016|0x00000007fc000000, 0x00000007fc000000, 0x00000007fc200000|  0%| F|  |TAMS 0x00000007fc000000, 0x00000007fc000000| Untracked 
|2017|0x00000007fc200000, 0x00000007fc200000, 0x00000007fc400000|  0%| F|  |TAMS 0x00000007fc200000, 0x00000007fc200000| Untracked 
|2018|0x00000007fc400000, 0x00000007fc400000, 0x00000007fc600000|  0%| F|  |TAMS 0x00000007fc400000, 0x00000007fc400000| Untracked 
|2019|0x00000007fc600000, 0x00000007fc600000, 0x00000007fc800000|  0%| F|  |TAMS 0x00000007fc600000, 0x00000007fc600000| Untracked 
|2020|0x00000007fc800000, 0x00000007fc800000, 0x00000007fca00000|  0%| F|  |TAMS 0x00000007fc800000, 0x00000007fc800000| Untracked 
|2021|0x00000007fca00000, 0x00000007fca00000, 0x00000007fcc00000|  0%| F|  |TAMS 0x00000007fca00000, 0x00000007fca00000| Untracked 
|2022|0x00000007fcc00000, 0x00000007fcc00000, 0x00000007fce00000|  0%| F|  |TAMS 0x00000007fcc00000, 0x00000007fcc00000| Untracked 
|2023|0x00000007fce00000, 0x00000007fce00000, 0x00000007fd000000|  0%| F|  |TAMS 0x00000007fce00000, 0x00000007fce00000| Untracked 
|2024|0x00000007fd000000, 0x00000007fd000000, 0x00000007fd200000|  0%| F|  |TAMS 0x00000007fd000000, 0x00000007fd000000| Untracked 
|2025|0x00000007fd200000, 0x00000007fd200000, 0x00000007fd400000|  0%| F|  |TAMS 0x00000007fd200000, 0x00000007fd200000| Untracked 
|2026|0x00000007fd400000, 0x00000007fd400000, 0x00000007fd600000|  0%| F|  |TAMS 0x00000007fd400000, 0x00000007fd400000| Untracked 
|2027|0x00000007fd600000, 0x00000007fd600000, 0x00000007fd800000|  0%| F|  |TAMS 0x00000007fd600000, 0x00000007fd600000| Untracked 
|2028|0x00000007fd800000, 0x00000007fd800000, 0x00000007fda00000|  0%| F|  |TAMS 0x00000007fd800000, 0x00000007fd800000| Untracked 
|2029|0x00000007fda00000, 0x00000007fda00000, 0x00000007fdc00000|  0%| F|  |TAMS 0x00000007fda00000, 0x00000007fda00000| Untracked 
|2030|0x00000007fdc00000, 0x00000007fdc00000, 0x00000007fde00000|  0%| F|  |TAMS 0x00000007fdc00000, 0x00000007fdc00000| Untracked 
|2031|0x00000007fde00000, 0x00000007fde00000, 0x00000007fe000000|  0%| F|  |TAMS 0x00000007fde00000, 0x00000007fde00000| Untracked 
|2032|0x00000007fe000000, 0x00000007fe000000, 0x00000007fe200000|  0%| F|  |TAMS 0x00000007fe000000, 0x00000007fe000000| Untracked 
|2033|0x00000007fe200000, 0x00000007fe2ae990, 0x00000007fe400000| 34%| E|  |TAMS 0x00000007fe200000, 0x00000007fe200000| Complete 
|2034|0x00000007fe400000, 0x00000007fe600000, 0x00000007fe600000|100%| E|CS|TAMS 0x00000007fe400000, 0x00000007fe400000| Complete 
|2035|0x00000007fe600000, 0x00000007fe800000, 0x00000007fe800000|100%| E|CS|TAMS 0x00000007fe600000, 0x00000007fe600000| Complete 
|2036|0x00000007fe800000, 0x00000007fea00000, 0x00000007fea00000|100%| E|CS|TAMS 0x00000007fe800000, 0x00000007fe800000| Complete 
|2037|0x00000007fea00000, 0x00000007fec00000, 0x00000007fec00000|100%| E|CS|TAMS 0x00000007fea00000, 0x00000007fea00000| Complete 
|2038|0x00000007fec00000, 0x00000007fee00000, 0x00000007fee00000|100%| E|CS|TAMS 0x00000007fec00000, 0x00000007fec00000| Complete 
|2039|0x00000007fee00000, 0x00000007ff000000, 0x00000007ff000000|100%| E|CS|TAMS 0x00000007fee00000, 0x00000007fee00000| Complete 
|2040|0x00000007ff000000, 0x00000007ff200000, 0x00000007ff200000|100%| E|CS|TAMS 0x00000007ff000000, 0x00000007ff000000| Complete 
|2041|0x00000007ff200000, 0x00000007ff400000, 0x00000007ff400000|100%| E|CS|TAMS 0x00000007ff200000, 0x00000007ff200000| Complete 
|2042|0x00000007ff400000, 0x00000007ff600000, 0x00000007ff600000|100%| E|CS|TAMS 0x00000007ff400000, 0x00000007ff400000| Complete 
|2043|0x00000007ff600000, 0x00000007ff800000, 0x00000007ff800000|100%| E|CS|TAMS 0x00000007ff600000, 0x00000007ff600000| Complete 
|2044|0x00000007ff800000, 0x00000007ffa00000, 0x00000007ffa00000|100%| E|CS|TAMS 0x00000007ff800000, 0x00000007ff800000| Complete 
|2045|0x00000007ffa00000, 0x00000007ffc00000, 0x00000007ffc00000|100%| E|CS|TAMS 0x00000007ffa00000, 0x00000007ffa00000| Complete 
|2046|0x00000007ffc00000, 0x00000007ffd75000, 0x00000007ffe00000| 72%|OA|  |TAMS 0x00000007ffd75000, 0x00000007ffc00000| Untracked 
|2047|0x00000007ffe00000, 0x00000007ffe77000, 0x0000000800000000| 23%|CA|  |TAMS 0x00000007ffe77000, 0x00000007ffe00000| Untracked 

Card table byte_map: [0x00007cdcbb800000,0x00007cdcbc000000] _byte_map_base: 0x00007cdcb8000000

Marking Bits (Prev, Next): (CMBitMap*) 0x00007cdcc80a3b00, (CMBitMap*) 0x00007cdcc80a3b40
 Prev Bits: [0x00007cdcb7000000, 0x00007cdcbb000000)
 Next Bits: [0x00007cdcb3000000, 0x00007cdcb7000000)

Polling page: 0x00007cdccee0f000

Metaspace:

Usage:
  Non-class:     68.83 MB used.
      Class:     10.26 MB used.
       Both:     79.09 MB used.

Virtual space:
  Non-class space:      128.00 MB reserved,      69.12 MB ( 54%) committed,  2 nodes.
      Class space:        1.00 GB reserved,      10.56 MB (  1%) committed,  1 nodes.
             Both:        1.12 GB reserved,      79.69 MB (  7%) committed. 

Chunk freelists:
   Non-Class:  10.53 MB
       Class:  5.30 MB
        Both:  15.83 MB

MaxMetaspaceSize: unlimited
CompressedClassSpaceSize: 1.00 GB
Initial GC threshold: 21.00 MB
Current GC threshold: 132.75 MB
CDS: on
MetaspaceReclaimPolicy: balanced
 - commit_granule_bytes: 65536.
 - commit_granule_words: 8192.
 - virtual_space_node_default_size: 8388608.
 - enlarge_chunks_in_place: 1.
 - new_chunks_are_fully_committed: 0.
 - uncommit_free_chunks: 1.
 - use_allocation_guard: 0.
 - handle_deallocations: 1.


Internal statistics:

num_allocs_failed_limit: 9.
num_arena_births: 784.
num_arena_deaths: 0.
num_vsnodes_births: 3.
num_vsnodes_deaths: 0.
num_space_committed: 1273.
num_space_uncommitted: 0.
num_chunks_returned_to_freelist: 9.
num_chunks_taken_from_freelist: 3631.
num_chunk_merges: 9.
num_chunk_splits: 2811.
num_chunks_enlarged: 2315.
num_inconsistent_stats: 0.

CodeCache: size=49152Kb used=13594Kb max_used=14013Kb free=35557Kb
 bounds [0x00007cdcbc800000, 0x00007cdcbd5b0000, 0x00007cdcbf800000]
 total_blobs=8133 nmethods=6826 adapters=1234
 compilation: enabled
              stopped_count=0, restarted_count=0
 full_count=0

Compilation events (20 events):
Event: 83.464 Thread 0x00007cdcc8a78d80 nmethod 6976 0x00007cdcbc9fee90 code [0x00007cdcbc9ff040, 0x00007cdcbc9ff160]
Event: 83.464 Thread 0x00007cdcc8a78d80 6979       1       java.io.StringWriter::write (14 bytes)
Event: 83.464 Thread 0x00007cdcc8a78d80 nmethod 6979 0x00007cdcbc9fe990 code [0x00007cdcbc9feb40, 0x00007cdcbc9fed40]
Event: 83.464 Thread 0x00007cdcc8a78d80 6980       1       java.io.PrintWriter::println (5 bytes)
Event: 83.464 Thread 0x00007cdcc8a78d80 nmethod 6980 0x00007cdcbc9fe690 code [0x00007cdcbc9fe820, 0x00007cdcbc9fe900]
Event: 83.464 Thread 0x00007cdcc8a78d80 6981   !   1       java.io.PrintWriter::newLine (65 bytes)
Event: 83.464 Thread 0x00007cdc240a1690 nmethod 6978 0x00007cdcbc9fdf10 code [0x00007cdcbc9fe100, 0x00007cdcbc9fe460]
Event: 83.464 Thread 0x00007cdc240a1690 6982       1       java.io.StringWriter::write (10 bytes)
Event: 83.465 Thread 0x00007cdc240a1690 nmethod 6982 0x00007cdcbc9fda90 code [0x00007cdcbc9fdc40, 0x00007cdcbc9fde20]
Event: 83.465 Thread 0x00007cdc240a1690 6973       1       io.grpc.ConnectivityStateInfo::getState (5 bytes)
Event: 83.465 Thread 0x00007cdcc8a78d80 nmethod 6981 0x00007cdcbc9fd290 code [0x00007cdcbc9fd480, 0x00007cdcbc9fd830]
Event: 83.465 Thread 0x00007cdc240a1690 nmethod 6973 0x00007cdcbc9fcf90 code [0x00007cdcbc9fd120, 0x00007cdcbc9fd1f0]
Event: 83.700 Thread 0x00007cdcc8a78d80 6983       1       org.apache.tomcat.util.buf.CharChunk::getBuffer (5 bytes)
Event: 83.700 Thread 0x00007cdcc8a78d80 nmethod 6983 0x00007cdcbc9fcc90 code [0x00007cdcbc9fce20, 0x00007cdcbc9fcef0]
Event: 83.700 Thread 0x00007cdcc8a78d80 6984       1       java.util.Collections$EmptyList::hashCode (2 bytes)
Event: 83.700 Thread 0x00007cdcc8a78d80 nmethod 6984 0x00007cdcbc9fc990 code [0x00007cdcbc9fcb20, 0x00007cdcbc9fcbf0]
Event: 83.700 Thread 0x00007cdcc8a78d80 6985       1       java.lang.Long::parseLong (272 bytes)
Event: 83.701 Thread 0x00007cdc240a1690 6986       1       org.bytedeco.javacpp.Pointer$DeallocatorReference::release (59 bytes)
Event: 83.701 Thread 0x00007cdcc8a78d80 nmethod 6985 0x00007cdcbc9fb090 code [0x00007cdcbc9fb3c0, 0x00007cdcbc9fc110]
Event: 83.702 Thread 0x00007cdc240a1690 nmethod 6986 0x00007cdcbc9fa610 code [0x00007cdcbc9fa860, 0x00007cdcbc9fad90]

GC Heap History (8 events):
Event: 2.485 GC heap before
{Heap before GC invocations=0 (full 0):
 garbage-first heap   total 4194304K, used 303024K [0x0000000700000000, 0x0000000800000000)
  region size 2048K, 148 young (303104K), 0 survivors (0K)
 Metaspace       used 21181K, committed 21504K, reserved 1114112K
  class space    used 2937K, committed 3136K, reserved 1048576K
}
Event: 2.492 GC heap after
{Heap after GC invocations=1 (full 0):
 garbage-first heap   total 4194304K, used 22736K [0x0000000700000000, 0x0000000800000000)
  region size 2048K, 11 young (22528K), 11 survivors (22528K)
 Metaspace       used 21181K, committed 21504K, reserved 1114112K
  class space    used 2937K, committed 3136K, reserved 1048576K
}
Event: 5.629 GC heap before
{Heap before GC invocations=2 (full 0):
 garbage-first heap   total 4194304K, used 395472K [0x0000000700000000, 0x0000000800000000)
  region size 2048K, 195 young (399360K), 11 survivors (22528K)
 Metaspace       used 35507K, committed 35968K, reserved 1114112K
  class space    used 5077K, committed 5312K, reserved 1048576K
}
Event: 5.637 GC heap after
{Heap after GC invocations=3 (full 0):
 garbage-first heap   total 4194304K, used 33108K [0x0000000700000000, 0x0000000800000000)
  region size 2048K, 16 young (32768K), 16 survivors (32768K)
 Metaspace       used 35507K, committed 35968K, reserved 1114112K
  class space    used 5077K, committed 5312K, reserved 1048576K
}
Event: 11.934 GC heap before
{Heap before GC invocations=4 (full 0):
 garbage-first heap   total 4194304K, used 1364308K [0x0000000700000000, 0x0000000800000000)
  region size 2048K, 665 young (1361920K), 16 survivors (32768K)
 Metaspace       used 59786K, committed 60288K, reserved 1114112K
  class space    used 7849K, committed 8128K, reserved 1048576K
}
Event: 11.949 GC heap after
{Heap after GC invocations=5 (full 0):
 garbage-first heap   total 4194304K, used 45255K [0x0000000700000000, 0x0000000800000000)
  region size 2048K, 22 young (45056K), 22 survivors (45056K)
 Metaspace       used 59786K, committed 60288K, reserved 1114112K
  class space    used 7849K, committed 8128K, reserved 1048576K
}
Event: 80.354 GC heap before
{Heap before GC invocations=6 (full 0):
 garbage-first heap   total 4194304K, used 477383K [0x0000000700000000, 0x0000000800000000)
  region size 2048K, 235 young (481280K), 22 survivors (45056K)
 Metaspace       used 80984K, committed 81536K, reserved 1179648K
  class space    used 10502K, committed 10752K, reserved 1048576K
}
Event: 80.387 GC heap after
{Heap after GC invocations=7 (full 1):
 garbage-first heap   total 4194304K, used 53816K [0x0000000700000000, 0x0000000800000000)
  region size 2048K, 0 young (0K), 0 survivors (0K)
 Metaspace       used 80984K, committed 81536K, reserved 1179648K
  class space    used 10502K, committed 10752K, reserved 1048576K
}

Dll operation events (20 events):
Event: 67.552 Loaded shared library /home/pan/.javacpp/cache/ffmpeg-6.0-1.5.9-linux-x86_64.jar/org/bytedeco/ffmpeg/linux-x86_64/libdrm.so.2
Event: 67.561 Loaded shared library /home/pan/.javacpp/cache/ffmpeg-6.0-1.5.9-linux-x86_64.jar/org/bytedeco/ffmpeg/linux-x86_64/libva-drm.so
Event: 67.574 Loaded shared library /home/pan/.javacpp/cache/ffmpeg-6.0-1.5.9-linux-x86_64.jar/org/bytedeco/ffmpeg/linux-x86_64/libavutil.so.58
Event: 67.581 Loaded shared library /home/pan/.javacpp/cache/ffmpeg-6.0-1.5.9-linux-x86_64.jar/org/bytedeco/ffmpeg/linux-x86_64/libjniavutil.so
Event: 67.598 Loaded shared library /home/pan/.javacpp/cache/ffmpeg-6.0-1.5.9-linux-x86_64.jar/org/bytedeco/ffmpeg/linux-x86_64/libswresample.so.4
Event: 67.600 Loaded shared library /home/pan/.javacpp/cache/ffmpeg-6.0-1.5.9-linux-x86_64.jar/org/bytedeco/ffmpeg/linux-x86_64/libjniswresample.so
Event: 67.611 Loaded shared library /home/pan/.javacpp/cache/ffmpeg-6.0-1.5.9-linux-x86_64.jar/org/bytedeco/ffmpeg/linux-x86_64/libavcodec.so.60
Event: 67.614 Loaded shared library /home/pan/.javacpp/cache/ffmpeg-6.0-1.5.9-linux-x86_64.jar/org/bytedeco/ffmpeg/linux-x86_64/libjniavcodec.so
Event: 67.631 Loaded shared library /home/pan/.javacpp/cache/ffmpeg-6.0-1.5.9-linux-x86_64.jar/org/bytedeco/ffmpeg/linux-x86_64/libavformat.so.60
Event: 67.634 Loaded shared library /home/pan/.javacpp/cache/ffmpeg-6.0-1.5.9-linux-x86_64.jar/org/bytedeco/ffmpeg/linux-x86_64/libjniavformat.so
Event: 67.644 Loaded shared library /home/pan/.javacpp/cache/ffmpeg-6.0-1.5.9-linux-x86_64.jar/org/bytedeco/ffmpeg/linux-x86_64/libswscale.so.7
Event: 67.647 Loaded shared library /home/pan/.javacpp/cache/ffmpeg-6.0-1.5.9-linux-x86_64.jar/org/bytedeco/ffmpeg/linux-x86_64/libjniswscale.so
Event: 67.664 Loaded shared library /home/pan/.javacpp/cache/ffmpeg-6.0-1.5.9-linux-x86_64.jar/org/bytedeco/ffmpeg/linux-x86_64/libavfilter.so.9
Event: 67.667 Loaded shared library /home/pan/.javacpp/cache/ffmpeg-6.0-1.5.9-linux-x86_64.jar/org/bytedeco/ffmpeg/linux-x86_64/libjniavfilter.so
Event: 67.677 Loaded shared library /home/pan/.javacpp/cache/ffmpeg-6.0-1.5.9-linux-x86_64.jar/org/bytedeco/ffmpeg/linux-x86_64/libavdevice.so.60
Event: 67.680 Loaded shared library /home/pan/.javacpp/cache/ffmpeg-6.0-1.5.9-linux-x86_64.jar/org/bytedeco/ffmpeg/linux-x86_64/libjniavdevice.so
Event: 67.992 Loaded shared library /tmp/libio_grpc_netty_shaded_netty_transport_native_epoll_x86_642884244808865779082.so
Event: 68.363 Loaded shared library /home/pan/.javacpp/cache/opencv-4.7.0-1.5.9-linux-x86_64.jar/org/bytedeco/opencv/linux-x86_64/libjniopencv_imgproc.so
Event: 68.382 Loaded shared library /home/pan/.javacpp/cache/opencv-4.7.0-1.5.9-linux-x86_64.jar/org/bytedeco/opencv/linux-x86_64/libopencv_imgcodecs.so.407
Event: 68.386 Loaded shared library /home/pan/.javacpp/cache/opencv-4.7.0-1.5.9-linux-x86_64.jar/org/bytedeco/opencv/linux-x86_64/libjniopencv_imgcodecs.so

Deoptimization events (6 events):
Event: 10.050 Thread 0x00007cdcc80355d0 DEOPT PACKING pc=0x00007cdcbd1800d8 sp=0x00007cdccecdded0
Event: 10.050 Thread 0x00007cdcc80355d0 DEOPT UNPACKING pc=0x00007cdcbc856e2f sp=0x00007cdccecdd408 mode 3
Event: 10.051 Thread 0x00007cdcc80355d0 DEOPT PACKING pc=0x00007cdcbd171cba sp=0x00007cdccecddea0
Event: 10.051 Thread 0x00007cdcc80355d0 DEOPT UNPACKING pc=0x00007cdcbc856e2f sp=0x00007cdccecdd408 mode 3
Event: 10.690 Thread 0x00007cdcc80355d0 DEOPT PACKING pc=0x00007cdcbca76544 sp=0x00007cdccece0cd0
Event: 10.690 Thread 0x00007cdcc80355d0 DEOPT UNPACKING pc=0x00007cdcbc856e2f sp=0x00007cdccece02a8 mode 0

Classes loaded (20 events):
Event: 68.108 Loading class javax/naming/spi/InitialContextFactory
Event: 68.108 Loading class javax/naming/spi/InitialContextFactory done
Event: 68.108 Loading class javax/naming/ConfigurationException
Event: 68.108 Loading class javax/naming/ConfigurationException done
Event: 68.127 Loading class sun/util/resources/LocaleData$CommonResourceBundleProvider
Event: 68.127 Loading class sun/util/resources/LocaleData$LocaleDataResourceBundleProvider
Event: 68.127 Loading class java/util/spi/ResourceBundleProvider
Event: 68.127 Loading class java/util/spi/ResourceBundleProvider done
Event: 68.127 Loading class sun/util/resources/LocaleData$LocaleDataResourceBundleProvider done
Event: 68.127 Loading class sun/util/resources/LocaleData$CommonResourceBundleProvider done
Event: 68.127 Loading class sun/util/resources/Bundles$2
Event: 68.127 Loading class sun/util/resources/Bundles$2 done
Event: 68.300 Loading class java/nio/DirectFloatBufferU
Event: 68.300 Loading class java/nio/DirectFloatBufferU done
Event: 68.301 Loading class java/nio/DirectShortBufferU
Event: 68.301 Loading class java/nio/DirectShortBufferU done
Event: 68.306 Loading class sun/misc/SharedSecrets
Event: 68.306 Loading class sun/misc/SharedSecrets done
Event: 83.701 Loading class java/lang/Throwable$WrappedPrintStream
Event: 83.701 Loading class java/lang/Throwable$WrappedPrintStream done

Classes unloaded (0 events):
No events

Classes redefined (0 events):
No events

Internal exceptions (20 events):
Event: 21.694 Thread 0x00007cdccaea1480 Exception <a 'java/io/FileNotFoundException'{0x00000007f600a0b0}> (0x00000007f600a0b0) 
thrown [src/hotspot/share/prims/jni.cpp, line 516]
Event: 21.694 Thread 0x00007cdccaea1480 Exception <a 'java/io/FileNotFoundException'{0x00000007f600a7d0}> (0x00000007f600a7d0) 
thrown [src/hotspot/share/prims/jni.cpp, line 516]
Event: 31.695 Thread 0x00007cdccaea1480 Exception <a 'java/io/FileNotFoundException'{0x00000007f6019860}> (0x00000007f6019860) 
thrown [src/hotspot/share/prims/jni.cpp, line 516]
Event: 31.695 Thread 0x00007cdccaea1480 Exception <a 'java/io/FileNotFoundException'{0x00000007f6019f80}> (0x00000007f6019f80) 
thrown [src/hotspot/share/prims/jni.cpp, line 516]
Event: 41.696 Thread 0x00007cdccaea1480 Exception <a 'java/io/FileNotFoundException'{0x00000007f6029010}> (0x00000007f6029010) 
thrown [src/hotspot/share/prims/jni.cpp, line 516]
Event: 41.696 Thread 0x00007cdccaea1480 Exception <a 'java/io/FileNotFoundException'{0x00000007f6029730}> (0x00000007f6029730) 
thrown [src/hotspot/share/prims/jni.cpp, line 516]
Event: 51.696 Thread 0x00007cdccaea1480 Exception <a 'java/io/FileNotFoundException'{0x00000007f60387c0}> (0x00000007f60387c0) 
thrown [src/hotspot/share/prims/jni.cpp, line 516]
Event: 51.696 Thread 0x00007cdccaea1480 Exception <a 'java/io/FileNotFoundException'{0x00000007f6038ee0}> (0x00000007f6038ee0) 
thrown [src/hotspot/share/prims/jni.cpp, line 516]
Event: 61.697 Thread 0x00007cdccaea1480 Exception <a 'java/io/FileNotFoundException'{0x00000007f6047f70}> (0x00000007f6047f70) 
thrown [src/hotspot/share/prims/jni.cpp, line 516]
Event: 61.697 Thread 0x00007cdccaea1480 Exception <a 'java/io/FileNotFoundException'{0x00000007f6048690}> (0x00000007f6048690) 
thrown [src/hotspot/share/prims/jni.cpp, line 516]
Event: 62.312 Thread 0x00007cdccae60cb0 Exception <a 'java/lang/NoSuchMethodError'{0x00000007f47c6208}: 'java.lang.Object java.lang.invoke.DirectMethodHandle$Holder.invokeSpecial(java.lang.Object, java.lang.Object, java.lang.Object, java.lang.Object, java.lang.Object, long)'> (0x00000007f47c6208) 
thrown [src/hotspot/share/interpreter/linkResolver.cpp, line 759]
Event: 62.312 Thread 0x00007cdccae60cb0 Exception <a 'java/lang/NoSuchMethodError'{0x00000007f47c9c48}: 'java.lang.Object java.lang.invoke.Invokers$Holder.linkToTargetMethod(java.lang.Object, java.lang.Object, java.lang.Object, long, java.lang.Object)'> (0x00000007f47c9c48) 
thrown [src/hotspot/share/interpreter/linkResolver.cpp, line 759]
Event: 67.989 Thread 0x00007cdccae63820 Exception <a 'java/lang/UnsatisfiedLinkError'{0x00000007ee41e3c0}: 'int io.grpc.netty.shaded.io.netty.channel.epoll.Native.offsetofEpollData()'> (0x00000007ee41e3c0) 
thrown [src/hotspot/share/prims/nativeLookup.cpp, line 543]
Event: 67.990 Thread 0x00007cdccae63820 Exception <a 'java/lang/reflect/InvocationTargetException'{0x00000007ee464818}> (0x00000007ee464818) 
thrown [src/hotspot/share/runtime/reflection.cpp, line 1128]
Event: 68.306 Thread 0x00007cd9ac0e9180 Exception <a 'java/lang/ClassNotFoundException'{0x00000007e89ab8b8}: sun/misc/SharedSecrets> (0x00000007e89ab8b8) 
thrown [src/hotspot/share/classfile/systemDictionary.cpp, line 256]
Event: 71.697 Thread 0x00007cdccaea1480 Exception <a 'java/io/FileNotFoundException'{0x00000007f6057720}> (0x00000007f6057720) 
thrown [src/hotspot/share/prims/jni.cpp, line 516]
Event: 71.697 Thread 0x00007cdccaea1480 Exception <a 'java/io/FileNotFoundException'{0x00000007f6057e40}> (0x00000007f6057e40) 
thrown [src/hotspot/share/prims/jni.cpp, line 516]
Event: 81.698 Thread 0x00007cdccaea1480 Exception <a 'java/io/FileNotFoundException'{0x00000007fec0e9e8}> (0x00000007fec0e9e8) 
thrown [src/hotspot/share/prims/jni.cpp, line 516]
Event: 81.698 Thread 0x00007cdccaea1480 Exception <a 'java/io/FileNotFoundException'{0x00000007fec0f108}> (0x00000007fec0f108) 
thrown [src/hotspot/share/prims/jni.cpp, line 516]
Event: 83.701 Thread 0x00007cda49c12930 Exception <a 'java/lang/InterruptedException'{0x00000007fe583180}: sleep interrupted> (0x00000007fe583180) 
thrown [src/hotspot/share/prims/jvm.cpp, line 3064]

VM Operations (20 events):
Event: 67.522 Executing VM operation: HandshakeAllThreads
Event: 67.522 Executing VM operation: HandshakeAllThreads done
Event: 68.522 Executing VM operation: Cleanup
Event: 68.523 Executing VM operation: Cleanup done
Event: 69.523 Executing VM operation: Cleanup
Event: 69.526 Executing VM operation: Cleanup done
Event: 70.526 Executing VM operation: Cleanup
Event: 70.526 Executing VM operation: Cleanup done
Event: 72.526 Executing VM operation: Cleanup
Event: 72.526 Executing VM operation: Cleanup done
Event: 73.526 Executing VM operation: Cleanup
Event: 73.526 Executing VM operation: Cleanup done
Event: 78.527 Executing VM operation: Cleanup
Event: 78.527 Executing VM operation: Cleanup done
Event: 79.527 Executing VM operation: Cleanup
Event: 79.527 Executing VM operation: Cleanup done
Event: 80.354 Executing VM operation: G1CollectFull
Event: 80.387 Executing VM operation: G1CollectFull done
Event: 81.387 Executing VM operation: Cleanup
Event: 81.387 Executing VM operation: Cleanup done

Memory protections (20 events):
Event: 70.226 Protecting memory [0x00007cdc20100000,0x00007cdc20104000] with protection modes 0
Event: 70.325 Protecting memory [0x00007cdc20000000,0x00007cdc20004000] with protection modes 0
Event: 70.326 Protecting memory [0x00007cdc17f00000,0x00007cdc17f04000] with protection modes 0
Event: 70.825 Protecting memory [0x00007cdc17500000,0x00007cdc17504000] with protection modes 0
Event: 70.848 Protecting memory [0x00007cdc16b00000,0x00007cdc16b04000] with protection modes 0
Event: 70.927 Protecting memory [0x00007cdcaac00000,0x00007cdcaac04000] with protection modes 0
Event: 70.928 Protecting memory [0x00007cdc16100000,0x00007cdc16104000] with protection modes 0
Event: 70.955 Protecting memory [0x00007cdc15700000,0x00007cdc15704000] with protection modes 0
Event: 71.433 Protecting memory [0x00007cdc14d00000,0x00007cdc14d04000] with protection modes 0
Event: 71.822 Protecting memory [0x00007cdc14300000,0x00007cdc14304000] with protection modes 0
Event: 71.958 Protecting memory [0x00007cdc14200000,0x00007cdc14204000] with protection modes 0
Event: 72.215 Protecting memory [0x00007cdc14100000,0x00007cdc14104000] with protection modes 0
Event: 72.216 Protecting memory [0x00007cdc14000000,0x00007cdc14004000] with protection modes 0
Event: 73.629 Protecting memory [0x00007cdc46100000,0x00007cdc46104000] with protection modes 0
Event: 73.629 Protecting memory [0x00007cdcaaa00000,0x00007cdcaaa04000] with protection modes 0
Event: 73.847 Protecting memory [0x00007cdc4c400000,0x00007cdc4c404000] with protection modes 0
Event: 73.848 Protecting memory [0x00007cdc0bf00000,0x00007cdc0bf04000] with protection modes 0
Event: 78.799 Protecting memory [0x00007cdc38200000,0x00007cdc38204000] with protection modes 0
Event: 78.799 Protecting memory [0x00007cdc38300000,0x00007cdc38304000] with protection modes 0
Event: 83.464 Protecting memory [0x00007cdcaab00000,0x00007cdcaab04000] with protection modes 0

Nmethod flushes (20 events):
Event: 11.488 Thread 0x00007cdcc8a7a1f0 flushing  nmethod 0x00007cdcbd2c4790
Event: 11.488 Thread 0x00007cdcc8a7a1f0 flushing  nmethod 0x00007cdcbd2c5c10
Event: 11.488 Thread 0x00007cdcc8a7a1f0 flushing  nmethod 0x00007cdcbd2dc810
Event: 11.489 Thread 0x00007cdcc8a7a1f0 flushing  nmethod 0x00007cdcbd2e4410
Event: 11.489 Thread 0x00007cdcc8a7a1f0 flushing  nmethod 0x00007cdcbd2e7c10
Event: 11.489 Thread 0x00007cdcc8a7a1f0 flushing  nmethod 0x00007cdcbd2f1b10
Event: 11.489 Thread 0x00007cdcc8a7a1f0 flushing  nmethod 0x00007cdcbd2f2890
Event: 11.489 Thread 0x00007cdcc8a7a1f0 flushing  nmethod 0x00007cdcbd2f4a90
Event: 11.489 Thread 0x00007cdcc8a7a1f0 flushing  nmethod 0x00007cdcbd2fc910
Event: 11.489 Thread 0x00007cdcc8a7a1f0 flushing  nmethod 0x00007cdcbd303f90
Event: 11.489 Thread 0x00007cdcc8a7a1f0 flushing  nmethod 0x00007cdcbd31ff90
Event: 11.489 Thread 0x00007cdcc8a7a1f0 flushing  nmethod 0x00007cdcbd32f810
Event: 11.489 Thread 0x00007cdcc8a7a1f0 flushing  nmethod 0x00007cdcbd377890
Event: 11.489 Thread 0x00007cdcc8a7a1f0 flushing  nmethod 0x00007cdcbd384010
Event: 11.489 Thread 0x00007cdcc8a7a1f0 flushing  nmethod 0x00007cdcbd38b010
Event: 11.490 Thread 0x00007cdcc8a7a1f0 flushing  nmethod 0x00007cdcbd438d90
Event: 11.490 Thread 0x00007cdcc8a7a1f0 flushing  nmethod 0x00007cdcbd44df10
Event: 11.490 Thread 0x00007cdcc8a7a1f0 flushing  nmethod 0x00007cdcbd46fe10
Event: 11.490 Thread 0x00007cdcc8a7a1f0 flushing  nmethod 0x00007cdcbd4a4410
Event: 11.490 Thread 0x00007cdcc8a7a1f0 flushing  nmethod 0x00007cdcbd4ca390

Events (20 events):
Event: 72.215 Thread 0x00007cd90c001450 Thread added: 0x00007cd914001590
Event: 72.216 Thread 0x00007cd914001590 Thread added: 0x00007cd9445d81e0
Event: 72.455 Thread 0x00007cdccb0f41b0 Thread exited: 0x00007cdccb0f41b0
Event: 73.288 Thread 0x00007cd9d0231e10 Thread exited: 0x00007cd9d0231e10
Event: 73.288 Thread 0x00007cd9d022db60 Thread exited: 0x00007cd9d022db60
Event: 73.629 Thread 0x00007cd9e40d28f0 Thread added: 0x00007cd9d0231e10
Event: 73.629 Thread 0x00007cd9e40d28f0 Thread added: 0x00007cd9d022db60
Event: 73.847 Thread 0x00007cdc18029760 Thread added: 0x00007cd924001310
Event: 73.848 Thread 0x00007cd924001310 Thread added: 0x00007cd9e40d67d0
Event: 77.015 Thread 0x00007cdc240bef40 Thread exited: 0x00007cdc240bef40
Event: 78.459 Thread 0x00007cd9d022b280 Thread exited: 0x00007cd9d022b280
Event: 78.459 Thread 0x00007cd9d0228600 Thread exited: 0x00007cd9d0228600
Event: 78.799 Thread 0x00007cd9e40d28f0 Thread added: 0x00007cd9d022b280
Event: 78.799 Thread 0x00007cd9e40d28f0 Thread added: 0x00007cd9d0228600
Event: 83.464 Thread 0x00007cdcc8a78d80 Thread added: 0x00007cdc240a1690
Event: 83.629 Thread 0x00007cd9d0231e10 Thread exited: 0x00007cd9d0231e10
Event: 83.629 Thread 0x00007cd9d022db60 Thread exited: 0x00007cd9d022db60
Event: 83.701 Thread 0x00007cda49c12930 Thread exited: 0x00007cda49c12930
Event: 83.702 Thread 0x00007cda49c122b0 Thread exited: 0x00007cda49c122b0
Event: 83.704 Thread 0x00007cda49c11d30 Thread exited: 0x00007cda49c11d30


Dynamic libraries:
700000000-7ffd00000 rw-p 00000000 00:00 0 
7ffd00000-7ffd75000 rw-p 00c78000 103:02 4342152                         /home/pan/.jdks/corretto-17.0.14/lib/server/classes.jsa
7ffd75000-7ffe00000 rw-p 00000000 00:00 0 
7ffe00000-7ffe77000 rw-p 00c01000 103:02 4342152                         /home/pan/.jdks/corretto-17.0.14/lib/server/classes.jsa
7ffe77000-800000000 rw-p 00000000 00:00 0 
577138400000-577138401000 r-xp 00000000 103:02 4342252                   /home/pan/.jdks/corretto-17.0.14/bin/java
577138601000-577138602000 r--p 00001000 103:02 4342252                   /home/pan/.jdks/corretto-17.0.14/bin/java
577138602000-577138603000 rw-p 00002000 103:02 4342252                   /home/pan/.jdks/corretto-17.0.14/bin/java
577172cc0000-577173b3e000 rw-p 00000000 00:00 0                          [heap]
7cd814000000-7cd814fc6000 rw-p 00000000 00:00 0 
7cd814fc6000-7cd818000000 ---p 00000000 00:00 0 
7cd818000000-7cd81a988000 rw-p 00000000 00:00 0 
7cd81a988000-7cd81c000000 ---p 00000000 00:00 0 
7cd820000000-7cd823b54000 rw-p 00000000 00:00 0 
7cd823b54000-7cd824000000 ---p 00000000 00:00 0 
7cd825800000-7cd825def000 rw-p 00000000 00:00 0 
7cd828000000-7cd82bb54000 rw-p 00000000 00:00 0 
7cd82bb54000-7cd82c000000 ---p 00000000 00:00 0 
7cd830000000-7cd833b54000 rw-p 00000000 00:00 0 
7cd833b54000-7cd834000000 ---p 00000000 00:00 0 
7cd834000000-7cd837b54000 rw-p 00000000 00:00 0 
7cd837b54000-7cd838000000 ---p 00000000 00:00 0 
7cd83c000000-7cd83fb7f000 rw-p 00000000 00:00 0 
7cd83fb7f000-7cd840000000 ---p 00000000 00:00 0 
7cd840000000-7cd843b54000 rw-p 00000000 00:00 0 
7cd843b54000-7cd844000000 ---p 00000000 00:00 0 
7cd848000000-7cd84bb7f000 rw-p 00000000 00:00 0 
7cd84bb7f000-7cd84c000000 ---p 00000000 00:00 0 
7cd84c000000-7cd84fb54000 rw-p 00000000 00:00 0 
7cd84fb54000-7cd850000000 ---p 00000000 00:00 0 
7cd854000000-7cd857b54000 rw-p 00000000 00:00 0 
7cd857b54000-7cd858000000 ---p 00000000 00:00 0 
7cd858000000-7cd85bb54000 rw-p 00000000 00:00 0 
7cd85bb54000-7cd85c000000 ---p 00000000 00:00 0 
7cd860000000-7cd863b54000 rw-p 00000000 00:00 0 
7cd863b54000-7cd864000000 ---p 00000000 00:00 0 
7cd864000000-7cd867b54000 rw-p 00000000 00:00 0 
7cd867b54000-7cd868000000 ---p 00000000 00:00 0 
7cd86c000000-7cd86fb54000 rw-p 00000000 00:00 0 
7cd86fb54000-7cd870000000 ---p 00000000 00:00 0 
7cd870000000-7cd873b54000 rw-p 00000000 00:00 0 
7cd873b54000-7cd874000000 ---p 00000000 00:00 0 
7cd878000000-7cd87bb54000 rw-p 00000000 00:00 0 
7cd87bb54000-7cd87c000000 ---p 00000000 00:00 0 
7cd87c000000-7cd87fbaa000 rw-p 00000000 00:00 0 
7cd87fbaa000-7cd880000000 ---p 00000000 00:00 0 
7cd884000000-7cd884021000 rw-p 00000000 00:00 0 
7cd884021000-7cd888000000 ---p 00000000 00:00 0 
7cd888000000-7cd88bd64000 rw-p 00000000 00:00 0 
7cd88bd64000-7cd88c000000 ---p 00000000 00:00 0 
7cd890000000-7cd890b41000 rw-p 00000000 00:00 0 
7cd890b41000-7cd894000000 ---p 00000000 00:00 0 
7cd894000000-7cd894da0000 rw-p 00000000 00:00 0 
7cd894da0000-7cd898000000 ---p 00000000 00:00 0 
7cd89c000000-7cd89cb61000 rw-p 00000000 00:00 0 
7cd89cb61000-7cd8a0000000 ---p 00000000 00:00 0 
7cd8a0000000-7cd8a0dc8000 rw-p 00000000 00:00 0 
7cd8a0dc8000-7cd8a4000000 ---p 00000000 00:00 0 
7cd8a8000000-7cd8a875f000 rw-p 00000000 00:00 0 
7cd8a875f000-7cd8ac000000 ---p 00000000 00:00 0 
7cd8ac000000-7cd8ad042000 rw-p 00000000 00:00 0 
7cd8ad042000-7cd8b0000000 ---p 00000000 00:00 0 
7cd8b4000000-7cd8b4d45000 rw-p 00000000 00:00 0 
7cd8b4d45000-7cd8b8000000 ---p 00000000 00:00 0 
7cd8b8000000-7cd8b88b1000 rw-p 00000000 00:00 0 
7cd8b88b1000-7cd8bc000000 ---p 00000000 00:00 0 
7cd8c0000000-7cd8c0713000 rw-p 00000000 00:00 0 
7cd8c0713000-7cd8c4000000 ---p 00000000 00:00 0 
7cd8c4000000-7cd8c498c000 rw-p 00000000 00:00 0 
7cd8c498c000-7cd8c8000000 ---p 00000000 00:00 0 
7cd8cc000000-7cd8cc904000 rw-p 00000000 00:00 0 
7cd8cc904000-7cd8d0000000 ---p 00000000 00:00 0 
7cd8d0000000-7cd8d0829000 rw-p 00000000 00:00 0 
7cd8d0829000-7cd8d4000000 ---p 00000000 00:00 0 
7cd8d8000000-7cd8d865d000 rw-p 00000000 00:00 0 
7cd8d865d000-7cd8dc000000 ---p 00000000 00:00 0 
7cd8dc000000-7cd8dc7e7000 rw-p 00000000 00:00 0 
7cd8dc7e7000-7cd8e0000000 ---p 00000000 00:00 0 
7cd8e4000000-7cd8e4841000 rw-p 00000000 00:00 0 
7cd8e4841000-7cd8e8000000 ---p 00000000 00:00 0 
7cd8e8000000-7cd8e8210000 rw-p 00000000 00:00 0 
7cd8e8210000-7cd8ec000000 ---p 00000000 00:00 0 
7cd8f0000000-7cd8f0210000 rw-p 00000000 00:00 0 
7cd8f0210000-7cd8f4000000 ---p 00000000 00:00 0 
7cd8f4000000-7cd8f4210000 rw-p 00000000 00:00 0 
7cd8f4210000-7cd8f8000000 ---p 00000000 00:00 0 
7cd8fc000000-7cd8fc210000 rw-p 00000000 00:00 0 
7cd8fc210000-7cd900000000 ---p 00000000 00:00 0 
7cd900000000-7cd9001d0000 rw-p 00000000 00:00 0 
7cd9001d0000-7cd904000000 ---p 00000000 00:00 0 
7cd908000000-7cd908210000 rw-p 00000000 00:00 0 
7cd908210000-7cd90c000000 ---p 00000000 00:00 0 
7cd90c000000-7cd90c203000 rw-p 00000000 00:00 0 
7cd90c203000-7cd910000000 ---p 00000000 00:00 0 
7cd914000000-7cd914021000 rw-p 00000000 00:00 0 
7cd914021000-7cd918000000 ---p 00000000 00:00 0 
7cd918000000-7cd918210000 rw-p 00000000 00:00 0 
7cd918210000-7cd91c000000 ---p 00000000 00:00 0 
7cd920000000-7cd920210000 rw-p 00000000 00:00 0 
7cd920210000-7cd924000000 ---p 00000000 00:00 0 
7cd924000000-7cd924021000 rw-p 00000000 00:00 0 
7cd924021000-7cd928000000 ---p 00000000 00:00 0 
7cd92c000000-7cd92c265000 rw-p 00000000 00:00 0 
7cd92c265000-7cd930000000 ---p 00000000 00:00 0 
7cd930000000-7cd9308dc000 rw-p 00000000 00:00 0 
7cd9308dc000-7cd934000000 ---p 00000000 00:00 0 
7cd938000000-7cd938813000 rw-p 00000000 00:00 0 
7cd938813000-7cd93c000000 ---p 00000000 00:00 0 
7cd93c000000-7cd93c8db000 rw-p 00000000 00:00 0 
7cd93c8db000-7cd940000000 ---p 00000000 00:00 0 
7cd944000000-7cd94484e000 rw-p 00000000 00:00 0 
7cd94484e000-7cd948000000 ---p 00000000 00:00 0 
7cd948000000-7cd9485d5000 rw-p 00000000 00:00 0 
7cd9485d5000-7cd94c000000 ---p 00000000 00:00 0 
7cd950000000-7cd950645000 rw-p 00000000 00:00 0 
7cd950645000-7cd954000000 ---p 00000000 00:00 0 
7cd954000000-7cd954614000 rw-p 00000000 00:00 0 
7cd954614000-7cd958000000 ---p 00000000 00:00 0 
7cd95c000000-7cd95c67c000 rw-p 00000000 00:00 0 
7cd95c67c000-7cd960000000 ---p 00000000 00:00 0 
7cd960000000-7cd960623000 rw-p 00000000 00:00 0 
7cd960623000-7cd964000000 ---p 00000000 00:00 0 
7cd968000000-7cd968684000 rw-p 00000000 00:00 0 
7cd968684000-7cd96c000000 ---p 00000000 00:00 0 
7cd96c000000-7cd96c5d2000 rw-p 00000000 00:00 0 
7cd96c5d2000-7cd970000000 ---p 00000000 00:00 0 
7cd974000000-7cd974640000 rw-p 00000000 00:00 0 
7cd974640000-7cd978000000 ---p 00000000 00:00 0 
7cd978000000-7cd978617000 rw-p 00000000 00:00 0 
7cd978617000-7cd97c000000 ---p 00000000 00:00 0 
7cd980000000-7cd980203000 rw-p 00000000 00:00 0 
7cd980203000-7cd984000000 ---p 00000000 00:00 0 
7cd984000000-7cd98463e000 rw-p 00000000 00:00 0 
7cd98463e000-7cd988000000 ---p 00000000 00:00 0 
7cd98c000000-7cd98c607000 rw-p 00000000 00:00 0 
7cd98c607000-7cd990000000 ---p 00000000 00:00 0 
7cd990000000-7cd990a16000 rw-p 00000000 00:00 0 
7cd990a16000-7cd994000000 ---p 00000000 00:00 0 
7cd998000000-7cd998021000 rw-p 00000000 00:00 0 
7cd998021000-7cd99c000000 ---p 00000000 00:00 0 
7cd99c000000-7cd99c580000 rw-p 00000000 00:00 0 
7cd99c580000-7cd9a0000000 ---p 00000000 00:00 0 
7cd9a0000000-7cd9a0021000 rw-p 00000000 00:00 0 
7cd9a0021000-7cd9a4000000 ---p 00000000 00:00 0 
7cd9a7400000-7cd9a79ef000 rw-p 00000000 00:00 0 
7cd9a7a00000-7cd9a7fef000 rw-p 00000000 00:00 0 
7cd9a8000000-7cd9a8202000 rw-p 00000000 00:00 0 
7cd9a8202000-7cd9ac000000 ---p 00000000 00:00 0 
7cd9ac000000-7cd9ac0f7000 rw-p 00000000 00:00 0 
7cd9ac0f7000-7cd9b0000000 ---p 00000000 00:00 0 
7cd9b0400000-7cd9b09ef000 rw-p 00000000 00:00 0 
7cd9b0a00000-7cd9b0fef000 rw-p 00000000 00:00 0 
7cd9b1000000-7cd9b15ef000 rw-p 00000000 00:00 0 
7cd9b1c00000-7cd9b21ef000 rw-p 00000000 00:00 0 
7cd9b4000000-7cd9b4021000 rw-p 00000000 00:00 0 
7cd9b4021000-7cd9b8000000 ---p 00000000 00:00 0 
7cd9b8000000-7cd9b8021000 rw-p 00000000 00:00 0 
7cd9b8021000-7cd9bc000000 ---p 00000000 00:00 0 
7cd9be800000-7cd9bedef000 rw-p 00000000 00:00 0 
7cd9c0000000-7cd9c0021000 rw-p 00000000 00:00 0 
7cd9c0021000-7cd9c4000000 ---p 00000000 00:00 0 
7cd9c4000000-7cd9c4021000 rw-p 00000000 00:00 0 
7cd9c4021000-7cd9c8000000 ---p 00000000 00:00 0 
7cd9cba00000-7cd9cbfef000 rw-p 00000000 00:00 0 
7cd9cc000000-7cd9cc427000 rw-p 00000000 00:00 0 
7cd9cc427000-7cd9d0000000 ---p 00000000 00:00 0 
7cd9d0000000-7cd9d0235000 rw-p 00000000 00:00 0 
7cd9d0235000-7cd9d4000000 ---p 00000000 00:00 0 
7cd9d4a00000-7cd9d4fef000 rw-p 00000000 00:00 0 
7cd9d5c00000-7cd9d61ef000 rw-p 00000000 00:00 0 
7cd9d6200000-7cd9d67ef000 rw-p 00000000 00:00 0 
7cd9d7400000-7cd9d79ef000 rw-p 00000000 00:00 0 
7cd9d8000000-7cd9d8021000 rw-p 00000000 00:00 0 
7cd9d8021000-7cd9dc000000 ---p 00000000 00:00 0 
7cd9dc000000-7cd9dfcfc000 rw-p 00000000 00:00 0 
7cd9dfcfc000-7cd9e0000000 ---p 00000000 00:00 0 
7cd9e0a00000-7cd9e0fef000 rw-p 00000000 00:00 0 
7cd9e1000000-7cd9e15ef000 rw-p 00000000 00:00 0 
7cd9e1600000-7cd9e1bef000 rw-p 00000000 00:00 0 
7cd9e1c00000-7cd9e21ef000 rw-p 00000000 00:00 0 
7cd9e2200000-7cd9e27ef000 rw-p 00000000 00:00 0 
7cd9e2800000-7cd9e2def000 rw-p 00000000 00:00 0 
7cd9e2e00000-7cd9e33ef000 rw-p 00000000 00:00 0 
7cd9e3400000-7cd9e39ef000 rw-p 00000000 00:00 0 
7cd9e3a00000-7cd9e3fef000 rw-p 00000000 00:00 0 
7cd9e4000000-7cd9e42dc000 rw-p 00000000 00:00 0 
7cd9e42dc000-7cd9e8000000 ---p 00000000 00:00 0 
7cd9e8000000-7cd9e8021000 rw-p 00000000 00:00 0 
7cd9e8021000-7cd9ec000000 ---p 00000000 00:00 0 
7cd9ec400000-7cd9ec9ef000 rw-p 00000000 00:00 0 
7cd9eca00000-7cd9ecfef000 rw-p 00000000 00:00 0 
7cd9ed000000-7cd9ed5ef000 rw-p 00000000 00:00 0 
7cd9ed600000-7cd9edbef000 rw-p 00000000 00:00 0 
7cd9edc00000-7cd9ee1ef000 rw-p 00000000 00:00 0 
7cd9ee200000-7cd9ee7ef000 rw-p 00000000 00:00 0 
7cd9ee800000-7cd9eedef000 rw-p 00000000 00:00 0 
7cd9eee00000-7cd9ef3ef000 rw-p 00000000 00:00 0 
7cd9ef400000-7cd9ef9ef000 rw-p 00000000 00:00 0 
7cd9efa00000-7cd9effef000 rw-p 00000000 00:00 0 
7cd9f0000000-7cd9f0202000 rw-p 00000000 00:00 0 
7cd9f0202000-7cd9f4000000 ---p 00000000 00:00 0 
7cd9f4000000-7cd9f4021000 rw-p 00000000 00:00 0 
7cd9f4021000-7cd9f8000000 ---p 00000000 00:00 0 
7cd9fb400000-7cd9fb9ef000 rw-p 00000000 00:00 0 
7cd9fc000000-7cd9fc021000 rw-p 00000000 00:00 0 
7cd9fc021000-7cda00000000 ---p 00000000 00:00 0 
7cda00000000-7cda00021000 rw-p 00000000 00:00 0 
7cda00021000-7cda04000000 ---p 00000000 00:00 0 
7cda08000000-7cda08021000 rw-p 00000000 00:00 0 
7cda08021000-7cda0c000000 ---p 00000000 00:00 0 
7cda0c000000-7cda0c021000 rw-p 00000000 00:00 0 
7cda0c021000-7cda10000000 ---p 00000000 00:00 0 
7cda10a00000-7cda10fef000 rw-p 00000000 00:00 0 
7cda12200000-7cda127ef000 rw-p 00000000 00:00 0 
7cda13a00000-7cda13fef000 rw-p 00000000 00:00 0 
7cda14000000-7cda14021000 rw-p 00000000 00:00 0 
7cda14021000-7cda18000000 ---p 00000000 00:00 0 
7cda18000000-7cda18021000 rw-p 00000000 00:00 0 
7cda18021000-7cda1c000000 ---p 00000000 00:00 0 
7cda1c400000-7cda1c9ef000 rw-p 00000000 00:00 0 
7cda1d000000-7cda1d5ef000 rw-p 00000000 00:00 0 
7cda1dc00000-7cda1e1ef000 rw-p 00000000 00:00 0 
7cda1ee00000-7cda1f3ef000 rw-p 00000000 00:00 0 
7cda1f400000-7cda1f9ef000 rw-p 00000000 00:00 0 
7cda1fa00000-7cda1ffef000 rw-p 00000000 00:00 0 
7cda20000000-7cda20021000 rw-p 00000000 00:00 0 
7cda20021000-7cda24000000 ---p 00000000 00:00 0 
7cda24000000-7cda24021000 rw-p 00000000 00:00 0 
7cda24021000-7cda28000000 ---p 00000000 00:00 0 
7cda28400000-7cda289ef000 rw-p 00000000 00:00 0 
7cda28a00000-7cda28fef000 rw-p 00000000 00:00 0 
7cda29000000-7cda295ef000 rw-p 00000000 00:00 0 
7cda29600000-7cda29bef000 rw-p 00000000 00:00 0 
7cda29c00000-7cda2a1ef000 rw-p 00000000 00:00 0 
7cda2a200000-7cda2a7ef000 rw-p 00000000 00:00 0 
7cda2a800000-7cda2adef000 rw-p 00000000 00:00 0 
7cda2ae00000-7cda2b3ef000 rw-p 00000000 00:00 0 
7cda2b400000-7cda2b9ef000 rw-p 00000000 00:00 0 
7cda2ba00000-7cda2bfef000 rw-p 00000000 00:00 0 
7cda2c000000-7cda2c021000 rw-p 00000000 00:00 0 
7cda2c021000-7cda30000000 ---p 00000000 00:00 0 
7cda30000000-7cda317c3000 rw-p 00000000 00:00 0 
7cda317c3000-7cda34000000 ---p 00000000 00:00 0 
7cda34400000-7cda349ef000 rw-p 00000000 00:00 0 
7cda34a00000-7cda34fef000 rw-p 00000000 00:00 0 
7cda35000000-7cda355ef000 rw-p 00000000 00:00 0 
7cda35600000-7cda35bef000 rw-p 00000000 00:00 0 
7cda35c00000-7cda361ef000 rw-p 00000000 00:00 0 
7cda36200000-7cda367ef000 rw-p 00000000 00:00 0 
7cda36800000-7cda36def000 rw-p 00000000 00:00 0 
7cda36e00000-7cda373ef000 rw-p 00000000 00:00 0 
7cda37400000-7cda379ef000 rw-p 00000000 00:00 0 
7cda37a00000-7cda37fef000 rw-p 00000000 00:00 0 
7cda38000000-7cda38021000 rw-p 00000000 00:00 0 
7cda38021000-7cda3c000000 ---p 00000000 00:00 0 
7cda3c000000-7cda3c021000 rw-p 00000000 00:00 0 
7cda3c021000-7cda40000000 ---p 00000000 00:00 0 
7cda40400000-7cda409ef000 rw-p 00000000 00:00 0 
7cda40a00000-7cda40fef000 rw-p 00000000 00:00 0 
7cda41000000-7cda415ef000 rw-p 00000000 00:00 0 
7cda41600000-7cda41bef000 rw-p 00000000 00:00 0 
7cda41c00000-7cda421ef000 rw-p 00000000 00:00 0 
7cda42200000-7cda427ef000 rw-p 00000000 00:00 0 
7cda42800000-7cda42def000 rw-p 00000000 00:00 0 
7cda42e00000-7cda433ef000 rw-p 00000000 00:00 0 
7cda43400000-7cda439ef000 rw-p 00000000 00:00 0 
7cda43a00000-7cda43fef000 rw-p 00000000 00:00 0 
7cda44000000-7cda44021000 rw-p 00000000 00:00 0 
7cda44021000-7cda48000000 ---p 00000000 00:00 0 
7cda48000000-7cda49c16000 rw-p 00000000 00:00 0 
7cda49c16000-7cda4c000000 ---p 00000000 00:00 0 
7cda4c600000-7cda4c8f8000 rw-p 00000000 00:00 0 
7cda4ca00000-7cda4cd46000 rw-p 00000000 00:00 0 
7cda4ce00000-7cda4d146000 rw-p 00000000 00:00 0 
7cda4d200000-7cda4d546000 rw-p 00000000 00:00 0 
7cda4d600000-7cda4d946000 rw-p 00000000 00:00 0 
7cda4da00000-7cda4dd46000 rw-p 00000000 00:00 0 
7cda4de00000-7cda4e0fe000 rw-p 00000000 00:00 0 
7cda4e200000-7cda4e4fe000 rw-p 00000000 00:00 0 
7cda4e600000-7cda4ebef000 rw-p 00000000 00:00 0 
7cda4ec00000-7cda4ec01000 ---p 00000000 00:00 0 
7cda4ec01000-7cda4f401000 rw-p 00000000 00:00 0 
7cda4f600000-7cda4f601000 ---p 00000000 00:00 0 
7cda4f601000-7cda4fe01000 rw-p 00000000 00:00 0 
7cda50000000-7cdb40000000 rw-p 00000000 00:00 0 
7cdb40000000-7cdb40021000 rw-p 00000000 00:00 0 
7cdb40021000-7cdb44000000 ---p 00000000 00:00 0 
7cdb44000000-7cdb44021000 rw-p 00000000 00:00 0 
7cdb44021000-7cdb48000000 ---p 00000000 00:00 0 
7cdb48400000-7cdb48401000 ---p 00000000 00:00 0 
7cdb48401000-7cdb48c01000 rw-p 00000000 00:00 0 
7cdb48e00000-7cdb48e01000 ---p 00000000 00:00 0 
7cdb48e01000-7cdb49601000 rw-p 00000000 00:00 0 
7cdb49800000-7cdb49801000 ---p 00000000 00:00 0 
7cdb49801000-7cdb4a001000 rw-p 00000000 00:00 0 
7cdb4a200000-7cdb4a201000 ---p 00000000 00:00 0 
7cdb4a201000-7cdb4aa01000 rw-p 00000000 00:00 0 
7cdb4ac00000-7cdb4ac01000 ---p 00000000 00:00 0 
7cdb4ac01000-7cdb4b401000 rw-p 00000000 00:00 0 
7cdb4b600000-7cdb4b601000 ---p 00000000 00:00 0 
7cdb4b601000-7cdb4be01000 rw-p 00000000 00:00 0 
7cdb4c000000-7cdb4c064000 rw-p 00000000 00:00 0 
7cdb4c064000-7cdb50000000 ---p 00000000 00:00 0 
7cdb50000000-7cdb50021000 rw-p 00000000 00:00 0 
7cdb50021000-7cdb54000000 ---p 00000000 00:00 0 
7cdb54400000-7cdb54401000 ---p 00000000 00:00 0 
7cdb54401000-7cdb54c01000 rw-p 00000000 00:00 0 
7cdb54e00000-7cdb54e01000 ---p 00000000 00:00 0 
7cdb54e01000-7cdb55601000 rw-p 00000000 00:00 0 
7cdb55800000-7cdb55801000 ---p 00000000 00:00 0 
7cdb55801000-7cdb56001000 rw-p 00000000 00:00 0 
7cdb56200000-7cdb56201000 ---p 00000000 00:00 0 
7cdb56201000-7cdb56a01000 rw-p 00000000 00:00 0 
7cdb56c00000-7cdb56c01000 ---p 00000000 00:00 0 
7cdb56c01000-7cdb57401000 rw-p 00000000 00:00 0 
7cdb57600000-7cdb57601000 ---p 00000000 00:00 0 
7cdb57601000-7cdb57e01000 rw-p 00000000 00:00 0 
7cdb58000000-7cdb58021000 rw-p 00000000 00:00 0 
7cdb58021000-7cdb5c000000 ---p 00000000 00:00 0 
7cdb5c000000-7cdb5c032000 rw-p 00000000 00:00 0 
7cdb5c032000-7cdb60000000 ---p 00000000 00:00 0 
7cdb60200000-7cdb60201000 ---p 00000000 00:00 0 
7cdb60201000-7cdb60a01000 rw-p 00000000 00:00 0 
7cdb60c00000-7cdb60c01000 ---p 00000000 00:00 0 
7cdb60c01000-7cdb61401000 rw-p 00000000 00:00 0 
7cdb61600000-7cdb61bef000 rw-p 00000000 00:00 0 
7cdb61c00000-7cdb621ef000 rw-p 00000000 00:00 0 
7cdb62200000-7cdb627ef000 rw-p 00000000 00:00 0 
7cdb62800000-7cdb62def000 rw-p 00000000 00:00 0 
7cdb62e00000-7cdb633ef000 rw-p 00000000 00:00 0 
7cdb63400000-7cdb639ef000 rw-p 00000000 00:00 0 
7cdb63a00000-7cdb63fef000 rw-p 00000000 00:00 0 
7cdb64000000-7cdb64021000 rw-p 00000000 00:00 0 
7cdb64021000-7cdb68000000 ---p 00000000 00:00 0 
7cdb68000000-7cdb6802d000 rw-p 00000000 00:00 0 
7cdb6802d000-7cdb6c000000 ---p 00000000 00:00 0 
7cdb6c400000-7cdb6c9ef000 rw-p 00000000 00:00 0 
7cdb6ca00000-7cdb6cfef000 rw-p 00000000 00:00 0 
7cdb6d000000-7cdb6d5ef000 rw-p 00000000 00:00 0 
7cdb6d600000-7cdb6dbef000 rw-p 00000000 00:00 0 
7cdb6dc00000-7cdb6e1ef000 rw-p 00000000 00:00 0 
7cdb6e200000-7cdb6e7ef000 rw-p 00000000 00:00 0 
7cdb6e800000-7cdb6edef000 rw-p 00000000 00:00 0 
7cdb6ee00000-7cdb6f3ef000 rw-p 00000000 00:00 0 
7cdb6f400000-7cdb6f9ef000 rw-p 00000000 00:00 0 
7cdb6fa00000-7cdb6ffef000 rw-p 00000000 00:00 0 
7cdb70000000-7cdb70021000 rw-p 00000000 00:00 0 
7cdb70021000-7cdb74000000 ---p 00000000 00:00 0 
7cdb74000000-7cdb74021000 rw-p 00000000 00:00 0 
7cdb74021000-7cdb78000000 ---p 00000000 00:00 0 
7cdb78400000-7cdb789ef000 rw-p 00000000 00:00 0 
7cdb78a00000-7cdb78fef000 rw-p 00000000 00:00 0 
7cdb79000000-7cdb795ef000 rw-p 00000000 00:00 0 
7cdb79600000-7cdb79bef000 rw-p 00000000 00:00 0 
7cdb79c00000-7cdb7a1ef000 rw-p 00000000 00:00 0 
7cdb7a200000-7cdb7a7ef000 rw-p 00000000 00:00 0 
7cdb7a800000-7cdb7adef000 rw-p 00000000 00:00 0 
7cdb7ae00000-7cdb7b3ef000 rw-p 00000000 00:00 0 
7cdb7b400000-7cdb7b9ef000 rw-p 00000000 00:00 0 
7cdb7ba00000-7cdb7bfef000 rw-p 00000000 00:00 0 
7cdb7c000000-7cdb7c021000 rw-p 00000000 00:00 0 
7cdb7c021000-7cdb80000000 ---p 00000000 00:00 0 
7cdb80000000-7cdb80021000 rw-p 00000000 00:00 0 
7cdb80021000-7cdb84000000 ---p 00000000 00:00 0 
7cdb84400000-7cdb849ef000 rw-p 00000000 00:00 0 
7cdb84a00000-7cdb84fef000 rw-p 00000000 00:00 0 
7cdb85000000-7cdb855ef000 rw-p 00000000 00:00 0 
7cdb85600000-7cdb85bef000 rw-p 00000000 00:00 0 
7cdb85c00000-7cdb861ef000 rw-p 00000000 00:00 0 
7cdb86200000-7cdb867ef000 rw-p 00000000 00:00 0 
7cdb86800000-7cdb86def000 rw-p 00000000 00:00 0 
7cdb86e00000-7cdb873ef000 rw-p 00000000 00:00 0 
7cdb87400000-7cdb879ef000 rw-p 00000000 00:00 0 
7cdb87a00000-7cdb87fef000 rw-p 00000000 00:00 0 
7cdb88000000-7cdb88021000 rw-p 00000000 00:00 0 
7cdb88021000-7cdb8c000000 ---p 00000000 00:00 0 
7cdb8c000000-7cdb8c021000 rw-p 00000000 00:00 0 
7cdb8c021000-7cdb90000000 ---p 00000000 00:00 0 
7cdb90400000-7cdb909ef000 rw-p 00000000 00:00 0 
7cdb90a00000-7cdb90fef000 rw-p 00000000 00:00 0 
7cdb91000000-7cdb915ef000 rw-p 00000000 00:00 0 
7cdb91600000-7cdb91bef000 rw-p 00000000 00:00 0 
7cdb91c00000-7cdb921ef000 rw-p 00000000 00:00 0 
7cdb92200000-7cdb927ef000 rw-p 00000000 00:00 0 
7cdb92800000-7cdb92def000 rw-p 00000000 00:00 0 
7cdb92e00000-7cdb933ef000 rw-p 00000000 00:00 0 
7cdb93400000-7cdb939ef000 rw-p 00000000 00:00 0 
7cdb93a00000-7cdb93fef000 rw-p 00000000 00:00 0 
7cdb94000000-7cdb94021000 rw-p 00000000 00:00 0 
7cdb94021000-7cdb98000000 ---p 00000000 00:00 0 
7cdb98000000-7cdb98021000 rw-p 00000000 00:00 0 
7cdb98021000-7cdb9c000000 ---p 00000000 00:00 0 
7cdb9c400000-7cdb9c9ef000 rw-p 00000000 00:00 0 
7cdb9ca00000-7cdb9cfef000 rw-p 00000000 00:00 0 
7cdb9d000000-7cdb9d5ef000 rw-p 00000000 00:00 0 
7cdb9d600000-7cdb9dbef000 rw-p 00000000 00:00 0 
7cdb9dc00000-7cdb9e1ef000 rw-p 00000000 00:00 0 
7cdb9e200000-7cdb9e7ef000 rw-p 00000000 00:00 0 
7cdb9e800000-7cdb9edef000 rw-p 00000000 00:00 0 
7cdb9ee00000-7cdb9f3ef000 rw-p 00000000 00:00 0 
7cdb9f400000-7cdb9f9ef000 rw-p 00000000 00:00 0 
7cdb9fa00000-7cdb9ffef000 rw-p 00000000 00:00 0 
7cdba0000000-7cdba0021000 rw-p 00000000 00:00 0 
7cdba0021000-7cdba4000000 ---p 00000000 00:00 0 
7cdba4000000-7cdba4021000 rw-p 00000000 00:00 0 
7cdba4021000-7cdba8000000 ---p 00000000 00:00 0 
7cdba8200000-7cdba87ef000 rw-p 00000000 00:00 0 
7cdba8800000-7cdba8def000 rw-p 00000000 00:00 0 
7cdba8e00000-7cdba8e1e000 r--p 00000000 103:02 5259726                   /home/pan/.javacpp/cache/opencv-4.7.0-1.5.9-linux-x86_64.jar/org/bytedeco/opencv/linux-x86_64/libopencv_imgcodecs.so.407
7cdba8e1e000-7cdba902e000 r-xp 0001e000 103:02 5259726                   /home/pan/.javacpp/cache/opencv-4.7.0-1.5.9-linux-x86_64.jar/org/bytedeco/opencv/linux-x86_64/libopencv_imgcodecs.so.407
7cdba902e000-7cdba914c000 r--p 0022e000 103:02 5259726                   /home/pan/.javacpp/cache/opencv-4.7.0-1.5.9-linux-x86_64.jar/org/bytedeco/opencv/linux-x86_64/libopencv_imgcodecs.so.407
7cdba914c000-7cdba9156000 r--p 0034b000 103:02 5259726                   /home/pan/.javacpp/cache/opencv-4.7.0-1.5.9-linux-x86_64.jar/org/bytedeco/opencv/linux-x86_64/libopencv_imgcodecs.so.407
7cdba9156000-7cdba915b000 rw-p 00355000 103:02 5259726                   /home/pan/.javacpp/cache/opencv-4.7.0-1.5.9-linux-x86_64.jar/org/bytedeco/opencv/linux-x86_64/libopencv_imgcodecs.so.407
7cdba915b000-7cdba91c4000 rw-p 00000000 00:00 0 
7cdba9200000-7cdba97ef000 rw-p 00000000 00:00 0 
7cdba9800000-7cdba9801000 ---p 00000000 00:00 0 
7cdba9801000-7cdbaa001000 rw-p 00000000 00:00 0 
7cdbaa200000-7cdbaa201000 ---p 00000000 00:00 0 
7cdbaa201000-7cdbaaa01000 rw-p 00000000 00:00 0 
7cdbaac00000-7cdbaac01000 ---p 00000000 00:00 0 
7cdbaac01000-7cdbab401000 rw-p 00000000 00:00 0 
7cdbab600000-7cdbab601000 ---p 00000000 00:00 0 
7cdbab601000-7cdbabe01000 rw-p 00000000 00:00 0 
7cdbac000000-7cdbac2f1000 rw-p 00000000 00:00 0 
7cdbac2f1000-7cdbb0000000 ---p 00000000 00:00 0 
7cdbb0000000-7cdbb0021000 rw-p 00000000 00:00 0 
7cdbb0021000-7cdbb4000000 ---p 00000000 00:00 0 
7cdbb4400000-7cdbb4401000 ---p 00000000 00:00 0 
7cdbb4401000-7cdbb4c01000 rw-p 00000000 00:00 0 
7cdbb4e00000-7cdbb4e01000 ---p 00000000 00:00 0 
7cdbb4e01000-7cdbb5601000 rw-p 00000000 00:00 0 
7cdbb5800000-7cdbb5801000 ---p 00000000 00:00 0 
7cdbb5801000-7cdbb6001000 rw-p 00000000 00:00 0 
7cdbb6200000-7cdbb6201000 ---p 00000000 00:00 0 
7cdbb6201000-7cdbb6a01000 rw-p 00000000 00:00 0 
7cdbb6c00000-7cdbb6c01000 ---p 00000000 00:00 0 
7cdbb6c01000-7cdbb7401000 rw-p 00000000 00:00 0 
7cdbb7600000-7cdbb7601000 ---p 00000000 00:00 0 
7cdbb7601000-7cdbb7e01000 rw-p 00000000 00:00 0 
7cdbb8000000-7cdbb8039000 rw-p 00000000 00:00 0 
7cdbb8039000-7cdbbc000000 ---p 00000000 00:00 0 
7cdbbc000000-7cdbbc03d000 rw-p 00000000 00:00 0 
7cdbbc03d000-7cdbc0000000 ---p 00000000 00:00 0 
7cdbc0200000-7cdbc07ef000 rw-p 00000000 00:00 0 
7cdbc0800000-7cdbc0def000 rw-p 00000000 00:00 0 
7cdbc0e00000-7cdbc0e01000 ---p 00000000 00:00 0 
7cdbc0e01000-7cdbc1601000 rw-p 00000000 00:00 0 
7cdbc1800000-7cdbc1801000 ---p 00000000 00:00 0 
7cdbc1801000-7cdbc2001000 rw-p 00000000 00:00 0 
7cdbc2200000-7cdbc2201000 ---p 00000000 00:00 0 
7cdbc2201000-7cdbc2a01000 rw-p 00000000 00:00 0 
7cdbc2c00000-7cdbc2c01000 ---p 00000000 00:00 0 
7cdbc2c01000-7cdbc3401000 rw-p 00000000 00:00 0 
7cdbc3600000-7cdbc3601000 ---p 00000000 00:00 0 
7cdbc3601000-7cdbc3e01000 rw-p 00000000 00:00 0 
7cdbc4000000-7cdbc4021000 rw-p 00000000 00:00 0 
7cdbc4021000-7cdbc8000000 ---p 00000000 00:00 0 
7cdbc8000000-7cdbc8021000 rw-p 00000000 00:00 0 
7cdbc8021000-7cdbcc000000 ---p 00000000 00:00 0 
7cdbcc200000-7cdbcc7ef000 rw-p 00000000 00:00 0 
7cdbcc800000-7cdbccdef000 rw-p 00000000 00:00 0 
7cdbcce00000-7cdbcd3ef000 rw-p 00000000 00:00 0 
7cdbcd400000-7cdbcd9ef000 rw-p 00000000 00:00 0 
7cdbcda00000-7cdbcdfef000 rw-p 00000000 00:00 0 
7cdbce000000-7cdbce5ef000 rw-p 00000000 00:00 0 
7cdbce600000-7cdbcebef000 rw-p 00000000 00:00 0 
7cdbd0000000-7cdbd0021000 rw-p 00000000 00:00 0 
7cdbd0021000-7cdbd4000000 ---p 00000000 00:00 0 
7cdbd4000000-7cdbd4021000 rw-p 00000000 00:00 0 
7cdbd4021000-7cdbd8000000 ---p 00000000 00:00 0 
7cdbd8c00000-7cdbd8c12000 r-xp 00000000 103:02 1182005                   /tmp/libio_grpc_netty_shaded_netty_transport_native_epoll_x86_642884244808865779082.so (deleted)
7cdbd8c12000-7cdbd8e11000 ---p 00012000 103:02 1182005                   /tmp/libio_grpc_netty_shaded_netty_transport_native_epoll_x86_642884244808865779082.so (deleted)
7cdbd8e11000-7cdbd8e13000 r--p 00011000 103:02 1182005                   /tmp/libio_grpc_netty_shaded_netty_transport_native_epoll_x86_642884244808865779082.so (deleted)
7cdbd8e13000-7cdbd8e14000 rw-p 00000000 00:00 0 
7cdbd9800000-7cdbd9801000 ---p 00000000 00:00 0 
7cdbd9801000-7cdbda001000 rw-p 00000000 00:00 0 
7cdbda200000-7cdbda201000 ---p 00000000 00:00 0 
7cdbda201000-7cdbdaa01000 rw-p 00000000 00:00 0 
7cdbdac00000-7cdbdac01000 ---p 00000000 00:00 0 
7cdbdac01000-7cdbdb401000 rw-p 00000000 00:00 0 
7cdbdb600000-7cdbdb601000 ---p 00000000 00:00 0 
7cdbdb601000-7cdbdbe01000 rw-p 00000000 00:00 0 
7cdbdc000000-7cdbdc021000 rw-p 00000000 00:00 0 
7cdbdc021000-7cdbe0000000 ---p 00000000 00:00 0 
7cdbe0000000-7cdbe002f000 rw-p 00000000 00:00 0 
7cdbe002f000-7cdbe4000000 ---p 00000000 00:00 0 
7cdbe8000000-7cdbe8021000 rw-p 00000000 00:00 0 
7cdbe8021000-7cdbec000000 ---p 00000000 00:00 0 
7cdbec000000-7cdbec06a000 rw-p 00000000 00:00 0 
7cdbec06a000-7cdbf0000000 ---p 00000000 00:00 0 
7cdbf4000000-7cdbf4057000 rw-p 00000000 00:00 0 
7cdbf4057000-7cdbf8000000 ---p 00000000 00:00 0 
7cdbf8000000-7cdbf806f000 rw-p 00000000 00:00 0 
7cdbf806f000-7cdbfc000000 ---p 00000000 00:00 0 
7cdbfc600000-7cdbfc68a000 r--p 00000000 103:02 5259688                   /home/pan/.javacpp/cache/ffmpeg-6.0-1.5.9-linux-x86_64.jar/org/bytedeco/ffmpeg/linux-x86_64/libavfilter.so.9
7cdbfc68a000-7cdbfc9d8000 r-xp 0008a000 103:02 5259688                   /home/pan/.javacpp/cache/ffmpeg-6.0-1.5.9-linux-x86_64.jar/org/bytedeco/ffmpeg/linux-x86_64/libavfilter.so.9
7cdbfc9d8000-7cdbfca95000 r--p 003d8000 103:02 5259688                   /home/pan/.javacpp/cache/ffmpeg-6.0-1.5.9-linux-x86_64.jar/org/bytedeco/ffmpeg/linux-x86_64/libavfilter.so.9
7cdbfca95000-7cdbfcb17000 r--p 00494000 103:02 5259688                   /home/pan/.javacpp/cache/ffmpeg-6.0-1.5.9-linux-x86_64.jar/org/bytedeco/ffmpeg/linux-x86_64/libavfilter.so.9
7cdbfcb17000-7cdbfcb19000 rw-p 00516000 103:02 5259688                   /home/pan/.javacpp/cache/ffmpeg-6.0-1.5.9-linux-x86_64.jar/org/bytedeco/ffmpeg/linux-x86_64/libavfilter.so.9
7cdbfcb19000-7cdbfcb1c000 rw-p 00000000 00:00 0 
7cdbfcc00000-7cdbfccbf000 r--p 00000000 103:02 5259682                   /home/pan/.javacpp/cache/ffmpeg-6.0-1.5.9-linux-x86_64.jar/org/bytedeco/ffmpeg/linux-x86_64/libavformat.so.60
7cdbfccbf000-7cdbfd378000 r-xp 000bf000 103:02 5259682                   /home/pan/.javacpp/cache/ffmpeg-6.0-1.5.9-linux-x86_64.jar/org/bytedeco/ffmpeg/linux-x86_64/libavformat.so.60
7cdbfd378000-7cdbfd53a000 r--p 00778000 103:02 5259682                   /home/pan/.javacpp/cache/ffmpeg-6.0-1.5.9-linux-x86_64.jar/org/bytedeco/ffmpeg/linux-x86_64/libavformat.so.60
7cdbfd53a000-7cdbfd5cf000 r--p 00939000 103:02 5259682                   /home/pan/.javacpp/cache/ffmpeg-6.0-1.5.9-linux-x86_64.jar/org/bytedeco/ffmpeg/linux-x86_64/libavformat.so.60
7cdbfd5cf000-7cdbfd5d8000 rw-p 009ce000 103:02 5259682                   /home/pan/.javacpp/cache/ffmpeg-6.0-1.5.9-linux-x86_64.jar/org/bytedeco/ffmpeg/linux-x86_64/libavformat.so.60
7cdbfd5d8000-7cdbfd5e1000 rw-p 00000000 00:00 0 
7cdbfd600000-7cdbfd6ad000 r--p 00000000 103:02 5259679                   /home/pan/.javacpp/cache/ffmpeg-6.0-1.5.9-linux-x86_64.jar/org/bytedeco/ffmpeg/linux-x86_64/libavcodec.so.60
7cdbfd6ad000-7cdbfef6c000 r-xp 000ad000 103:02 5259679                   /home/pan/.javacpp/cache/ffmpeg-6.0-1.5.9-linux-x86_64.jar/org/bytedeco/ffmpeg/linux-x86_64/libavcodec.so.60
7cdbfef6c000-7cdbff544000 r--p 0196c000 103:02 5259679                   /home/pan/.javacpp/cache/ffmpeg-6.0-1.5.9-linux-x86_64.jar/org/bytedeco/ffmpeg/linux-x86_64/libavcodec.so.60
7cdbff544000-7cdbff545000 ---p 01f44000 103:02 5259679                   /home/pan/.javacpp/cache/ffmpeg-6.0-1.5.9-linux-x86_64.jar/org/bytedeco/ffmpeg/linux-x86_64/libavcodec.so.60
7cdbff545000-7cdbff5d3000 r--p 01f44000 103:02 5259679                   /home/pan/.javacpp/cache/ffmpeg-6.0-1.5.9-linux-x86_64.jar/org/bytedeco/ffmpeg/linux-x86_64/libavcodec.so.60
7cdbff5d3000-7cdbff5ea000 rw-p 01fd2000 103:02 5259679                   /home/pan/.javacpp/cache/ffmpeg-6.0-1.5.9-linux-x86_64.jar/org/bytedeco/ffmpeg/linux-x86_64/libavcodec.so.60
7cdbff5ea000-7cdbfff92000 rw-p 00000000 00:00 0 
7cdc00000000-7cdc000cd000 rw-p 00000000 00:00 0 
7cdc000cd000-7cdc04000000 ---p 00000000 00:00 0 
7cdc04000000-7cdc04021000 rw-p 00000000 00:00 0 
7cdc04021000-7cdc08000000 ---p 00000000 00:00 0 
7cdc08400000-7cdc08417000 r--p 00000000 103:02 5259673                   /home/pan/.javacpp/cache/ffmpeg-6.0-1.5.9-linux-x86_64.jar/org/bytedeco/ffmpeg/linux-x86_64/libavutil.so.58
7cdc08417000-7cdc084c6000 r-xp 00017000 103:02 5259673                   /home/pan/.javacpp/cache/ffmpeg-6.0-1.5.9-linux-x86_64.jar/org/bytedeco/ffmpeg/linux-x86_64/libavutil.so.58
7cdc084c6000-7cdc084ea000 r--p 000c6000 103:02 5259673                   /home/pan/.javacpp/cache/ffmpeg-6.0-1.5.9-linux-x86_64.jar/org/bytedeco/ffmpeg/linux-x86_64/libavutil.so.58
7cdc084ea000-7cdc084eb000 ---p 000ea000 103:02 5259673                   /home/pan/.javacpp/cache/ffmpeg-6.0-1.5.9-linux-x86_64.jar/org/bytedeco/ffmpeg/linux-x86_64/libavutil.so.58
7cdc084eb000-7cdc084fd000 r--p 000ea000 103:02 5259673                   /home/pan/.javacpp/cache/ffmpeg-6.0-1.5.9-linux-x86_64.jar/org/bytedeco/ffmpeg/linux-x86_64/libavutil.so.58
7cdc084fd000-7cdc084fe000 rw-p 000fc000 103:02 5259673                   /home/pan/.javacpp/cache/ffmpeg-6.0-1.5.9-linux-x86_64.jar/org/bytedeco/ffmpeg/linux-x86_64/libavutil.so.58
7cdc084fe000-7cdc0860d000 rw-p 00000000 00:00 0 
7cdc08800000-7cdc08802000 r-xp 00000000 103:02 5259672                   /home/pan/.javacpp/cache/ffmpeg-6.0-1.5.9-linux-x86_64.jar/org/bytedeco/ffmpeg/linux-x86_64/libva-drm.so
7cdc08802000-7cdc08a01000 ---p 00002000 103:02 5259672                   /home/pan/.javacpp/cache/ffmpeg-6.0-1.5.9-linux-x86_64.jar/org/bytedeco/ffmpeg/linux-x86_64/libva-drm.so
7cdc08a01000-7cdc08a02000 r--p 00001000 103:02 5259672                   /home/pan/.javacpp/cache/ffmpeg-6.0-1.5.9-linux-x86_64.jar/org/bytedeco/ffmpeg/linux-x86_64/libva-drm.so
7cdc08a02000-7cdc08a03000 rw-p 00002000 103:02 5259672                   /home/pan/.javacpp/cache/ffmpeg-6.0-1.5.9-linux-x86_64.jar/org/bytedeco/ffmpeg/linux-x86_64/libva-drm.so
7cdc08e00000-7cdc08e10000 r-xp 00000000 103:02 5259670                   /home/pan/.javacpp/cache/ffmpeg-6.0-1.5.9-linux-x86_64.jar/org/bytedeco/ffmpeg/linux-x86_64/libdrm.so.2
7cdc08e10000-7cdc0900f000 ---p 00010000 103:02 5259670                   /home/pan/.javacpp/cache/ffmpeg-6.0-1.5.9-linux-x86_64.jar/org/bytedeco/ffmpeg/linux-x86_64/libdrm.so.2
7cdc0900f000-7cdc09010000 r--p 0000f000 103:02 5259670                   /home/pan/.javacpp/cache/ffmpeg-6.0-1.5.9-linux-x86_64.jar/org/bytedeco/ffmpeg/linux-x86_64/libdrm.so.2
7cdc09010000-7cdc09011000 rw-p 00010000 103:02 5259670                   /home/pan/.javacpp/cache/ffmpeg-6.0-1.5.9-linux-x86_64.jar/org/bytedeco/ffmpeg/linux-x86_64/libdrm.so.2
7cdc09400000-7cdc0942b000 r-xp 00000000 103:02 5259669                   /home/pan/.javacpp/cache/ffmpeg-6.0-1.5.9-linux-x86_64.jar/org/bytedeco/ffmpeg/linux-x86_64/libva.so
7cdc0942b000-7cdc0962a000 ---p 0002b000 103:02 5259669                   /home/pan/.javacpp/cache/ffmpeg-6.0-1.5.9-linux-x86_64.jar/org/bytedeco/ffmpeg/linux-x86_64/libva.so
7cdc0962a000-7cdc0962b000 r--p 0002a000 103:02 5259669                   /home/pan/.javacpp/cache/ffmpeg-6.0-1.5.9-linux-x86_64.jar/org/bytedeco/ffmpeg/linux-x86_64/libva.so
7cdc0962b000-7cdc0962c000 rw-p 0002b000 103:02 5259669                   /home/pan/.javacpp/cache/ffmpeg-6.0-1.5.9-linux-x86_64.jar/org/bytedeco/ffmpeg/linux-x86_64/libva.so
7cdc09a00000-7cdc09a6c000 r--p 00000000 103:02 5259722                   /home/pan/.javacpp/cache/opencv-4.7.0-1.5.9-linux-x86_64.jar/org/bytedeco/opencv/linux-x86_64/libopencv_imgproc.so.407
7cdc09a6c000-7cdc09ec4000 r-xp 0006c000 103:02 5259722                   /home/pan/.javacpp/cache/opencv-4.7.0-1.5.9-linux-x86_64.jar/org/bytedeco/opencv/linux-x86_64/libopencv_imgproc.so.407
7cdc09ec4000-7cdc09fdf000 r--p 004c4000 103:02 5259722                   /home/pan/.javacpp/cache/opencv-4.7.0-1.5.9-linux-x86_64.jar/org/bytedeco/opencv/linux-x86_64/libopencv_imgproc.so.407
7cdc09fdf000-7cdc09ffb000 r--p 005de000 103:02 5259722                   /home/pan/.javacpp/cache/opencv-4.7.0-1.5.9-linux-x86_64.jar/org/bytedeco/opencv/linux-x86_64/libopencv_imgproc.so.407
7cdc09ffb000-7cdc0a004000 rw-p 005fa000 103:02 5259722                   /home/pan/.javacpp/cache/opencv-4.7.0-1.5.9-linux-x86_64.jar/org/bytedeco/opencv/linux-x86_64/libopencv_imgproc.so.407
7cdc0a004000-7cdc0a0a4000 rw-p 00000000 00:00 0 
7cdc0a200000-7cdc0a262000 r--p 00000000 103:02 5259716                   /home/pan/.javacpp/cache/opencv-4.7.0-1.5.9-linux-x86_64.jar/org/bytedeco/opencv/linux-x86_64/libopencv_core.so.407
7cdc0a262000-7cdc0a566000 r-xp 00062000 103:02 5259716                   /home/pan/.javacpp/cache/opencv-4.7.0-1.5.9-linux-x86_64.jar/org/bytedeco/opencv/linux-x86_64/libopencv_core.so.407
7cdc0a566000-7cdc0a634000 r--p 00366000 103:02 5259716                   /home/pan/.javacpp/cache/opencv-4.7.0-1.5.9-linux-x86_64.jar/org/bytedeco/opencv/linux-x86_64/libopencv_core.so.407
7cdc0a634000-7cdc0a642000 r--p 00433000 103:02 5259716                   /home/pan/.javacpp/cache/opencv-4.7.0-1.5.9-linux-x86_64.jar/org/bytedeco/opencv/linux-x86_64/libopencv_core.so.407
7cdc0a642000-7cdc0a648000 rw-p 00441000 103:02 5259716                   /home/pan/.javacpp/cache/opencv-4.7.0-1.5.9-linux-x86_64.jar/org/bytedeco/opencv/linux-x86_64/libopencv_core.so.407
7cdc0a648000-7cdc0a64e000 rw-p 00000000 00:00 0 
7cdc0a800000-7cdc0abe9000 r--p 00000000 103:02 5259710                   /home/pan/.javacpp/cache/openblas-0.3.23-1.5.9-linux-x86_64.jar/org/bytedeco/openblas/linux-x86_64/libjniopenblas.so
7cdc0abe9000-7cdc0bd06000 r-xp 003e9000 103:02 5259710                   /home/pan/.javacpp/cache/openblas-0.3.23-1.5.9-linux-x86_64.jar/org/bytedeco/openblas/linux-x86_64/libjniopenblas.so
7cdc0bd06000-7cdc0beb0000 r--p 01506000 103:02 5259710                   /home/pan/.javacpp/cache/openblas-0.3.23-1.5.9-linux-x86_64.jar/org/bytedeco/openblas/linux-x86_64/libjniopenblas.so
7cdc0beb0000-7cdc0beb1000 ---p 016b0000 103:02 5259710                   /home/pan/.javacpp/cache/openblas-0.3.23-1.5.9-linux-x86_64.jar/org/bytedeco/openblas/linux-x86_64/libjniopenblas.so
7cdc0beb1000-7cdc0beb2000 r--p 016b0000 103:02 5259710                   /home/pan/.javacpp/cache/openblas-0.3.23-1.5.9-linux-x86_64.jar/org/bytedeco/openblas/linux-x86_64/libjniopenblas.so
7cdc0beb2000-7cdc0beba000 rw-p 016b1000 103:02 5259710                   /home/pan/.javacpp/cache/openblas-0.3.23-1.5.9-linux-x86_64.jar/org/bytedeco/openblas/linux-x86_64/libjniopenblas.so
7cdc0beba000-7cdc0bebb000 rw-p 00000000 00:00 0 
7cdc0bf00000-7cdc0bf04000 ---p 00000000 00:00 0 
7cdc0bf04000-7cdc0c000000 rw-p 00000000 00:00 0 
7cdc0c000000-7cdc0c0a6000 rw-p 00000000 00:00 0 
7cdc0c0a6000-7cdc10000000 ---p 00000000 00:00 0 
7cdc10000000-7cdc100dc000 rw-p 00000000 00:00 0 
7cdc100dc000-7cdc14000000 ---p 00000000 00:00 0 
7cdc14000000-7cdc14004000 ---p 00000000 00:00 0 
7cdc14004000-7cdc14100000 rw-p 00000000 00:00 0 
7cdc14100000-7cdc14104000 ---p 00000000 00:00 0 
7cdc14104000-7cdc14200000 rw-p 00000000 00:00 0 
7cdc14200000-7cdc14204000 ---p 00000000 00:00 0 
7cdc14204000-7cdc14300000 rw-p 00000000 00:00 0 
7cdc14300000-7cdc14304000 ---p 00000000 00:00 0 
7cdc14304000-7cdc14400000 rw-p 00000000 00:00 0 
7cdc14400000-7cdc14401000 ---p 00000000 00:00 0 
7cdc14401000-7cdc14c01000 rw-p 00000000 00:00 0 
7cdc14d00000-7cdc14d04000 ---p 00000000 00:00 0 
7cdc14d04000-7cdc14e00000 rw-p 00000000 00:00 0 
7cdc14e00000-7cdc14e01000 ---p 00000000 00:00 0 
7cdc14e01000-7cdc15601000 rw-p 00000000 00:00 0 
7cdc15700000-7cdc15704000 ---p 00000000 00:00 0 
7cdc15704000-7cdc15800000 rw-p 00000000 00:00 0 
7cdc15800000-7cdc15801000 ---p 00000000 00:00 0 
7cdc15801000-7cdc16001000 rw-p 00000000 00:00 0 
7cdc16100000-7cdc16104000 ---p 00000000 00:00 0 
7cdc16104000-7cdc16200000 rw-p 00000000 00:00 0 
7cdc16200000-7cdc16201000 ---p 00000000 00:00 0 
7cdc16201000-7cdc16a01000 rw-p 00000000 00:00 0 
7cdc16b00000-7cdc16b04000 ---p 00000000 00:00 0 
7cdc16b04000-7cdc16c00000 rw-p 00000000 00:00 0 
7cdc16c00000-7cdc16c01000 ---p 00000000 00:00 0 
7cdc16c01000-7cdc17401000 rw-p 00000000 00:00 0 
7cdc17500000-7cdc17504000 ---p 00000000 00:00 0 
7cdc17504000-7cdc17600000 rw-p 00000000 00:00 0 
7cdc17600000-7cdc17601000 ---p 00000000 00:00 0 
7cdc17601000-7cdc17e01000 rw-p 00000000 00:00 0 
7cdc17f00000-7cdc17f04000 ---p 00000000 00:00 0 
7cdc17f04000-7cdc18000000 rw-p 00000000 00:00 0 
7cdc18000000-7cdc1885c000 rw-p 00000000 00:00 0 
7cdc1885c000-7cdc1c000000 ---p 00000000 00:00 0 
7cdc1c000000-7cdc1c021000 rw-p 00000000 00:00 0 
7cdc1c021000-7cdc20000000 ---p 00000000 00:00 0 
7cdc20000000-7cdc20004000 ---p 00000000 00:00 0 
7cdc20004000-7cdc20100000 rw-p 00000000 00:00 0 
7cdc20100000-7cdc20104000 ---p 00000000 00:00 0 
7cdc20104000-7cdc20200000 rw-p 00000000 00:00 0 
7cdc20200000-7cdc20204000 ---p 00000000 00:00 0 
7cdc20204000-7cdc20300000 rw-p 00000000 00:00 0 
7cdc20300000-7cdc20304000 ---p 00000000 00:00 0 
7cdc20304000-7cdc20400000 rw-p 00000000 00:00 0 
7cdc20400000-7cdc20401000 ---p 00000000 00:00 0 
7cdc20401000-7cdc20c01000 rw-p 00000000 00:00 0 
7cdc20d00000-7cdc20d04000 ---p 00000000 00:00 0 
7cdc20d04000-7cdc20e00000 rw-p 00000000 00:00 0 
7cdc20e00000-7cdc20e01000 ---p 00000000 00:00 0 
7cdc20e01000-7cdc21601000 rw-p 00000000 00:00 0 
7cdc21700000-7cdc21704000 ---p 00000000 00:00 0 
7cdc21704000-7cdc21800000 rw-p 00000000 00:00 0 
7cdc21800000-7cdc21801000 ---p 00000000 00:00 0 
7cdc21801000-7cdc22001000 rw-p 00000000 00:00 0 
7cdc22100000-7cdc22104000 ---p 00000000 00:00 0 
7cdc22104000-7cdc22200000 rw-p 00000000 00:00 0 
7cdc22200000-7cdc22201000 ---p 00000000 00:00 0 
7cdc22201000-7cdc22a01000 rw-p 00000000 00:00 0 
7cdc22b00000-7cdc22b04000 ---p 00000000 00:00 0 
7cdc22b04000-7cdc22c00000 rw-p 00000000 00:00 0 
7cdc22c00000-7cdc22c01000 ---p 00000000 00:00 0 
7cdc22c01000-7cdc23401000 rw-p 00000000 00:00 0 
7cdc23500000-7cdc23504000 ---p 00000000 00:00 0 
7cdc23504000-7cdc23600000 rw-p 00000000 00:00 0 
7cdc23600000-7cdc23601000 ---p 00000000 00:00 0 
7cdc23601000-7cdc23e01000 rw-p 00000000 00:00 0 
7cdc23f00000-7cdc23f04000 ---p 00000000 00:00 0 
7cdc23f04000-7cdc24000000 rw-p 00000000 00:00 0 
7cdc24000000-7cdc2416c000 rw-p 00000000 00:00 0 
7cdc2416c000-7cdc28000000 ---p 00000000 00:00 0 
7cdc28000000-7cdc28021000 rw-p 00000000 00:00 0 
7cdc28021000-7cdc2c000000 ---p 00000000 00:00 0 
7cdc2c000000-7cdc2c004000 ---p 00000000 00:00 0 
7cdc2c004000-7cdc2c100000 rw-p 00000000 00:00 0 
7cdc2c100000-7cdc2c104000 ---p 00000000 00:00 0 
7cdc2c104000-7cdc2c200000 rw-p 00000000 00:00 0 
7cdc2c200000-7cdc2c201000 ---p 00000000 00:00 0 
7cdc2c201000-7cdc2ca01000 rw-p 00000000 00:00 0 
7cdc2cb00000-7cdc2cb04000 ---p 00000000 00:00 0 
7cdc2cb04000-7cdc2cc00000 rw-p 00000000 00:00 0 
7cdc2cc00000-7cdc2cc01000 ---p 00000000 00:00 0 
7cdc2cc01000-7cdc2d401000 rw-p 00000000 00:00 0 
7cdc2d500000-7cdc2d504000 ---p 00000000 00:00 0 
7cdc2d504000-7cdc2d600000 rw-p 00000000 00:00 0 
7cdc2d600000-7cdc2d601000 ---p 00000000 00:00 0 
7cdc2d601000-7cdc2de01000 rw-p 00000000 00:00 0 
7cdc2df00000-7cdc2df04000 ---p 00000000 00:00 0 
7cdc2df04000-7cdc2e000000 rw-p 00000000 00:00 0 
7cdc2e000000-7cdc2e106000 r--p 00000000 103:02 5259708                   /home/pan/.javacpp/cache/openblas-0.3.23-1.5.9-linux-x86_64.jar/org/bytedeco/openblas/linux-x86_64/libopenblas.so.0
7cdc2e106000-7cdc2e116000 r-xp 00106000 103:02 5259708                   /home/pan/.javacpp/cache/openblas-0.3.23-1.5.9-linux-x86_64.jar/org/bytedeco/openblas/linux-x86_64/libopenblas.so.0
7cdc2e116000-7cdc2e118000 ---p 00116000 103:02 5259708                   /home/pan/.javacpp/cache/openblas-0.3.23-1.5.9-linux-x86_64.jar/org/bytedeco/openblas/linux-x86_64/libopenblas.so.0
7cdc2e118000-7cdc2fbed000 r-xp 00118000 103:02 5259708                   /home/pan/.javacpp/cache/openblas-0.3.23-1.5.9-linux-x86_64.jar/org/bytedeco/openblas/linux-x86_64/libopenblas.so.0
7cdc2fbed000-7cdc2fddc000 r--p 01bed000 103:02 5259708                   /home/pan/.javacpp/cache/openblas-0.3.23-1.5.9-linux-x86_64.jar/org/bytedeco/openblas/linux-x86_64/libopenblas.so.0
7cdc2fddc000-7cdc2fde2000 r--p 01ddb000 103:02 5259708                   /home/pan/.javacpp/cache/openblas-0.3.23-1.5.9-linux-x86_64.jar/org/bytedeco/openblas/linux-x86_64/libopenblas.so.0
7cdc2fde2000-7cdc2fdfa000 rw-p 01de1000 103:02 5259708                   /home/pan/.javacpp/cache/openblas-0.3.23-1.5.9-linux-x86_64.jar/org/bytedeco/openblas/linux-x86_64/libopenblas.so.0
7cdc2fdfa000-7cdc2fe07000 rw-p 00000000 00:00 0 
7cdc2ff00000-7cdc2ff04000 ---p 00000000 00:00 0 
7cdc2ff04000-7cdc30000000 rw-p 00000000 00:00 0 
7cdc30000000-7cdc30021000 rw-p 00000000 00:00 0 
7cdc30021000-7cdc34000000 ---p 00000000 00:00 0 
7cdc34000000-7cdc34021000 rw-p 00000000 00:00 0 
7cdc34021000-7cdc38000000 ---p 00000000 00:00 0 
7cdc38000000-7cdc38004000 ---p 00000000 00:00 0 
7cdc38004000-7cdc38100000 rw-p 00000000 00:00 0 
7cdc38100000-7cdc38104000 ---p 00000000 00:00 0 
7cdc38104000-7cdc38200000 rw-p 00000000 00:00 0 
7cdc38200000-7cdc38204000 ---p 00000000 00:00 0 
7cdc38204000-7cdc38300000 rw-p 00000000 00:00 0 
7cdc38300000-7cdc38304000 ---p 00000000 00:00 0 
7cdc38304000-7cdc38400000 rw-p 00000000 00:00 0 
7cdc38400000-7cdc38401000 ---p 00000000 00:00 0 
7cdc38401000-7cdc38c01000 rw-p 00000000 00:00 0 
7cdc38d00000-7cdc38d04000 ---p 00000000 00:00 0 
7cdc38d04000-7cdc38e00000 rw-p 00000000 00:00 0 
7cdc38e00000-7cdc38e01000 ---p 00000000 00:00 0 
7cdc38e01000-7cdc39601000 rw-p 00000000 00:00 0 
7cdc39700000-7cdc39704000 ---p 00000000 00:00 0 
7cdc39704000-7cdc39800000 rw-p 00000000 00:00 0 
7cdc39800000-7cdc39801000 ---p 00000000 00:00 0 
7cdc39801000-7cdc3a001000 rw-p 00000000 00:00 0 
7cdc3a07f000-7cdc3a0d5000 r--p 00000000 103:02 5259725                   /home/pan/.javacpp/cache/opencv-4.7.0-1.5.9-linux-x86_64.jar/org/bytedeco/opencv/linux-x86_64/libjniopencv_imgproc.so
7cdc3a0d5000-7cdc3a1b1000 r-xp 00056000 103:02 5259725                   /home/pan/.javacpp/cache/opencv-4.7.0-1.5.9-linux-x86_64.jar/org/bytedeco/opencv/linux-x86_64/libjniopencv_imgproc.so
7cdc3a1b1000-7cdc3a1fb000 r--p 00132000 103:02 5259725                   /home/pan/.javacpp/cache/opencv-4.7.0-1.5.9-linux-x86_64.jar/org/bytedeco/opencv/linux-x86_64/libjniopencv_imgproc.so
7cdc3a1fb000-7cdc3a1fc000 ---p 0017c000 103:02 5259725                   /home/pan/.javacpp/cache/opencv-4.7.0-1.5.9-linux-x86_64.jar/org/bytedeco/opencv/linux-x86_64/libjniopencv_imgproc.so
7cdc3a1fc000-7cdc3a1ff000 r--p 0017c000 103:02 5259725                   /home/pan/.javacpp/cache/opencv-4.7.0-1.5.9-linux-x86_64.jar/org/bytedeco/opencv/linux-x86_64/libjniopencv_imgproc.so
7cdc3a1ff000-7cdc3a200000 rw-p 0017f000 103:02 5259725                   /home/pan/.javacpp/cache/opencv-4.7.0-1.5.9-linux-x86_64.jar/org/bytedeco/opencv/linux-x86_64/libjniopencv_imgproc.so
7cdc3a200000-7cdc3a201000 ---p 00000000 00:00 0 
7cdc3a201000-7cdc3aa01000 rw-p 00000000 00:00 0 
7cdc3ab00000-7cdc3ab04000 ---p 00000000 00:00 0 
7cdc3ab04000-7cdc3ac00000 rw-p 00000000 00:00 0 
7cdc3ac00000-7cdc3ac01000 ---p 00000000 00:00 0 
7cdc3ac01000-7cdc3b401000 rw-p 00000000 00:00 0 
7cdc3b500000-7cdc3b504000 ---p 00000000 00:00 0 
7cdc3b504000-7cdc3b600000 rw-p 00000000 00:00 0 
7cdc3b600000-7cdc3b601000 ---p 00000000 00:00 0 
7cdc3b601000-7cdc3be01000 rw-p 00000000 00:00 0 
7cdc3c000000-7cdc3c021000 rw-p 00000000 00:00 0 
7cdc3c021000-7cdc40000000 ---p 00000000 00:00 0 
7cdc40000000-7cdc40021000 rw-p 00000000 00:00 0 
7cdc40021000-7cdc44000000 ---p 00000000 00:00 0 
7cdc440cf000-7cdc440f9000 r--p 00000000 103:02 11846987                  /usr/lib/x86_64-linux-gnu/libasound.so.2.0.0
7cdc440f9000-7cdc44190000 r-xp 0002a000 103:02 11846987                  /usr/lib/x86_64-linux-gnu/libasound.so.2.0.0
7cdc44190000-7cdc441ca000 r--p 000c1000 103:02 11846987                  /usr/lib/x86_64-linux-gnu/libasound.so.2.0.0
7cdc441ca000-7cdc441d1000 r--p 000fa000 103:02 11846987                  /usr/lib/x86_64-linux-gnu/libasound.so.2.0.0
7cdc441d1000-7cdc441d2000 rw-p 00101000 103:02 11846987                  /usr/lib/x86_64-linux-gnu/libasound.so.2.0.0
7cdc441d2000-7cdc4422e000 r--p 00000000 103:02 5259675                   /home/pan/.javacpp/cache/ffmpeg-6.0-1.5.9-linux-x86_64.jar/org/bytedeco/ffmpeg/linux-x86_64/libjniavutil.so
7cdc4422e000-7cdc442b4000 r-xp 0005c000 103:02 5259675                   /home/pan/.javacpp/cache/ffmpeg-6.0-1.5.9-linux-x86_64.jar/org/bytedeco/ffmpeg/linux-x86_64/libjniavutil.so
7cdc442b4000-7cdc442f0000 r--p 000e2000 103:02 5259675                   /home/pan/.javacpp/cache/ffmpeg-6.0-1.5.9-linux-x86_64.jar/org/bytedeco/ffmpeg/linux-x86_64/libjniavutil.so
7cdc442f0000-7cdc442fd000 r--p 0011d000 103:02 5259675                   /home/pan/.javacpp/cache/ffmpeg-6.0-1.5.9-linux-x86_64.jar/org/bytedeco/ffmpeg/linux-x86_64/libjniavutil.so
7cdc442fd000-7cdc442ff000 rw-p 0012a000 103:02 5259675                   /home/pan/.javacpp/cache/ffmpeg-6.0-1.5.9-linux-x86_64.jar/org/bytedeco/ffmpeg/linux-x86_64/libjniavutil.so
7cdc442ff000-7cdc44300000 rw-p 00000000 00:00 0 
7cdc44400000-7cdc44401000 ---p 00000000 00:00 0 
7cdc44401000-7cdc44c01000 rw-p 00000000 00:00 0 
7cdc44d00000-7cdc44d04000 ---p 00000000 00:00 0 
7cdc44d04000-7cdc44e00000 rw-p 00000000 00:00 0 
7cdc44e00000-7cdc44e01000 ---p 00000000 00:00 0 
7cdc44e01000-7cdc45601000 rw-p 00000000 00:00 0 
7cdc45700000-7cdc45704000 ---p 00000000 00:00 0 
7cdc45704000-7cdc45800000 rw-p 00000000 00:00 0 
7cdc45800000-7cdc45801000 ---p 00000000 00:00 0 
7cdc45801000-7cdc46001000 rw-p 00000000 00:00 0 
7cdc46200000-7cdc46201000 ---p 00000000 00:00 0 
7cdc46201000-7cdc46a01000 rw-p 00000000 00:00 0 
7cdc46b00000-7cdc46b04000 ---p 00000000 00:00 0 
7cdc46b04000-7cdc46c00000 rw-p 00000000 00:00 0 
7cdc46c00000-7cdc46c01000 ---p 00000000 00:00 0 
7cdc46c01000-7cdc47401000 rw-p 00000000 00:00 0 
7cdc47500000-7cdc47504000 ---p 00000000 00:00 0 
7cdc47504000-7cdc47600000 rw-p 00000000 00:00 0 
7cdc47600000-7cdc47601000 ---p 00000000 00:00 0 
7cdc47601000-7cdc47e01000 rw-p 00000000 00:00 0 
7cdc47f00000-7cdc47f04000 ---p 00000000 00:00 0 
7cdc47f04000-7cdc48000000 rw-p 00000000 00:00 0 
7cdc48000000-7cdc4a7b4000 rw-p 00000000 00:00 0 
7cdc4a7b4000-7cdc4c000000 ---p 00000000 00:00 0 
7cdc4c000000-7cdc4c004000 ---p 00000000 00:00 0 
7cdc4c004000-7cdc4c100000 rw-p 00000000 00:00 0 
7cdc4c100000-7cdc4c104000 ---p 00000000 00:00 0 
7cdc4c104000-7cdc4c200000 rw-p 00000000 00:00 0 
7cdc4c300000-7cdc4c304000 ---p 00000000 00:00 0 
7cdc4c304000-7cdc4c400000 rw-p 00000000 00:00 0 
7cdc4c400000-7cdc4c404000 ---p 00000000 00:00 0 
7cdc4c404000-7cdc4c500000 rw-p 00000000 00:00 0 
7cdc4c500000-7cdc4c504000 ---p 00000000 00:00 0 
7cdc4c504000-7cdc4c600000 rw-p 00000000 00:00 0 
7cdc4c600000-7cdc4c601000 ---p 00000000 00:00 0 
7cdc4c601000-7cdc4ce01000 rw-p 00000000 00:00 0 
7cdc4cf00000-7cdc4cf04000 ---p 00000000 00:00 0 
7cdc4cf04000-7cdc4d000000 rw-p 00000000 00:00 0 
7cdc4d000000-7cdc4d106000 r--p 00000000 103:02 5259705                   /home/pan/.javacpp/cache/openblas-0.3.23-1.5.9-linux-x86_64.jar/org/bytedeco/openblas/linux-x86_64/libopenblas_nolapack.so.0
7cdc4d106000-7cdc4d116000 r-xp 00106000 103:02 5259705                   /home/pan/.javacpp/cache/openblas-0.3.23-1.5.9-linux-x86_64.jar/org/bytedeco/openblas/linux-x86_64/libopenblas_nolapack.so.0
7cdc4d116000-7cdc4d118000 ---p 00116000 103:02 5259705                   /home/pan/.javacpp/cache/openblas-0.3.23-1.5.9-linux-x86_64.jar/org/bytedeco/openblas/linux-x86_64/libopenblas_nolapack.so.0
7cdc4d118000-7cdc4ebed000 r-xp 00118000 103:02 5259705                   /home/pan/.javacpp/cache/openblas-0.3.23-1.5.9-linux-x86_64.jar/org/bytedeco/openblas/linux-x86_64/libopenblas_nolapack.so.0
7cdc4ebed000-7cdc4eddc000 r--p 01bed000 103:02 5259705                   /home/pan/.javacpp/cache/openblas-0.3.23-1.5.9-linux-x86_64.jar/org/bytedeco/openblas/linux-x86_64/libopenblas_nolapack.so.0
7cdc4eddc000-7cdc4ede2000 r--p 01ddb000 103:02 5259705                   /home/pan/.javacpp/cache/openblas-0.3.23-1.5.9-linux-x86_64.jar/org/bytedeco/openblas/linux-x86_64/libopenblas_nolapack.so.0
7cdc4ede2000-7cdc4edfa000 rw-p 01de1000 103:02 5259705                   /home/pan/.javacpp/cache/openblas-0.3.23-1.5.9-linux-x86_64.jar/org/bytedeco/openblas/linux-x86_64/libopenblas_nolapack.so.0
7cdc4edfa000-7cdc4ee07000 rw-p 00000000 00:00 0 
7cdc4ef00000-7cdc4ef04000 ---p 00000000 00:00 0 
7cdc4ef04000-7cdc4f000000 rw-p 00000000 00:00 0 
7cdc4f000000-7cdc4f3f0000 rw-p 00000000 00:00 0 
7cdc4f3f0000-7cdc4f4f0000 rw-p 00000000 00:00 0 
7cdc4f4f0000-7cdc4f5f0000 rw-p 00000000 00:00 0 
7cdc4f5f0000-7cdc4f8f0000 rw-p 00000000 00:00 0 
7cdc4f8f0000-7cdc4f9f0000 rw-p 00000000 00:00 0 
7cdc4f9f0000-7cdc502f0000 rw-p 00000000 00:00 0 
7cdc502f0000-7cdc503f0000 rw-p 00000000 00:00 0 
7cdc503f0000-7cdc520f0000 rw-p 00000000 00:00 0 
7cdc520f0000-7cdc521a0000 rw-p 00000000 00:00 0 
7cdc521a0000-7cdc52200000 ---p 00000000 00:00 0 
7cdc52200000-7cdc53000000 rw-p 00000000 00:00 0 
7cdc53000000-7cdc53bc9000 rw-p 00001000 103:02 4342152                   /home/pan/.jdks/corretto-17.0.14/lib/server/classes.jsa
7cdc53bc9000-7cdc54000000 ---p 00000000 00:00 0 
7cdc54000000-7cdc54010000 rw-p 00000000 00:00 0 
7cdc54010000-7cdc54030000 rw-p 00000000 00:00 0 
7cdc54030000-7cdc540b0000 rw-p 00000000 00:00 0 
7cdc540b0000-7cdc54150000 rw-p 00000000 00:00 0 
7cdc54150000-7cdc54170000 rw-p 00000000 00:00 0 
7cdc54170000-7cdc542b0000 rw-p 00000000 00:00 0 
7cdc542b0000-7cdc542f0000 rw-p 00000000 00:00 0 
7cdc542f0000-7cdc54930000 rw-p 00000000 00:00 0 
7cdc54930000-7cdc54950000 rw-p 00000000 00:00 0 
7cdc54950000-7cdc54980000 ---p 00000000 00:00 0 
7cdc54980000-7cdc54ac0000 rw-p 00000000 00:00 0 
7cdc54ac0000-7cdc94000000 ---p 00000000 00:00 0 
7cdc94000000-7cdc94021000 rw-p 00000000 00:00 0 
7cdc94021000-7cdc98000000 ---p 00000000 00:00 0 
7cdc98000000-7cdc98021000 rw-p 00000000 00:00 0 
7cdc98021000-7cdc9c000000 ---p 00000000 00:00 0 
7cdc9c000000-7cdc9c004000 ---p 00000000 00:00 0 
7cdc9c004000-7cdc9c100000 rw-p 00000000 00:00 0 
7cdc9c100000-7cdc9c104000 ---p 00000000 00:00 0 
7cdc9c104000-7cdc9c200000 rw-p 00000000 00:00 0 
7cdc9c200000-7cdc9c2cf000 r--p 00000000 103:02 5259724                   /home/pan/.javacpp/cache/opencv-4.7.0-1.5.9-linux-x86_64.jar/org/bytedeco/opencv/linux-x86_64/libjniopencv_core.so
7cdc9c2cf000-7cdc9c4c0000 r-xp 000cf000 103:02 5259724                   /home/pan/.javacpp/cache/opencv-4.7.0-1.5.9-linux-x86_64.jar/org/bytedeco/opencv/linux-x86_64/libjniopencv_core.so
7cdc9c4c0000-7cdc9c597000 r--p 002c0000 103:02 5259724                   /home/pan/.javacpp/cache/opencv-4.7.0-1.5.9-linux-x86_64.jar/org/bytedeco/opencv/linux-x86_64/libjniopencv_core.so
7cdc9c597000-7cdc9c5a4000 r--p 00396000 103:02 5259724                   /home/pan/.javacpp/cache/opencv-4.7.0-1.5.9-linux-x86_64.jar/org/bytedeco/opencv/linux-x86_64/libjniopencv_core.so
7cdc9c5a4000-7cdc9c5a7000 rw-p 003a3000 103:02 5259724                   /home/pan/.javacpp/cache/opencv-4.7.0-1.5.9-linux-x86_64.jar/org/bytedeco/opencv/linux-x86_64/libjniopencv_core.so
7cdc9c5a7000-7cdc9c5a8000 rw-p 00000000 00:00 0 
7cdc9c600000-7cdc9c601000 ---p 00000000 00:00 0 
7cdc9c601000-7cdc9ce01000 rw-p 00000000 00:00 0 
7cdc9cf00000-7cdc9cf04000 ---p 00000000 00:00 0 
7cdc9cf04000-7cdc9d000000 rw-p 00000000 00:00 0 
7cdc9d000000-7cdc9d001000 ---p 00000000 00:00 0 
7cdc9d001000-7cdc9d801000 rw-p 00000000 00:00 0 
7cdc9d900000-7cdc9d904000 ---p 00000000 00:00 0 
7cdc9d904000-7cdc9da00000 rw-p 00000000 00:00 0 
7cdc9da00000-7cdc9dc76000 r-xp 00000000 103:02 5259703                   /home/pan/.javacpp/cache/openblas-0.3.23-1.5.9-linux-x86_64.jar/org/bytedeco/openblas/linux-x86_64/libgfortran.so.5
7cdc9dc76000-7cdc9de75000 ---p 00276000 103:02 5259703                   /home/pan/.javacpp/cache/openblas-0.3.23-1.5.9-linux-x86_64.jar/org/bytedeco/openblas/linux-x86_64/libgfortran.so.5
7cdc9de75000-7cdc9de76000 r--p 00275000 103:02 5259703                   /home/pan/.javacpp/cache/openblas-0.3.23-1.5.9-linux-x86_64.jar/org/bytedeco/openblas/linux-x86_64/libgfortran.so.5
7cdc9de76000-7cdc9de78000 rw-p 00276000 103:02 5259703                   /home/pan/.javacpp/cache/openblas-0.3.23-1.5.9-linux-x86_64.jar/org/bytedeco/openblas/linux-x86_64/libgfortran.so.5
7cdc9df00000-7cdc9df04000 ---p 00000000 00:00 0 
7cdc9df04000-7cdc9e000000 rw-p 00000000 00:00 0 
7cdc9e000000-7cdc9e004000 ---p 00000000 00:00 0 
7cdc9e004000-7cdc9e100000 rw-p 00000000 00:00 0 
7cdc9e100000-7cdc9e104000 ---p 00000000 00:00 0 
7cdc9e104000-7cdc9e200000 rw-p 00000000 00:00 0 
7cdc9e200000-7cdc9e23b000 r-xp 00000000 103:02 5259701                   /home/pan/.javacpp/cache/openblas-0.3.23-1.5.9-linux-x86_64.jar/org/bytedeco/openblas/linux-x86_64/libquadmath.so.0
7cdc9e23b000-7cdc9e43a000 ---p 0003b000 103:02 5259701                   /home/pan/.javacpp/cache/openblas-0.3.23-1.5.9-linux-x86_64.jar/org/bytedeco/openblas/linux-x86_64/libquadmath.so.0
7cdc9e43a000-7cdc9e43b000 r--p 0003a000 103:02 5259701                   /home/pan/.javacpp/cache/openblas-0.3.23-1.5.9-linux-x86_64.jar/org/bytedeco/openblas/linux-x86_64/libquadmath.so.0
7cdc9e43b000-7cdc9e43c000 rw-p 0003b000 103:02 5259701                   /home/pan/.javacpp/cache/openblas-0.3.23-1.5.9-linux-x86_64.jar/org/bytedeco/openblas/linux-x86_64/libquadmath.so.0
7cdc9e500000-7cdc9e504000 ---p 00000000 00:00 0 
7cdc9e504000-7cdc9e600000 rw-p 00000000 00:00 0 
7cdc9e600000-7cdc9e604000 ---p 00000000 00:00 0 
7cdc9e604000-7cdc9e700000 rw-p 00000000 00:00 0 
7cdc9e700000-7cdc9e704000 ---p 00000000 00:00 0 
7cdc9e704000-7cdc9e800000 rw-p 00000000 00:00 0 
7cdc9e800000-7cdc9e815000 r-xp 00000000 103:02 5259699                   /home/pan/.javacpp/cache/openblas-0.3.23-1.5.9-linux-x86_64.jar/org/bytedeco/openblas/linux-x86_64/libgcc_s.so.1
7cdc9e815000-7cdc9ea14000 ---p 00015000 103:02 5259699                   /home/pan/.javacpp/cache/openblas-0.3.23-1.5.9-linux-x86_64.jar/org/bytedeco/openblas/linux-x86_64/libgcc_s.so.1
7cdc9ea14000-7cdc9ea15000 r--p 00014000 103:02 5259699                   /home/pan/.javacpp/cache/openblas-0.3.23-1.5.9-linux-x86_64.jar/org/bytedeco/openblas/linux-x86_64/libgcc_s.so.1
7cdc9ea15000-7cdc9ea16000 rw-p 00015000 103:02 5259699                   /home/pan/.javacpp/cache/openblas-0.3.23-1.5.9-linux-x86_64.jar/org/bytedeco/openblas/linux-x86_64/libgcc_s.so.1
7cdc9eb00000-7cdc9eb04000 ---p 00000000 00:00 0 
7cdc9eb04000-7cdc9ec00000 rw-p 00000000 00:00 0 
7cdc9ec00000-7cdc9ec04000 ---p 00000000 00:00 0 
7cdc9ec04000-7cdc9ed00000 rw-p 00000000 00:00 0 
7cdc9ed00000-7cdc9ed04000 ---p 00000000 00:00 0 
7cdc9ed04000-7cdc9ee00000 rw-p 00000000 00:00 0 
7cdc9ee00000-7cdc9ee9a000 r--p 00000000 103:02 11848158                  /usr/lib/x86_64-linux-gnu/libstdc++.so.6.0.30
7cdc9ee9a000-7cdc9efab000 r-xp 0009a000 103:02 11848158                  /usr/lib/x86_64-linux-gnu/libstdc++.so.6.0.30
7cdc9efab000-7cdc9f01a000 r--p 001ab000 103:02 11848158                  /usr/lib/x86_64-linux-gnu/libstdc++.so.6.0.30
7cdc9f01a000-7cdc9f01b000 ---p 0021a000 103:02 11848158                  /usr/lib/x86_64-linux-gnu/libstdc++.so.6.0.30
7cdc9f01b000-7cdc9f026000 r--p 0021a000 103:02 11848158                  /usr/lib/x86_64-linux-gnu/libstdc++.so.6.0.30
7cdc9f026000-7cdc9f029000 rw-p 00225000 103:02 11848158                  /usr/lib/x86_64-linux-gnu/libstdc++.so.6.0.30
7cdc9f029000-7cdc9f02c000 rw-p 00000000 00:00 0 
7cdc9f0fb000-7cdc9f0ff000 ---p 00000000 00:00 0 
7cdc9f0ff000-7cdc9f1fb000 rw-p 00000000 00:00 0 
7cdc9f1fb000-7cdc9f1ff000 ---p 00000000 00:00 0 
7cdc9f1ff000-7cdc9f2fb000 rw-p 00000000 00:00 0 
7cdc9f2fb000-7cdc9f2ff000 ---p 00000000 00:00 0 
7cdc9f2ff000-7cdc9f3fb000 rw-p 00000000 00:00 0 
7cdc9f3fb000-7cdc9f3ff000 ---p 00000000 00:00 0 
7cdc9f3ff000-7cdc9f4fb000 rw-p 00000000 00:00 0 
7cdc9f4fb000-7cdc9f4fc000 ---p 00000000 00:00 0 
7cdc9f4fc000-7cdc9f5fc000 rw-p 00000000 00:00 0 
7cdc9f5fc000-7cdc9f5fd000 ---p 00000000 00:00 0 
7cdc9f5fd000-7cdc9f6fd000 rw-p 00000000 00:00 0 
7cdc9f6fd000-7cdc9f6fe000 ---p 00000000 00:00 0 
7cdc9f6fe000-7cdc9f7fe000 rw-p 00000000 00:00 0 
7cdc9f7fe000-7cdc9f7ff000 ---p 00000000 00:00 0 
7cdc9f7ff000-7cdc9f8ff000 rw-p 00000000 00:00 0 
7cdc9f8ff000-7cdc9f900000 ---p 00000000 00:00 0 
7cdc9f900000-7cdc9fa00000 rw-p 00000000 00:00 0 
7cdc9fa00000-7cdc9fa0d000 r-xp 00000000 103:02 4342141                   /home/pan/.jdks/corretto-17.0.14/lib/libverify.so
7cdc9fa0d000-7cdc9fc0c000 ---p 0000d000 103:02 4342141                   /home/pan/.jdks/corretto-17.0.14/lib/libverify.so
7cdc9fc0c000-7cdc9fc0e000 r--p 0000c000 103:02 4342141                   /home/pan/.jdks/corretto-17.0.14/lib/libverify.so
7cdc9fc0e000-7cdc9fc0f000 rw-p 00000000 00:00 0 
7cdc9fcfd000-7cdc9fcfe000 ---p 00000000 00:00 0 
7cdc9fcfe000-7cdc9fdfe000 rw-p 00000000 00:00 0 
7cdc9fdfe000-7cdc9fdff000 ---p 00000000 00:00 0 
7cdc9fdff000-7cdc9feff000 rw-p 00000000 00:00 0 
7cdc9feff000-7cdc9ff00000 ---p 00000000 00:00 0 
7cdc9ff00000-7cdca0000000 rw-p 00000000 00:00 0 
7cdca0000000-7cdca0021000 rw-p 00000000 00:00 0 
7cdca0021000-7cdca4000000 ---p 00000000 00:00 0 
7cdca4000000-7cdca4021000 rw-p 00000000 00:00 0 
7cdca4021000-7cdca8000000 ---p 00000000 00:00 0 
7cdca80fb000-7cdca80fc000 ---p 00000000 00:00 0 
7cdca80fc000-7cdca81fc000 rw-p 00000000 00:00 0 
7cdca81fc000-7cdca81fd000 ---p 00000000 00:00 0 
7cdca81fd000-7cdca82fd000 rw-p 00000000 00:00 0 
7cdca82fd000-7cdca82fe000 ---p 00000000 00:00 0 
7cdca82fe000-7cdca83fe000 rw-p 00000000 00:00 0 
7cdca83fe000-7cdca83ff000 ---p 00000000 00:00 0 
7cdca83ff000-7cdca84ff000 rw-p 00000000 00:00 0 
7cdca84ff000-7cdca8500000 ---p 00000000 00:00 0 
7cdca8500000-7cdca8600000 rw-p 00000000 00:00 0 
7cdca8600000-7cdca8605000 r-xp 00000000 103:02 4342184                   /home/pan/.jdks/corretto-17.0.14/lib/libmanagement_ext.so
7cdca8605000-7cdca8805000 ---p 00005000 103:02 4342184                   /home/pan/.jdks/corretto-17.0.14/lib/libmanagement_ext.so
7cdca8805000-7cdca8806000 r--p 00005000 103:02 4342184                   /home/pan/.jdks/corretto-17.0.14/lib/libmanagement_ext.so
7cdca8806000-7cdca8807000 rw-p 00000000 00:00 0 
7cdca88ff000-7cdca8900000 ---p 00000000 00:00 0 
7cdca8900000-7cdca8a00000 rw-p 00000000 00:00 0 
7cdca8a00000-7cdca8a04000 ---p 00000000 00:00 0 
7cdca8a04000-7cdca8b00000 rw-p 00000000 00:00 0 
7cdca8b00000-7cdca8b04000 ---p 00000000 00:00 0 
7cdca8b04000-7cdca8c00000 rw-p 00000000 00:00 0 
7cdca8c00000-7cdca8c04000 r-xp 00000000 103:02 4342168                   /home/pan/.jdks/corretto-17.0.14/lib/libmanagement.so
7cdca8c04000-7cdca8e03000 ---p 00004000 103:02 4342168                   /home/pan/.jdks/corretto-17.0.14/lib/libmanagement.so
7cdca8e03000-7cdca8e04000 r--p 00003000 103:02 4342168                   /home/pan/.jdks/corretto-17.0.14/lib/libmanagement.so
7cdca8e04000-7cdca8e05000 rw-p 00000000 00:00 0 
7cdca8f00000-7cdca8f04000 ---p 00000000 00:00 0 
7cdca8f04000-7cdca9000000 rw-p 00000000 00:00 0 
7cdca9000000-7cdca9004000 ---p 00000000 00:00 0 
7cdca9004000-7cdca9100000 rw-p 00000000 00:00 0 
7cdca9100000-7cdca9104000 ---p 00000000 00:00 0 
7cdca9104000-7cdca9200000 rw-p 00000000 00:00 0 
7cdca9200000-7cdca9202000 r-xp 00000000 103:02 4342186                   /home/pan/.jdks/corretto-17.0.14/lib/libextnet.so
7cdca9202000-7cdca9401000 ---p 00002000 103:02 4342186                   /home/pan/.jdks/corretto-17.0.14/lib/libextnet.so
7cdca9401000-7cdca9402000 r--p 00001000 103:02 4342186                   /home/pan/.jdks/corretto-17.0.14/lib/libextnet.so
7cdca9402000-7cdca9403000 rw-p 00000000 00:00 0 
7cdca94ff000-7cdca9503000 ---p 00000000 00:00 0 
7cdca9503000-7cdca95ff000 rw-p 00000000 00:00 0 
7cdca95ff000-7cdca9600000 ---p 00000000 00:00 0 
7cdca9600000-7cdca9700000 rw-p 00000000 00:00 0 
7cdca9700000-7cdca9704000 ---p 00000000 00:00 0 
7cdca9704000-7cdca9800000 rw-p 00000000 00:00 0 
7cdca9800000-7cdca9815000 r-xp 00000000 103:02 4342139                   /home/pan/.jdks/corretto-17.0.14/lib/libnet.so
7cdca9815000-7cdca9a14000 ---p 00015000 103:02 4342139                   /home/pan/.jdks/corretto-17.0.14/lib/libnet.so
7cdca9a14000-7cdca9a15000 r--p 00014000 103:02 4342139                   /home/pan/.jdks/corretto-17.0.14/lib/libnet.so
7cdca9a15000-7cdca9a16000 rw-p 00015000 103:02 4342139                   /home/pan/.jdks/corretto-17.0.14/lib/libnet.so
7cdca9b00000-7cdca9b04000 ---p 00000000 00:00 0 
7cdca9b04000-7cdca9c00000 rw-p 00000000 00:00 0 
7cdca9c00000-7cdca9c04000 ---p 00000000 00:00 0 
7cdca9c04000-7cdca9d00000 rw-p 00000000 00:00 0 
7cdca9d00000-7cdca9d04000 ---p 00000000 00:00 0 
7cdca9d04000-7cdca9e00000 rw-p 00000000 00:00 0 
7cdca9e00000-7cdca9e12000 r-xp 00000000 103:02 4342140                   /home/pan/.jdks/corretto-17.0.14/lib/libnio.so
7cdca9e12000-7cdcaa012000 ---p 00012000 103:02 4342140                   /home/pan/.jdks/corretto-17.0.14/lib/libnio.so
7cdcaa012000-7cdcaa013000 r--p 00012000 103:02 4342140                   /home/pan/.jdks/corretto-17.0.14/lib/libnio.so
7cdcaa013000-7cdcaa014000 rw-p 00013000 103:02 4342140                   /home/pan/.jdks/corretto-17.0.14/lib/libnio.so
7cdcaa100000-7cdcaa104000 ---p 00000000 00:00 0 
7cdcaa104000-7cdcaa200000 rw-p 00000000 00:00 0 
7cdcaa200000-7cdcaa204000 ---p 00000000 00:00 0 
7cdcaa204000-7cdcaa300000 rw-p 00000000 00:00 0 
7cdcaa300000-7cdcaa304000 ---p 00000000 00:00 0 
7cdcaa304000-7cdcaa400000 rw-p 00000000 00:00 0 
7cdcaa400000-7cdcaa407000 r-xp 00000000 103:02 4342142                   /home/pan/.jdks/corretto-17.0.14/lib/libzip.so
7cdcaa407000-7cdcaa607000 ---p 00007000 103:02 4342142                   /home/pan/.jdks/corretto-17.0.14/lib/libzip.so
7cdcaa607000-7cdcaa608000 r--p 00007000 103:02 4342142                   /home/pan/.jdks/corretto-17.0.14/lib/libzip.so
7cdcaa608000-7cdcaa609000 rw-p 00000000 00:00 0 
7cdcaa700000-7cdcaa704000 ---p 00000000 00:00 0 
7cdcaa704000-7cdcaa800000 rw-p 00000000 00:00 0 
7cdcaa800000-7cdcaa804000 ---p 00000000 00:00 0 
7cdcaa804000-7cdcaa900000 rw-p 00000000 00:00 0 
7cdcaa900000-7cdcaa904000 ---p 00000000 00:00 0 
7cdcaa904000-7cdcaaa00000 rw-p 00000000 00:00 0 
7cdcaab00000-7cdcaab04000 ---p 00000000 00:00 0 
7cdcaab04000-7cdcaac00000 rw-p 00000000 00:00 0 
7cdcaac00000-7cdcaac04000 ---p 00000000 00:00 0 
7cdcaac04000-7cdcaad00000 rw-p 00000000 00:00 0 
7cdcaad00000-7cdcaad04000 ---p 00000000 00:00 0 
7cdcaad04000-7cdcaae00000 rw-p 00000000 00:00 0 
7cdcaae00000-7cdcaae04000 ---p 00000000 00:00 0 
7cdcaae04000-7cdcaaf00000 rw-p 00000000 00:00 0 
7cdcaaf00000-7cdcaaf04000 ---p 00000000 00:00 0 
7cdcaaf04000-7cdcab000000 rw-p 00000000 00:00 0 
7cdcab000000-7cdcab878000 r--p 00000000 103:02 11820149                  /usr/lib/locale/locale-archive
7cdcab900000-7cdcab904000 ---p 00000000 00:00 0 
7cdcab904000-7cdcaba00000 rw-p 00000000 00:00 0 
7cdcaba00000-7cdcabace000 r-xp 00000000 103:02 4342178                   /home/pan/.jdks/corretto-17.0.14/lib/libjsvml.so
7cdcabace000-7cdcabccd000 ---p 000ce000 103:02 4342178                   /home/pan/.jdks/corretto-17.0.14/lib/libjsvml.so
7cdcabccd000-7cdcabcce000 r--p 000cd000 103:02 4342178                   /home/pan/.jdks/corretto-17.0.14/lib/libjsvml.so
7cdcabcce000-7cdcabccf000 rw-p 000ce000 103:02 4342178                   /home/pan/.jdks/corretto-17.0.14/lib/libjsvml.so
7cdcabd00000-7cdcabd04000 ---p 00000000 00:00 0 
7cdcabd04000-7cdcabe00000 rw-p 00000000 00:00 0 
7cdcabe00000-7cdcabe04000 ---p 00000000 00:00 0 
7cdcabe04000-7cdcabf00000 rw-p 00000000 00:00 0 
7cdcabf00000-7cdcabf04000 ---p 00000000 00:00 0 
7cdcabf04000-7cdcac000000 rw-p 00000000 00:00 0 
7cdcac000000-7cdcac021000 rw-p 00000000 00:00 0 
7cdcac021000-7cdcb0000000 ---p 00000000 00:00 0 
7cdcb00f1000-7cdcb00f2000 ---p 00000000 00:00 0 
7cdcb00f2000-7cdcb01f2000 rw-p 00000000 00:00 0 
7cdcb01f2000-7cdcb01f3000 ---p 00000000 00:00 0 
7cdcb01f3000-7cdcb02f3000 rw-p 00000000 00:00 0 
7cdcb02f3000-7cdcb02f4000 ---p 00000000 00:00 0 
7cdcb02f4000-7cdcb03f4000 rw-p 00000000 00:00 0 
7cdcb03f4000-7cdcbb000000 rw-p 00000000 00:00 0 
7cdcbb000000-7cdcbc800000 rw-p 00000000 00:00 0 
7cdcbc800000-7cdcbd5b0000 rwxp 00000000 00:00 0 
7cdcbd5b0000-7cdcbf800000 ---p 00000000 00:00 0 
7cdcbf800000-7cdcbf824000 r-xp 00000000 103:02 4342135                   /home/pan/.jdks/corretto-17.0.14/lib/libjava.so
7cdcbf824000-7cdcbfa24000 ---p 00024000 103:02 4342135                   /home/pan/.jdks/corretto-17.0.14/lib/libjava.so
7cdcbfa24000-7cdcbfa25000 r--p 00024000 103:02 4342135                   /home/pan/.jdks/corretto-17.0.14/lib/libjava.so
7cdcbfa25000-7cdcbfa26000 rw-p 00025000 103:02 4342135                   /home/pan/.jdks/corretto-17.0.14/lib/libjava.so
7cdcbfa26000-7cdcbfa27000 rw-p 00000000 00:00 0 
7cdcbfa2a000-7cdcbfa34000 r--p 00000000 103:02 5259728                   /home/pan/.javacpp/cache/opencv-4.7.0-1.5.9-linux-x86_64.jar/org/bytedeco/opencv/linux-x86_64/libjniopencv_imgcodecs.so
7cdcbfa34000-7cdcbfa5b000 r-xp 0000a000 103:02 5259728                   /home/pan/.javacpp/cache/opencv-4.7.0-1.5.9-linux-x86_64.jar/org/bytedeco/opencv/linux-x86_64/libjniopencv_imgcodecs.so
7cdcbfa5b000-7cdcbfa65000 r--p 00031000 103:02 5259728                   /home/pan/.javacpp/cache/opencv-4.7.0-1.5.9-linux-x86_64.jar/org/bytedeco/opencv/linux-x86_64/libjniopencv_imgcodecs.so
7cdcbfa65000-7cdcbfa66000 ---p 0003b000 103:02 5259728                   /home/pan/.javacpp/cache/opencv-4.7.0-1.5.9-linux-x86_64.jar/org/bytedeco/opencv/linux-x86_64/libjniopencv_imgcodecs.so
7cdcbfa66000-7cdcbfa67000 r--p 0003b000 103:02 5259728                   /home/pan/.javacpp/cache/opencv-4.7.0-1.5.9-linux-x86_64.jar/org/bytedeco/opencv/linux-x86_64/libjniopencv_imgcodecs.so
7cdcbfa67000-7cdcbfa68000 rw-p 0003c000 103:02 5259728                   /home/pan/.javacpp/cache/opencv-4.7.0-1.5.9-linux-x86_64.jar/org/bytedeco/opencv/linux-x86_64/libjniopencv_imgcodecs.so
7cdcbfa68000-7cdcbfa6b000 r--p 00000000 103:02 5259685                   /home/pan/.javacpp/cache/ffmpeg-6.0-1.5.9-linux-x86_64.jar/org/bytedeco/ffmpeg/linux-x86_64/libswscale.so.7
7cdcbfa6b000-7cdcbfae2000 r-xp 00003000 103:02 5259685                   /home/pan/.javacpp/cache/ffmpeg-6.0-1.5.9-linux-x86_64.jar/org/bytedeco/ffmpeg/linux-x86_64/libswscale.so.7
7cdcbfae2000-7cdcbfaf2000 r--p 0007a000 103:02 5259685                   /home/pan/.javacpp/cache/ffmpeg-6.0-1.5.9-linux-x86_64.jar/org/bytedeco/ffmpeg/linux-x86_64/libswscale.so.7
7cdcbfaf2000-7cdcbfaf3000 ---p 0008a000 103:02 5259685                   /home/pan/.javacpp/cache/ffmpeg-6.0-1.5.9-linux-x86_64.jar/org/bytedeco/ffmpeg/linux-x86_64/libswscale.so.7
7cdcbfaf3000-7cdcbfaf4000 r--p 0008a000 103:02 5259685                   /home/pan/.javacpp/cache/ffmpeg-6.0-1.5.9-linux-x86_64.jar/org/bytedeco/ffmpeg/linux-x86_64/libswscale.so.7
7cdcbfaf4000-7cdcbfaf5000 rw-p 0008b000 103:02 5259685                   /home/pan/.javacpp/cache/ffmpeg-6.0-1.5.9-linux-x86_64.jar/org/bytedeco/ffmpeg/linux-x86_64/libswscale.so.7
7cdcbfaf5000-7cdcbfbfe000 rw-p 00000000 00:00 0 
7cdcbfbfe000-7cdcbfbff000 ---p 00000000 00:00 0 
7cdcbfbff000-7cdcbfcff000 rw-p 00000000 00:00 0 
7cdcbfcff000-7cdcbfd00000 ---p 00000000 00:00 0 
7cdcbfd00000-7cdcbfe00000 rw-p 00000000 00:00 0 
7cdcbfe00000-7cdcbfe0a000 r-xp 00000000 103:02 4342167                   /home/pan/.jdks/corretto-17.0.14/lib/libinstrument.so
7cdcbfe0a000-7cdcc0009000 ---p 0000a000 103:02 4342167                   /home/pan/.jdks/corretto-17.0.14/lib/libinstrument.so
7cdcc0009000-7cdcc000a000 r--p 00009000 103:02 4342167                   /home/pan/.jdks/corretto-17.0.14/lib/libinstrument.so
7cdcc000a000-7cdcc000b000 rw-p 0000a000 103:02 4342167                   /home/pan/.jdks/corretto-17.0.14/lib/libinstrument.so
7cdcc001a000-7cdcc001c000 r--p 00000000 103:02 11847745                  /usr/lib/x86_64-linux-gnu/libmd.so.0.0.5
7cdcc001c000-7cdcc0023000 r-xp 00002000 103:02 11847745                  /usr/lib/x86_64-linux-gnu/libmd.so.0.0.5
7cdcc0023000-7cdcc0025000 r--p 00009000 103:02 11847745                  /usr/lib/x86_64-linux-gnu/libmd.so.0.0.5
7cdcc0025000-7cdcc0026000 r--p 0000a000 103:02 11847745                  /usr/lib/x86_64-linux-gnu/libmd.so.0.0.5
7cdcc0026000-7cdcc0027000 rw-p 0000b000 103:02 11847745                  /usr/lib/x86_64-linux-gnu/libmd.so.0.0.5
7cdcc0027000-7cdcc002b000 r--p 00000000 103:02 11847081                  /usr/lib/x86_64-linux-gnu/libbsd.so.0.11.5
7cdcc002b000-7cdcc0038000 r-xp 00004000 103:02 11847081                  /usr/lib/x86_64-linux-gnu/libbsd.so.0.11.5
7cdcc0038000-7cdcc003b000 r--p 00011000 103:02 11847081                  /usr/lib/x86_64-linux-gnu/libbsd.so.0.11.5
7cdcc003b000-7cdcc003c000 ---p 00014000 103:02 11847081                  /usr/lib/x86_64-linux-gnu/libbsd.so.0.11.5
7cdcc003c000-7cdcc003d000 r--p 00014000 103:02 11847081                  /usr/lib/x86_64-linux-gnu/libbsd.so.0.11.5
7cdcc003d000-7cdcc003e000 rw-p 00015000 103:02 11847081                  /usr/lib/x86_64-linux-gnu/libbsd.so.0.11.5
7cdcc003e000-7cdcc003f000 rw-p 00000000 00:00 0 
7cdcc003f000-7cdcc004a000 r--p 00000000 103:02 11848391                  /usr/lib/x86_64-linux-gnu/libxcb.so.1.1.0
7cdcc004a000-7cdcc005e000 r-xp 0000b000 103:02 11848391                  /usr/lib/x86_64-linux-gnu/libxcb.so.1.1.0
7cdcc005e000-7cdcc0067000 r--p 0001f000 103:02 11848391                  /usr/lib/x86_64-linux-gnu/libxcb.so.1.1.0
7cdcc0067000-7cdcc0068000 r--p 00027000 103:02 11848391                  /usr/lib/x86_64-linux-gnu/libxcb.so.1.1.0
7cdcc0068000-7cdcc0069000 rw-p 00028000 103:02 11848391                  /usr/lib/x86_64-linux-gnu/libxcb.so.1.1.0
7cdcc0069000-7cdcc0094000 r--p 00000000 103:02 5259684                   /home/pan/.javacpp/cache/ffmpeg-6.0-1.5.9-linux-x86_64.jar/org/bytedeco/ffmpeg/linux-x86_64/libjniavformat.so
7cdcc0094000-7cdcc00d0000 r-xp 0002b000 103:02 5259684                   /home/pan/.javacpp/cache/ffmpeg-6.0-1.5.9-linux-x86_64.jar/org/bytedeco/ffmpeg/linux-x86_64/libjniavformat.so
7cdcc00d0000-7cdcc00f0000 r--p 00067000 103:02 5259684                   /home/pan/.javacpp/cache/ffmpeg-6.0-1.5.9-linux-x86_64.jar/org/bytedeco/ffmpeg/linux-x86_64/libjniavformat.so
7cdcc00f0000-7cdcc00fb000 r--p 00086000 103:02 5259684                   /home/pan/.javacpp/cache/ffmpeg-6.0-1.5.9-linux-x86_64.jar/org/bytedeco/ffmpeg/linux-x86_64/libjniavformat.so
7cdcc00fb000-7cdcc00fc000 rw-p 00091000 103:02 5259684                   /home/pan/.javacpp/cache/ffmpeg-6.0-1.5.9-linux-x86_64.jar/org/bytedeco/ffmpeg/linux-x86_64/libjniavformat.so
7cdcc00fc000-7cdcc00fd000 rw-p 00000000 00:00 0 
7cdcc00fd000-7cdcc00fe000 ---p 00000000 00:00 0 
7cdcc00fe000-7cdcc01fe000 rw-p 00000000 00:00 0 
7cdcc01fe000-7cdcc0400000 rw-p 00000000 00:00 0 
7cdcc0400000-7cdcc7fdf000 r--s 00000000 103:02 4342129                   /home/pan/.jdks/corretto-17.0.14/lib/modules
7cdcc7fe7000-7cdcc7fee000 r--p 00000000 103:02 5259693                   /home/pan/.javacpp/cache/ffmpeg-6.0-1.5.9-linux-x86_64.jar/org/bytedeco/ffmpeg/linux-x86_64/libjniavdevice.so
7cdcc7fee000-7cdcc7ff8000 r-xp 00007000 103:02 5259693                   /home/pan/.javacpp/cache/ffmpeg-6.0-1.5.9-linux-x86_64.jar/org/bytedeco/ffmpeg/linux-x86_64/libjniavdevice.so
7cdcc7ff8000-7cdcc7ffd000 r--p 00011000 103:02 5259693                   /home/pan/.javacpp/cache/ffmpeg-6.0-1.5.9-linux-x86_64.jar/org/bytedeco/ffmpeg/linux-x86_64/libjniavdevice.so
7cdcc7ffd000-7cdcc7ffe000 ---p 00016000 103:02 5259693                   /home/pan/.javacpp/cache/ffmpeg-6.0-1.5.9-linux-x86_64.jar/org/bytedeco/ffmpeg/linux-x86_64/libjniavdevice.so
7cdcc7ffe000-7cdcc7fff000 r--p 00016000 103:02 5259693                   /home/pan/.javacpp/cache/ffmpeg-6.0-1.5.9-linux-x86_64.jar/org/bytedeco/ffmpeg/linux-x86_64/libjniavdevice.so
7cdcc7fff000-7cdcc8000000 rw-p 00017000 103:02 5259693                   /home/pan/.javacpp/cache/ffmpeg-6.0-1.5.9-linux-x86_64.jar/org/bytedeco/ffmpeg/linux-x86_64/libjniavdevice.so
7cdcc8000000-7cdccb32b000 rw-p 00000000 00:00 0 
7cdccb32b000-7cdccc000000 ---p 00000000 00:00 0 
7cdccc000000-7cdccc002000 r--p 00000000 103:02 11846801                  /usr/lib/x86_64-linux-gnu/libXdmcp.so.6.0.0
7cdccc002000-7cdccc004000 r-xp 00002000 103:02 11846801                  /usr/lib/x86_64-linux-gnu/libXdmcp.so.6.0.0
7cdccc004000-7cdccc006000 r--p 00004000 103:02 11846801                  /usr/lib/x86_64-linux-gnu/libXdmcp.so.6.0.0
7cdccc006000-7cdccc007000 r--p 00005000 103:02 11846801                  /usr/lib/x86_64-linux-gnu/libXdmcp.so.6.0.0
7cdccc007000-7cdccc008000 rw-p 00006000 103:02 11846801                  /usr/lib/x86_64-linux-gnu/libXdmcp.so.6.0.0
7cdccc008000-7cdccc01e000 r--p 00000000 103:02 5259690                   /home/pan/.javacpp/cache/ffmpeg-6.0-1.5.9-linux-x86_64.jar/org/bytedeco/ffmpeg/linux-x86_64/libjniavfilter.so
7cdccc01e000-7cdccc03d000 r-xp 00016000 103:02 5259690                   /home/pan/.javacpp/cache/ffmpeg-6.0-1.5.9-linux-x86_64.jar/org/bytedeco/ffmpeg/linux-x86_64/libjniavfilter.so
7cdccc03d000-7cdccc04d000 r--p 00035000 103:02 5259690                   /home/pan/.javacpp/cache/ffmpeg-6.0-1.5.9-linux-x86_64.jar/org/bytedeco/ffmpeg/linux-x86_64/libjniavfilter.so
7cdccc04d000-7cdccc051000 r--p 00044000 103:02 5259690                   /home/pan/.javacpp/cache/ffmpeg-6.0-1.5.9-linux-x86_64.jar/org/bytedeco/ffmpeg/linux-x86_64/libjniavfilter.so
7cdccc051000-7cdccc052000 rw-p 00048000 103:02 5259690                   /home/pan/.javacpp/cache/ffmpeg-6.0-1.5.9-linux-x86_64.jar/org/bytedeco/ffmpeg/linux-x86_64/libjniavfilter.so
7cdccc052000-7cdccc07f000 r--p 00000000 103:02 5259681                   /home/pan/.javacpp/cache/ffmpeg-6.0-1.5.9-linux-x86_64.jar/org/bytedeco/ffmpeg/linux-x86_64/libjniavcodec.so
7cdccc07f000-7cdccc0bc000 r-xp 0002d000 103:02 5259681                   /home/pan/.javacpp/cache/ffmpeg-6.0-1.5.9-linux-x86_64.jar/org/bytedeco/ffmpeg/linux-x86_64/libjniavcodec.so
7cdccc0bc000-7cdccc0e4000 r--p 0006a000 103:02 5259681                   /home/pan/.javacpp/cache/ffmpeg-6.0-1.5.9-linux-x86_64.jar/org/bytedeco/ffmpeg/linux-x86_64/libjniavcodec.so
7cdccc0e4000-7cdccc0fb000 r--p 00091000 103:02 5259681                   /home/pan/.javacpp/cache/ffmpeg-6.0-1.5.9-linux-x86_64.jar/org/bytedeco/ffmpeg/linux-x86_64/libjniavcodec.so
7cdccc0fb000-7cdccc0fc000 rw-p 000a8000 103:02 5259681                   /home/pan/.javacpp/cache/ffmpeg-6.0-1.5.9-linux-x86_64.jar/org/bytedeco/ffmpeg/linux-x86_64/libjniavcodec.so
7cdccc0fc000-7cdccc400000 rw-p 00000000 00:00 0 
7cdccc400000-7cdccc41b000 r-xp 00000000 103:02 4342136                   /home/pan/.jdks/corretto-17.0.14/lib/libjimage.so
7cdccc41b000-7cdccc61a000 ---p 0001b000 103:02 4342136                   /home/pan/.jdks/corretto-17.0.14/lib/libjimage.so
7cdccc61a000-7cdccc61c000 r--p 0001a000 103:02 4342136                   /home/pan/.jdks/corretto-17.0.14/lib/libjimage.so
7cdccc61c000-7cdccc61d000 rw-p 0001c000 103:02 4342136                   /home/pan/.jdks/corretto-17.0.14/lib/libjimage.so
7cdccc622000-7cdccc623000 r--p 00000000 103:02 11846790                  /usr/lib/x86_64-linux-gnu/libXau.so.6.0.0
7cdccc623000-7cdccc625000 r-xp 00001000 103:02 11846790                  /usr/lib/x86_64-linux-gnu/libXau.so.6.0.0
7cdccc625000-7cdccc626000 r--p 00003000 103:02 11846790                  /usr/lib/x86_64-linux-gnu/libXau.so.6.0.0
7cdccc626000-7cdccc627000 r--p 00003000 103:02 11846790                  /usr/lib/x86_64-linux-gnu/libXau.so.6.0.0
7cdccc627000-7cdccc628000 rw-p 00004000 103:02 11846790                  /usr/lib/x86_64-linux-gnu/libXau.so.6.0.0
7cdccc628000-7cdccc62e000 r--p 00000000 103:02 5259691                   /home/pan/.javacpp/cache/ffmpeg-6.0-1.5.9-linux-x86_64.jar/org/bytedeco/ffmpeg/linux-x86_64/libavdevice.so.60
7cdccc62e000-7cdccc637000 r-xp 00006000 103:02 5259691                   /home/pan/.javacpp/cache/ffmpeg-6.0-1.5.9-linux-x86_64.jar/org/bytedeco/ffmpeg/linux-x86_64/libavdevice.so.60
7cdccc637000-7cdccc63b000 r--p 0000f000 103:02 5259691                   /home/pan/.javacpp/cache/ffmpeg-6.0-1.5.9-linux-x86_64.jar/org/bytedeco/ffmpeg/linux-x86_64/libavdevice.so.60
7cdccc63b000-7cdccc63c000 ---p 00013000 103:02 5259691                   /home/pan/.javacpp/cache/ffmpeg-6.0-1.5.9-linux-x86_64.jar/org/bytedeco/ffmpeg/linux-x86_64/libavdevice.so.60
7cdccc63c000-7cdccc63e000 r--p 00013000 103:02 5259691                   /home/pan/.javacpp/cache/ffmpeg-6.0-1.5.9-linux-x86_64.jar/org/bytedeco/ffmpeg/linux-x86_64/libavdevice.so.60
7cdccc63e000-7cdccc63f000 rw-p 00015000 103:02 5259691                   /home/pan/.javacpp/cache/ffmpeg-6.0-1.5.9-linux-x86_64.jar/org/bytedeco/ffmpeg/linux-x86_64/libavdevice.so.60
7cdccc63f000-7cdccc647000 r--p 00000000 103:02 5259687                   /home/pan/.javacpp/cache/ffmpeg-6.0-1.5.9-linux-x86_64.jar/org/bytedeco/ffmpeg/linux-x86_64/libjniswscale.so
7cdccc647000-7cdccc654000 r-xp 00008000 103:02 5259687                   /home/pan/.javacpp/cache/ffmpeg-6.0-1.5.9-linux-x86_64.jar/org/bytedeco/ffmpeg/linux-x86_64/libjniswscale.so
7cdccc654000-7cdccc659000 r--p 00015000 103:02 5259687                   /home/pan/.javacpp/cache/ffmpeg-6.0-1.5.9-linux-x86_64.jar/org/bytedeco/ffmpeg/linux-x86_64/libjniswscale.so
7cdccc659000-7cdccc65a000 ---p 0001a000 103:02 5259687                   /home/pan/.javacpp/cache/ffmpeg-6.0-1.5.9-linux-x86_64.jar/org/bytedeco/ffmpeg/linux-x86_64/libjniswscale.so
7cdccc65a000-7cdccc65b000 r--p 0001a000 103:02 5259687                   /home/pan/.javacpp/cache/ffmpeg-6.0-1.5.9-linux-x86_64.jar/org/bytedeco/ffmpeg/linux-x86_64/libjniswscale.so
7cdccc65b000-7cdccc65c000 rw-p 0001b000 103:02 5259687                   /home/pan/.javacpp/cache/ffmpeg-6.0-1.5.9-linux-x86_64.jar/org/bytedeco/ffmpeg/linux-x86_64/libjniswscale.so
7cdccc65c000-7cdccc65f000 r--p 00000000 103:02 5259676                   /home/pan/.javacpp/cache/ffmpeg-6.0-1.5.9-linux-x86_64.jar/org/bytedeco/ffmpeg/linux-x86_64/libswresample.so.4
7cdccc65f000-7cdccc673000 r-xp 00003000 103:02 5259676                   /home/pan/.javacpp/cache/ffmpeg-6.0-1.5.9-linux-x86_64.jar/org/bytedeco/ffmpeg/linux-x86_64/libswresample.so.4
7cdccc673000-7cdccc678000 r--p 00017000 103:02 5259676                   /home/pan/.javacpp/cache/ffmpeg-6.0-1.5.9-linux-x86_64.jar/org/bytedeco/ffmpeg/linux-x86_64/libswresample.so.4
7cdccc678000-7cdccc679000 ---p 0001c000 103:02 5259676                   /home/pan/.javacpp/cache/ffmpeg-6.0-1.5.9-linux-x86_64.jar/org/bytedeco/ffmpeg/linux-x86_64/libswresample.so.4
7cdccc679000-7cdccc67b000 r--p 0001c000 103:02 5259676                   /home/pan/.javacpp/cache/ffmpeg-6.0-1.5.9-linux-x86_64.jar/org/bytedeco/ffmpeg/linux-x86_64/libswresample.so.4
7cdccc67b000-7cdccc67c000 rw-p 0001e000 103:02 5259676                   /home/pan/.javacpp/cache/ffmpeg-6.0-1.5.9-linux-x86_64.jar/org/bytedeco/ffmpeg/linux-x86_64/libswresample.so.4
7cdccc67c000-7cdccca00000 rw-p 00000000 00:00 0 
7cdccca00000-7cdccdcc9000 r-xp 00000000 103:02 4342150                   /home/pan/.jdks/corretto-17.0.14/lib/server/libjvm.so
7cdccdcc9000-7cdccdec9000 ---p 012c9000 103:02 4342150                   /home/pan/.jdks/corretto-17.0.14/lib/server/libjvm.so
7cdccdec9000-7cdccdf82000 r--p 012c9000 103:02 4342150                   /home/pan/.jdks/corretto-17.0.14/lib/server/libjvm.so
7cdccdf82000-7cdccdfb7000 rw-p 01382000 103:02 4342150                   /home/pan/.jdks/corretto-17.0.14/lib/server/libjvm.so
7cdccdfb7000-7cdcce012000 rw-p 00000000 00:00 0 
7cdcce015000-7cdcce027000 r--p 00000000 103:02 5259707                   /home/pan/.javacpp/cache/openblas-0.3.23-1.5.9-linux-x86_64.jar/org/bytedeco/openblas/linux-x86_64/libjniopenblas_nolapack.so
7cdcce027000-7cdcce052000 r-xp 00012000 103:02 5259707                   /home/pan/.javacpp/cache/openblas-0.3.23-1.5.9-linux-x86_64.jar/org/bytedeco/openblas/linux-x86_64/libjniopenblas_nolapack.so
7cdcce052000-7cdcce05f000 r--p 0003d000 103:02 5259707                   /home/pan/.javacpp/cache/openblas-0.3.23-1.5.9-linux-x86_64.jar/org/bytedeco/openblas/linux-x86_64/libjniopenblas_nolapack.so
7cdcce05f000-7cdcce060000 r--p 00049000 103:02 5259707                   /home/pan/.javacpp/cache/openblas-0.3.23-1.5.9-linux-x86_64.jar/org/bytedeco/openblas/linux-x86_64/libjniopenblas_nolapack.so
7cdcce060000-7cdcce061000 rw-p 0004a000 103:02 5259707                   /home/pan/.javacpp/cache/openblas-0.3.23-1.5.9-linux-x86_64.jar/org/bytedeco/openblas/linux-x86_64/libjniopenblas_nolapack.so
7cdcce061000-7cdcce400000 rw-p 00000000 00:00 0 
7cdcce400000-7cdcce428000 r--p 00000000 103:02 11819770                  /usr/lib/x86_64-linux-gnu/libc.so.6
7cdcce428000-7cdcce5bd000 r-xp 00028000 103:02 11819770                  /usr/lib/x86_64-linux-gnu/libc.so.6
7cdcce5bd000-7cdcce615000 r--p 001bd000 103:02 11819770                  /usr/lib/x86_64-linux-gnu/libc.so.6
7cdcce615000-7cdcce616000 ---p 00215000 103:02 11819770                  /usr/lib/x86_64-linux-gnu/libc.so.6
7cdcce616000-7cdcce61a000 r--p 00215000 103:02 11819770                  /usr/lib/x86_64-linux-gnu/libc.so.6
7cdcce61a000-7cdcce61c000 rw-p 00219000 103:02 11819770                  /usr/lib/x86_64-linux-gnu/libc.so.6
7cdcce61c000-7cdcce629000 rw-p 00000000 00:00 0 
7cdcce62b000-7cdcce62e000 r--p 00000000 103:02 11848385                  /usr/lib/x86_64-linux-gnu/libxcb-xfixes.so.0.0.0
7cdcce62e000-7cdcce631000 r-xp 00003000 103:02 11848385                  /usr/lib/x86_64-linux-gnu/libxcb-xfixes.so.0.0.0
7cdcce631000-7cdcce632000 r--p 00006000 103:02 11848385                  /usr/lib/x86_64-linux-gnu/libxcb-xfixes.so.0.0.0
7cdcce632000-7cdcce633000 ---p 00007000 103:02 11848385                  /usr/lib/x86_64-linux-gnu/libxcb-xfixes.so.0.0.0
7cdcce633000-7cdcce634000 r--p 00007000 103:02 11848385                  /usr/lib/x86_64-linux-gnu/libxcb-xfixes.so.0.0.0
7cdcce634000-7cdcce635000 rw-p 00008000 103:02 11848385                  /usr/lib/x86_64-linux-gnu/libxcb-xfixes.so.0.0.0
7cdcce635000-7cdcce636000 r--p 00000000 103:02 11848377                  /usr/lib/x86_64-linux-gnu/libxcb-shape.so.0.0.0
7cdcce636000-7cdcce637000 r-xp 00001000 103:02 11848377                  /usr/lib/x86_64-linux-gnu/libxcb-shape.so.0.0.0
7cdcce637000-7cdcce638000 r--p 00002000 103:02 11848377                  /usr/lib/x86_64-linux-gnu/libxcb-shape.so.0.0.0
7cdcce638000-7cdcce639000 r--p 00002000 103:02 11848377                  /usr/lib/x86_64-linux-gnu/libxcb-shape.so.0.0.0
7cdcce639000-7cdcce63a000 rw-p 00003000 103:02 11848377                  /usr/lib/x86_64-linux-gnu/libxcb-shape.so.0.0.0
7cdcce63a000-7cdcce800000 rw-p 00000000 00:00 0 
7cdcce800000-7cdcce80f000 r-xp 00000000 103:02 4342137                   /home/pan/.jdks/corretto-17.0.14/lib/libjli.so
7cdcce80f000-7cdccea0e000 ---p 0000f000 103:02 4342137                   /home/pan/.jdks/corretto-17.0.14/lib/libjli.so
7cdccea0e000-7cdccea0f000 r--p 0000e000 103:02 4342137                   /home/pan/.jdks/corretto-17.0.14/lib/libjli.so
7cdccea0f000-7cdccea10000 rw-p 0000f000 103:02 4342137                   /home/pan/.jdks/corretto-17.0.14/lib/libjli.so
7cdccea13000-7cdccea14000 r--p 00000000 103:02 11848379                  /usr/lib/x86_64-linux-gnu/libxcb-shm.so.0.0.0
7cdccea14000-7cdccea15000 r-xp 00001000 103:02 11848379                  /usr/lib/x86_64-linux-gnu/libxcb-shm.so.0.0.0
7cdccea15000-7cdccea16000 r--p 00002000 103:02 11848379                  /usr/lib/x86_64-linux-gnu/libxcb-shm.so.0.0.0
7cdccea16000-7cdccea17000 r--p 00002000 103:02 11848379                  /usr/lib/x86_64-linux-gnu/libxcb-shm.so.0.0.0
7cdccea17000-7cdccea18000 rw-p 00003000 103:02 11848379                  /usr/lib/x86_64-linux-gnu/libxcb-shm.so.0.0.0
7cdccea18000-7cdccea1b000 r--p 00000000 103:02 11847384                  /usr/lib/x86_64-linux-gnu/libgcc_s.so.1
7cdccea1b000-7cdccea32000 r-xp 00003000 103:02 11847384                  /usr/lib/x86_64-linux-gnu/libgcc_s.so.1
7cdccea32000-7cdccea36000 r--p 0001a000 103:02 11847384                  /usr/lib/x86_64-linux-gnu/libgcc_s.so.1
7cdccea36000-7cdccea37000 r--p 0001d000 103:02 11847384                  /usr/lib/x86_64-linux-gnu/libgcc_s.so.1
7cdccea37000-7cdccea38000 rw-p 0001e000 103:02 11847384                  /usr/lib/x86_64-linux-gnu/libgcc_s.so.1
7cdccea39000-7cdccea3f000 r--p 00000000 103:02 5259678                   /home/pan/.javacpp/cache/ffmpeg-6.0-1.5.9-linux-x86_64.jar/org/bytedeco/ffmpeg/linux-x86_64/libjniswresample.so
7cdccea3f000-7cdccea49000 r-xp 00006000 103:02 5259678                   /home/pan/.javacpp/cache/ffmpeg-6.0-1.5.9-linux-x86_64.jar/org/bytedeco/ffmpeg/linux-x86_64/libjniswresample.so
7cdccea49000-7cdccea4e000 r--p 00010000 103:02 5259678                   /home/pan/.javacpp/cache/ffmpeg-6.0-1.5.9-linux-x86_64.jar/org/bytedeco/ffmpeg/linux-x86_64/libjniswresample.so
7cdccea4e000-7cdccea4f000 r--p 00014000 103:02 5259678                   /home/pan/.javacpp/cache/ffmpeg-6.0-1.5.9-linux-x86_64.jar/org/bytedeco/ffmpeg/linux-x86_64/libjniswresample.so
7cdccea4f000-7cdccea50000 rw-p 00015000 103:02 5259678                   /home/pan/.javacpp/cache/ffmpeg-6.0-1.5.9-linux-x86_64.jar/org/bytedeco/ffmpeg/linux-x86_64/libjniswresample.so
7cdccea50000-7cdccea54000 r--p 00000000 103:02 5259663                   /home/pan/.javacpp/cache/javacpp-1.5.9-linux-x86_64.jar/org/bytedeco/javacpp/linux-x86_64/libjnijavacpp.so
7cdccea54000-7cdccea5b000 r-xp 00004000 103:02 5259663                   /home/pan/.javacpp/cache/javacpp-1.5.9-linux-x86_64.jar/org/bytedeco/javacpp/linux-x86_64/libjnijavacpp.so
7cdccea5b000-7cdccea5f000 r--p 0000b000 103:02 5259663                   /home/pan/.javacpp/cache/javacpp-1.5.9-linux-x86_64.jar/org/bytedeco/javacpp/linux-x86_64/libjnijavacpp.so
7cdccea5f000-7cdccea60000 r--p 0000e000 103:02 5259663                   /home/pan/.javacpp/cache/javacpp-1.5.9-linux-x86_64.jar/org/bytedeco/javacpp/linux-x86_64/libjnijavacpp.so
7cdccea60000-7cdccea61000 rw-p 0000f000 103:02 5259663                   /home/pan/.javacpp/cache/javacpp-1.5.9-linux-x86_64.jar/org/bytedeco/javacpp/linux-x86_64/libjnijavacpp.so
7cdccea61000-7cdccea82000 r--p 00000000 103:02 12351393                  /usr/share/locale-langpack/zh_CN/LC_MESSAGES/libc.mo
7cdccea82000-7cdcceb9f000 rw-p 00000000 00:00 0 
7cdcceb9f000-7cdccebe3000 ---p 00000000 00:00 0 
7cdccebe3000-7cdccebe7000 ---p 00000000 00:00 0 
7cdccebe7000-7cdccece3000 rw-p 00000000 00:00 0 
7cdccece3000-7cdccecf1000 r--p 00000000 103:02 11819841                  /usr/lib/x86_64-linux-gnu/libm.so.6
7cdccecf1000-7cdcced6d000 r-xp 0000e000 103:02 11819841                  /usr/lib/x86_64-linux-gnu/libm.so.6
7cdcced6d000-7cdccedc8000 r--p 0008a000 103:02 11819841                  /usr/lib/x86_64-linux-gnu/libm.so.6
7cdccedc8000-7cdccedc9000 r--p 000e4000 103:02 11819841                  /usr/lib/x86_64-linux-gnu/libm.so.6
7cdccedc9000-7cdccedca000 rw-p 000e5000 103:02 11819841                  /usr/lib/x86_64-linux-gnu/libm.so.6
7cdccedca000-7cdccedcb000 r--p 00000000 103:02 11820205                  /usr/lib/x86_64-linux-gnu/librt.so.1
7cdccedcb000-7cdccedcc000 r-xp 00001000 103:02 11820205                  /usr/lib/x86_64-linux-gnu/librt.so.1
7cdccedcc000-7cdccedcd000 r--p 00002000 103:02 11820205                  /usr/lib/x86_64-linux-gnu/librt.so.1
7cdccedcd000-7cdccedce000 r--p 00002000 103:02 11820205                  /usr/lib/x86_64-linux-gnu/librt.so.1
7cdccedce000-7cdccedcf000 rw-p 00003000 103:02 11820205                  /usr/lib/x86_64-linux-gnu/librt.so.1
7cdccedcf000-7cdccedd3000 rw-p 00000000 00:00 0 
7cdccedd3000-7cdccedd4000 r--p 00000000 103:02 11819839                  /usr/lib/x86_64-linux-gnu/libdl.so.2
7cdccedd4000-7cdccedd5000 r-xp 00001000 103:02 11819839                  /usr/lib/x86_64-linux-gnu/libdl.so.2
7cdccedd5000-7cdccedd6000 r--p 00002000 103:02 11819839                  /usr/lib/x86_64-linux-gnu/libdl.so.2
7cdccedd6000-7cdccedd7000 r--p 00002000 103:02 11819839                  /usr/lib/x86_64-linux-gnu/libdl.so.2
7cdccedd7000-7cdccedd8000 rw-p 00003000 103:02 11819839                  /usr/lib/x86_64-linux-gnu/libdl.so.2
7cdccedd8000-7cdccedd9000 r--p 00000000 103:02 11820201                  /usr/lib/x86_64-linux-gnu/libpthread.so.0
7cdccedd9000-7cdccedda000 r-xp 00001000 103:02 11820201                  /usr/lib/x86_64-linux-gnu/libpthread.so.0
7cdccedda000-7cdcceddb000 r--p 00002000 103:02 11820201                  /usr/lib/x86_64-linux-gnu/libpthread.so.0
7cdcceddb000-7cdcceddc000 r--p 00002000 103:02 11820201                  /usr/lib/x86_64-linux-gnu/libpthread.so.0
7cdcceddc000-7cdcceddd000 rw-p 00003000 103:02 11820201                  /usr/lib/x86_64-linux-gnu/libpthread.so.0
7cdcceddd000-7cdcceddf000 r--p 00000000 103:02 11848427                  /usr/lib/x86_64-linux-gnu/libz.so.1.2.11
7cdcceddf000-7cdccedf0000 r-xp 00002000 103:02 11848427                  /usr/lib/x86_64-linux-gnu/libz.so.1.2.11
7cdccedf0000-7cdccedf6000 r--p 00013000 103:02 11848427                  /usr/lib/x86_64-linux-gnu/libz.so.1.2.11
7cdccedf6000-7cdccedf7000 ---p 00019000 103:02 11848427                  /usr/lib/x86_64-linux-gnu/libz.so.1.2.11
7cdccedf7000-7cdccedf8000 r--p 00019000 103:02 11848427                  /usr/lib/x86_64-linux-gnu/libz.so.1.2.11
7cdccedf8000-7cdccedf9000 rw-p 0001a000 103:02 11848427                  /usr/lib/x86_64-linux-gnu/libz.so.1.2.11
7cdccedfa000-7cdccedfb000 r--p 00000000 103:02 11847860                  /usr/lib/x86_64-linux-gnu/libnss_mdns4_minimal.so.2
7cdccedfb000-7cdccedfd000 r-xp 00001000 103:02 11847860                  /usr/lib/x86_64-linux-gnu/libnss_mdns4_minimal.so.2
7cdccedfd000-7cdccedfe000 r--p 00003000 103:02 11847860                  /usr/lib/x86_64-linux-gnu/libnss_mdns4_minimal.so.2
7cdccedfe000-7cdccedff000 r--p 00003000 103:02 11847860                  /usr/lib/x86_64-linux-gnu/libnss_mdns4_minimal.so.2
7cdccedff000-7cdccee00000 rw-p 00004000 103:02 11847860                  /usr/lib/x86_64-linux-gnu/libnss_mdns4_minimal.so.2
7cdccee00000-7cdccee07000 r--s 00000000 103:02 11825073                  /usr/lib/x86_64-linux-gnu/gconv/gconv-modules.cache
7cdccee07000-7cdccee0f000 rw-s 00000000 103:02 6305063                   /tmp/hsperfdata_pan/12461
7cdccee0f000-7cdccee10000 ---p 00000000 00:00 0 
7cdccee10000-7cdccee11000 r--p 00000000 00:00 0 
7cdccee11000-7cdccee13000 rw-p 00000000 00:00 0 
7cdccee13000-7cdccee15000 r--p 00000000 103:02 11819686                  /usr/lib/x86_64-linux-gnu/ld-linux-x86-64.so.2
7cdccee15000-7cdccee3f000 r-xp 00002000 103:02 11819686                  /usr/lib/x86_64-linux-gnu/ld-linux-x86-64.so.2
7cdccee3f000-7cdccee4a000 r--p 0002c000 103:02 11819686                  /usr/lib/x86_64-linux-gnu/ld-linux-x86-64.so.2
7cdccee4a000-7cdccee4b000 ---p 00000000 00:00 0 
7cdccee4b000-7cdccee4d000 r--p 00037000 103:02 11819686                  /usr/lib/x86_64-linux-gnu/ld-linux-x86-64.so.2
7cdccee4d000-7cdccee4f000 rw-p 00039000 103:02 11819686                  /usr/lib/x86_64-linux-gnu/ld-linux-x86-64.so.2
7fff47277000-7fff47298000 rw-p 00000000 00:00 0                          [stack]
7fff473f4000-7fff473f8000 r--p 00000000 00:00 0                          [vvar]
7fff473f8000-7fff473fa000 r-xp 00000000 00:00 0                          [vdso]
ffffffffff600000-ffffffffff601000 --xp 00000000 00:00 0                  [vsyscall]


VM Arguments:
jvm_args: -Xms4g -Xmx4g -XX:NewRatio=2 -XX:SurvivorRatio=6 -XX:MaxTenuringThreshold=15 -XX:TargetSurvivorRatio=70 -XX:+UseG1GC -XX:TieredStopAtLevel=1 -Dspring.output.ansi.enabled=always -Dcom.sun.management.jmxremote -Dspring.jmx.enabled=true -Dspring.liveBeansView.mbeanDomain -Dspring.application.admin.enabled=true -Dmanagement.endpoints.jmx.exposure.include=* -javaagent:/opt/idea/lib/idea_rt.jar=45807:/opt/idea/bin -Dfile.encoding=UTF-8 
java_command: com.saigou.analyzerServer
java_class_path (initial): /media/pan/95C15E65414BD009/ubuntu/houduan/pandaSystem/analyzer-server-10001/target/classes:/home/pan/.m2/repository/org/bytedeco/javacv-platform/1.5.9/javacv-platform-1.5.9.jar:/home/pan/.m2/repository/org/bytedeco/javacv/1.5.9/javacv-1.5.9.jar:/home/pan/.m2/repository/org/bytedeco/javacpp/1.5.9/javacpp-1.5.9.jar:/home/pan/.m2/repository/org/bytedeco/openblas/0.3.23-1.5.9/openblas-0.3.23-1.5.9.jar:/home/pan/.m2/repository/org/bytedeco/opencv/4.7.0-1.5.9/opencv-4.7.0-1.5.9.jar:/home/pan/.m2/repository/org/bytedeco/ffmpeg/6.0-1.5.9/ffmpeg-6.0-1.5.9.jar:/home/pan/.m2/repository/org/bytedeco/flycapture/2.13.3.31-1.5.9/flycapture-2.13.3.31-1.5.9.jar:/home/pan/.m2/repository/org/bytedeco/libdc1394/2.2.6-1.5.9/libdc1394-2.2.6-1.5.9.jar:/home/pan/.m2/repository/org/bytedeco/libfreenect/0.5.7-1.5.9/libfreenect-0.5.7-1.5.9.jar:/home/pan/.m2/repository/org/bytedeco/libfreenect2/0.2.0-1.5.9/libfreenect2-0.2.0-1.5.9.jar:/home/pan/.m2/repository/org/bytedeco/librealsense/1.12.4-1.5.9/librealsense-1.12.4-1.5.9.jar:/home/pan/.m2/repository/org/bytedeco/librealsense2/2.53.1-1.5.9/librealsense2-2.53.1-1.5.9.jar:/home/pan/.m2/repository/org/bytedeco/videoinput/0.200-1.5.9/videoinput-0.200-1.5.9.jar:/home/pan/.m2/repository/org/bytedeco/artoolkitplus/2.3.1-1.5.9/artoolkitplus-2.3.1-1.5.9.jar:/home/pan/.m2/repository/org/bytedeco/leptonica/1.83.0-1.5.9/leptonica-1.83.0-1.5.9.jar:/home/pan/.m2/repository/org/bytedeco/tesseract/5.3.1-1.5.9/tesseract-5.3.1-1.5.9.jar:/home/pan/.m2/repository/org/openjfx/javafx-graphics/17/javafx-graphics-17.jar:/home/pan/.m2/repository/org/openjfx/javafx-graphics/17/javafx-graphics-17-linux.jar:/home/pan/.m2/repository/org/openjfx/javafx-base/17/javafx-base-17.jar:/home/pan/.m2/repository/org/openjfx/javafx-base/17/javafx-base-17-linux.jar:/home/pan/.m2/repository/org/bytedeco/openblas-platform/0.3.23-1.5.9/openblas-platform-0.3.23-1.5.9.jar:/home/pan/.m2/repository/org/bytedeco/javacpp-platform/1.5.9/javacpp-platform-1.5.9.jar
Launcher Type: SUN_STANDARD

[Global flags]
     bool AlwaysTenure                             = false                                     {product} {command line}
     intx CICompilerCount                          = 12                                        {product} {ergonomic}
     uint ConcGCThreads                            = 3                                         {product} {ergonomic}
     uint G1ConcRefinementThreads                  = 13                                        {product} {ergonomic}
   size_t G1HeapRegionSize                         = 2097152                                   {product} {ergonomic}
    uintx GCDrainStackTargetSize                   = 64                                        {product} {ergonomic}
   size_t InitialHeapSize                          = 4294967296                                {product} {command line}
     bool ManagementServer                         = true                                      {product} {command line}
   size_t MarkStackSize                            = 4194304                                   {product} {ergonomic}
   size_t MaxHeapSize                              = 4294967296                                {product} {command line}
   size_t MaxNewSize                               = 1430257664                                {product} {ergonomic}
    uintx MaxTenuringThreshold                     = 15                                        {product} {command line}
   size_t MinHeapDeltaBytes                        = 2097152                                   {product} {ergonomic}
   size_t MinHeapSize                              = 4294967296                                {product} {command line}
     bool NeverTenure                              = false                                     {product} {command line}
    uintx NewRatio                                 = 2                                         {product} {command line}
    uintx NonProfiledCodeHeapSize                  = 0                                      {pd product} {ergonomic}
     bool ProfileInterpreter                       = false                                  {pd product} {command line}
    uintx ProfiledCodeHeapSize                     = 0                                      {pd product} {ergonomic}
   size_t SoftMaxHeapSize                          = 4294967296                             {manageable} {ergonomic}
    uintx SurvivorRatio                            = 6                                         {product} {command line}
    uintx TargetSurvivorRatio                      = 70                                        {product} {command line}
     intx TieredStopAtLevel                        = 1                                         {product} {command line}
     bool UseCompressedClassPointers               = true                           {product lp64_product} {ergonomic}
     bool UseCompressedOops                        = true                           {product lp64_product} {ergonomic}
     bool UseG1GC                                  = true                                      {product} {command line}

Logging:
Log output configuration:
 #0: stdout all=warning uptime,level,tags
 #1: stderr all=off uptime,level,tags

Environment Variables:
PATH=/usr/local/sbin:/usr/local/bin:/usr/sbin:/usr/bin:/sbin:/bin:/usr/games:/usr/local/games:/snap/bin:/snap/bin
USERNAME=pan
SHELL=/bin/bash
DISPLAY=:0
LANG=zh_CN.UTF-8
LC_NUMERIC=zh_CN.UTF-8
LC_TIME=zh_CN.UTF-8

Active Locale:
LC_ALL=zh_CN.UTF-8
LC_COLLATE=zh_CN.UTF-8
LC_CTYPE=zh_CN.UTF-8
LC_MESSAGES=zh_CN.UTF-8
LC_MONETARY=zh_CN.UTF-8
LC_NUMERIC=zh_CN.UTF-8
LC_TIME=zh_CN.UTF-8

Signal Handlers:
   SIGSEGV: crash_handler in libjvm.so, mask=11100100010111111101111111111110, flags=SA_RESTART|SA_SIGINFO, unblocked
    SIGBUS: crash_handler in libjvm.so, mask=11100100010111111101111111111110, flags=SA_RESTART|SA_SIGINFO, unblocked
    SIGFPE: crash_handler in libjvm.so, mask=11100100010111111101111111111110, flags=SA_RESTART|SA_SIGINFO, unblocked
   SIGPIPE: javaSignalHandler in libjvm.so, mask=11100100010111111101111111111110, flags=SA_RESTART|SA_SIGINFO, blocked
   SIGXFSZ: javaSignalHandler in libjvm.so, mask=11100100010111111101111111111110, flags=SA_RESTART|SA_SIGINFO, blocked
    SIGILL: crash_handler in libjvm.so, mask=11100100010111111101111111111110, flags=SA_RESTART|SA_SIGINFO, unblocked
   SIGUSR2: SR_handler in libjvm.so, mask=00100000000000000000000000000000, flags=SA_RESTART|SA_SIGINFO, blocked
    SIGHUP: UserHandler in libjvm.so, mask=11100100010111111101111111111110, flags=SA_RESTART|SA_SIGINFO, blocked
    SIGINT: UserHandler in libjvm.so, mask=11100100010111111101111111111110, flags=SA_RESTART|SA_SIGINFO, blocked
   SIGTERM: UserHandler in libjvm.so, mask=11100100010111111101111111111110, flags=SA_RESTART|SA_SIGINFO, blocked
   SIGQUIT: UserHandler in libjvm.so, mask=11100100010111111101111111111110, flags=SA_RESTART|SA_SIGINFO, blocked
   SIGTRAP: crash_handler in libjvm.so, mask=11100100010111111101111111111110, flags=SA_RESTART|SA_SIGINFO, unblocked


Periodic native trim disabled


---------------  S Y S T E M  ---------------

OS:
DISTRIB_ID=Ubuntu
DISTRIB_RELEASE=22.04
DISTRIB_CODENAME=jammy
DISTRIB_DESCRIPTION="Ubuntu 22.04.5 LTS"
uname: Linux 6.8.0-52-generic #53~22.04.1-Ubuntu SMP PREEMPT_DYNAMIC Wed Jan 15 19:18:46 UTC 2 x86_64
OS uptime: 0 days 0:25 hours
libc: glibc 2.35 NPTL 2.35 
rlimit (soft/hard): STACK 8192k/infinity , CORE 0k/infinity , NPROC 111345/111345 , NOFILE 1048576/1048576 , AS infinity/infinity , CPU infinity/infinity , DATA infinity/infinity , FSIZE infinity/infinity , MEMLOCK 3572968k/3572968k
load average: 4.27 3.32 1.54

/proc/meminfo:
MemTotal:       28583756 kB
MemFree:         4830332 kB
MemAvailable:   10402104 kB
Buffers:          406392 kB
Cached:          5504596 kB
SwapCached:            0 kB
Active:         19354736 kB
Inactive:        2926704 kB
Active(anon):   16577780 kB
Inactive(anon):        0 kB
Active(file):    2776956 kB
Inactive(file):  2926704 kB
Unevictable:         100 kB
Mlocked:             100 kB
SwapTotal:             0 kB
SwapFree:              0 kB
Zswap:                 0 kB
Zswapped:              0 kB
Dirty:             12444 kB
Writeback:             0 kB
AnonPages:      16370732 kB
Mapped:          2214552 kB
Shmem:            207268 kB
KReclaimable:     299456 kB
Slab:             700740 kB
SReclaimable:     299456 kB
SUnreclaim:       401284 kB
KernelStack:       48000 kB
PageTables:       133104 kB
SecPageTables:         0 kB
NFS_Unstable:          0 kB
Bounce:                0 kB
WritebackTmp:          0 kB
CommitLimit:    14291876 kB
Committed_AS:   53714764 kB
VmallocTotal:   34359738367 kB
VmallocUsed:       99764 kB
VmallocChunk:          0 kB
Percpu:            18112 kB
HardwareCorrupted:     0 kB
AnonHugePages:     14336 kB
ShmemHugePages:        0 kB
ShmemPmdMapped:        0 kB
FileHugePages:         0 kB
FilePmdMapped:         0 kB
Unaccepted:            0 kB
HugePages_Total:       0
HugePages_Free:        0
HugePages_Rsvd:        0
HugePages_Surp:        0
Hugepagesize:       2048 kB
Hugetlb:               0 kB
DirectMap4k:      475588 kB
DirectMap2M:    19296256 kB
DirectMap1G:     9437184 kB

/sys/kernel/mm/transparent_hugepage/enabled: always [madvise] never
/sys/kernel/mm/transparent_hugepage/hpage_pmd_size: 2097152
/sys/kernel/mm/transparent_hugepage/defrag (defrag/compaction efforts parameter): always defer defer+madvise [madvise] never

Process Memory:
Virtual Size: 21021088K (peak: 23318812K)
Resident Set Size: 4151184K (peak: 6392416K) (anon: 4103024K, file: 48160K, shmem: 0K)
Swapped out: 0K
C-Heap outstanding allocations: 2327016K, retained: 240927K
glibc malloc tunables: (default)

/proc/sys/kernel/threads-max (system-wide limit on the number of threads): 222691
/proc/sys/vm/max_map_count (maximum number of memory map areas a process may have): 65530
/proc/sys/vm/swappiness (control to define how aggressively the kernel swaps out anonymous memory): 60
/proc/sys/kernel/pid_max (system-wide limit on number of process identifiers): 4194304

container (cgroup) information:
container_type: cgroupv2
cpu_cpuset_cpus: not supported
cpu_memory_nodes: not supported
active_processor_count: 16
cpu_quota: not supported
cpu_period: not supported
cpu_shares: not supported
memory_limit_in_bytes: unlimited
memory_and_swap_limit_in_bytes: unlimited
memory_soft_limit_in_bytes: unlimited
memory_usage_in_bytes: 12437408 k
memory_max_usage_in_bytes: not supported
memory_swap_current_in_bytes: unlimited
memory_swap_max_limit_in_bytes: unlimited
maximum number of tasks: 33403
current number of tasks: 1289

Steal ticks since vm start: 0
Steal ticks percentage since vm start:  0.000

CPU: total 16 (initial active 16) (16 cores per cpu, 2 threads per core) family 25 model 80 stepping 0 microcode 0xa50000c, cx8, cmov, fxsr, ht, mmx, 3dnowpref, sse, sse2, sse3, ssse3, sse4a, sse4.1, sse4.2, popcnt, lzcnt, tsc, tscinvbit, avx, avx2, aes, erms, clmul, bmi1, bmi2, adx, sha, fma, vzeroupper, clflush, clflushopt
CPU Model and flags from /proc/cpuinfo:
model name	: AMD Ryzen 7 5800H with Radeon Graphics
flags		: fpu vme de pse tsc msr pae mce cx8 apic sep mtrr pge mca cmov pat pse36 clflush mmx fxsr sse sse2 ht syscall nx mmxext fxsr_opt pdpe1gb rdtscp lm constant_tsc rep_good nopl nonstop_tsc cpuid extd_apicid aperfmperf rapl pni pclmulqdq monitor ssse3 fma cx16 sse4_1 sse4_2 movbe popcnt aes xsave avx f16c rdrand lahf_lm cmp_legacy svm extapic cr8_legacy abm sse4a misalignsse 3dnowprefetch osvw ibs skinit wdt tce topoext perfctr_core perfctr_nb bpext perfctr_llc mwaitx cpb cat_l3 cdp_l3 hw_pstate ssbd mba ibrs ibpb stibp vmmcall fsgsbase bmi1 avx2 smep bmi2 erms invpcid cqm rdt_a rdseed adx smap clflushopt clwb sha_ni xsaveopt xsavec xgetbv1 xsaves cqm_llc cqm_occup_llc cqm_mbm_total cqm_mbm_local user_shstk clzero irperf xsaveerptr rdpru wbnoinvd cppc arat npt lbrv svm_lock nrip_save tsc_scale vmcb_clean flushbyasid decodeassists pausefilter pfthreshold avic v_vmsave_vmload vgif v_spec_ctrl umip pku ospke vaes vpclmulqdq rdpid overflow_recov succor smca fsrm debug_swap

Online cpus: 0-15
Offline cpus: 
BIOS frequency limitation: <Not Available>
Frequency switch latency (ns): 0
Available cpu frequencies: <Not Available>
Current governor: powersave
Core performance/turbo boost: <Not Available>

Memory: 4k page, physical 28583756k(4830332k free), swap 0k(0k free)
Page Sizes: 4k

vm_info: OpenJDK 64-Bit Server VM (17.0.14+7-LTS) for linux-amd64 JRE (17.0.14+7-LTS), built on Jan  7 2025 20:04:38 by "jenkins" with gcc 7.3.1 20180303 (Red Hat 7.3.1-5)

END.
