#
# A fatal error has been detected by the Java Runtime Environment:
#
#  SIGSEGV (0xb) at pc=0x0000719b314380f0, pid=11577, tid=15387
#
# JRE version: OpenJDK Runtime Environment Corretto-17.0.14.7.1 (17.0.14+7) (build 17.0.14+7-LTS)
# Java VM: OpenJDK 64-Bit Server VM Corretto-17.0.14.7.1 (17.0.14+7-LTS, mixed mode, emulated-client, sharing, tiered, compressed oops, compressed class ptrs, g1 gc, linux-amd64)
# Problematic frame:
# v  ~StubRoutines::jlong_disjoint_arraycopy
#
# Core dump will be written. Default location: Core dumps may be processed with "/usr/share/apport/apport -p%p -s%s -c%c -d%d -P%P -u%u -g%g -- %E" (or dumping to /media/pan/95C15E65414BD009/ubuntu/houduan/pandaSystem/core.11577)
#
# If you would like to submit a bug report, please visit:
#   https://github.com/corretto/corretto-17/issues/
#

---------------  S U M M A R Y ------------

Command Line: -XX:TieredStopAtLevel=1 -Dspring.output.ansi.enabled=always -Dcom.sun.management.jmxremote -Dspring.jmx.enabled=true -Dspring.liveBeansView.mbeanDomain -Dspring.application.admin.enabled=true -Dmanagement.endpoints.jmx.exposure.include=* -javaagent:/opt/idea/lib/idea_rt.jar=43587:/opt/idea/bin -Dfile.encoding=UTF-8 com.saigou.analyzerServer

Host: AMD Ryzen 7 5800H with Radeon Graphics, 16 cores, 27G, Ubuntu 22.04.5 LTS
Time: Wed Mar 26 23:07:27 2025 CST elapsed time: 224.391704 seconds (0d 0h 3m 44s)

---------------  T H R E A D  ---------------

Current thread (0x00007198dd864ef0):  JavaThread "Thread-16" daemon [_thread_in_vm, id=15387, stack(0x0000719a90000000,0x0000719a90100000)]

Stack: [0x0000719a90000000,0x0000719a90100000],  sp=0x0000719a900fe370,  free space=1016k
Native frames: (J=compiled Java code, j=interpreted, Vv=VM code, C=native code)
v  ~StubRoutines::jlong_disjoint_arraycopy
V  [libjvm.so+0xf18837]  Unsafe_CopyMemory0+0xe7
J 430  jdk.internal.misc.Unsafe.copyMemory0(Ljava/lang/Object;JLjava/lang/Object;JJ)V java.base@17.0.14 (0 bytes) @ 0x0000719b3173d00c [0x0000719b3173cf20+0x00000000000000ec]
J 584 c1 jdk.internal.misc.Unsafe.copyMemory(Ljava/lang/Object;JLjava/lang/Object;JJ)V java.base@17.0.14 (33 bytes) @ 0x0000719b3177d064 [0x0000719b3177cdc0+0x00000000000002a4]
J 6376 c1 java.nio.ByteBuffer.putBuffer(ILjava/nio/ByteBuffer;II)V java.base@17.0.14 (142 bytes) @ 0x0000719b315498cc [0x0000719b315496a0+0x000000000000022c]
J 6375 c1 java.nio.ByteBuffer.put(Ljava/nio/ByteBuffer;)Ljava/nio/ByteBuffer; java.base@17.0.14 (124 bytes) @ 0x0000719b3154ae7c [0x0000719b3154ada0+0x00000000000000dc]
J 8193 c1 org.bytedeco.javacv.Frame.cloneBufferArray([Ljava/nio/Buffer;[Ljava/nio/Buffer;)Lorg/bytedeco/javacpp/Pointer; (621 bytes) @ 0x0000719b3223575c [0x0000719b322354c0+0x000000000000029c]
J 8192 c1 org.bytedeco.javacv.Frame.clone()Lorg/bytedeco/javacv/Frame; (244 bytes) @ 0x0000719b3222f54c [0x0000719b3222f240+0x000000000000030c]
J 8191 c1 com.saigou.util.Utils.createDeepCopy(Lorg/bytedeco/javacv/Frame;)Lorg/bytedeco/javacv/Frame; (15 bytes) @ 0x0000719b32234ebc [0x0000719b32234e40+0x000000000000007c]
j  com.saigou.thread.PullStreamThread.run()V+34
v  ~StubRoutines::call_stub
V  [libjvm.so+0x85aed4]  JavaCalls::call_helper(JavaValue*, methodHandle const&, JavaCallArguments*, JavaThread*)+0x334
V  [libjvm.so+0x85c9bc]  JavaCalls::call_virtual(JavaValue*, Handle, Klass*, Symbol*, Symbol*, JavaThread*)+0x20c
V  [libjvm.so+0x91ce50]  thread_entry(JavaThread*, JavaThread*)+0x70
V  [libjvm.so+0xee3e37]  JavaThread::run()+0x127
V  [libjvm.so+0xee6f61]  Thread::call_run()+0xa1
V  [libjvm.so+0xc54d33]  thread_native_entry(Thread*)+0xe3

Java frames: (J=compiled Java code, j=interpreted, Vv=VM code)
J 430  jdk.internal.misc.Unsafe.copyMemory0(Ljava/lang/Object;JLjava/lang/Object;JJ)V java.base@17.0.14 (0 bytes) @ 0x0000719b3173cf8f [0x0000719b3173cf20+0x000000000000006f]
J 584 c1 jdk.internal.misc.Unsafe.copyMemory(Ljava/lang/Object;JLjava/lang/Object;JJ)V java.base@17.0.14 (33 bytes) @ 0x0000719b3177d064 [0x0000719b3177cdc0+0x00000000000002a4]
J 6376 c1 java.nio.ByteBuffer.putBuffer(ILjava/nio/ByteBuffer;II)V java.base@17.0.14 (142 bytes) @ 0x0000719b315498cc [0x0000719b315496a0+0x000000000000022c]
J 6375 c1 java.nio.ByteBuffer.put(Ljava/nio/ByteBuffer;)Ljava/nio/ByteBuffer; java.base@17.0.14 (124 bytes) @ 0x0000719b3154ae7c [0x0000719b3154ada0+0x00000000000000dc]
J 8193 c1 org.bytedeco.javacv.Frame.cloneBufferArray([Ljava/nio/Buffer;[Ljava/nio/Buffer;)Lorg/bytedeco/javacpp/Pointer; (621 bytes) @ 0x0000719b3223575c [0x0000719b322354c0+0x000000000000029c]
J 8192 c1 org.bytedeco.javacv.Frame.clone()Lorg/bytedeco/javacv/Frame; (244 bytes) @ 0x0000719b3222f54c [0x0000719b3222f240+0x000000000000030c]
J 8191 c1 com.saigou.util.Utils.createDeepCopy(Lorg/bytedeco/javacv/Frame;)Lorg/bytedeco/javacv/Frame; (15 bytes) @ 0x0000719b32234ebc [0x0000719b32234e40+0x000000000000007c]
j  com.saigou.thread.PullStreamThread.run()V+34
v  ~StubRoutines::call_stub

siginfo: si_signo: 11 (SIGSEGV), si_code: 1 (SEGV_MAPERR), si_addr: 0x0000719881c00040

Registers:
RAX=0x00007198821eec40, RBX=0x00007198dd864ef0, RCX=0x00007198815eec08, RDX=0xfffffffffff42288
RSP=0x0000719a900fe370, RBP=0x0000719a900fe370, RSI=0x0000719881000010, RDI=0x00007198821eec38
R8 =0x0000000000000000, R9 =0x0000719881000010, R10=0x0000719b3173cf8f, R11=0x00000000005eec00
R12=0x0000000000000000, R13=0x0000000000000000, R14=0x0000719881c00040, R15=0x0000719881000010
RIP=0x0000719b314380f0, EFLAGS=0x0000000000010286, CSGSFS=0x002b000000000033, ERR=0x0000000000000004
  TRAPNO=0x000000000000000e


Register to memory mapping:

RAX=0x00007198821eec40 is an unknown value
RBX=0x00007198dd864ef0 is a thread
RCX=0x00007198815eec08 points into unknown readable memory: 0x0000000000000000 | 00 00 00 00 00 00 00 00
RDX=0xfffffffffff42288 is an unknown value
RSP=0x0000719a900fe370 is pointing into the stack for thread: 0x00007198dd864ef0
RBP=0x0000719a900fe370 is pointing into the stack for thread: 0x00007198dd864ef0
RSI=0x0000719881000010 points into unknown readable memory: 0x0000000000000000 | 00 00 00 00 00 00 00 00
RDI=0x00007198821eec38 is an unknown value
R8 =0x0 is NULL
R9 =0x0000719881000010 points into unknown readable memory: 0x0000000000000000 | 00 00 00 00 00 00 00 00
R10=0x0000719b3173cf8f is at entry_point+111 in (nmethod*)0x0000719b3173cd90
Compiled method (n/a)  224400  430     n 0       jdk.internal.misc.Unsafe::copyMemory0 (native)
 total in heap  [0x0000719b3173cd90,0x0000719b3173d110] = 896
 relocation     [0x0000719b3173cef0,0x0000719b3173cf20] = 48
 main code      [0x0000719b3173cf20,0x0000719b3173d110] = 496
R11=0x00000000005eec00 is an unknown value
R12=0x0 is NULL
R13=0x0 is NULL
R14=0x0000719881c00040 is an unknown value
R15=0x0000719881000010 points into unknown readable memory: 0x0000000000000000 | 00 00 00 00 00 00 00 00


Top of Stack: (sp=0x0000719a900fe370)
0x0000719a900fe370:   0000719a900fe3b0 0000719b43d18837
0x0000719a900fe380:   00007198dd864ef0 0000719881000010
0x0000719a900fe390:   0000000000000000 0000000655ef05a0
0x0000719a900fe3a0:   0000719a900fe9f8 00007198dd864ef0
0x0000719a900fe3b0:   0000719a900fe400 0000719b3173d00c
0x0000719a900fe3c0:   00000000005eec00 000000064c3beeb8
0x0000719a900fe3d0:   0000000000000000 0000000800000004
0x0000719a900fe3e0:   0000000000000000 0000000000000000
0x0000719a900fe3f0:   000000000000157c ec37419c47cfbb00
0x0000719a900fe400:   0000719a900fe9d0 0000719b3177d064
0x0000719a900fe410:   0000719b3c1600d8 0000719a900fe518
0x0000719a900fe420:   00007196f0000eb0 00007198dd864ef0
0x0000719a900fe430:   0000719a900fe500 0000719b436f90e4
0x0000719a900fe440:   0000719a141cbdc0 0000719a141cc198
0x0000719a900fe450:   00000000000003d8 0000719b448a328c
0x0000719a900fe460:   0000719a0000000e 0000719655ef05a0
0x0000719a900fe470:   00007198dd864ef0 0000000000000000
0x0000719a900fe480:   0000000000000000 0000719a900fe560
0x0000719a900fe490:   0000719b442d8078 0000719ac345e5b8
0x0000719a900fe4a0:   0000719a0000000e 000000000000157c
0x0000719a900fe4b0:   0000719a900fe370 0000003000000028
0x0000719a900fe4c0:   0000719a900fe5f0 0000719a900fe530
0x0000719a900fe4d0:   0000719ac345db00 0000000000000000
0x0000719a900fe4e0:   0000719881c00040 000000064c3beeb8
0x0000719a900fe4f0:   0000000000000000 0000719881000010
0x0000719a900fe500:   00000000005eec00 0000719b43700411
0x0000719a900fe510:   0000719a900fe5d0 0000003000000018
0x0000719a900fe520:   0000719a900fe5f0 0000719a900fe530
0x0000719a900fe530:   0000719a900fe9d0 0000719b315498cc
0x0000719a900fe540:   00007198dd864ef0 0000719881000010
0x0000719a900fe550:   00000000005eec00 0000000655ef0570
0x0000719a900fe560:   0000719b442d8090 0000719ac345db98 

Instructions: (pc=0x0000719b314380f0)
0x0000719b31437ff0:   ea 04 7f 10 c5 fe 6f 44 d7 e8 c5 fe 7f 44 d6 e8
0x0000719b31438000:   48 83 c2 04 c5 fd ef c0 c5 f5 ef c9 48 83 ea 04
0x0000719b31438010:   7c 8a eb 97 66 0f 1f 44 00 00 66 0f 1f 44 00 00
0x0000719b31438020:   55 48 8b ec 48 3b f7 48 8d 04 97 0f 86 53 ff ff
0x0000719b31438030:   ff 48 3b f0 0f 83 4a ff ff ff 48 8b ca 48 d1 ea
0x0000719b31438040:   f7 c1 01 00 00 00 0f 84 3a 00 00 00 8b 44 8f fc
0x0000719b31438050:   89 44 8e fc e9 2d 00 00 00 48 8b 44 d7 f8 48 89
0x0000719b31438060:   44 d6 f8 48 ff ca 75 f1 48 33 c0 c5 f8 77 c9 c3
0x0000719b31438070:   c5 fe 6f 44 d7 20 c5 fe 7f 44 d6 20 c5 fe 6f 0c
0x0000719b31438080:   d7 c5 fe 7f 0c d6 48 83 ea 08 7d e4 48 83 c2 04
0x0000719b31438090:   7c 0e c5 fe 6f 04 d7 c5 fe 7f 04 d6 48 83 ea 04
0x0000719b314380a0:   c5 fd ef c0 c5 f5 ef c9 48 83 c2 04 7f ab 48 33
0x0000719b314380b0:   c0 c5 f8 77 c9 c3 66 66 0f 1f 84 00 00 00 00 00
0x0000719b314380c0:   55 48 8b ec 48 8d 7c d7 f8 48 8d 4c d6 f8 48 f7
0x0000719b314380d0:   da e9 32 00 00 00 48 8b 44 d7 08 48 89 44 d1 08
0x0000719b314380e0:   48 ff c2 75 f1 48 33 c0 c5 f8 77 c9 c3 66 66 90
0x0000719b314380f0:   c5 fe 6f 44 d7 c8 c5 fe 7f 44 d1 c8 c5 fe 6f 4c
0x0000719b31438100:   d7 e8 c5 fe 7f 4c d1 e8 48 83 c2 08 7e e2 48 83
0x0000719b31438110:   ea 04 7f 10 c5 fe 6f 44 d7 e8 c5 fe 7f 44 d1 e8
0x0000719b31438120:   48 83 c2 04 c5 fd ef c0 c5 f5 ef c9 48 83 ea 04
0x0000719b31438130:   7c a4 c5 f8 77 48 33 c0 c9 c3 66 0f 1f 44 00 00
0x0000719b31438140:   55 48 8b ec 48 3b f7 48 8d 04 d7 0f 86 73 ff ff
0x0000719b31438150:   ff 48 3b f0 0f 83 6a ff ff ff e9 37 00 00 00 48
0x0000719b31438160:   8b 44 d7 f8 48 89 44 d6 f8 48 ff ca 75 f1 48 33
0x0000719b31438170:   c0 c5 f8 77 c9 c3 66 66 0f 1f 84 00 00 00 00 00
0x0000719b31438180:   c5 fe 6f 44 d7 20 c5 fe 7f 44 d6 20 c5 fe 6f 0c
0x0000719b31438190:   d7 c5 fe 7f 0c d6 48 83 ea 08 7d e4 48 83 c2 04
0x0000719b314381a0:   7c 0e c5 fe 6f 04 d7 c5 fe 7f 04 d6 48 83 ea 04
0x0000719b314381b0:   c5 fd ef c0 c5 f5 ef c9 48 83 c2 04 7f a1 c5 f8
0x0000719b314381c0:   77 48 33 c0 c9 c3 66 66 66 0f 1f 84 00 00 00 00
0x0000719b314381d0:   00 0f 1f 84 00 00 00 00 00 0f 1f 80 00 00 00 00
0x0000719b314381e0:   55 48 8b ec 4c 8b de 41 80 7f 38 00 0f 84 cb 00 


Stack slot to memory mapping:
stack at sp + 0 slots: 0x0000719a900fe3b0 is pointing into the stack for thread: 0x00007198dd864ef0
stack at sp + 1 slots: 0x0000719b43d18837: <offset 0x0000000000f18837> in /home/pan/.jdks/corretto-17.0.14/lib/server/libjvm.so at 0x0000719b42e00000
stack at sp + 2 slots: 0x00007198dd864ef0 is a thread
stack at sp + 3 slots: 0x0000719881000010 points into unknown readable memory: 0x0000000000000000 | 00 00 00 00 00 00 00 00
stack at sp + 4 slots: 0x0 is NULL
stack at sp + 5 slots: 0x0000000655ef05a0 is an oop: java.nio.DirectByteBuffer 
{0x0000000655ef05a0} - klass: 'java/nio/DirectByteBuffer'
 - ---- fields (total size 8 words):
 - private 'mark' 'I' @12  -1 (ffffffff)
 - 'address' 'J' @16  124899813228560 (81000010 7198)
 - private 'position' 'I' @24  0
 - private 'limit' 'I' @28  6220800 (5eec00)
 - private 'capacity' 'I' @32  6220800 (5eec00)
 - final 'segment' 'Ljdk/internal/access/foreign/MemorySegmentProxy;' @36  NULL (0)
 - final 'offset' 'I' @40  0
 - 'isReadOnly' 'Z' @44  false
 - 'bigEndian' 'Z' @45  false
 - 'nativeByteOrder' 'Z' @46  true
 - final 'hb' '[B' @48  NULL (0)
 - private final 'isSync' 'Z' @47  false
 - private final 'fd' 'Ljava/io/FileDescriptor;' @52  NULL (0)
 - private final 'att' 'Ljava/lang/Object;' @56  NULL (0)
 - private final 'cleaner' 'Ljdk/internal/ref/Cleaner;' @60  NULL (0)
stack at sp + 6 slots: 0x0000719a900fe9f8 is pointing into the stack for thread: 0x00007198dd864ef0
stack at sp + 7 slots: 0x00007198dd864ef0 is a thread

StubRoutines::jlong_disjoint_arraycopy [0x0000719b314380c0, 0x0000719b3143813a] (122 bytes)
[MachCode]
  0x0000719b314380c0: 5548 8bec | 488d 7cd7 | f848 8d4c | d6f8 48f7 | dae9 3200 | 0000 488b | 44d7 0848 | 8944 d108 
  0x0000719b314380e0: 48ff c275 | f148 33c0 | c5f8 77c9 | c366 6690 | c5fe 6f44 | d7c8 c5fe | 7f44 d1c8 | c5fe 6f4c 
  0x0000719b31438100: d7e8 c5fe | 7f4c d1e8 | 4883 c208 | 7ee2 4883 | ea04 7f10 | c5fe 6f44 | d7e8 c5fe | 7f44 d1e8 
  0x0000719b31438120: 4883 c204 | c5fd efc0 | c5f5 efc9 | 4883 ea04 | 7ca4 c5f8 | 7748 33c0 | 
[/MachCode]

Compiled method (n/a)  224404  430     n 0       jdk.internal.misc.Unsafe::copyMemory0 (native)
 total in heap  [0x0000719b3173cd90,0x0000719b3173d110] = 896
 relocation     [0x0000719b3173cef0,0x0000719b3173cf20] = 48
 main code      [0x0000719b3173cf20,0x0000719b3173d110] = 496

[Constant Pool (empty)]

[MachCode]
[Entry Point]
  # {method} {0x0000719ac3415418} 'copyMemory0' '(Ljava/lang/Object;JLjava/lang/Object;JJ)V' in 'jdk/internal/misc/Unsafe'
  # this:     rsi:rsi   = 'jdk/internal/misc/Unsafe'
  # parm0:    rdx:rdx   = 'java/lang/Object'
  # parm1:    rcx:rcx   = long
  # parm2:    r8:r8     = 'java/lang/Object'
  # parm3:    r9:r9     = long
  # parm4:    rdi:rdi   = long
  #           [sp+0x50]  (sp of caller)
  0x0000719b3173cf20: 448b 5608 | 49bb 0000 | 00c3 9a71 | 0000 4d03 | d349 3bc2 | 0f84 0600 

  0x0000719b3173cf38: ;   {runtime_call ic_miss_stub}
  0x0000719b3173cf38: 0000 e941 | 3ed1 ff90 
[Verified Entry Point]
  0x0000719b3173cf40: 8984 2400 | c0fe ff55 | 488b ec48 | 83ec 4048 | 893c 244c | 8944 2420 | 4983 f800 | 4c8d 4424 
  0x0000719b3173cf60: 204c 0f44 | 4424 2048 | 8954 2410 | 4883 fa00 | 488d 5424 | 1048 0f44 | 5424 1048 | 8974 2408 
  0x0000719b3173cf80: 4883 fe00 | 488d 7424 | 0848 0f44 | 7424 08c5 

  0x0000719b3173cf90: ;   {internal_word}
  0x0000719b3173cf90: f877 49ba | 8fcf 7331 | 9b71 0000 | 4d89 9798 | 0200 0049 | 89a7 9002 

  0x0000719b3173cfa8: ;   {external_word}
  0x0000719b3173cfa8: 0000 803d | 9401 c912 | 000f 843e | 0000 0056 | 5251 4150 

  0x0000719b3173cfbc: ;   {metadata({method} {0x0000719ac3415418} 'copyMemory0' '(Ljava/lang/Object;JLjava/lang/Object;JJ)V' in 'jdk/internal/misc/Unsafe')}
  0x0000719b3173cfbc: 4151 48be | 1854 41c3 | 9a71 0000 | 498b fff7 | c40f 0000 | 000f 8412 | 0000 0048 

  0x0000719b3173cfd8: ;   {runtime_call SharedRuntime::dtrace_method_entry(JavaThread*, Method*)}
  0x0000719b3173cfd8: 83ec 08e8 | 70ee 3d12 | 4883 c408 | e905 0000 

  0x0000719b3173cfe8: ;   {runtime_call SharedRuntime::dtrace_method_entry(JavaThread*, Method*)}
  0x0000719b3173cfe8: 00e8 62ee | 3d12 4159 | 4158 595a | 5e49 8dbf | b002 0000 | 41c7 8740 | 0300 0004 

  0x0000719b3173d004: ;   {runtime_call Unsafe_CopyMemory0}
  0x0000719b3173d004: 0000 00e8 | 44b7 5d12 | c5f8 7741 | c787 4003 | 0000 0500 | 0000 f083 | 4424 c000 | 493b af48 
  0x0000719b3173d024: 0300 000f | 8711 0000 | 0041 81bf | 3003 0000 | 0000 0000 | 0f84 1c00 | 0000 c5f8 | 7749 8bff 
  0x0000719b3173d044: 4c8b e448 | 83ec 0048 

  0x0000719b3173d04c: ;   {runtime_call JavaThread::check_special_condition_for_native_trans(JavaThread*)}
  0x0000719b3173d04c: 83e4 f0e8 | 2cc0 5a12 | 498b e44d | 33e4 41c7 | 8740 0300 | 0008 0000 | 0041 81bf | b003 0000 
  0x0000719b3173d06c: 0200 0000 | 0f84 7c00 

  0x0000719b3173d074: ;   {external_word}
  0x0000719b3173d074: 0000 803d | c800 c912 | 000f 8430 

  0x0000719b3173d080: ;   {metadata({method} {0x0000719ac3415418} 'copyMemory0' '(Ljava/lang/Object;JLjava/lang/Object;JJ)V' in 'jdk/internal/misc/Unsafe')}
  0x0000719b3173d080: 0000 0048 | be18 5441 | c39a 7100 | 0049 8bff | f7c4 0f00 | 0000 0f84 | 1200 0000 | 4883 ec08 
  0x0000719b3173d0a0: ;   {runtime_call SharedRuntime::dtrace_method_exit(JavaThread*, Method*)}
  0x0000719b3173d0a0: e8bb ed3d | 1248 83c4 | 08e9 0500 

  0x0000719b3173d0ac: ;   {runtime_call SharedRuntime::dtrace_method_exit(JavaThread*, Method*)}
  0x0000719b3173d0ac: 0000 e8ad | ed3d 1249 | c787 9002 | 0000 0000 | 0000 49c7 | 8798 0200 | 0000 0000 | 00c5 f877 
  0x0000719b3173d0cc: 498b 8fd8 | 0000 00c7 | 8100 0100 | 0000 0000 | 00c9 4981 | 7f08 0000 | 0000 0f85 | 0100 0000 
  0x0000719b3173d0ec: ;   {runtime_call StubRoutines (1)}
  0x0000719b3173d0ec: c3e9 0e3b | ccff c5f8 | 774c 8be4 | 4883 ec00 | 4883 e4f0 

  0x0000719b3173d100: ;   {runtime_call SharedRuntime::reguard_yellow_pages()}
  0x0000719b3173d100: e8cb fb3d | 1249 8be4 | 4d33 e4e9 | 66ff ffff 
[/MachCode]


Compiled method (c1)  224407  584       1       jdk.internal.misc.Unsafe::copyMemory (33 bytes)
 total in heap  [0x0000719b3177cb90,0x0000719b3177d648] = 2744
 relocation     [0x0000719b3177ccf0,0x0000719b3177cdb0] = 192
 main code      [0x0000719b3177cdc0,0x0000719b3177d200] = 1088
 stub code      [0x0000719b3177d200,0x0000719b3177d2d0] = 208
 metadata       [0x0000719b3177d2d0,0x0000719b3177d308] = 56
 scopes data    [0x0000719b3177d308,0x0000719b3177d4c8] = 448
 scopes pcs     [0x0000719b3177d4c8,0x0000719b3177d608] = 320
 dependencies   [0x0000719b3177d608,0x0000719b3177d610] = 8
 nul chk table  [0x0000719b3177d610,0x0000719b3177d648] = 56

[Constant Pool (empty)]

[MachCode]
[Entry Point]
  # {method} {0x0000719ac3419b88} 'copyMemory' '(Ljava/lang/Object;JLjava/lang/Object;JJ)V' in 'jdk/internal/misc/Unsafe'
  # this:     rsi:rsi   = 'jdk/internal/misc/Unsafe'
  # parm0:    rdx:rdx   = 'java/lang/Object'
  # parm1:    rcx:rcx   = long
  # parm2:    r8:r8     = 'java/lang/Object'
  # parm3:    r9:r9     = long
  # parm4:    rdi:rdi   = long
  #           [sp+0x130]  (sp of caller)
  0x0000719b3177cdc0: 448b 5608 | 49bb 0000 | 00c3 9a71 | 0000 4d03 | d34c 3bd0 

  0x0000719b3177cdd4: ;   {runtime_call ic_miss_stub}
  0x0000719b3177cdd4: 0f85 a63f | cdff 660f | 1f44 0000 
[Verified Entry Point]
  0x0000719b3177cde0: 8984 2400 | c0fe ff55 | 4881 ec20 | 0100 0048 | 89b4 24d8 | 0000 0048 | 8994 24c8 | 0000 0048 
  0x0000719b3177ce00: 898c 24d0 | 0000 004c | 8984 24e0 | 0000 004c | 898c 24e8 | 0000 0048 | 89bc 24f0 | 0000 0048 
  0x0000719b3177ce20: 8bd7 488b | c648 8bf0 | 0f1f 8000 

  0x0000719b3177ce2c: ;   {optimized virtual_call}
  0x0000719b3177ce2c: 0000 00e8 

  0x0000719b3177ce30: ; ImmutableOopMap {[216]=Oop [200]=Oop [224]=Oop }
                      ;*invokevirtual checkSize {reexecute=0 rethrow=0 return_oop=0}
                      ; - jdk.internal.misc.Unsafe::copyMemoryChecks@3 (line 831)
                      ; - jdk.internal.misc.Unsafe::copyMemory@9 (line 800)
  0x0000719b3177ce30: acfb feff | 488b 9424 | c800 0000 | 4883 fa00 | 0f85 1b00 | 0000 488b | 9424 d000 | 0000 488b 
  0x0000719b3177ce50: b424 d800 

  0x0000719b3177ce54: ;   {optimized virtual_call}
  0x0000719b3177ce54: 0000 90e8 

  0x0000719b3177ce58: ; ImmutableOopMap {[216]=Oop [224]=Oop [200]=Oop }
                      ;*invokevirtual checkNativeAddress {reexecute=0 rethrow=0 return_oop=0}
                      ; - jdk.internal.misc.Unsafe::checkPointer@6 (line 544)
                      ; - jdk.internal.misc.Unsafe::checkPrimitivePointer@3 (line 575)
                      ; - jdk.internal.misc.Unsafe::copyMemoryChecks@9 (line 832)
                      ; - jdk.internal.misc.Unsafe::copyMemory@9 (line 800)
  0x0000719b3177ce58: 647d 4100 | e923 0000 | 0048 8b94 | 24c8 0000 | 0048 8b8c | 24d0 0000 | 0048 8bb4 | 24d8 0000 
  0x0000719b3177ce78: 0066 0f1f 

  0x0000719b3177ce7c: ;   {optimized virtual_call}
  0x0000719b3177ce7c: 4400 00e8 

  0x0000719b3177ce80: ; ImmutableOopMap {[216]=Oop [224]=Oop [200]=Oop }
                      ;*invokevirtual checkOffset {reexecute=0 rethrow=0 return_oop=0}
                      ; - jdk.internal.misc.Unsafe::checkPointer@15 (line 546)
                      ; - jdk.internal.misc.Unsafe::checkPrimitivePointer@3 (line 575)
                      ; - jdk.internal.misc.Unsafe::copyMemoryChecks@9 (line 832)
                      ; - jdk.internal.misc.Unsafe::copyMemory@9 (line 800)
  0x0000719b3177ce80: dc0c 0000 | 488b 9424 | c800 0000 | 4883 fa00 | 0f84 8000 | 0000 8b72 | 0849 ba00 | 0000 c39a 
  0x0000719b3177cea0: 7100 0049 | 03f2 488b | 7670 488b | 3e48 3b07 | 488b f748 | 89bc 24f8 | 0000 000f 

  0x0000719b3177cebc: ;   {optimized virtual_call}
  0x0000719b3177cebc: 1f40 00e8 

  0x0000719b3177cec0: ; ImmutableOopMap {[216]=Oop [224]=Oop [248]=Oop [200]=Oop }
                      ;*invokevirtual isArray {reexecute=0 rethrow=0 return_oop=0}
                      ; - java.lang.Class::getComponentType@1 (line 1227)
                      ; - jdk.internal.misc.Unsafe::checkPrimitiveArray@1 (line 558)
                      ; - jdk.internal.misc.Unsafe::checkPrimitivePointer@15 (line 579)
                      ; - jdk.internal.misc.Unsafe::copyMemoryChecks@9 (line 832)
                      ; - jdk.internal.misc.Unsafe::copyMemory@9 (line 800)
  0x0000719b3177cec0: fc4f f5ff | 83f8 000f | 8414 0000 | 0048 8bbc | 24f8 0000 | 008b 5740 | 48c1 e203 | e90a 0000 
  0x0000719b3177cee0: ;   {oop(NULL)}
  0x0000719b3177cee0: 0048 ba00 | 0000 0000 | 0000 0048 | 83fa 000f | 84fc 0100 | 0048 8b52 | 1048 83fa | 00ba 0000 
  0x0000719b3177cf00: 0000 0f85 | 0500 0000 | ba01 0000 | 0083 fa00 | 0f84 db01 | 0000 4c8b | 8424 e000 | 0000 4983 
  0x0000719b3177cf20: f800 0f85 | 2100 0000 | 488b 9424 | e800 0000 | 488b b424 | d800 0000 | 0f1f 8000 

  0x0000719b3177cf3c: ;   {optimized virtual_call}
  0x0000719b3177cf3c: 0000 00e8 

  0x0000719b3177cf40: ; ImmutableOopMap {[216]=Oop [200]=Oop [224]=Oop }
                      ;*invokevirtual checkNativeAddress {reexecute=0 rethrow=0 return_oop=0}
                      ; - jdk.internal.misc.Unsafe::checkPointer@6 (line 544)
                      ; - jdk.internal.misc.Unsafe::checkPrimitivePointer@3 (line 575)
                      ; - jdk.internal.misc.Unsafe::copyMemoryChecks@17 (line 833)
                      ; - jdk.internal.misc.Unsafe::copyMemory@9 (line 800)
  0x0000719b3177cf40: 7c7c 4100 | e923 0000 | 0048 8b94 | 24e0 0000 | 0048 8b8c | 24e8 0000 | 0048 8bb4 | 24d8 0000 
  0x0000719b3177cf60: 0066 0f1f 

  0x0000719b3177cf64: ;   {optimized virtual_call}
  0x0000719b3177cf64: 4400 00e8 

  0x0000719b3177cf68: ; ImmutableOopMap {[216]=Oop [200]=Oop [224]=Oop }
                      ;*invokevirtual checkOffset {reexecute=0 rethrow=0 return_oop=0}
                      ; - jdk.internal.misc.Unsafe::checkPointer@15 (line 546)
                      ; - jdk.internal.misc.Unsafe::checkPrimitivePointer@3 (line 575)
                      ; - jdk.internal.misc.Unsafe::copyMemoryChecks@17 (line 833)
                      ; - jdk.internal.misc.Unsafe::copyMemory@9 (line 800)
  0x0000719b3177cf68: f40b 0000 | 4c8b 8424 | e000 0000 | 4983 f800 | 0f84 8000 | 0000 418b | 7008 49ba | 0000 00c3 
  0x0000719b3177cf88: 9a71 0000 | 4903 f248 | 8b76 7048 | 8b3e 483b | 0748 8bf7 | 4889 bc24 | 0001 0000 

  0x0000719b3177cfa4: ;   {optimized virtual_call}
  0x0000719b3177cfa4: 6666 90e8 

  0x0000719b3177cfa8: ; ImmutableOopMap {[216]=Oop [200]=Oop [256]=Oop [224]=Oop }
                      ;*invokevirtual isArray {reexecute=0 rethrow=0 return_oop=0}
                      ; - java.lang.Class::getComponentType@1 (line 1227)
                      ; - jdk.internal.misc.Unsafe::checkPrimitiveArray@1 (line 558)
                      ; - jdk.internal.misc.Unsafe::checkPrimitivePointer@15 (line 579)
                      ; - jdk.internal.misc.Unsafe::copyMemoryChecks@17 (line 833)
                      ; - jdk.internal.misc.Unsafe::copyMemory@9 (line 800)
  0x0000719b3177cfa8: 144f f5ff | 83f8 000f | 8414 0000 | 0048 8bbc | 2400 0100 | 008b 5740 | 48c1 e203 | e90a 0000 
  0x0000719b3177cfc8: ;   {oop(NULL)}
  0x0000719b3177cfc8: 0048 ba00 | 0000 0000 | 0000 0048 | 83fa 000f | 849d 0000 | 0048 8b52 | 1048 83fa | 00ba 0000 
  0x0000719b3177cfe8: 0000 0f85 | 0500 0000 | ba01 0000 | 0083 fa00 | 0f84 7c00 | 0000 48c7 | c200 0000 | 0048 8bbc 
  0x0000719b3177d008: 24f0 0000 | 0048 3bfa | 0f85 1600 | 0000 4881 | c420 0100 

  0x0000719b3177d01c: ;   {poll_return}
  0x0000719b3177d01c: 005d 493b | a748 0300 | 000f 875c | 0100 00c3 | 488b 9424 | c800 0000 | 488b 8c24 | d000 0000 
  0x0000719b3177d03c: 4c8b 8424 | e000 0000 | 4c8b 8c24 | e800 0000 | 488b bc24 | f000 0000 | 488b b424 | d800 0000 
  0x0000719b3177d05c: ;   {optimized virtual_call}
  0x0000719b3177d05c: 6666 90e8 

  0x0000719b3177d060: ; ImmutableOopMap {}
                      ;*invokevirtual copyMemory0 {reexecute=0 rethrow=0 return_oop=0}
                      ; - jdk.internal.misc.Unsafe::copyMemory@29 (line 806)
  0x0000719b3177d060: dcfe fbff | 4881 c420 | 0100 005d 

  0x0000719b3177d06c: ;   {poll_return}
  0x0000719b3177d06c: 493b a748 | 0300 000f | 8724 0100 

  0x0000719b3177d078: ;   {metadata('java/lang/IllegalArgumentException')}
  0x0000719b3177d078: 00c3 48ba | e89c 04c3 | 9a71 0000 | 498b 8708 | 0100 0048 | 8d78 2849 | 3bbf 1801 | 0000 0f87 
  0x0000719b3177d098: 1701 0000 | 4989 bf08 | 0100 0048 | c700 0100 | 0000 488b | ca49 ba00 | 0000 c39a | 7100 0049 
  0x0000719b3177d0b8: 2bca 8948 | 0848 33c9 | 8948 0c48 | 33c9 4889 | 4810 4889 | 4818 4889 | 4820 488b | f048 8984 
  0x0000719b3177d0d8: 2408 0100 

  0x0000719b3177d0dc: ;   {optimized virtual_call}
  0x0000719b3177d0dc: 0066 90e8 

  0x0000719b3177d0e0: ; ImmutableOopMap {[216]=Oop [200]=Oop [224]=Oop [264]=Oop }
                      ;*invokespecial <init> {reexecute=0 rethrow=0 return_oop=0}
                      ; - jdk.internal.misc.Unsafe::invalidInput@4 (line 440)
                      ; - jdk.internal.misc.Unsafe::checkPrimitiveArray@17 (line 560)
                      ; - jdk.internal.misc.Unsafe::checkPrimitivePointer@15 (line 579)
                      ; - jdk.internal.misc.Unsafe::copyMemoryChecks@17 (line 833)
                      ; - jdk.internal.misc.Unsafe::copyMemory@9 (line 800)
  0x0000719b3177d0e0: 9c3f cdff | 488b 8424 | 0801 0000 | e9fb 0000 

  0x0000719b3177d0f0: ;   {metadata('java/lang/IllegalArgumentException')}
  0x0000719b3177d0f0: 0048 bae8 | 9c04 c39a | 7100 0049 | 8b87 0801 | 0000 488d | 7828 493b | bf18 0100 | 000f 87ad 
  0x0000719b3177d110: 0000 0049 | 89bf 0801 | 0000 48c7 | 0001 0000 | 0048 8bca | 49ba 0000 | 00c3 9a71 | 0000 492b 
  0x0000719b3177d130: ca89 4808 | 4833 c989 | 480c 4833 | c948 8948 | 1048 8948 | 1848 8948 | 2048 8bf0 | 4889 8424 
  0x0000719b3177d150: 1001 0000 

  0x0000719b3177d154: ;   {optimized virtual_call}
  0x0000719b3177d154: 6666 90e8 

  0x0000719b3177d158: ; ImmutableOopMap {[272]=Oop [216]=Oop [200]=Oop [224]=Oop }
                      ;*invokespecial <init> {reexecute=0 rethrow=0 return_oop=0}
                      ; - jdk.internal.misc.Unsafe::invalidInput@4 (line 440)
                      ; - jdk.internal.misc.Unsafe::checkPrimitiveArray@17 (line 560)
                      ; - jdk.internal.misc.Unsafe::checkPrimitivePointer@15 (line 579)
                      ; - jdk.internal.misc.Unsafe::copyMemoryChecks@9 (line 832)
                      ; - jdk.internal.misc.Unsafe::copyMemory@9 (line 800)
  0x0000719b3177d158: 243f cdff | 488b 8424 | 1001 0000 | e983 0000 

  0x0000719b3177d168: ;   {runtime_call throw_null_pointer_exception Runtime1 stub}
  0x0000719b3177d168: 00e8 b238 

  0x0000719b3177d16c: ; ImmutableOopMap {[216]=Oop [224]=Oop rdx=Oop [200]=Oop }
                      ;*invokevirtual getClass {reexecute=0 rethrow=0 return_oop=0}
                      ; - jdk.internal.misc.Unsafe::checkPrimitivePointer@12 (line 579)
                      ; - jdk.internal.misc.Unsafe::copyMemoryChecks@9 (line 832)
                      ; - jdk.internal.misc.Unsafe::copyMemory@9 (line 800)
                      ;   {runtime_call throw_null_pointer_exception Runtime1 stub}
  0x0000719b3177d16c: d7ff e8ad 

  0x0000719b3177d170: ; ImmutableOopMap {[216]=Oop [224]=Oop rdx=Oop [200]=Oop rdi=Oop }
                      ;*invokevirtual getComponentType {reexecute=0 rethrow=0 return_oop=0}
                      ; - jdk.internal.misc.Unsafe::checkPrimitiveArray@1 (line 558)
                      ; - jdk.internal.misc.Unsafe::checkPrimitivePointer@15 (line 579)
                      ; - jdk.internal.misc.Unsafe::copyMemoryChecks@9 (line 832)
                      ; - jdk.internal.misc.Unsafe::copyMemory@9 (line 800)
                      ;   {runtime_call throw_null_pointer_exception Runtime1 stub}
  0x0000719b3177d170: 38d7 ffe8 

  0x0000719b3177d174: ; ImmutableOopMap {[216]=Oop [224]=Oop [200]=Oop }
                      ;*invokevirtual isPrimitive {reexecute=0 rethrow=0 return_oop=0}
                      ; - jdk.internal.misc.Unsafe::checkPrimitiveArray@10 (line 559)
                      ; - jdk.internal.misc.Unsafe::checkPrimitivePointer@15 (line 579)
                      ; - jdk.internal.misc.Unsafe::copyMemoryChecks@9 (line 832)
                      ; - jdk.internal.misc.Unsafe::copyMemory@9 (line 800)
  0x0000719b3177d174: a838 d7ff 

  0x0000719b3177d178: ;   {runtime_call throw_null_pointer_exception Runtime1 stub}
  0x0000719b3177d178: e8a3 38d7 

  0x0000719b3177d17c: ; ImmutableOopMap {[216]=Oop [200]=Oop r8=Oop [224]=Oop }
                      ;*invokevirtual getClass {reexecute=0 rethrow=0 return_oop=0}
                      ; - jdk.internal.misc.Unsafe::checkPrimitivePointer@12 (line 579)
                      ; - jdk.internal.misc.Unsafe::copyMemoryChecks@17 (line 833)
                      ; - jdk.internal.misc.Unsafe::copyMemory@9 (line 800)
                      ;   {runtime_call throw_null_pointer_exception Runtime1 stub}
  0x0000719b3177d17c: ffe8 9e38 

  0x0000719b3177d180: ; ImmutableOopMap {[216]=Oop [200]=Oop r8=Oop [224]=Oop rdi=Oop }
                      ;*invokevirtual getComponentType {reexecute=0 rethrow=0 return_oop=0}
                      ; - jdk.internal.misc.Unsafe::checkPrimitiveArray@1 (line 558)
                      ; - jdk.internal.misc.Unsafe::checkPrimitivePointer@15 (line 579)
                      ; - jdk.internal.misc.Unsafe::copyMemoryChecks@17 (line 833)
                      ; - jdk.internal.misc.Unsafe::copyMemory@9 (line 800)
                      ;   {runtime_call throw_null_pointer_exception Runtime1 stub}
  0x0000719b3177d180: d7ff e899 

  0x0000719b3177d184: ; ImmutableOopMap {[216]=Oop [200]=Oop [224]=Oop }
                      ;*invokevirtual isPrimitive {reexecute=0 rethrow=0 return_oop=0}
                      ; - jdk.internal.misc.Unsafe::checkPrimitiveArray@10 (line 559)
                      ; - jdk.internal.misc.Unsafe::checkPrimitivePointer@15 (line 579)
                      ; - jdk.internal.misc.Unsafe::copyMemoryChecks@17 (line 833)
                      ; - jdk.internal.misc.Unsafe::copyMemory@9 (line 800)
                      ;   {internal_word}
  0x0000719b3177d184: 38d7 ff49 | ba1e d077 | 319b 7100 | 004d 8997 | 6003 0000 

  0x0000719b3177d198: ;   {runtime_call SafepointBlob}
  0x0000719b3177d198: e963 a5cd 

  0x0000719b3177d19c: ;   {internal_word}
  0x0000719b3177d19c: ff49 ba6c | d077 319b | 7100 004d | 8997 6003 

  0x0000719b3177d1ac: ;   {runtime_call SafepointBlob}
  0x0000719b3177d1ac: 0000 e94d | a5cd ff48 

  0x0000719b3177d1b4: ;   {runtime_call fast_new_instance Runtime1 stub}
  0x0000719b3177d1b4: 8bd2 e845 

  0x0000719b3177d1b8: ; ImmutableOopMap {[216]=Oop [200]=Oop [224]=Oop }
                      ;*new {reexecute=0 rethrow=0 return_oop=0}
                      ; - jdk.internal.misc.Unsafe::invalidInput@0 (line 440)
                      ; - jdk.internal.misc.Unsafe::checkPrimitiveArray@17 (line 560)
                      ; - jdk.internal.misc.Unsafe::checkPrimitivePointer@15 (line 579)
                      ; - jdk.internal.misc.Unsafe::copyMemoryChecks@17 (line 833)
                      ; - jdk.internal.misc.Unsafe::copyMemory@9 (line 800)
  0x0000719b3177d1b8: 41d7 ffe9 | 12ff ffff 

  0x0000719b3177d1c0: ;   {runtime_call fast_new_instance Runtime1 stub}
  0x0000719b3177d1c0: 488b d2e8 

  0x0000719b3177d1c4: ; ImmutableOopMap {[224]=Oop [200]=Oop [216]=Oop }
                      ;*new {reexecute=0 rethrow=0 return_oop=0}
                      ; - jdk.internal.misc.Unsafe::invalidInput@0 (line 440)
                      ; - jdk.internal.misc.Unsafe::checkPrimitiveArray@17 (line 560)
                      ; - jdk.internal.misc.Unsafe::checkPrimitivePointer@15 (line 579)
                      ; - jdk.internal.misc.Unsafe::copyMemoryChecks@9 (line 832)
                      ; - jdk.internal.misc.Unsafe::copyMemory@9 (line 800)
  0x0000719b3177d1c4: 3841 d7ff | e97c ffff | ff90 9049 | 8b87 d803 | 0000 49c7 | 87d8 0300 | 0000 0000 | 0049 c787 
  0x0000719b3177d1e4: e003 0000 | 0000 0000 | 4881 c420 | 0100 005d 

  0x0000719b3177d1f4: ;   {runtime_call unwind_exception Runtime1 stub}
  0x0000719b3177d1f4: e907 23d7 | fff4 f4f4 | f4f4 f4f4 
[Stub Code]
  0x0000719b3177d200: ;   {no_reloc}
  0x0000719b3177d200: 0f1f 4400 

  0x0000719b3177d204: ;   {static_stub}
  0x0000719b3177d204: 0048 bb00 | 0000 0000 

  0x0000719b3177d20c: ;   {runtime_call}
  0x0000719b3177d20c: 0000 00e9 | fbff ffff 

  0x0000719b3177d214: ;   {static_stub}
  0x0000719b3177d214: 9048 bb80 | 9541 c39a 

  0x0000719b3177d21c: ;   {runtime_call I2C/C2I adapters}
  0x0000719b3177d21c: 7100 00e9 | b9b0 cdff 

  0x0000719b3177d224: ;   {static_stub}
  0x0000719b3177d224: 9048 bb00 | 0000 0000 

  0x0000719b3177d22c: ;   {runtime_call}
  0x0000719b3177d22c: 0000 00e9 | fbff ffff 

  0x0000719b3177d234: ;   {static_stub}
  0x0000719b3177d234: 9048 bb00 | 0000 0000 

  0x0000719b3177d23c: ;   {runtime_call}
  0x0000719b3177d23c: 0000 00e9 | fbff ffff 

  0x0000719b3177d244: ;   {static_stub}
  0x0000719b3177d244: 9048 bb80 | 9541 c39a 

  0x0000719b3177d24c: ;   {runtime_call I2C/C2I adapters}
  0x0000719b3177d24c: 7100 00e9 | 89b0 cdff 

  0x0000719b3177d254: ;   {static_stub}
  0x0000719b3177d254: 9048 bb00 | 0000 0000 

  0x0000719b3177d25c: ;   {runtime_call}
  0x0000719b3177d25c: 0000 00e9 | fbff ffff 

  0x0000719b3177d264: ;   {static_stub}
  0x0000719b3177d264: 9048 bb00 | 0000 0000 

  0x0000719b3177d26c: ;   {runtime_call}
  0x0000719b3177d26c: 0000 00e9 | fbff ffff 

  0x0000719b3177d274: ;   {static_stub}
  0x0000719b3177d274: 9048 bb00 | 0000 0000 

  0x0000719b3177d27c: ;   {runtime_call}
  0x0000719b3177d27c: 0000 00e9 | fbff ffff 

  0x0000719b3177d284: ;   {static_stub}
  0x0000719b3177d284: 9048 bb00 | 0000 0000 

  0x0000719b3177d28c: ;   {runtime_call}
  0x0000719b3177d28c: 0000 00e9 | fbff ffff 

  0x0000719b3177d294: ;   {static_stub}
  0x0000719b3177d294: 9048 bb00 | 0000 0000 

  0x0000719b3177d29c: ;   {runtime_call}
  0x0000719b3177d29c: 0000 00e9 | fbff ffff 
[Exception Handler]
  0x0000719b3177d2a4: ;   {runtime_call handle_exception_from_callee Runtime1 stub}
  0x0000719b3177d2a4: e857 55d7 

  0x0000719b3177d2a8: ;   {external_word}
  0x0000719b3177d2a8: ff48 bf32 | 65e1 439b | 7100 0048 

  0x0000719b3177d2b4: ;   {runtime_call MacroAssembler::debug64(char*, long, long*)}
  0x0000719b3177d2b4: 83e4 f0e8 | 0467 1912 

  0x0000719b3177d2bc: ;   {section_word}
  0x0000719b3177d2bc: f449 babd | d277 319b | 7100 0041 

  0x0000719b3177d2c8: ;   {runtime_call DeoptimizationBlob}
  0x0000719b3177d2c8: 52e9 d296 | cdff f4f4 
[/MachCode]


---------------  P R O C E S S  ---------------

Threads class SMR info:
_java_thread_list=0x000071976c17d250, length=77, elements={
0x0000719b3c15b940, 0x0000719b3c15cd30, 0x0000719b3c1623d0, 0x0000719b3c163790,
0x0000719b3c164bb0, 0x0000719b3c1661b0, 0x0000719b3c167620, 0x0000719b3c174060,
0x0000719b3d132300, 0x0000719b3d133080, 0x0000719b3d254cf0, 0x0000719aa4000ff0,
0x0000719a1400f9f0, 0x0000719b3de3aab0, 0x00007199f001a410, 0x0000719b3de45c80,
0x0000719b3de9d5d0, 0x0000719b3df21cf0, 0x0000719b3e340540, 0x0000719b3e544460,
0x0000719b3e544de0, 0x0000719b3e545b70, 0x0000719b3e546900, 0x0000719b3e5475c0,
0x0000719b3e548440, 0x0000719b3e549480, 0x0000719b3e54ac70, 0x0000719b3e54bf90,
0x0000719b3e54d2b0, 0x0000719b3e550640, 0x0000719b3e556b10, 0x0000719b3e563300,
0x0000719b3e572e60, 0x0000719b3e574d60, 0x0000719b3e5907f0, 0x0000719b3e5928b0,
0x0000719b3e5b9690, 0x0000719b3e5ba440, 0x0000719b3e5bdab0, 0x0000719b3e7e0d90,
0x00007198600c99c0, 0x0000719b3c035440, 0x00007198b98378e0, 0x00007198b983b900,
0x000071983000a3a0, 0x0000719828006210, 0x00007198300e8bc0, 0x000071983400b610,
0x00007198b9bb6280, 0x00007198b9bb69b0, 0x00007198b9bb7320, 0x00007198b9bb7c90,
0x000071984c22d7f0, 0x000071984c231e20, 0x000071983c001da0, 0x000071983c002fb0,
0x000071983c0041e0, 0x000071983c0063f0, 0x000071983c007520, 0x00007198180017d0,
0x0000719734001010, 0x000071983c008760, 0x000071983c009c40, 0x000071983c00b290,
0x000071972c0024d0, 0x0000719714000ff0, 0x00007198dcaf0850, 0x0000719828006790,
0x0000719704000ff0, 0x000071983c00c500, 0x00007198dd864ef0, 0x000071983c00d7a0,
0x000071983c00ea80, 0x00007196fc001840, 0x0000719784001450, 0x000071983c00fd70,
0x000071983c011070
}

Java Threads: ( => current thread )
  0x0000719b3c15b940 JavaThread "Reference Handler" daemon [_thread_blocked, id=11609, stack(0x0000719b214fa000,0x0000719b215fa000)]
  0x0000719b3c15cd30 JavaThread "Finalizer" daemon [_thread_blocked, id=11611, stack(0x0000719b21100000,0x0000719b21200000)]
  0x0000719b3c1623d0 JavaThread "Signal Dispatcher" daemon [_thread_blocked, id=11614, stack(0x0000719b20700000,0x0000719b20800000)]
  0x0000719b3c163790 JavaThread "Service Thread" daemon [_thread_blocked, id=11615, stack(0x0000719b20600000,0x0000719b20700000)]
  0x0000719b3c164bb0 JavaThread "Monitor Deflation Thread" daemon [_thread_blocked, id=11616, stack(0x0000719b20500000,0x0000719b20600000)]
  0x0000719b3c1661b0 JavaThread "C1 CompilerThread0" daemon [_thread_blocked, id=11617, stack(0x0000719b20400000,0x0000719b20500000)]
  0x0000719b3c167620 JavaThread "Sweeper thread" daemon [_thread_blocked, id=11618, stack(0x0000719b20300000,0x0000719b20400000)]
  0x0000719b3c174060 JavaThread "Common-Cleaner" daemon [_thread_blocked, id=11624, stack(0x0000719b19f00000,0x0000719b1a000000)]
  0x0000719b3d132300 JavaThread "Monitor Ctrl-Break" daemon [_thread_in_native, id=11644, stack(0x0000719b18bff000,0x0000719b18cff000)]
  0x0000719b3d133080 JavaThread "Notification Thread" daemon [_thread_blocked, id=11645, stack(0x0000719b18aff000,0x0000719b18bff000)]
  0x0000719b3d254cf0 JavaThread "RMI TCP Accept-0" daemon [_thread_in_native, id=11647, stack(0x0000719b189ff000,0x0000719b18aff000)]
  0x0000719aa4000ff0 JavaThread "Attach Listener" daemon [_thread_blocked, id=11691, stack(0x0000719b18400000,0x0000719b18500000)]
  0x0000719a1400f9f0 JavaThread "RMI Scheduler(0)" daemon [_thread_blocked, id=11694, stack(0x0000719b18200000,0x0000719b18300000)]
  0x0000719b3de3aab0 JavaThread "Catalina-utility-1" [_thread_blocked, id=11835, stack(0x0000719b18500000,0x0000719b18600000)]
  0x00007199f001a410 JavaThread "Catalina-utility-2" [_thread_blocked, id=11836, stack(0x0000719b18100000,0x0000719b18200000)]
  0x0000719b3de45c80 JavaThread "container-0" [_thread_blocked, id=11837, stack(0x0000719b18000000,0x0000719b18100000)]
  0x0000719b3de9d5d0 JavaThread "commons-pool-evictor" daemon [_thread_blocked, id=11877, stack(0x0000719b0f6fe000,0x0000719b0f7fe000)]
  0x0000719b3df21cf0 JavaThread "JavaCPP Deallocator" daemon [_thread_blocked, id=11891, stack(0x0000719b0f300000,0x0000719b0f400000)]
  0x0000719b3e340540 JavaThread "spring.cloud.inetutils" daemon [_thread_blocked, id=12203, stack(0x0000719b0f200000,0x0000719b0f300000)]
  0x0000719b3e544460 JavaThread "http-nio-10001-exec-1" daemon [_thread_blocked, id=12260, stack(0x0000719b20000000,0x0000719b20100000)]
  0x0000719b3e544de0 JavaThread "http-nio-10001-exec-2" daemon [_thread_blocked, id=12261, stack(0x0000719b0f100000,0x0000719b0f200000)]
  0x0000719b3e545b70 JavaThread "http-nio-10001-exec-3" daemon [_thread_blocked, id=12262, stack(0x0000719b0ed00000,0x0000719b0ee00000)]
  0x0000719b3e546900 JavaThread "http-nio-10001-exec-4" daemon [_thread_blocked, id=12263, stack(0x0000719b0e900000,0x0000719b0ea00000)]
  0x0000719b3e5475c0 JavaThread "http-nio-10001-exec-5" daemon [_thread_blocked, id=12264, stack(0x0000719b0e800000,0x0000719b0e900000)]
  0x0000719b3e548440 JavaThread "http-nio-10001-exec-6" daemon [_thread_blocked, id=12265, stack(0x0000719b0e700000,0x0000719b0e800000)]
  0x0000719b3e549480 JavaThread "http-nio-10001-exec-7" daemon [_thread_blocked, id=12266, stack(0x0000719b0e300000,0x0000719b0e400000)]
  0x0000719b3e54ac70 JavaThread "http-nio-10001-exec-8" daemon [_thread_blocked, id=12267, stack(0x0000719b0e200000,0x0000719b0e300000)]
  0x0000719b3e54bf90 JavaThread "http-nio-10001-exec-9" daemon [_thread_blocked, id=12268, stack(0x0000719b0e100000,0x0000719b0e200000)]
  0x0000719b3e54d2b0 JavaThread "http-nio-10001-exec-10" daemon [_thread_blocked, id=12269, stack(0x0000719b0dd00000,0x0000719b0de00000)]
  0x0000719b3e550640 JavaThread "http-nio-10001-Poller" daemon [_thread_in_native, id=12270, stack(0x0000719b0dc00000,0x0000719b0dd00000)]
  0x0000719b3e556b10 JavaThread "http-nio-10001-Acceptor" daemon [_thread_in_native, id=12271, stack(0x0000719b0db00000,0x0000719b0dc00000)]
  0x0000719b3e563300 JavaThread "nacos.publisher-com.alibaba.nacos.common.notify.SlowEvent" daemon [_thread_blocked, id=12272, stack(0x0000719b0d500000,0x0000719b0d600000)]
  0x0000719b3e572e60 JavaThread "nacos.publisher-com.alibaba.nacos.client.naming.event.InstancesChangeEvent" daemon [_thread_blocked, id=12273, stack(0x0000719b0cb00000,0x0000719b0cc00000)]
  0x0000719b3e574d60 JavaThread "com.alibaba.nacos.naming.failover" daemon [_thread_blocked, id=12274, stack(0x0000719b0c100000,0x0000719b0c200000)]
  0x0000719b3e5907f0 JavaThread "com.alibaba.nacos.client.auth.ram.identify.watcher.0" daemon [_thread_blocked, id=12275, stack(0x0000719b0c000000,0x0000719b0c100000)]
  0x0000719b3e5928b0 JavaThread "com.alibaba.nacos.client.naming.security" daemon [_thread_blocked, id=12276, stack(0x0000719abef00000,0x0000719abf000000)]
  0x0000719b3e5b9690 JavaThread "com.alibaba.nacos.client.naming.grpc.redo.0" daemon [_thread_blocked, id=12277, stack(0x0000719abcf00000,0x0000719abd000000)]
  0x0000719b3e5ba440 JavaThread "com.alibaba.nacos.client.remote.worker" daemon [_thread_blocked, id=12278, stack(0x0000719abc100000,0x0000719abc200000)]
  0x0000719b3e5bdab0 JavaThread "com.alibaba.nacos.client.remote.worker" daemon [_thread_blocked, id=12279, stack(0x0000719abc000000,0x0000719abc100000)]
  0x0000719b3e7e0d90 JavaThread "grpc-nio-worker-ELG-1-1" daemon [_thread_in_native, id=12298, stack(0x0000719ab7f00000,0x0000719ab8000000)]
  0x00007198600c99c0 JavaThread "grpc-nio-worker-ELG-1-2" daemon [_thread_in_native, id=12308, stack(0x0000719ab4d00000,0x0000719ab4e00000)]
  0x0000719b3c035440 JavaThread "DestroyJavaVM" [_thread_blocked, id=11581, stack(0x0000719b44e47000,0x0000719b44f47000)]
  0x00007198b98378e0 JavaThread "grpc-default-worker-ELG-1-1" daemon [_thread_in_native, id=15312, stack(0x0000719aaa100000,0x0000719aaa200000)]
  0x00007198b983b900 JavaThread "grpc-default-executor-0" daemon [_thread_blocked, id=15313, stack(0x0000719aabf00000,0x0000719aac000000)]
  0x000071983000a3a0 JavaThread "grpc-default-executor-1" daemon [_thread_blocked, id=15314, stack(0x0000719aab500000,0x0000719aab600000)]
  0x0000719828006210 JavaThread "grpc-default-executor-2" daemon [_thread_blocked, id=15315, stack(0x0000719b20200000,0x0000719b20300000)]
  0x00007198300e8bc0 JavaThread "grpc-default-worker-ELG-1-2" daemon [_thread_in_native, id=15318, stack(0x0000719ab4000000,0x0000719ab4100000)]
  0x000071983400b610 JavaThread "grpc-default-worker-ELG-1-3" daemon [_thread_in_native, id=15319, stack(0x0000719aa9700000,0x0000719aa9800000)]
  0x00007198b9bb6280 JavaThread "Thread-12" daemon [_thread_in_native, id=15320, stack(0x0000719b20100000,0x0000719b20200000)]
  0x00007198b9bb69b0 JavaThread "Thread-13" daemon [_thread_blocked, id=15321, stack(0x0000719ab4100000,0x0000719ab4200000)]
  0x00007198b9bb7320 JavaThread "Thread-14" daemon [_thread_blocked, id=15322, stack(0x0000719ab4200000,0x0000719ab4300000)]
  0x00007198b9bb7c90 JavaThread "Thread-15" daemon [_thread_blocked, id=15323, stack(0x0000719ab4300000,0x0000719ab4400000)]
  0x000071984c22d7f0 JavaThread "nacos-grpc-client-executor-scnu.saigou.work-88" daemon [_thread_blocked, id=15327, stack(0x0000719ab6100000,0x0000719ab6200000)]
  0x000071984c231e20 JavaThread "nacos-grpc-client-executor-scnu.saigou.work-89" daemon [_thread_blocked, id=15328, stack(0x0000719ab5700000,0x0000719ab5800000)]
  0x000071983c001da0 JavaThread "pool-5-thread-1" [_thread_blocked, id=15329, stack(0x0000719aa81fd000,0x0000719aa82fd000)]
  0x000071983c002fb0 JavaThread "pool-5-thread-2" [_thread_blocked, id=15345, stack(0x0000719a9ff00000,0x0000719aa0000000)]
  0x000071983c0041e0 JavaThread "pool-5-thread-3" [_thread_blocked, id=15348, stack(0x0000719a9df00000,0x0000719a9e000000)]
  0x000071983c0063f0 JavaThread "pool-5-thread-4" [_thread_blocked, id=15352, stack(0x0000719a9d500000,0x0000719a9d600000)]
  0x000071983c007520 JavaThread "pool-5-thread-5" [_thread_blocked, id=15357, stack(0x0000719a9cb00000,0x0000719a9cc00000)]
  0x00007198180017d0 JavaThread "grpc-default-worker-ELG-1-4" daemon [_thread_in_native, id=15358, stack(0x0000719a9c100000,0x0000719a9c200000)]
  0x0000719734001010 JavaThread "grpc-default-worker-ELG-1-5" daemon [_thread_in_native, id=15359, stack(0x0000719a9c000000,0x0000719a9c100000)]
  0x000071983c008760 JavaThread "pool-5-thread-6" [_thread_blocked, id=15360, stack(0x0000719a93f00000,0x0000719a94000000)]
  0x000071983c009c40 JavaThread "pool-5-thread-7" [_thread_blocked, id=15363, stack(0x0000719a93500000,0x0000719a93600000)]
  0x000071983c00b290 JavaThread "pool-5-thread-8" [_thread_blocked, id=15364, stack(0x0000719a92b00000,0x0000719a92c00000)]
  0x000071972c0024d0 JavaThread "grpc-default-worker-ELG-1-6" daemon [_thread_in_native, id=15365, stack(0x0000719a92100000,0x0000719a92200000)]
  0x0000719714000ff0 JavaThread "grpc-default-worker-ELG-1-7" daemon [_thread_in_native, id=15366, stack(0x0000719a91700000,0x0000719a91800000)]
  0x00007198dcaf0850 JavaThread "grpc-default-worker-ELG-1-8" daemon [_thread_in_native, id=15383, stack(0x0000719a90d00000,0x0000719a90e00000)]
  0x0000719828006790 JavaThread "grpc-default-worker-ELG-1-9" daemon [_thread_in_native, id=15384, stack(0x0000719a90300000,0x0000719a90400000)]
  0x0000719704000ff0 JavaThread "grpc-default-worker-ELG-1-10" daemon [_thread_in_native, id=15385, stack(0x0000719a90200000,0x0000719a90300000)]
  0x000071983c00c500 JavaThread "pool-5-thread-9" [_thread_blocked, id=15386, stack(0x0000719a90100000,0x0000719a90200000)]
=>0x00007198dd864ef0 JavaThread "Thread-16" daemon [_thread_in_vm, id=15387, stack(0x0000719a90000000,0x0000719a90100000)]
  0x000071983c00d7a0 JavaThread "pool-5-thread-10" [_thread_blocked, id=15395, stack(0x0000719a84300000,0x0000719a84400000)]
  0x000071983c00ea80 JavaThread "pool-5-thread-11" [_thread_blocked, id=15397, stack(0x0000719a84100000,0x0000719a84200000)]
  0x00007196fc001840 JavaThread "grpc-default-worker-ELG-1-11" daemon [_thread_in_native, id=15398, stack(0x0000719a84000000,0x0000719a84100000)]
  0x0000719784001450 JavaThread "grpc-default-worker-ELG-1-12" daemon [_thread_in_native, id=15399, stack(0x0000719a7bf00000,0x0000719a7c000000)]
  0x000071983c00fd70 JavaThread "pool-5-thread-12" [_thread_blocked, id=15400, stack(0x0000719a7a700000,0x0000719a7a800000)]
  0x000071983c011070 JavaThread "pool-5-thread-13" [_thread_blocked, id=15402, stack(0x0000719a79900000,0x0000719a79a00000)]

Other Threads:
  0x0000719b3c157870 VMThread "VM Thread" [stack: 0x0000719b215fb000,0x0000719b216fb000] [id=11608]
  0x0000719b3c037cc0 WatcherThread [stack: 0x0000719b188ff000,0x0000719b189ff000] [id=11648]
  0x0000719b3c061e90 GCTaskThread "GC Thread#0" [stack: 0x0000719b40d00000,0x0000719b40e00000] [id=11589]
  0x0000719ab8006c00 GCTaskThread "GC Thread#1" [stack: 0x0000719b19e00000,0x0000719b19f00000] [id=11635]
  0x0000719ab8007610 GCTaskThread "GC Thread#2" [stack: 0x0000719b19cff000,0x0000719b19dff000] [id=11636]
  0x0000719ab8008020 GCTaskThread "GC Thread#3" [stack: 0x0000719b19900000,0x0000719b19a00000] [id=11637]
  0x0000719ab8008a30 GCTaskThread "GC Thread#4" [stack: 0x0000719b197ff000,0x0000719b198ff000] [id=11638]
  0x0000719ab8009440 GCTaskThread "GC Thread#5" [stack: 0x0000719b196fe000,0x0000719b197fe000] [id=11639]
  0x0000719ab8009e80 GCTaskThread "GC Thread#6" [stack: 0x0000719b19300000,0x0000719b19400000] [id=11640]
  0x0000719ab800acf0 GCTaskThread "GC Thread#7" [stack: 0x0000719b191ff000,0x0000719b192ff000] [id=11641]
  0x0000719ab800bb60 GCTaskThread "GC Thread#8" [stack: 0x0000719b190fe000,0x0000719b191fe000] [id=11642]
  0x0000719ab800c9d0 GCTaskThread "GC Thread#9" [stack: 0x0000719b18d00000,0x0000719b18e00000] [id=11643]
  0x0000719ab80142d0 GCTaskThread "GC Thread#10" [stack: 0x0000719b0ff00000,0x0000719b10000000] [id=11697]
  0x0000719ab80146d0 GCTaskThread "GC Thread#11" [stack: 0x0000719b0fdff000,0x0000719b0feff000] [id=11698]
  0x0000719ab8011870 GCTaskThread "GC Thread#12" [stack: 0x0000719b0f7ff000,0x0000719b0f8ff000] [id=11710]
  0x0000719b3c070e50 ConcurrentGCThread "G1 Main Marker" [stack: 0x0000719b40bff000,0x0000719b40cff000] [id=11591]
  0x0000719b3c071dc0 ConcurrentGCThread "G1 Conc#0" [stack: 0x0000719b40afe000,0x0000719b40bfe000] [id=11593]
  0x0000719b14000eb0 ConcurrentGCThread "G1 Conc#1" [stack: 0x0000719b0fcfe000,0x0000719b0fdfe000] [id=11699]
  0x0000719b14001900 ConcurrentGCThread "G1 Conc#2" [stack: 0x0000719b0f900000,0x0000719b0fa00000] [id=11700]
  0x0000719b3c12a9d0 ConcurrentGCThread "G1 Refine#0" [stack: 0x0000719b217fd000,0x0000719b218fd000] [id=11603]
  0x0000719b08000eb0 ConcurrentGCThread "G1 Refine#1" [stack: 0x0000719ab7500000,0x0000719ab7600000] [id=12293]
  0x0000719b3c12b8d0 ConcurrentGCThread "G1 Service" [stack: 0x0000719b216fc000,0x0000719b217fc000] [id=11604]

Threads with active compile tasks:

VM state: not at safepoint (normal execution)

VM Mutex/Monitor currently owned by a thread: None

Heap address: 0x000000064bc00000, size: 6980 MB, Compressed Oops mode: Zero based, Oop shift amount: 3

CDS archive(s) mapped at: [0x0000719ac3000000-0x0000719ac3bc9000-0x0000719ac3bc9000), size 12357632, SharedBaseAddress: 0x0000719ac3000000, ArchiveRelocationMode: 1.
Compressed class space mapped at: 0x0000719ac4000000-0x0000719b04000000, reserved size: 1073741824
Narrow klass base: 0x0000719ac3000000, Narrow klass shift: 0, Narrow klass range: 0x100000000

GC Precious Log:
 CPUs: 16 total, 16 available
 Memory: 27913M
 Large Page Support: Disabled
 NUMA Support: Disabled
 Compressed Oops: Enabled (Zero based)
 Heap Region Size: 4M
 Heap Min Capacity: 8M
 Heap Initial Capacity: 440M
 Heap Max Capacity: 6980M
 Pre-touch: Disabled
 Parallel Workers: 13
 Concurrent Workers: 3
 Concurrent Refinement Workers: 13
 Periodic GC: Disabled

Heap:
 garbage-first heap   total 245760K, used 128702K [0x000000064bc00000, 0x0000000800000000)
  region size 4096K, 22 young (90112K), 3 survivors (12288K)
 Metaspace       used 83807K, committed 84416K, reserved 1179648K
  class space    used 10909K, committed 11200K, reserved 1048576K

Heap Regions: E=young(eden), S=young(survivor), O=old, HS=humongous(starts), HC=humongous(continues), CS=collection set, F=free, OA=open archive, CA=closed archive, TAMS=top-at-mark-start (previous, next)
|   0|0x000000064bc00000, 0x000000064c000000, 0x000000064c000000|100%| O|  |TAMS 0x000000064c000000, 0x000000064bc00000| Untracked 
|   1|0x000000064c000000, 0x000000064c400000, 0x000000064c400000|100%| O|  |TAMS 0x000000064c400000, 0x000000064c000000| Untracked 
|   2|0x000000064c400000, 0x000000064c800000, 0x000000064c800000|100%| O|  |TAMS 0x000000064c800000, 0x000000064c400000| Untracked 
|   3|0x000000064c800000, 0x000000064cc00000, 0x000000064cc00000|100%| O|  |TAMS 0x000000064c83be00, 0x000000064c800000| Untracked 
|   4|0x000000064cc00000, 0x000000064d000000, 0x000000064d000000|100%| O|  |TAMS 0x000000064d000000, 0x000000064cc00000| Untracked 
|   5|0x000000064d000000, 0x000000064d400000, 0x000000064d400000|100%| O|  |TAMS 0x000000064d400000, 0x000000064d000000| Untracked 
|   6|0x000000064d400000, 0x000000064d800000, 0x000000064d800000|100%| O|  |TAMS 0x000000064d800000, 0x000000064d400000| Untracked 
|   7|0x000000064d800000, 0x000000064d957200, 0x000000064dc00000| 33%| O|  |TAMS 0x000000064d800000, 0x000000064d800000| Untracked 
|   8|0x000000064dc00000, 0x000000064e000000, 0x000000064e000000|100%| O|  |TAMS 0x000000064dc00000, 0x000000064dc00000| Untracked 
|   9|0x000000064e000000, 0x000000064e400000, 0x000000064e400000|100%| O|  |TAMS 0x000000064e000000, 0x000000064e000000| Untracked 
|  10|0x000000064e400000, 0x000000064e6e5c00, 0x000000064e800000| 72%| O|  |TAMS 0x000000064e400000, 0x000000064e400000| Untracked 
|  11|0x000000064e800000, 0x000000064e800000, 0x000000064ec00000|  0%| F|  |TAMS 0x000000064e800000, 0x000000064e800000| Untracked 
|  12|0x000000064ec00000, 0x000000064ec00000, 0x000000064f000000|  0%| F|  |TAMS 0x000000064ec00000, 0x000000064ec00000| Untracked 
|  13|0x000000064f000000, 0x000000064f000000, 0x000000064f400000|  0%| F|  |TAMS 0x000000064f000000, 0x000000064f000000| Untracked 
|  14|0x000000064f400000, 0x000000064f400000, 0x000000064f800000|  0%| F|  |TAMS 0x000000064f400000, 0x000000064f400000| Untracked 
|  15|0x000000064f800000, 0x000000064f800000, 0x000000064fc00000|  0%| F|  |TAMS 0x000000064f800000, 0x000000064f800000| Untracked 
|  16|0x000000064fc00000, 0x000000064fc00000, 0x0000000650000000|  0%| F|  |TAMS 0x000000064fc00000, 0x000000064fc00000| Untracked 
|  17|0x0000000650000000, 0x0000000650000000, 0x0000000650400000|  0%| F|  |TAMS 0x0000000650000000, 0x0000000650000000| Untracked 
|  18|0x0000000650400000, 0x0000000650400000, 0x0000000650800000|  0%| F|  |TAMS 0x0000000650400000, 0x0000000650400000| Untracked 
|  19|0x0000000650800000, 0x0000000650800000, 0x0000000650c00000|  0%| F|  |TAMS 0x0000000650800000, 0x0000000650800000| Untracked 
|  20|0x0000000650c00000, 0x0000000650c00000, 0x0000000651000000|  0%| F|  |TAMS 0x0000000650c00000, 0x0000000650c00000| Untracked 
|  21|0x0000000651000000, 0x0000000651186b40, 0x0000000651400000| 38%| S|CS|TAMS 0x0000000651000000, 0x0000000651000000| Complete 
|  22|0x0000000651400000, 0x0000000651800000, 0x0000000651800000|100%| S|CS|TAMS 0x0000000651400000, 0x0000000651400000| Complete 
|  23|0x0000000651800000, 0x0000000651c00000, 0x0000000651c00000|100%| S|CS|TAMS 0x0000000651800000, 0x0000000651800000| Complete 
|  24|0x0000000651c00000, 0x0000000651c00000, 0x0000000652000000|  0%| F|  |TAMS 0x0000000651c00000, 0x0000000651c00000| Untracked 
|  25|0x0000000652000000, 0x0000000652000000, 0x0000000652400000|  0%| F|  |TAMS 0x0000000652000000, 0x0000000652000000| Untracked 
|  26|0x0000000652400000, 0x0000000652400000, 0x0000000652800000|  0%| F|  |TAMS 0x0000000652400000, 0x0000000652400000| Untracked 
|  27|0x0000000652800000, 0x0000000652800000, 0x0000000652c00000|  0%| F|  |TAMS 0x0000000652800000, 0x0000000652800000| Untracked 
|  28|0x0000000652c00000, 0x0000000652c00000, 0x0000000653000000|  0%| F|  |TAMS 0x0000000652c00000, 0x0000000652c00000| Untracked 
|  29|0x0000000653000000, 0x0000000653000000, 0x0000000653400000|  0%| F|  |TAMS 0x0000000653000000, 0x0000000653000000| Untracked 
|  30|0x0000000653400000, 0x0000000653400000, 0x0000000653800000|  0%| F|  |TAMS 0x0000000653400000, 0x0000000653400000| Untracked 
|  31|0x0000000653800000, 0x0000000653800000, 0x0000000653c00000|  0%| F|  |TAMS 0x0000000653800000, 0x0000000653800000| Untracked 
|  32|0x0000000653c00000, 0x0000000653c00000, 0x0000000654000000|  0%| F|  |TAMS 0x0000000653c00000, 0x0000000653c00000| Untracked 
|  33|0x0000000654000000, 0x0000000654000000, 0x0000000654400000|  0%| F|  |TAMS 0x0000000654000000, 0x0000000654000000| Untracked 
|  34|0x0000000654400000, 0x0000000654400000, 0x0000000654800000|  0%| F|  |TAMS 0x0000000654400000, 0x0000000654400000| Untracked 
|  35|0x0000000654800000, 0x0000000654800000, 0x0000000654c00000|  0%| F|  |TAMS 0x0000000654800000, 0x0000000654800000| Untracked 
|  36|0x0000000654c00000, 0x0000000654c00000, 0x0000000655000000|  0%| F|  |TAMS 0x0000000654c00000, 0x0000000654c00000| Untracked 
|  37|0x0000000655000000, 0x0000000655000000, 0x0000000655400000|  0%| F|  |TAMS 0x0000000655000000, 0x0000000655000000| Untracked 
|  38|0x0000000655400000, 0x0000000655400000, 0x0000000655800000|  0%| F|  |TAMS 0x0000000655400000, 0x0000000655400000| Untracked 
|  39|0x0000000655800000, 0x00000006559bf348, 0x0000000655c00000| 43%| E|  |TAMS 0x0000000655800000, 0x0000000655800000| Complete 
|  40|0x0000000655c00000, 0x0000000656000000, 0x0000000656000000|100%| E|CS|TAMS 0x0000000655c00000, 0x0000000655c00000| Complete 
|  41|0x0000000656000000, 0x0000000656400000, 0x0000000656400000|100%| E|CS|TAMS 0x0000000656000000, 0x0000000656000000| Complete 
|  42|0x0000000656400000, 0x0000000656800000, 0x0000000656800000|100%| E|CS|TAMS 0x0000000656400000, 0x0000000656400000| Complete 
|  43|0x0000000656800000, 0x0000000656c00000, 0x0000000656c00000|100%| E|CS|TAMS 0x0000000656800000, 0x0000000656800000| Complete 
|  44|0x0000000656c00000, 0x0000000657000000, 0x0000000657000000|100%| E|CS|TAMS 0x0000000656c00000, 0x0000000656c00000| Complete 
|  45|0x0000000657000000, 0x0000000657400000, 0x0000000657400000|100%| E|CS|TAMS 0x0000000657000000, 0x0000000657000000| Complete 
|  46|0x0000000657400000, 0x0000000657800000, 0x0000000657800000|100%| E|CS|TAMS 0x0000000657400000, 0x0000000657400000| Complete 
|  47|0x0000000657800000, 0x0000000657c00000, 0x0000000657c00000|100%| E|CS|TAMS 0x0000000657800000, 0x0000000657800000| Complete 
|  48|0x0000000657c00000, 0x0000000658000000, 0x0000000658000000|100%| E|CS|TAMS 0x0000000657c00000, 0x0000000657c00000| Complete 
|  49|0x0000000658000000, 0x0000000658400000, 0x0000000658400000|100%| E|CS|TAMS 0x0000000658000000, 0x0000000658000000| Complete 
|  50|0x0000000658400000, 0x0000000658800000, 0x0000000658800000|100%| E|CS|TAMS 0x0000000658400000, 0x0000000658400000| Complete 
|  51|0x0000000658800000, 0x0000000658c00000, 0x0000000658c00000|100%| E|CS|TAMS 0x0000000658800000, 0x0000000658800000| Complete 
|  52|0x0000000658c00000, 0x0000000659000000, 0x0000000659000000|100%| E|CS|TAMS 0x0000000658c00000, 0x0000000658c00000| Complete 
|  53|0x0000000659000000, 0x0000000659400000, 0x0000000659400000|100%| E|CS|TAMS 0x0000000659000000, 0x0000000659000000| Complete 
|  54|0x0000000659400000, 0x0000000659800000, 0x0000000659800000|100%| E|CS|TAMS 0x0000000659400000, 0x0000000659400000| Complete 
|  55|0x0000000659800000, 0x0000000659c00000, 0x0000000659c00000|100%| E|CS|TAMS 0x0000000659800000, 0x0000000659800000| Complete 
|  56|0x0000000659c00000, 0x000000065a000000, 0x000000065a000000|100%| E|CS|TAMS 0x0000000659c00000, 0x0000000659c00000| Complete 
| 109|0x0000000667000000, 0x0000000667400000, 0x0000000667400000|100%| E|CS|TAMS 0x0000000667000000, 0x0000000667000000| Complete 
|1743|0x00000007ff800000, 0x00000007ffb75000, 0x00000007ffc00000| 86%|OA|  |TAMS 0x00000007ffb75000, 0x00000007ff800000| Untracked 
|1744|0x00000007ffc00000, 0x00000007ffc77000, 0x0000000800000000| 11%|CA|  |TAMS 0x00000007ffc77000, 0x00000007ffc00000| Untracked 

Card table byte_map: [0x0000719b30600000,0x0000719b313a2000] _byte_map_base: 0x0000719b2d3a2000

Marking Bits (Prev, Next): (CMBitMap*) 0x0000719b3c062960, (CMBitMap*) 0x0000719b3c062920
 Prev Bits: [0x0000719b21c00000, 0x0000719b28910000)
 Next Bits: [0x0000719b28a00000, 0x0000719b2f710000)

Polling page: 0x0000719b45073000

Metaspace:

Usage:
  Non-class:     71.19 MB used.
      Class:     10.65 MB used.
       Both:     81.84 MB used.

Virtual space:
  Non-class space:      128.00 MB reserved,      71.50 MB ( 56%) committed,  2 nodes.
      Class space:        1.00 GB reserved,      10.94 MB (  1%) committed,  1 nodes.
             Both:        1.12 GB reserved,      82.44 MB (  7%) committed. 

Chunk freelists:
   Non-Class:  8.17 MB
       Class:  4.88 MB
        Both:  13.05 MB

MaxMetaspaceSize: unlimited
CompressedClassSpaceSize: 1.00 GB
Initial GC threshold: 21.00 MB
Current GC threshold: 98.56 MB
CDS: on
MetaspaceReclaimPolicy: balanced
 - commit_granule_bytes: 65536.
 - commit_granule_words: 8192.
 - virtual_space_node_default_size: 8388608.
 - enlarge_chunks_in_place: 1.
 - new_chunks_are_fully_committed: 0.
 - uncommit_free_chunks: 1.
 - use_allocation_guard: 0.
 - handle_deallocations: 1.


Internal statistics:

num_allocs_failed_limit: 9.
num_arena_births: 930.
num_arena_deaths: 0.
num_vsnodes_births: 3.
num_vsnodes_deaths: 0.
num_space_committed: 1317.
num_space_uncommitted: 0.
num_chunks_returned_to_freelist: 9.
num_chunks_taken_from_freelist: 3966.
num_chunk_merges: 9.
num_chunk_splits: 2980.
num_chunks_enlarged: 2374.
num_inconsistent_stats: 0.

CodeCache: size=49152Kb used=14841Kb max_used=15358Kb free=34310Kb
 bounds [0x0000719b31400000, 0x0000719b32310000, 0x0000719b34400000]
 total_blobs=9364 nmethods=8038 adapters=1253
 compilation: enabled
              stopped_count=0, restarted_count=0
 full_count=0

Compilation events (20 events):
Event: 224.198 Thread 0x0000719b3c1661b0 8190       1       org.bytedeco.javacv.FFmpegFrameGrabber::processImage (520 bytes)
Event: 224.199 Thread 0x0000719b3c1661b0 nmethod 8190 0x0000719b32238110 code [0x0000719b32238460, 0x0000719b322393e0]
Event: 224.199 Thread 0x0000719b3c1661b0 8193       1       org.bytedeco.javacv.Frame::cloneBufferArray (621 bytes)
Event: 224.200 Thread 0x0000719b3c1661b0 nmethod 8193 0x0000719b32235010 code [0x0000719b322354c0, 0x0000719b32237100]
Event: 224.200 Thread 0x0000719b3c1661b0 8191       1       com.saigou.util.Utils::createDeepCopy (15 bytes)
Event: 224.200 Thread 0x0000719b3c1661b0 nmethod 8191 0x0000719b32234c90 code [0x0000719b32234e40, 0x0000719b32234f60]
Event: 224.200 Thread 0x0000719b3c1661b0 8192       1       org.bytedeco.javacv.Frame::clone (244 bytes)
Event: 224.200 Thread 0x0000719b3c1661b0 nmethod 8192 0x0000719b3222f010 code [0x0000719b3222f240, 0x0000719b3222fec0]
Event: 224.200 Thread 0x0000719b3c1661b0 8194   !   1       org.bytedeco.javacpp.BytePointer::<init> (117 bytes)
Event: 224.201 Thread 0x0000719b3c1661b0 nmethod 8194 0x0000719b3222e210 code [0x0000719b3222e4a0, 0x0000719b3222ebc0]
Event: 224.272 Thread 0x0000719b3c1661b0 8195       1       java.util.concurrent.ThreadPoolExecutor::getThreadFactory (5 bytes)
Event: 224.272 Thread 0x0000719b3c1661b0 nmethod 8195 0x0000719b32234990 code [0x0000719b32234b20, 0x0000719b32234bf0]
Event: 224.379 Thread 0x0000719b3c1661b0 8196       1       org.springframework.web.util.pattern.PathPattern$MatchingContext::isSeparator (14 bytes)
Event: 224.379 Thread 0x0000719b3c1661b0 nmethod 8196 0x0000719b32234390 code [0x0000719b32234540, 0x0000719b32234680]
Event: 224.379 Thread 0x0000719b3c1661b0 8197       1       java.nio.CharBuffer::allocate (20 bytes)
Event: 224.379 Thread 0x0000719b3c1661b0 nmethod 8197 0x0000719b3222dc10 code [0x0000719b3222ddc0, 0x0000719b3222e070]
Event: 224.379 Thread 0x0000719b3c1661b0 8198       1       java.nio.HeapCharBuffer::<init> (21 bytes)
Event: 224.379 Thread 0x0000719b3c1661b0 nmethod 8198 0x0000719b3222d710 code [0x0000719b3222d8c0, 0x0000719b3222dae0]
Event: 224.382 Thread 0x0000719b3c1661b0 8199   !   1       java.lang.ThreadGroup::remove (94 bytes)
Event: 224.383 Thread 0x0000719b3c1661b0 nmethod 8199 0x0000719b3222cf90 code [0x0000719b3222d160, 0x0000719b3222d4c0]

GC Heap History (20 events):
Event: 4.674 GC heap before
{Heap before GC invocations=15 (full 0):
 garbage-first heap   total 294912K, used 201992K [0x000000064bc00000, 0x0000000800000000)
  region size 4096K, 43 young (176128K), 3 survivors (12288K)
 Metaspace       used 45402K, committed 45952K, reserved 1114112K
  class space    used 5871K, committed 6144K, reserved 1048576K
}
Event: 4.678 GC heap after
{Heap after GC invocations=16 (full 0):
 garbage-first heap   total 294912K, used 38493K [0x000000064bc00000, 0x0000000800000000)
  region size 4096K, 3 young (12288K), 3 survivors (12288K)
 Metaspace       used 45402K, committed 45952K, reserved 1114112K
  class space    used 5871K, committed 6144K, reserved 1048576K
}
Event: 5.043 GC heap before
{Heap before GC invocations=16 (full 0):
 garbage-first heap   total 294912K, used 202333K [0x000000064bc00000, 0x0000000800000000)
  region size 4096K, 43 young (176128K), 3 survivors (12288K)
 Metaspace       used 45402K, committed 45952K, reserved 1114112K
  class space    used 5871K, committed 6144K, reserved 1048576K
}
Event: 5.047 GC heap after
{Heap after GC invocations=17 (full 0):
 garbage-first heap   total 294912K, used 38312K [0x000000064bc00000, 0x0000000800000000)
  region size 4096K, 3 young (12288K), 3 survivors (12288K)
 Metaspace       used 45402K, committed 45952K, reserved 1114112K
  class space    used 5871K, committed 6144K, reserved 1048576K
}
Event: 5.361 GC heap before
{Heap before GC invocations=17 (full 0):
 garbage-first heap   total 294912K, used 202152K [0x000000064bc00000, 0x0000000800000000)
  region size 4096K, 43 young (176128K), 3 survivors (12288K)
 Metaspace       used 45402K, committed 45952K, reserved 1114112K
  class space    used 5871K, committed 6144K, reserved 1048576K
}
Event: 5.365 GC heap after
{Heap after GC invocations=18 (full 0):
 garbage-first heap   total 294912K, used 38765K [0x000000064bc00000, 0x0000000800000000)
  region size 4096K, 3 young (12288K), 3 survivors (12288K)
 Metaspace       used 45402K, committed 45952K, reserved 1114112K
  class space    used 5871K, committed 6144K, reserved 1048576K
}
Event: 5.713 GC heap before
{Heap before GC invocations=18 (full 0):
 garbage-first heap   total 294912K, used 202605K [0x000000064bc00000, 0x0000000800000000)
  region size 4096K, 43 young (176128K), 3 survivors (12288K)
 Metaspace       used 45402K, committed 45952K, reserved 1114112K
  class space    used 5871K, committed 6144K, reserved 1048576K
}
Event: 5.717 GC heap after
{Heap after GC invocations=19 (full 0):
 garbage-first heap   total 294912K, used 38568K [0x000000064bc00000, 0x0000000800000000)
  region size 4096K, 3 young (12288K), 3 survivors (12288K)
 Metaspace       used 45402K, committed 45952K, reserved 1114112K
  class space    used 5871K, committed 6144K, reserved 1048576K
}
Event: 6.265 GC heap before
{Heap before GC invocations=19 (full 0):
 garbage-first heap   total 294912K, used 202408K [0x000000064bc00000, 0x0000000800000000)
  region size 4096K, 43 young (176128K), 3 survivors (12288K)
 Metaspace       used 48688K, committed 49216K, reserved 1114112K
  class space    used 6314K, committed 6592K, reserved 1048576K
}
Event: 6.269 GC heap after
{Heap after GC invocations=20 (full 0):
 garbage-first heap   total 294912K, used 40396K [0x000000064bc00000, 0x0000000800000000)
  region size 4096K, 3 young (12288K), 3 survivors (12288K)
 Metaspace       used 48688K, committed 49216K, reserved 1114112K
  class space    used 6314K, committed 6592K, reserved 1048576K
}
Event: 7.256 GC heap before
{Heap before GC invocations=20 (full 0):
 garbage-first heap   total 294912K, used 204236K [0x000000064bc00000, 0x0000000800000000)
  region size 4096K, 43 young (176128K), 3 survivors (12288K)
 Metaspace       used 55743K, committed 56192K, reserved 1114112K
  class space    used 7272K, committed 7488K, reserved 1048576K
}
Event: 7.261 GC heap after
{Heap after GC invocations=21 (full 0):
 garbage-first heap   total 294912K, used 46470K [0x000000064bc00000, 0x0000000800000000)
  region size 4096K, 5 young (20480K), 5 survivors (20480K)
 Metaspace       used 55743K, committed 56192K, reserved 1114112K
  class space    used 7272K, committed 7488K, reserved 1048576K
}
Event: 7.720 GC heap before
{Heap before GC invocations=21 (full 0):
 garbage-first heap   total 294912K, used 140678K [0x000000064bc00000, 0x0000000800000000)
  region size 4096K, 29 young (118784K), 5 survivors (20480K)
 Metaspace       used 59940K, committed 60416K, reserved 1114112K
  class space    used 7874K, committed 8128K, reserved 1048576K
}
Event: 7.726 GC heap after
{Heap after GC invocations=22 (full 0):
 garbage-first heap   total 294912K, used 47447K [0x000000064bc00000, 0x0000000800000000)
  region size 4096K, 4 young (16384K), 4 survivors (16384K)
 Metaspace       used 59940K, committed 60416K, reserved 1114112K
  class space    used 7874K, committed 8128K, reserved 1048576K
}
Event: 8.140 GC heap before
{Heap before GC invocations=23 (full 0):
 garbage-first heap   total 204800K, used 153943K [0x000000064bc00000, 0x0000000800000000)
  region size 4096K, 30 young (122880K), 4 survivors (16384K)
 Metaspace       used 66837K, committed 67328K, reserved 1114112K
  class space    used 8724K, committed 8960K, reserved 1048576K
}
Event: 8.144 GC heap after
{Heap after GC invocations=24 (full 0):
 garbage-first heap   total 204800K, used 49717K [0x000000064bc00000, 0x0000000800000000)
  region size 4096K, 3 young (12288K), 3 survivors (12288K)
 Metaspace       used 66837K, committed 67328K, reserved 1114112K
  class space    used 8724K, committed 8960K, reserved 1048576K
}
Event: 48.130 GC heap before
{Heap before GC invocations=24 (full 0):
 garbage-first heap   total 204800K, used 160309K [0x000000064bc00000, 0x0000000800000000)
  region size 4096K, 30 young (122880K), 3 survivors (12288K)
 Metaspace       used 72389K, committed 73024K, reserved 1114112K
  class space    used 9525K, committed 9856K, reserved 1048576K
}
Event: 48.134 GC heap after
{Heap after GC invocations=25 (full 0):
 garbage-first heap   total 245760K, used 53409K [0x000000064bc00000, 0x0000000800000000)
  region size 4096K, 2 young (8192K), 2 survivors (8192K)
 Metaspace       used 72389K, committed 73024K, reserved 1114112K
  class space    used 9525K, committed 9856K, reserved 1048576K
}
Event: 219.201 GC heap before
{Heap before GC invocations=25 (full 0):
 garbage-first heap   total 245760K, used 192673K [0x000000064bc00000, 0x0000000800000000)
  region size 4096K, 36 young (147456K), 2 survivors (8192K)
 Metaspace       used 79058K, committed 79680K, reserved 1179648K
  class space    used 10355K, committed 10688K, reserved 1048576K
}
Event: 219.204 GC heap after
{Heap after GC invocations=26 (full 0):
 garbage-first heap   total 245760K, used 54974K [0x000000064bc00000, 0x0000000800000000)
  region size 4096K, 3 young (12288K), 3 survivors (12288K)
 Metaspace       used 79058K, committed 79680K, reserved 1179648K
  class space    used 10355K, committed 10688K, reserved 1048576K
}

Dll operation events (20 events):
Event: 218.201 Loaded shared library /home/pan/.javacpp/cache/ffmpeg-6.0-1.5.9-linux-x86_64.jar/org/bytedeco/ffmpeg/linux-x86_64/libdrm.so.2
Event: 218.213 Loaded shared library /home/pan/.javacpp/cache/ffmpeg-6.0-1.5.9-linux-x86_64.jar/org/bytedeco/ffmpeg/linux-x86_64/libva-drm.so
Event: 218.230 Loaded shared library /home/pan/.javacpp/cache/ffmpeg-6.0-1.5.9-linux-x86_64.jar/org/bytedeco/ffmpeg/linux-x86_64/libavutil.so.58
Event: 218.236 Loaded shared library /home/pan/.javacpp/cache/ffmpeg-6.0-1.5.9-linux-x86_64.jar/org/bytedeco/ffmpeg/linux-x86_64/libjniavutil.so
Event: 218.254 Loaded shared library /home/pan/.javacpp/cache/ffmpeg-6.0-1.5.9-linux-x86_64.jar/org/bytedeco/ffmpeg/linux-x86_64/libswresample.so.4
Event: 218.257 Loaded shared library /home/pan/.javacpp/cache/ffmpeg-6.0-1.5.9-linux-x86_64.jar/org/bytedeco/ffmpeg/linux-x86_64/libjniswresample.so
Event: 218.267 Loaded shared library /home/pan/.javacpp/cache/ffmpeg-6.0-1.5.9-linux-x86_64.jar/org/bytedeco/ffmpeg/linux-x86_64/libavcodec.so.60
Event: 218.270 Loaded shared library /home/pan/.javacpp/cache/ffmpeg-6.0-1.5.9-linux-x86_64.jar/org/bytedeco/ffmpeg/linux-x86_64/libjniavcodec.so
Event: 218.286 Loaded shared library /home/pan/.javacpp/cache/ffmpeg-6.0-1.5.9-linux-x86_64.jar/org/bytedeco/ffmpeg/linux-x86_64/libavformat.so.60
Event: 218.289 Loaded shared library /home/pan/.javacpp/cache/ffmpeg-6.0-1.5.9-linux-x86_64.jar/org/bytedeco/ffmpeg/linux-x86_64/libjniavformat.so
Event: 218.299 Loaded shared library /home/pan/.javacpp/cache/ffmpeg-6.0-1.5.9-linux-x86_64.jar/org/bytedeco/ffmpeg/linux-x86_64/libswscale.so.7
Event: 218.301 Loaded shared library /home/pan/.javacpp/cache/ffmpeg-6.0-1.5.9-linux-x86_64.jar/org/bytedeco/ffmpeg/linux-x86_64/libjniswscale.so
Event: 218.319 Loaded shared library /home/pan/.javacpp/cache/ffmpeg-6.0-1.5.9-linux-x86_64.jar/org/bytedeco/ffmpeg/linux-x86_64/libavfilter.so.9
Event: 218.321 Loaded shared library /home/pan/.javacpp/cache/ffmpeg-6.0-1.5.9-linux-x86_64.jar/org/bytedeco/ffmpeg/linux-x86_64/libjniavfilter.so
Event: 218.331 Loaded shared library /home/pan/.javacpp/cache/ffmpeg-6.0-1.5.9-linux-x86_64.jar/org/bytedeco/ffmpeg/linux-x86_64/libavdevice.so.60
Event: 218.333 Loaded shared library /home/pan/.javacpp/cache/ffmpeg-6.0-1.5.9-linux-x86_64.jar/org/bytedeco/ffmpeg/linux-x86_64/libjniavdevice.so
Event: 219.060 Loaded shared library /tmp/libio_grpc_netty_shaded_netty_transport_native_epoll_x86_646699780235111235178.so
Event: 219.443 Loaded shared library /home/pan/.javacpp/cache/opencv-4.7.0-1.5.9-linux-x86_64.jar/org/bytedeco/opencv/linux-x86_64/libjniopencv_imgproc.so
Event: 219.462 Loaded shared library /home/pan/.javacpp/cache/opencv-4.7.0-1.5.9-linux-x86_64.jar/org/bytedeco/opencv/linux-x86_64/libopencv_imgcodecs.so.407
Event: 219.466 Loaded shared library /home/pan/.javacpp/cache/opencv-4.7.0-1.5.9-linux-x86_64.jar/org/bytedeco/opencv/linux-x86_64/libjniopencv_imgcodecs.so

Deoptimization events (20 events):
Event: 218.512 Thread 0x00007199f001a410 DEOPT PACKING pc=0x0000719b32304794 sp=0x0000719b181fe4c0
Event: 218.512 Thread 0x00007199f001a410 DEOPT UNPACKING pc=0x0000719b31456e2f sp=0x0000719b181fda70 mode 0
Event: 218.985 Thread 0x000071984c22d7f0 DEOPT PACKING pc=0x0000719b316782e4 sp=0x0000719aaa1fe570
Event: 218.985 Thread 0x000071984c22d7f0 DEOPT UNPACKING pc=0x0000719b31456e2f sp=0x0000719aaa1fdab0 mode 0
Event: 218.985 Thread 0x000071984c22c5e0 DEOPT PACKING pc=0x0000719b316782e4 sp=0x0000719b183fe570
Event: 218.985 Thread 0x000071984c22c5e0 DEOPT UNPACKING pc=0x0000719b31456e2f sp=0x0000719b183fdab0 mode 0
Event: 219.206 Thread 0x0000719b3e5bdab0 DEOPT PACKING pc=0x0000719b316782e4 sp=0x0000719abc0fe430
Event: 219.206 Thread 0x0000719b3e5bdab0 DEOPT UNPACKING pc=0x0000719b31456e2f sp=0x0000719abc0fd970 mode 0
Event: 220.612 Thread 0x0000719b3e5b9690 DEOPT PACKING pc=0x0000719b316782e4 sp=0x0000719abcffe500
Event: 220.612 Thread 0x0000719b3e5b9690 DEOPT UNPACKING pc=0x0000719b31456e2f sp=0x0000719abcffda28 mode 0
Event: 222.556 Thread 0x0000719b3e574d60 DEOPT PACKING pc=0x0000719b316782e4 sp=0x0000719b0c1fe500
Event: 222.556 Thread 0x0000719b3e574d60 DEOPT UNPACKING pc=0x0000719b31456e2f sp=0x0000719b0c1fda28 mode 0
Event: 222.579 Thread 0x0000719b3e5928b0 DEOPT PACKING pc=0x0000719b316782e4 sp=0x0000719abeffe500
Event: 222.580 Thread 0x0000719b3e5928b0 DEOPT UNPACKING pc=0x0000719b31456e2f sp=0x0000719abeffda28 mode 0
Event: 224.205 Thread 0x000071984c228a40 DEOPT PACKING pc=0x0000719b316782e4 sp=0x0000719ab6bfe570
Event: 224.205 Thread 0x000071984c228a40 DEOPT UNPACKING pc=0x0000719b31456e2f sp=0x0000719ab6bfdab0 mode 0
Event: 224.206 Thread 0x000071984c22f770 DEOPT PACKING pc=0x0000719b316782e4 sp=0x0000719aaabfe570
Event: 224.206 Thread 0x000071984c22f770 DEOPT UNPACKING pc=0x0000719b31456e2f sp=0x0000719aaabfdab0 mode 0
Event: 224.378 Thread 0x0000719b3e546900 DEOPT PACKING pc=0x0000719b32304794 sp=0x0000719b0e9fe500
Event: 224.378 Thread 0x0000719b3e546900 DEOPT UNPACKING pc=0x0000719b31456e2f sp=0x0000719b0e9fdab8 mode 0

Classes loaded (20 events):
Event: 219.174 Loading class javax/naming/spi/InitialContextFactory
Event: 219.174 Loading class javax/naming/spi/InitialContextFactory done
Event: 219.174 Loading class javax/naming/ConfigurationException
Event: 219.174 Loading class javax/naming/ConfigurationException done
Event: 219.194 Loading class sun/util/resources/LocaleData$CommonResourceBundleProvider
Event: 219.194 Loading class sun/util/resources/LocaleData$LocaleDataResourceBundleProvider
Event: 219.194 Loading class java/util/spi/ResourceBundleProvider
Event: 219.194 Loading class java/util/spi/ResourceBundleProvider done
Event: 219.194 Loading class sun/util/resources/LocaleData$LocaleDataResourceBundleProvider done
Event: 219.194 Loading class sun/util/resources/LocaleData$CommonResourceBundleProvider done
Event: 219.194 Loading class sun/util/resources/Bundles$2
Event: 219.194 Loading class sun/util/resources/Bundles$2 done
Event: 219.375 Loading class sun/misc/SharedSecrets
Event: 219.375 Loading class sun/misc/SharedSecrets done
Event: 219.377 Loading class java/nio/DirectFloatBufferU
Event: 219.377 Loading class java/nio/DirectFloatBufferU done
Event: 219.378 Loading class java/nio/DirectShortBufferU
Event: 219.378 Loading class java/nio/DirectShortBufferU done
Event: 224.380 Loading class java/lang/Throwable$WrappedPrintStream
Event: 224.380 Loading class java/lang/Throwable$WrappedPrintStream done

Classes unloaded (0 events):
No events

Classes redefined (0 events):
No events

Internal exceptions (20 events):
Event: 147.581 Thread 0x0000719b3e5907f0 Exception <a 'java/io/FileNotFoundException'{0x0000000659bf6e80}> (0x0000000659bf6e80) 
thrown [src/hotspot/share/prims/jni.cpp, line 516]
Event: 147.581 Thread 0x0000719b3e5907f0 Exception <a 'java/io/FileNotFoundException'{0x0000000659bf75a0}> (0x0000000659bf75a0) 
thrown [src/hotspot/share/prims/jni.cpp, line 516]
Event: 157.582 Thread 0x0000719b3e5907f0 Exception <a 'java/io/FileNotFoundException'{0x00000006595f1f88}> (0x00000006595f1f88) 
thrown [src/hotspot/share/prims/jni.cpp, line 516]
Event: 157.582 Thread 0x0000719b3e5907f0 Exception <a 'java/io/FileNotFoundException'{0x00000006595f26a8}> (0x00000006595f26a8) 
thrown [src/hotspot/share/prims/jni.cpp, line 516]
Event: 167.583 Thread 0x0000719b3e5907f0 Exception <a 'java/io/FileNotFoundException'{0x0000000659601738}> (0x0000000659601738) 
thrown [src/hotspot/share/prims/jni.cpp, line 516]
Event: 167.583 Thread 0x0000719b3e5907f0 Exception <a 'java/io/FileNotFoundException'{0x0000000659601e58}> (0x0000000659601e58) 
thrown [src/hotspot/share/prims/jni.cpp, line 516]
Event: 177.584 Thread 0x0000719b3e5907f0 Exception <a 'java/io/FileNotFoundException'{0x0000000659610ee8}> (0x0000000659610ee8) 
thrown [src/hotspot/share/prims/jni.cpp, line 516]
Event: 177.584 Thread 0x0000719b3e5907f0 Exception <a 'java/io/FileNotFoundException'{0x0000000659611608}> (0x0000000659611608) 
thrown [src/hotspot/share/prims/jni.cpp, line 516]
Event: 187.585 Thread 0x0000719b3e5907f0 Exception <a 'java/io/FileNotFoundException'{0x0000000659620698}> (0x0000000659620698) 
thrown [src/hotspot/share/prims/jni.cpp, line 516]
Event: 187.585 Thread 0x0000719b3e5907f0 Exception <a 'java/io/FileNotFoundException'{0x0000000659620db8}> (0x0000000659620db8) 
thrown [src/hotspot/share/prims/jni.cpp, line 516]
Event: 197.585 Thread 0x0000719b3e5907f0 Exception <a 'java/io/FileNotFoundException'{0x0000000659086a40}> (0x0000000659086a40) 
thrown [src/hotspot/share/prims/jni.cpp, line 516]
Event: 197.585 Thread 0x0000719b3e5907f0 Exception <a 'java/io/FileNotFoundException'{0x0000000659087160}> (0x0000000659087160) 
thrown [src/hotspot/share/prims/jni.cpp, line 516]
Event: 207.586 Thread 0x0000719b3e5907f0 Exception <a 'java/io/FileNotFoundException'{0x00000006590961f0}> (0x00000006590961f0) 
thrown [src/hotspot/share/prims/jni.cpp, line 516]
Event: 207.586 Thread 0x0000719b3e5907f0 Exception <a 'java/io/FileNotFoundException'{0x0000000659096910}> (0x0000000659096910) 
thrown [src/hotspot/share/prims/jni.cpp, line 516]
Event: 217.587 Thread 0x0000719b3e5907f0 Exception <a 'java/io/FileNotFoundException'{0x00000006590a59a0}> (0x00000006590a59a0) 
thrown [src/hotspot/share/prims/jni.cpp, line 516]
Event: 217.587 Thread 0x0000719b3e5907f0 Exception <a 'java/io/FileNotFoundException'{0x00000006590a60c0}> (0x00000006590a60c0) 
thrown [src/hotspot/share/prims/jni.cpp, line 516]
Event: 219.057 Thread 0x0000719b3e54ac70 Exception <a 'java/lang/UnsatisfiedLinkError'{0x0000000654222f18}: 'int io.grpc.netty.shaded.io.netty.channel.epoll.Native.offsetofEpollData()'> (0x0000000654222f18) 
thrown [src/hotspot/share/prims/nativeLookup.cpp, line 543]
Event: 219.058 Thread 0x0000719b3e54ac70 Exception <a 'java/lang/reflect/InvocationTargetException'{0x0000000654269390}> (0x0000000654269390) 
thrown [src/hotspot/share/runtime/reflection.cpp, line 1128]
Event: 219.375 Thread 0x00007198300e8bc0 Exception <a 'java/lang/ClassNotFoundException'{0x00000006572ca3e0}: sun/misc/SharedSecrets> (0x00000006572ca3e0) 
thrown [src/hotspot/share/classfile/systemDictionary.cpp, line 256]
Event: 224.379 Thread 0x00007198dd8681c0 Exception <a 'java/lang/InterruptedException'{0x000000065593d2e0}: sleep interrupted> (0x000000065593d2e0) 
thrown [src/hotspot/share/prims/jvm.cpp, line 3064]

VM Operations (20 events):
Event: 204.057 Executing VM operation: Cleanup
Event: 204.057 Executing VM operation: Cleanup done
Event: 213.058 Executing VM operation: Cleanup
Event: 213.058 Executing VM operation: Cleanup done
Event: 214.058 Executing VM operation: Cleanup
Event: 214.058 Executing VM operation: Cleanup done
Event: 218.059 Executing VM operation: Cleanup
Event: 218.059 Executing VM operation: Cleanup done
Event: 218.177 Executing VM operation: HandshakeAllThreads
Event: 218.177 Executing VM operation: HandshakeAllThreads done
Event: 219.177 Executing VM operation: Cleanup
Event: 219.177 Executing VM operation: Cleanup done
Event: 219.201 Executing VM operation: G1CollectForAllocation
Event: 219.204 Executing VM operation: G1CollectForAllocation done
Event: 220.204 Executing VM operation: Cleanup
Event: 220.204 Executing VM operation: Cleanup done
Event: 222.204 Executing VM operation: Cleanup
Event: 222.205 Executing VM operation: Cleanup done
Event: 223.205 Executing VM operation: Cleanup
Event: 223.205 Executing VM operation: Cleanup done

Memory protections (20 events):
Event: 222.116 Protecting memory [0x0000719a90d00000,0x0000719a90d04000] with protection modes 0
Event: 222.117 Protecting memory [0x0000719a90300000,0x0000719a90304000] with protection modes 0
Event: 222.117 Protecting memory [0x0000719a90200000,0x0000719a90204000] with protection modes 0
Event: 222.126 Protecting memory [0x0000719a90100000,0x0000719a90104000] with protection modes 0
Event: 222.243 Protecting memory [0x0000719a90000000,0x0000719a90004000] with protection modes 0
Event: 222.243 Protecting memory [0x0000719a87f00000,0x0000719a87f04000] with protection modes 0
Event: 222.243 Protecting memory [0x0000719a87500000,0x0000719a87504000] with protection modes 0
Event: 222.244 Protecting memory [0x0000719a86b00000,0x0000719a86b04000] with protection modes 0
Event: 222.296 Protecting memory [0x0000719a86100000,0x0000719a86104000] with protection modes 0
Event: 222.350 Protecting memory [0x0000719a85700000,0x0000719a85704000] with protection modes 0
Event: 222.480 Protecting memory [0x0000719a84d00000,0x0000719a84d04000] with protection modes 0
Event: 222.635 Protecting memory [0x0000719a84300000,0x0000719a84304000] with protection modes 0
Event: 223.079 Protecting memory [0x0000719a84200000,0x0000719a84204000] with protection modes 0
Event: 223.133 Protecting memory [0x0000719a84100000,0x0000719a84104000] with protection modes 0
Event: 223.206 Protecting memory [0x0000719a84000000,0x0000719a84004000] with protection modes 0
Event: 223.207 Protecting memory [0x0000719a7bf00000,0x0000719a7bf04000] with protection modes 0
Event: 223.646 Protecting memory [0x0000719a7a700000,0x0000719a7a704000] with protection modes 0
Event: 223.674 Protecting memory [0x0000719a7a100000,0x0000719a7a104000] with protection modes 0
Event: 224.126 Protecting memory [0x0000719a79900000,0x0000719a79904000] with protection modes 0
Event: 224.273 Protecting memory [0x0000719aaab00000,0x0000719aaab04000] with protection modes 0

Nmethod flushes (20 events):
Event: 7.447 Thread 0x0000719b3c167620 flushing  nmethod 0x0000719b31ca6410
Event: 7.447 Thread 0x0000719b3c167620 flushing  nmethod 0x0000719b31cb0310
Event: 7.447 Thread 0x0000719b3c167620 flushing  nmethod 0x0000719b31cb1090
Event: 7.447 Thread 0x0000719b3c167620 flushing  nmethod 0x0000719b31cb3290
Event: 7.447 Thread 0x0000719b3c167620 flushing  nmethod 0x0000719b31cbb110
Event: 7.447 Thread 0x0000719b3c167620 flushing  nmethod 0x0000719b31cc2790
Event: 7.447 Thread 0x0000719b3c167620 flushing  nmethod 0x0000719b31ce5390
Event: 7.447 Thread 0x0000719b3c167620 flushing  nmethod 0x0000719b31cf5090
Event: 7.448 Thread 0x0000719b3c167620 flushing  nmethod 0x0000719b31d37490
Event: 7.448 Thread 0x0000719b3c167620 flushing  nmethod 0x0000719b31d43c10
Event: 7.448 Thread 0x0000719b3c167620 flushing  nmethod 0x0000719b31d4ac10
Event: 7.448 Thread 0x0000719b3c167620 flushing  nmethod 0x0000719b31df7510
Event: 7.448 Thread 0x0000719b3c167620 flushing  nmethod 0x0000719b31e0cf10
Event: 7.448 Thread 0x0000719b3c167620 flushing  nmethod 0x0000719b31e2fd10
Event: 7.448 Thread 0x0000719b3c167620 flushing  nmethod 0x0000719b31e62690
Event: 7.448 Thread 0x0000719b3c167620 flushing  nmethod 0x0000719b31e87c90
Event: 7.449 Thread 0x0000719b3c167620 flushing  nmethod 0x0000719b31f35810
Event: 7.449 Thread 0x0000719b3c167620 flushing  nmethod 0x0000719b31f70d10
Event: 7.449 Thread 0x0000719b3c167620 flushing  nmethod 0x0000719b31f82790
Event: 7.449 Thread 0x0000719b3c167620 flushing  nmethod 0x0000719b31f9ae90

Events (20 events):
Event: 223.079 Thread 0x00007198dd865c50 Thread added: 0x000057ebac07d010
Event: 223.133 Thread 0x00007198b9bb69b0 Thread added: 0x000071983c00ea80
Event: 223.206 Thread 0x0000719704000ff0 Thread added: 0x00007196fc001840
Event: 223.207 Thread 0x00007196fc001840 Thread added: 0x0000719784001450
Event: 223.646 Thread 0x00007198b9bb69b0 Thread added: 0x000071983c00fd70
Event: 223.674 Thread 0x00007198dd865c50 Thread added: 0x000057ebac0b7440
Event: 224.126 Thread 0x0000719a9471ef10 Thread exited: 0x0000719a9471ef10
Event: 224.126 Thread 0x00007198b9bb69b0 Thread added: 0x000071983c011070
Event: 224.205 Thread 0x000071984c228a40 Thread exited: 0x000071984c228a40
Event: 224.206 Thread 0x000071984c22f770 Thread exited: 0x000071984c22f770
Event: 224.272 Thread 0x00007198dd865c50 Thread added: 0x000057ebac0b8750
Event: 224.380 Thread 0x00007198dd8681c0 Thread exited: 0x00007198dd8681c0
Event: 224.381 Thread 0x00007198dd866d10 Thread exited: 0x00007198dd866d10
Event: 224.382 Thread 0x000057ebac0b8750 Thread exited: 0x000057ebac0b8750
Event: 224.382 Thread 0x000057ebac07ab30 Thread exited: 0x000057ebac07ab30
Event: 224.382 Thread 0x000057ebac0794f0 Thread exited: 0x000057ebac0794f0
Event: 224.383 Thread 0x00007198dd865c50 Thread exited: 0x00007198dd865c50
Event: 224.383 Thread 0x000057ebac07d010 Thread exited: 0x000057ebac07d010
Event: 224.383 Thread 0x000057ebac0b7440 Thread exited: 0x000057ebac0b7440
Event: 224.383 Thread 0x000057ebac07bd80 Thread exited: 0x000057ebac07bd80


Dynamic libraries:
64bc00000-65a000000 rw-p 00000000 00:00 0 
65a000000-667000000 ---p 00000000 00:00 0 
667000000-667400000 rw-p 00000000 00:00 0 
667400000-7ff800000 ---p 00000000 00:00 0 
7ff800000-7ffb00000 rw-p 00000000 00:00 0 
7ffb00000-7ffb75000 rw-p 00c78000 103:02 4342152                         /home/pan/.jdks/corretto-17.0.14/lib/server/classes.jsa
7ffb75000-7ffc00000 rw-p 00000000 00:00 0 
7ffc00000-7ffc77000 rw-p 00c01000 103:02 4342152                         /home/pan/.jdks/corretto-17.0.14/lib/server/classes.jsa
7ffc77000-800000000 rw-p 00000000 00:00 0 
57eb78e00000-57eb78e01000 r-xp 00000000 103:02 4342252                   /home/pan/.jdks/corretto-17.0.14/bin/java
57eb79001000-57eb79002000 r--p 00001000 103:02 4342252                   /home/pan/.jdks/corretto-17.0.14/bin/java
57eb79002000-57eb79003000 rw-p 00002000 103:02 4342252                   /home/pan/.jdks/corretto-17.0.14/bin/java
57ebac077000-57ebac0bc000 rw-p 00000000 00:00 0                          [heap]
7196f0000000-7196f1c25000 rw-p 00000000 00:00 0 
7196f1c25000-7196f4000000 ---p 00000000 00:00 0 
7196f8000000-7196f81d0000 rw-p 00000000 00:00 0 
7196f81d0000-7196fc000000 ---p 00000000 00:00 0 
7196fc000000-7196fc021000 rw-p 00000000 00:00 0 
7196fc021000-719700000000 ---p 00000000 00:00 0 
719704000000-719704c1a000 rw-p 00000000 00:00 0 
719704c1a000-719708000000 ---p 00000000 00:00 0 
719708000000-7197089e5000 rw-p 00000000 00:00 0 
7197089e5000-71970c000000 ---p 00000000 00:00 0 
719710000000-7197108c9000 rw-p 00000000 00:00 0 
7197108c9000-719714000000 ---p 00000000 00:00 0 
719714000000-719714ac9000 rw-p 00000000 00:00 0 
719714ac9000-719718000000 ---p 00000000 00:00 0 
71971c000000-71971c629000 rw-p 00000000 00:00 0 
71971c629000-719720000000 ---p 00000000 00:00 0 
719720000000-7197208c7000 rw-p 00000000 00:00 0 
7197208c7000-719724000000 ---p 00000000 00:00 0 
719728000000-719728a71000 rw-p 00000000 00:00 0 
719728a71000-71972c000000 ---p 00000000 00:00 0 
71972c000000-71972c746000 rw-p 00000000 00:00 0 
71972c746000-719730000000 ---p 00000000 00:00 0 
719734000000-7197347ce000 rw-p 00000000 00:00 0 
7197347ce000-719738000000 ---p 00000000 00:00 0 
719738000000-719738a1b000 rw-p 00000000 00:00 0 
719738a1b000-71973c000000 ---p 00000000 00:00 0 
719740000000-71974075b000 rw-p 00000000 00:00 0 
71974075b000-719744000000 ---p 00000000 00:00 0 
719744000000-719744a42000 rw-p 00000000 00:00 0 
719744a42000-719748000000 ---p 00000000 00:00 0 
71974c000000-71974c619000 rw-p 00000000 00:00 0 
71974c619000-719750000000 ---p 00000000 00:00 0 
719750000000-7197505c9000 rw-p 00000000 00:00 0 
7197505c9000-719754000000 ---p 00000000 00:00 0 
719758000000-71975870a000 rw-p 00000000 00:00 0 
71975870a000-71975c000000 ---p 00000000 00:00 0 
719760000000-719760210000 rw-p 00000000 00:00 0 
719760210000-719764000000 ---p 00000000 00:00 0 
719768000000-719768210000 rw-p 00000000 00:00 0 
719768210000-71976c000000 ---p 00000000 00:00 0 
71976c000000-71976c210000 rw-p 00000000 00:00 0 
71976c210000-719770000000 ---p 00000000 00:00 0 
719774000000-719774210000 rw-p 00000000 00:00 0 
719774210000-719778000000 ---p 00000000 00:00 0 
719778000000-7197781d0000 rw-p 00000000 00:00 0 
7197781d0000-71977c000000 ---p 00000000 00:00 0 
71977c000000-71977c1d0000 rw-p 00000000 00:00 0 
71977c1d0000-719780000000 ---p 00000000 00:00 0 
719784000000-719784203000 rw-p 00000000 00:00 0 
719784203000-719788000000 ---p 00000000 00:00 0 
719788000000-719788021000 rw-p 00000000 00:00 0 
719788021000-71978c000000 ---p 00000000 00:00 0 
719790000000-7197901d0000 rw-p 00000000 00:00 0 
7197901d0000-719794000000 ---p 00000000 00:00 0 
719794000000-719794210000 rw-p 00000000 00:00 0 
719794210000-719798000000 ---p 00000000 00:00 0 
71979c000000-71979c021000 rw-p 00000000 00:00 0 
71979c021000-7197a0000000 ---p 00000000 00:00 0 
7197a0000000-7197a0021000 rw-p 00000000 00:00 0 
7197a0021000-7197a4000000 ---p 00000000 00:00 0 
7197a8000000-7197a8021000 rw-p 00000000 00:00 0 
7197a8021000-7197ac000000 ---p 00000000 00:00 0 
7197ac000000-7197ac225000 rw-p 00000000 00:00 0 
7197ac225000-7197b0000000 ---p 00000000 00:00 0 
7197b4000000-7197b4021000 rw-p 00000000 00:00 0 
7197b4021000-7197b8000000 ---p 00000000 00:00 0 
7197b8000000-7197b8021000 rw-p 00000000 00:00 0 
7197b8021000-7197bc000000 ---p 00000000 00:00 0 
7197c0000000-7197c05cf000 rw-p 00000000 00:00 0 
7197c05cf000-7197c4000000 ---p 00000000 00:00 0 
7197c4000000-7197c4623000 rw-p 00000000 00:00 0 
7197c4623000-7197c8000000 ---p 00000000 00:00 0 
7197c9600000-7197c9bef000 rw-p 00000000 00:00 0 
7197c9c00000-7197ca1ef000 rw-p 00000000 00:00 0 
7197ca200000-7197ca7ef000 rw-p 00000000 00:00 0 
7197ca800000-7197cadef000 rw-p 00000000 00:00 0 
7197cae00000-7197cb3ef000 rw-p 00000000 00:00 0 
7197cb400000-7197cb9ef000 rw-p 00000000 00:00 0 
7197cba00000-7197cbfef000 rw-p 00000000 00:00 0 
7197cc000000-7197cc5cf000 rw-p 00000000 00:00 0 
7197cc5cf000-7197d0000000 ---p 00000000 00:00 0 
7197d0000000-7197d063e000 rw-p 00000000 00:00 0 
7197d063e000-7197d4000000 ---p 00000000 00:00 0 
7197d4400000-7197d49ef000 rw-p 00000000 00:00 0 
7197d4a00000-7197d4fef000 rw-p 00000000 00:00 0 
7197d5000000-7197d55ef000 rw-p 00000000 00:00 0 
7197d5600000-7197d5bef000 rw-p 00000000 00:00 0 
7197d5c00000-7197d61ef000 rw-p 00000000 00:00 0 
7197d6200000-7197d67ef000 rw-p 00000000 00:00 0 
7197d6800000-7197d6def000 rw-p 00000000 00:00 0 
7197d6e00000-7197d73ef000 rw-p 00000000 00:00 0 
7197d7400000-7197d79ef000 rw-p 00000000 00:00 0 
7197d7a00000-7197d7fef000 rw-p 00000000 00:00 0 
7197d8000000-7197d85cf000 rw-p 00000000 00:00 0 
7197d85cf000-7197dc000000 ---p 00000000 00:00 0 
7197dc000000-7197dc63f000 rw-p 00000000 00:00 0 
7197dc63f000-7197e0000000 ---p 00000000 00:00 0 
7197e0400000-7197e09ef000 rw-p 00000000 00:00 0 
7197e0a00000-7197e0fef000 rw-p 00000000 00:00 0 
7197e1000000-7197e15ef000 rw-p 00000000 00:00 0 
7197e1600000-7197e1bef000 rw-p 00000000 00:00 0 
7197e1c00000-7197e21ef000 rw-p 00000000 00:00 0 
7197e2200000-7197e27ef000 rw-p 00000000 00:00 0 
7197e2800000-7197e2def000 rw-p 00000000 00:00 0 
7197e2e00000-7197e33ef000 rw-p 00000000 00:00 0 
7197e3400000-7197e39ef000 rw-p 00000000 00:00 0 
7197e3a00000-7197e3fef000 rw-p 00000000 00:00 0 
7197e4000000-7197e45cf000 rw-p 00000000 00:00 0 
7197e45cf000-7197e8000000 ---p 00000000 00:00 0 
7197e8000000-7197e863f000 rw-p 00000000 00:00 0 
7197e863f000-7197ec000000 ---p 00000000 00:00 0 
7197ec400000-7197ec9ef000 rw-p 00000000 00:00 0 
7197eca00000-7197ecfef000 rw-p 00000000 00:00 0 
7197ed000000-7197ed5ef000 rw-p 00000000 00:00 0 
7197ed600000-7197edbef000 rw-p 00000000 00:00 0 
7197edc00000-7197ee1ef000 rw-p 00000000 00:00 0 
7197ee200000-7197ee7ef000 rw-p 00000000 00:00 0 
7197ee800000-7197eedef000 rw-p 00000000 00:00 0 
7197eee00000-7197ef3ef000 rw-p 00000000 00:00 0 
7197ef400000-7197ef9ef000 rw-p 00000000 00:00 0 
7197efa00000-7197effef000 rw-p 00000000 00:00 0 
7197f0000000-7197f05d1000 rw-p 00000000 00:00 0 
7197f05d1000-7197f4000000 ---p 00000000 00:00 0 
7197f4000000-7197f463e000 rw-p 00000000 00:00 0 
7197f463e000-7197f8000000 ---p 00000000 00:00 0 
7197f8400000-7197f89ef000 rw-p 00000000 00:00 0 
7197f8a00000-7197f8fef000 rw-p 00000000 00:00 0 
7197f9000000-7197f95ef000 rw-p 00000000 00:00 0 
7197f9600000-7197f9bef000 rw-p 00000000 00:00 0 
7197f9c00000-7197fa1ef000 rw-p 00000000 00:00 0 
7197fa200000-7197fa7ef000 rw-p 00000000 00:00 0 
7197fa800000-7197fadef000 rw-p 00000000 00:00 0 
7197fae00000-7197fb3ef000 rw-p 00000000 00:00 0 
7197fb400000-7197fb9ef000 rw-p 00000000 00:00 0 
7197fba00000-7197fbfef000 rw-p 00000000 00:00 0 
7197fc000000-7197fc5ce000 rw-p 00000000 00:00 0 
7197fc5ce000-719800000000 ---p 00000000 00:00 0 
719800000000-719800640000 rw-p 00000000 00:00 0 
719800640000-719804000000 ---p 00000000 00:00 0 
719804400000-7198049ef000 rw-p 00000000 00:00 0 
719804a00000-719804fef000 rw-p 00000000 00:00 0 
719805000000-7198055ef000 rw-p 00000000 00:00 0 
719805600000-719805bef000 rw-p 00000000 00:00 0 
719805c00000-7198061ef000 rw-p 00000000 00:00 0 
719806200000-7198067ef000 rw-p 00000000 00:00 0 
719806800000-719806def000 rw-p 00000000 00:00 0 
719806e00000-7198073ef000 rw-p 00000000 00:00 0 
719807400000-7198079ef000 rw-p 00000000 00:00 0 
719807a00000-719807fef000 rw-p 00000000 00:00 0 
719808000000-7198085d2000 rw-p 00000000 00:00 0 
7198085d2000-71980c000000 ---p 00000000 00:00 0 
71980c000000-71980c5cf000 rw-p 00000000 00:00 0 
71980c5cf000-719810000000 ---p 00000000 00:00 0 
719810400000-7198109ef000 rw-p 00000000 00:00 0 
719810a00000-719810fef000 rw-p 00000000 00:00 0 
719811000000-7198115ef000 rw-p 00000000 00:00 0 
719811600000-719811bef000 rw-p 00000000 00:00 0 
719811c00000-7198121ef000 rw-p 00000000 00:00 0 
719812200000-7198127ef000 rw-p 00000000 00:00 0 
719812800000-719812def000 rw-p 00000000 00:00 0 
719812e00000-7198133ef000 rw-p 00000000 00:00 0 
719813400000-7198139ef000 rw-p 00000000 00:00 0 
719813a00000-719813fef000 rw-p 00000000 00:00 0 
719814000000-7198147e0000 rw-p 00000000 00:00 0 
7198147e0000-719818000000 ---p 00000000 00:00 0 
719818000000-719818021000 rw-p 00000000 00:00 0 
719818021000-71981c000000 ---p 00000000 00:00 0 
71981c000000-71981c03f000 rw-p 00000000 00:00 0 
71981c03f000-719820000000 ---p 00000000 00:00 0 
719820400000-7198209ef000 rw-p 00000000 00:00 0 
719820a00000-719820fef000 rw-p 00000000 00:00 0 
719821000000-7198215ef000 rw-p 00000000 00:00 0 
719821600000-719821bef000 rw-p 00000000 00:00 0 
719821c00000-7198221ef000 rw-p 00000000 00:00 0 
719822200000-7198227ef000 rw-p 00000000 00:00 0 
719822800000-719822def000 rw-p 00000000 00:00 0 
719822e00000-7198233ef000 rw-p 00000000 00:00 0 
719823400000-7198239ef000 rw-p 00000000 00:00 0 
719823a00000-719823fef000 rw-p 00000000 00:00 0 
719824000000-719824211000 rw-p 00000000 00:00 0 
719824211000-719828000000 ---p 00000000 00:00 0 
719828000000-71982806d000 rw-p 00000000 00:00 0 
71982806d000-71982c000000 ---p 00000000 00:00 0 
71982c400000-71982c9ef000 rw-p 00000000 00:00 0 
71982ca00000-71982cfef000 rw-p 00000000 00:00 0 
71982d000000-71982d5ef000 rw-p 00000000 00:00 0 
71982d600000-71982dbef000 rw-p 00000000 00:00 0 
71982dc00000-71982e1ef000 rw-p 00000000 00:00 0 
71982e200000-71982e7ef000 rw-p 00000000 00:00 0 
71982e800000-71982edef000 rw-p 00000000 00:00 0 
71982ee00000-71982f3ef000 rw-p 00000000 00:00 0 
71982f400000-71982f9ef000 rw-p 00000000 00:00 0 
71982fa00000-71982ffef000 rw-p 00000000 00:00 0 
719830000000-719830107000 rw-p 00000000 00:00 0 
719830107000-719834000000 ---p 00000000 00:00 0 
719834000000-719834217000 rw-p 00000000 00:00 0 
719834217000-719838000000 ---p 00000000 00:00 0 
719838400000-7198389ef000 rw-p 00000000 00:00 0 
719838a00000-719838fef000 rw-p 00000000 00:00 0 
719839000000-7198395ef000 rw-p 00000000 00:00 0 
719839600000-719839bef000 rw-p 00000000 00:00 0 
719839c00000-71983a1ef000 rw-p 00000000 00:00 0 
71983a200000-71983a7ef000 rw-p 00000000 00:00 0 
71983a800000-71983adef000 rw-p 00000000 00:00 0 
71983ae00000-71983b3ef000 rw-p 00000000 00:00 0 
71983b400000-71983b9ef000 rw-p 00000000 00:00 0 
71983ba00000-71983bfef000 rw-p 00000000 00:00 0 
71983c000000-71983c021000 rw-p 00000000 00:00 0 
71983c021000-719840000000 ---p 00000000 00:00 0 
719840000000-719840021000 rw-p 00000000 00:00 0 
719840021000-719844000000 ---p 00000000 00:00 0 
719844400000-7198449ef000 rw-p 00000000 00:00 0 
719844a00000-719844fef000 rw-p 00000000 00:00 0 
719845000000-7198455ef000 rw-p 00000000 00:00 0 
719845600000-719845bef000 rw-p 00000000 00:00 0 
719845c00000-7198461ef000 rw-p 00000000 00:00 0 
719846200000-7198467ef000 rw-p 00000000 00:00 0 
719846800000-719846def000 rw-p 00000000 00:00 0 
719846e00000-7198473ef000 rw-p 00000000 00:00 0 
719847400000-7198479ef000 rw-p 00000000 00:00 0 
719847a00000-719847fef000 rw-p 00000000 00:00 0 
719848000000-71984820a000 rw-p 00000000 00:00 0 
71984820a000-71984c000000 ---p 00000000 00:00 0 
71984c000000-71984c23d000 rw-p 00000000 00:00 0 
71984c23d000-719850000000 ---p 00000000 00:00 0 
719850400000-7198509ef000 rw-p 00000000 00:00 0 
719850a00000-719850fef000 rw-p 00000000 00:00 0 
719851000000-7198515ef000 rw-p 00000000 00:00 0 
719851600000-719851bef000 rw-p 00000000 00:00 0 
719851c00000-7198521ef000 rw-p 00000000 00:00 0 
719852200000-7198527ef000 rw-p 00000000 00:00 0 
719852800000-719852def000 rw-p 00000000 00:00 0 
719852e00000-7198533ef000 rw-p 00000000 00:00 0 
719853400000-7198539ef000 rw-p 00000000 00:00 0 
719853a00000-719853fef000 rw-p 00000000 00:00 0 
719854000000-7198545cf000 rw-p 00000000 00:00 0 
7198545cf000-719858000000 ---p 00000000 00:00 0 
719858000000-7198589fc000 rw-p 00000000 00:00 0 
7198589fc000-71985c000000 ---p 00000000 00:00 0 
71985c400000-71985c9ef000 rw-p 00000000 00:00 0 
71985ca00000-71985cfef000 rw-p 00000000 00:00 0 
71985d000000-71985d5ef000 rw-p 00000000 00:00 0 
71985d600000-71985dbef000 rw-p 00000000 00:00 0 
71985dc00000-71985e1ef000 rw-p 00000000 00:00 0 
71985e200000-71985e7ef000 rw-p 00000000 00:00 0 
71985e800000-71985edef000 rw-p 00000000 00:00 0 
71985ee00000-71985f3ef000 rw-p 00000000 00:00 0 
71985f400000-71985f9ef000 rw-p 00000000 00:00 0 
71985fa00000-71985ffef000 rw-p 00000000 00:00 0 
719860000000-7198600ec000 rw-p 00000000 00:00 0 
7198600ec000-719864000000 ---p 00000000 00:00 0 
719864000000-719864021000 rw-p 00000000 00:00 0 
719864021000-719868000000 ---p 00000000 00:00 0 
719868400000-7198689ef000 rw-p 00000000 00:00 0 
719868a00000-719868fef000 rw-p 00000000 00:00 0 
719869000000-7198695ef000 rw-p 00000000 00:00 0 
719869600000-719869bef000 rw-p 00000000 00:00 0 
719869c00000-71986a1ef000 rw-p 00000000 00:00 0 
71986a200000-71986a7ef000 rw-p 00000000 00:00 0 
71986a800000-71986adef000 rw-p 00000000 00:00 0 
71986ae00000-71986b3ef000 rw-p 00000000 00:00 0 
71986b400000-71986b9ef000 rw-p 00000000 00:00 0 
71986ba00000-71986bfef000 rw-p 00000000 00:00 0 
71986c000000-71986c021000 rw-p 00000000 00:00 0 
71986c021000-719870000000 ---p 00000000 00:00 0 
719870000000-71987020e000 rw-p 00000000 00:00 0 
71987020e000-719874000000 ---p 00000000 00:00 0 
719874600000-719874bef000 rw-p 00000000 00:00 0 
719874c00000-7198751ef000 rw-p 00000000 00:00 0 
719875200000-7198757ef000 rw-p 00000000 00:00 0 
719875800000-719875def000 rw-p 00000000 00:00 0 
719875e00000-7198763ef000 rw-p 00000000 00:00 0 
719876400000-7198769ef000 rw-p 00000000 00:00 0 
719876a00000-719876fef000 rw-p 00000000 00:00 0 
719877000000-7198775ef000 rw-p 00000000 00:00 0 
719877600000-719877bef000 rw-p 00000000 00:00 0 
719878000000-719878021000 rw-p 00000000 00:00 0 
719878021000-71987c000000 ---p 00000000 00:00 0 
71987c000000-71987c021000 rw-p 00000000 00:00 0 
71987c021000-719880000000 ---p 00000000 00:00 0 
719881000000-7198815ef000 rw-p 00000000 00:00 0 
719881600000-719881bef000 rw-p 00000000 00:00 0 
719882200000-719882201000 ---p 00000000 00:00 0 
719882201000-719882a01000 rw-p 00000000 00:00 0 
719882c00000-719882c01000 ---p 00000000 00:00 0 
719882c01000-719883401000 rw-p 00000000 00:00 0 
719883600000-719883601000 ---p 00000000 00:00 0 
719883601000-719883e01000 rw-p 00000000 00:00 0 
719884000000-719884021000 rw-p 00000000 00:00 0 
719884021000-719888000000 ---p 00000000 00:00 0 
719888000000-719888021000 rw-p 00000000 00:00 0 
719888021000-71988c000000 ---p 00000000 00:00 0 
71988c400000-71988c401000 ---p 00000000 00:00 0 
71988c401000-71988cc01000 rw-p 00000000 00:00 0 
719890000000-719890021000 rw-p 00000000 00:00 0 
719890021000-719894000000 ---p 00000000 00:00 0 
719894000000-719894021000 rw-p 00000000 00:00 0 
719894021000-719898000000 ---p 00000000 00:00 0 
71989c000000-71989c021000 rw-p 00000000 00:00 0 
71989c021000-7198a0000000 ---p 00000000 00:00 0 
7198a0000000-7198a0021000 rw-p 00000000 00:00 0 
7198a0021000-7198a4000000 ---p 00000000 00:00 0 
7198a5000000-7198a55ef000 rw-p 00000000 00:00 0 
7198a5600000-7198a5bef000 rw-p 00000000 00:00 0 
7198a5c00000-7198a61ef000 rw-p 00000000 00:00 0 
7198a6200000-7198a67ef000 rw-p 00000000 00:00 0 
7198a6800000-7198a6def000 rw-p 00000000 00:00 0 
7198a6e00000-7198a73ef000 rw-p 00000000 00:00 0 
7198a7400000-7198a79ef000 rw-p 00000000 00:00 0 
7198a7a00000-7198a7fef000 rw-p 00000000 00:00 0 
7198a8000000-7198a8021000 rw-p 00000000 00:00 0 
7198a8021000-7198ac000000 ---p 00000000 00:00 0 
7198ac000000-7198ac021000 rw-p 00000000 00:00 0 
7198ac021000-7198b0000000 ---p 00000000 00:00 0 
7198b0400000-7198b09ef000 rw-p 00000000 00:00 0 
7198b0a00000-7198b0fef000 rw-p 00000000 00:00 0 
7198b1000000-7198b15ef000 rw-p 00000000 00:00 0 
7198b1600000-7198b1bef000 rw-p 00000000 00:00 0 
7198b1c00000-7198b21ef000 rw-p 00000000 00:00 0 
7198b2200000-7198b27ef000 rw-p 00000000 00:00 0 
7198b2800000-7198b2def000 rw-p 00000000 00:00 0 
7198b2e00000-7198b33ef000 rw-p 00000000 00:00 0 
7198b3400000-7198b39ef000 rw-p 00000000 00:00 0 
7198b3a00000-7198b3fef000 rw-p 00000000 00:00 0 
7198b4000000-7198b4021000 rw-p 00000000 00:00 0 
7198b4021000-7198b8000000 ---p 00000000 00:00 0 
7198b8000000-7198b9bbb000 rw-p 00000000 00:00 0 
7198b9bbb000-7198bc000000 ---p 00000000 00:00 0 
7198bc400000-7198bc9ef000 rw-p 00000000 00:00 0 
7198bca00000-7198bcfef000 rw-p 00000000 00:00 0 
7198bd000000-7198bd5ef000 rw-p 00000000 00:00 0 
7198bd600000-7198bdbef000 rw-p 00000000 00:00 0 
7198bdc00000-7198be1ef000 rw-p 00000000 00:00 0 
7198be200000-7198be7ef000 rw-p 00000000 00:00 0 
7198be800000-7198bedef000 rw-p 00000000 00:00 0 
7198bee00000-7198bf3ef000 rw-p 00000000 00:00 0 
7198bf400000-7198bf9ef000 rw-p 00000000 00:00 0 
7198bfa00000-7198bffef000 rw-p 00000000 00:00 0 
7198c0000000-7198c0021000 rw-p 00000000 00:00 0 
7198c0021000-7198c4000000 ---p 00000000 00:00 0 
7198c4000000-7198c4021000 rw-p 00000000 00:00 0 
7198c4021000-7198c8000000 ---p 00000000 00:00 0 
7198c8400000-7198c89ef000 rw-p 00000000 00:00 0 
7198c8a00000-7198c8fef000 rw-p 00000000 00:00 0 
7198c9000000-7198c95ef000 rw-p 00000000 00:00 0 
7198c9600000-7198c9bef000 rw-p 00000000 00:00 0 
7198c9c00000-7198ca1ef000 rw-p 00000000 00:00 0 
7198ca200000-7198ca7ef000 rw-p 00000000 00:00 0 
7198ca800000-7198cadef000 rw-p 00000000 00:00 0 
7198cae00000-7198cb3ef000 rw-p 00000000 00:00 0 
7198cb400000-7198cb9ef000 rw-p 00000000 00:00 0 
7198cba00000-7198cbfef000 rw-p 00000000 00:00 0 
7198cc000000-7198cc021000 rw-p 00000000 00:00 0 
7198cc021000-7198d0000000 ---p 00000000 00:00 0 
7198d0000000-7198d0021000 rw-p 00000000 00:00 0 
7198d0021000-7198d4000000 ---p 00000000 00:00 0 
7198d4400000-7198d49ef000 rw-p 00000000 00:00 0 
7198d4a00000-7198d4fef000 rw-p 00000000 00:00 0 
7198d5000000-7198d55ef000 rw-p 00000000 00:00 0 
7198d5600000-7198d5bef000 rw-p 00000000 00:00 0 
7198d5c00000-7198d61ef000 rw-p 00000000 00:00 0 
7198d6200000-7198d67ef000 rw-p 00000000 00:00 0 
7198d6800000-7198d6def000 rw-p 00000000 00:00 0 
7198d6e00000-7198d73ef000 rw-p 00000000 00:00 0 
7198d7400000-7198d79ef000 rw-p 00000000 00:00 0 
7198d7a00000-7198d7fef000 rw-p 00000000 00:00 0 
7198d8000000-7198d8021000 rw-p 00000000 00:00 0 
7198d8021000-7198dc000000 ---p 00000000 00:00 0 
7198dc000000-7198dd86c000 rw-p 00000000 00:00 0 
7198dd86c000-7198e0000000 ---p 00000000 00:00 0 
7198e0400000-7198e09ef000 rw-p 00000000 00:00 0 
7198e0a00000-7198e0fef000 rw-p 00000000 00:00 0 
7198e1000000-7198e15ef000 rw-p 00000000 00:00 0 
7198e1600000-7198e1bef000 rw-p 00000000 00:00 0 
7198e1c00000-7198e21ef000 rw-p 00000000 00:00 0 
7198e2200000-7198e27ef000 rw-p 00000000 00:00 0 
7198e2800000-7198e2def000 rw-p 00000000 00:00 0 
7198e2e00000-7198e33ef000 rw-p 00000000 00:00 0 
7198e3400000-7198e39ef000 rw-p 00000000 00:00 0 
7198e3a00000-7198e3fef000 rw-p 00000000 00:00 0 
7198e4000000-7198e4021000 rw-p 00000000 00:00 0 
7198e4021000-7198e8000000 ---p 00000000 00:00 0 
7198e8000000-7199d8000000 rw-p 00000000 00:00 0 
7199d8000000-7199d8021000 rw-p 00000000 00:00 0 
7199d8021000-7199dc000000 ---p 00000000 00:00 0 
7199dc400000-7199dc9ef000 rw-p 00000000 00:00 0 
7199dca00000-7199dcfef000 rw-p 00000000 00:00 0 
7199dd000000-7199dd5ef000 rw-p 00000000 00:00 0 
7199dd600000-7199ddbef000 rw-p 00000000 00:00 0 
7199ddc00000-7199de1ef000 rw-p 00000000 00:00 0 
7199de200000-7199de7ef000 rw-p 00000000 00:00 0 
7199de800000-7199dedef000 rw-p 00000000 00:00 0 
7199dee00000-7199df3ef000 rw-p 00000000 00:00 0 
7199df400000-7199df9ef000 rw-p 00000000 00:00 0 
7199dfa00000-7199dffef000 rw-p 00000000 00:00 0 
7199e0000000-7199e0021000 rw-p 00000000 00:00 0 
7199e0021000-7199e4000000 ---p 00000000 00:00 0 
7199e4000000-7199e4021000 rw-p 00000000 00:00 0 
7199e4021000-7199e8000000 ---p 00000000 00:00 0 
7199e8400000-7199e89ef000 rw-p 00000000 00:00 0 
7199e8a00000-7199e8fef000 rw-p 00000000 00:00 0 
7199e9000000-7199e95ef000 rw-p 00000000 00:00 0 
7199e9600000-7199e9bef000 rw-p 00000000 00:00 0 
7199e9c00000-7199ea1ef000 rw-p 00000000 00:00 0 
7199ea200000-7199ea7ef000 rw-p 00000000 00:00 0 
7199ea800000-7199eadef000 rw-p 00000000 00:00 0 
7199eae00000-7199eb3ef000 rw-p 00000000 00:00 0 
7199eb400000-7199eb9ef000 rw-p 00000000 00:00 0 
7199eba00000-7199ebfef000 rw-p 00000000 00:00 0 
7199ec000000-7199ec021000 rw-p 00000000 00:00 0 
7199ec021000-7199f0000000 ---p 00000000 00:00 0 
7199f0000000-7199f0065000 rw-p 00000000 00:00 0 
7199f0065000-7199f4000000 ---p 00000000 00:00 0 
7199f4400000-7199f49ef000 rw-p 00000000 00:00 0 
7199f4a00000-7199f4fef000 rw-p 00000000 00:00 0 
7199f5000000-7199f55ef000 rw-p 00000000 00:00 0 
7199f5600000-7199f5bef000 rw-p 00000000 00:00 0 
7199f5c00000-7199f61ef000 rw-p 00000000 00:00 0 
7199f6200000-7199f67ef000 rw-p 00000000 00:00 0 
7199f6800000-7199f6def000 rw-p 00000000 00:00 0 
7199f6e00000-7199f73ef000 rw-p 00000000 00:00 0 
7199f7400000-7199f79ef000 rw-p 00000000 00:00 0 
7199f7a00000-7199f7fef000 rw-p 00000000 00:00 0 
7199f8000000-7199f8021000 rw-p 00000000 00:00 0 
7199f8021000-7199fc000000 ---p 00000000 00:00 0 
7199fc000000-7199fc021000 rw-p 00000000 00:00 0 
7199fc021000-719a00000000 ---p 00000000 00:00 0 
719a00400000-719a009ef000 rw-p 00000000 00:00 0 
719a00a00000-719a00fef000 rw-p 00000000 00:00 0 
719a01000000-719a015ef000 rw-p 00000000 00:00 0 
719a01600000-719a01bef000 rw-p 00000000 00:00 0 
719a01c00000-719a021ef000 rw-p 00000000 00:00 0 
719a02200000-719a027ef000 rw-p 00000000 00:00 0 
719a02800000-719a02def000 rw-p 00000000 00:00 0 
719a02e00000-719a033ef000 rw-p 00000000 00:00 0 
719a03400000-719a039ef000 rw-p 00000000 00:00 0 
719a03a00000-719a03fef000 rw-p 00000000 00:00 0 
719a04000000-719a04021000 rw-p 00000000 00:00 0 
719a04021000-719a08000000 ---p 00000000 00:00 0 
719a08000000-719a08021000 rw-p 00000000 00:00 0 
719a08021000-719a0c000000 ---p 00000000 00:00 0 
719a0c400000-719a0c9ef000 rw-p 00000000 00:00 0 
719a0ca00000-719a0cfef000 rw-p 00000000 00:00 0 
719a0d000000-719a0d5ef000 rw-p 00000000 00:00 0 
719a0d600000-719a0dbef000 rw-p 00000000 00:00 0 
719a0dc00000-719a0e1ef000 rw-p 00000000 00:00 0 
719a0e200000-719a0e7ef000 rw-p 00000000 00:00 0 
719a0e800000-719a0edef000 rw-p 00000000 00:00 0 
719a0ee00000-719a0f3ef000 rw-p 00000000 00:00 0 
719a0f400000-719a0f9ef000 rw-p 00000000 00:00 0 
719a0fa00000-719a0ffef000 rw-p 00000000 00:00 0 
719a10000000-719a10021000 rw-p 00000000 00:00 0 
719a10021000-719a14000000 ---p 00000000 00:00 0 
719a14000000-719a1439d000 rw-p 00000000 00:00 0 
719a1439d000-719a18000000 ---p 00000000 00:00 0 
719a18200000-719a187ef000 rw-p 00000000 00:00 0 
719a18800000-719a18def000 rw-p 00000000 00:00 0 
719a18e00000-719a18e1e000 r--p 00000000 103:02 5259726                   /home/pan/.javacpp/cache/opencv-4.7.0-1.5.9-linux-x86_64.jar/org/bytedeco/opencv/linux-x86_64/libopencv_imgcodecs.so.407
719a18e1e000-719a1902e000 r-xp 0001e000 103:02 5259726                   /home/pan/.javacpp/cache/opencv-4.7.0-1.5.9-linux-x86_64.jar/org/bytedeco/opencv/linux-x86_64/libopencv_imgcodecs.so.407
719a1902e000-719a1914c000 r--p 0022e000 103:02 5259726                   /home/pan/.javacpp/cache/opencv-4.7.0-1.5.9-linux-x86_64.jar/org/bytedeco/opencv/linux-x86_64/libopencv_imgcodecs.so.407
719a1914c000-719a19156000 r--p 0034b000 103:02 5259726                   /home/pan/.javacpp/cache/opencv-4.7.0-1.5.9-linux-x86_64.jar/org/bytedeco/opencv/linux-x86_64/libopencv_imgcodecs.so.407
719a19156000-719a1915b000 rw-p 00355000 103:02 5259726                   /home/pan/.javacpp/cache/opencv-4.7.0-1.5.9-linux-x86_64.jar/org/bytedeco/opencv/linux-x86_64/libopencv_imgcodecs.so.407
719a1915b000-719a191c4000 rw-p 00000000 00:00 0 
719a19200000-719a197ef000 rw-p 00000000 00:00 0 
719a19800000-719a19801000 ---p 00000000 00:00 0 
719a19801000-719a1a001000 rw-p 00000000 00:00 0 
719a1a200000-719a1a201000 ---p 00000000 00:00 0 
719a1a201000-719a1aa01000 rw-p 00000000 00:00 0 
719a1ac00000-719a1ac01000 ---p 00000000 00:00 0 
719a1ac01000-719a1b401000 rw-p 00000000 00:00 0 
719a1b600000-719a1b601000 ---p 00000000 00:00 0 
719a1b601000-719a1be01000 rw-p 00000000 00:00 0 
719a1c000000-719a1c03d000 rw-p 00000000 00:00 0 
719a1c03d000-719a20000000 ---p 00000000 00:00 0 
719a20000000-719a20309000 rw-p 00000000 00:00 0 
719a20309000-719a24000000 ---p 00000000 00:00 0 
719a24200000-719a247ef000 rw-p 00000000 00:00 0 
719a24800000-719a24def000 rw-p 00000000 00:00 0 
719a24e00000-719a24e01000 ---p 00000000 00:00 0 
719a24e01000-719a25601000 rw-p 00000000 00:00 0 
719a25800000-719a25801000 ---p 00000000 00:00 0 
719a25801000-719a26001000 rw-p 00000000 00:00 0 
719a26200000-719a26201000 ---p 00000000 00:00 0 
719a26201000-719a26a01000 rw-p 00000000 00:00 0 
719a26c00000-719a26c01000 ---p 00000000 00:00 0 
719a26c01000-719a27401000 rw-p 00000000 00:00 0 
719a27600000-719a27601000 ---p 00000000 00:00 0 
719a27601000-719a27e01000 rw-p 00000000 00:00 0 
719a28000000-719a28021000 rw-p 00000000 00:00 0 
719a28021000-719a2c000000 ---p 00000000 00:00 0 
719a2c000000-719a2c021000 rw-p 00000000 00:00 0 
719a2c021000-719a30000000 ---p 00000000 00:00 0 
719a30400000-719a30401000 ---p 00000000 00:00 0 
719a30401000-719a30c01000 rw-p 00000000 00:00 0 
719a30e00000-719a30e01000 ---p 00000000 00:00 0 
719a30e01000-719a31601000 rw-p 00000000 00:00 0 
719a31800000-719a31801000 ---p 00000000 00:00 0 
719a31801000-719a32001000 rw-p 00000000 00:00 0 
719a32200000-719a32201000 ---p 00000000 00:00 0 
719a32201000-719a32a01000 rw-p 00000000 00:00 0 
719a32c00000-719a32c01000 ---p 00000000 00:00 0 
719a32c01000-719a33401000 rw-p 00000000 00:00 0 
719a33600000-719a33601000 ---p 00000000 00:00 0 
719a33601000-719a33e01000 rw-p 00000000 00:00 0 
719a34000000-719a34021000 rw-p 00000000 00:00 0 
719a34021000-719a38000000 ---p 00000000 00:00 0 
719a38000000-719a38021000 rw-p 00000000 00:00 0 
719a38021000-719a3c000000 ---p 00000000 00:00 0 
719a3c200000-719a3c7ef000 rw-p 00000000 00:00 0 
719a3c800000-719a3cdef000 rw-p 00000000 00:00 0 
719a3ce00000-719a3d3ef000 rw-p 00000000 00:00 0 
719a3d400000-719a3d9ef000 rw-p 00000000 00:00 0 
719a3da00000-719a3dfef000 rw-p 00000000 00:00 0 
719a3e000000-719a3e5ef000 rw-p 00000000 00:00 0 
719a3e600000-719a3ebef000 rw-p 00000000 00:00 0 
719a3ec00000-719a3eef8000 rw-p 00000000 00:00 0 
719a3f000000-719a3f346000 rw-p 00000000 00:00 0 
719a3f400000-719a3f746000 rw-p 00000000 00:00 0 
719a3f800000-719a3fb46000 rw-p 00000000 00:00 0 
719a3fc00000-719a3ff46000 rw-p 00000000 00:00 0 
719a40000000-719a40021000 rw-p 00000000 00:00 0 
719a40021000-719a44000000 ---p 00000000 00:00 0 
719a44000000-719a44021000 rw-p 00000000 00:00 0 
719a44021000-719a48000000 ---p 00000000 00:00 0 
719a48400000-719a48746000 rw-p 00000000 00:00 0 
719a48800000-719a48afe000 rw-p 00000000 00:00 0 
719a48c00000-719a48c12000 r-xp 00000000 103:02 1182020                   /tmp/libio_grpc_netty_shaded_netty_transport_native_epoll_x86_646699780235111235178.so (deleted)
719a48c12000-719a48e11000 ---p 00012000 103:02 1182020                   /tmp/libio_grpc_netty_shaded_netty_transport_native_epoll_x86_646699780235111235178.so (deleted)
719a48e11000-719a48e13000 r--p 00011000 103:02 1182020                   /tmp/libio_grpc_netty_shaded_netty_transport_native_epoll_x86_646699780235111235178.so (deleted)
719a48e13000-719a48e14000 rw-p 00000000 00:00 0 
719a49200000-719a497ef000 rw-p 00000000 00:00 0 
719a49800000-719a49801000 ---p 00000000 00:00 0 
719a49801000-719a4a001000 rw-p 00000000 00:00 0 
719a4a200000-719a4a201000 ---p 00000000 00:00 0 
719a4a201000-719a4aa01000 rw-p 00000000 00:00 0 
719a4ac00000-719a4ac01000 ---p 00000000 00:00 0 
719a4ac01000-719a4b401000 rw-p 00000000 00:00 0 
719a4b600000-719a4b601000 ---p 00000000 00:00 0 
719a4b601000-719a4be01000 rw-p 00000000 00:00 0 
719a4c000000-719a4c021000 rw-p 00000000 00:00 0 
719a4c021000-719a50000000 ---p 00000000 00:00 0 
719a50000000-719a50021000 rw-p 00000000 00:00 0 
719a50021000-719a54000000 ---p 00000000 00:00 0 
719a54400000-719a54401000 ---p 00000000 00:00 0 
719a54401000-719a54c01000 rw-p 00000000 00:00 0 
719a54e00000-719a54e01000 ---p 00000000 00:00 0 
719a54e01000-719a55601000 rw-p 00000000 00:00 0 
719a55800000-719a55801000 ---p 00000000 00:00 0 
719a55801000-719a56001000 rw-p 00000000 00:00 0 
719a56200000-719a56201000 ---p 00000000 00:00 0 
719a56201000-719a56a01000 rw-p 00000000 00:00 0 
719a56c00000-719a56c01000 ---p 00000000 00:00 0 
719a56c01000-719a57401000 rw-p 00000000 00:00 0 
719a57600000-719a57601000 ---p 00000000 00:00 0 
719a57601000-719a57e01000 rw-p 00000000 00:00 0 
719a58000000-719a58021000 rw-p 00000000 00:00 0 
719a58021000-719a5c000000 ---p 00000000 00:00 0 
719a5c000000-719a5c021000 rw-p 00000000 00:00 0 
719a5c021000-719a60000000 ---p 00000000 00:00 0 
719a60400000-719a60401000 ---p 00000000 00:00 0 
719a60401000-719a60c01000 rw-p 00000000 00:00 0 
719a60e00000-719a60e01000 ---p 00000000 00:00 0 
719a60e01000-719a61601000 rw-p 00000000 00:00 0 
719a61800000-719a61801000 ---p 00000000 00:00 0 
719a61801000-719a62001000 rw-p 00000000 00:00 0 
719a62200000-719a62201000 ---p 00000000 00:00 0 
719a62201000-719a62a01000 rw-p 00000000 00:00 0 
719a62c00000-719a62c01000 ---p 00000000 00:00 0 
719a62c01000-719a63401000 rw-p 00000000 00:00 0 
719a63600000-719a63601000 ---p 00000000 00:00 0 
719a63601000-719a63e01000 rw-p 00000000 00:00 0 
719a64000000-719a64021000 rw-p 00000000 00:00 0 
719a64021000-719a68000000 ---p 00000000 00:00 0 
719a68000000-719a68021000 rw-p 00000000 00:00 0 
719a68021000-719a6c000000 ---p 00000000 00:00 0 
719a6c200000-719a6c4fe000 rw-p 00000000 00:00 0 
719a6c600000-719a6c68a000 r--p 00000000 103:02 5259688                   /home/pan/.javacpp/cache/ffmpeg-6.0-1.5.9-linux-x86_64.jar/org/bytedeco/ffmpeg/linux-x86_64/libavfilter.so.9
719a6c68a000-719a6c9d8000 r-xp 0008a000 103:02 5259688                   /home/pan/.javacpp/cache/ffmpeg-6.0-1.5.9-linux-x86_64.jar/org/bytedeco/ffmpeg/linux-x86_64/libavfilter.so.9
719a6c9d8000-719a6ca95000 r--p 003d8000 103:02 5259688                   /home/pan/.javacpp/cache/ffmpeg-6.0-1.5.9-linux-x86_64.jar/org/bytedeco/ffmpeg/linux-x86_64/libavfilter.so.9
719a6ca95000-719a6cb17000 r--p 00494000 103:02 5259688                   /home/pan/.javacpp/cache/ffmpeg-6.0-1.5.9-linux-x86_64.jar/org/bytedeco/ffmpeg/linux-x86_64/libavfilter.so.9
719a6cb17000-719a6cb19000 rw-p 00516000 103:02 5259688                   /home/pan/.javacpp/cache/ffmpeg-6.0-1.5.9-linux-x86_64.jar/org/bytedeco/ffmpeg/linux-x86_64/libavfilter.so.9
719a6cb19000-719a6cb1c000 rw-p 00000000 00:00 0 
719a6cc00000-719a6ccbf000 r--p 00000000 103:02 5259682                   /home/pan/.javacpp/cache/ffmpeg-6.0-1.5.9-linux-x86_64.jar/org/bytedeco/ffmpeg/linux-x86_64/libavformat.so.60
719a6ccbf000-719a6d378000 r-xp 000bf000 103:02 5259682                   /home/pan/.javacpp/cache/ffmpeg-6.0-1.5.9-linux-x86_64.jar/org/bytedeco/ffmpeg/linux-x86_64/libavformat.so.60
719a6d378000-719a6d53a000 r--p 00778000 103:02 5259682                   /home/pan/.javacpp/cache/ffmpeg-6.0-1.5.9-linux-x86_64.jar/org/bytedeco/ffmpeg/linux-x86_64/libavformat.so.60
719a6d53a000-719a6d5cf000 r--p 00939000 103:02 5259682                   /home/pan/.javacpp/cache/ffmpeg-6.0-1.5.9-linux-x86_64.jar/org/bytedeco/ffmpeg/linux-x86_64/libavformat.so.60
719a6d5cf000-719a6d5d8000 rw-p 009ce000 103:02 5259682                   /home/pan/.javacpp/cache/ffmpeg-6.0-1.5.9-linux-x86_64.jar/org/bytedeco/ffmpeg/linux-x86_64/libavformat.so.60
719a6d5d8000-719a6d5e1000 rw-p 00000000 00:00 0 
719a6d600000-719a6d6ad000 r--p 00000000 103:02 5259679                   /home/pan/.javacpp/cache/ffmpeg-6.0-1.5.9-linux-x86_64.jar/org/bytedeco/ffmpeg/linux-x86_64/libavcodec.so.60
719a6d6ad000-719a6ef6c000 r-xp 000ad000 103:02 5259679                   /home/pan/.javacpp/cache/ffmpeg-6.0-1.5.9-linux-x86_64.jar/org/bytedeco/ffmpeg/linux-x86_64/libavcodec.so.60
719a6ef6c000-719a6f544000 r--p 0196c000 103:02 5259679                   /home/pan/.javacpp/cache/ffmpeg-6.0-1.5.9-linux-x86_64.jar/org/bytedeco/ffmpeg/linux-x86_64/libavcodec.so.60
719a6f544000-719a6f545000 ---p 01f44000 103:02 5259679                   /home/pan/.javacpp/cache/ffmpeg-6.0-1.5.9-linux-x86_64.jar/org/bytedeco/ffmpeg/linux-x86_64/libavcodec.so.60
719a6f545000-719a6f5d3000 r--p 01f44000 103:02 5259679                   /home/pan/.javacpp/cache/ffmpeg-6.0-1.5.9-linux-x86_64.jar/org/bytedeco/ffmpeg/linux-x86_64/libavcodec.so.60
719a6f5d3000-719a6f5ea000 rw-p 01fd2000 103:02 5259679                   /home/pan/.javacpp/cache/ffmpeg-6.0-1.5.9-linux-x86_64.jar/org/bytedeco/ffmpeg/linux-x86_64/libavcodec.so.60
719a6f5ea000-719a6ff92000 rw-p 00000000 00:00 0 
719a70000000-719a70021000 rw-p 00000000 00:00 0 
719a70021000-719a74000000 ---p 00000000 00:00 0 
719a74000000-719a74021000 rw-p 00000000 00:00 0 
719a74021000-719a78000000 ---p 00000000 00:00 0 
719a78400000-719a78417000 r--p 00000000 103:02 5259673                   /home/pan/.javacpp/cache/ffmpeg-6.0-1.5.9-linux-x86_64.jar/org/bytedeco/ffmpeg/linux-x86_64/libavutil.so.58
719a78417000-719a784c6000 r-xp 00017000 103:02 5259673                   /home/pan/.javacpp/cache/ffmpeg-6.0-1.5.9-linux-x86_64.jar/org/bytedeco/ffmpeg/linux-x86_64/libavutil.so.58
719a784c6000-719a784ea000 r--p 000c6000 103:02 5259673                   /home/pan/.javacpp/cache/ffmpeg-6.0-1.5.9-linux-x86_64.jar/org/bytedeco/ffmpeg/linux-x86_64/libavutil.so.58
719a784ea000-719a784eb000 ---p 000ea000 103:02 5259673                   /home/pan/.javacpp/cache/ffmpeg-6.0-1.5.9-linux-x86_64.jar/org/bytedeco/ffmpeg/linux-x86_64/libavutil.so.58
719a784eb000-719a784fd000 r--p 000ea000 103:02 5259673                   /home/pan/.javacpp/cache/ffmpeg-6.0-1.5.9-linux-x86_64.jar/org/bytedeco/ffmpeg/linux-x86_64/libavutil.so.58
719a784fd000-719a784fe000 rw-p 000fc000 103:02 5259673                   /home/pan/.javacpp/cache/ffmpeg-6.0-1.5.9-linux-x86_64.jar/org/bytedeco/ffmpeg/linux-x86_64/libavutil.so.58
719a784fe000-719a7860d000 rw-p 00000000 00:00 0 
719a78800000-719a78802000 r-xp 00000000 103:02 5259672                   /home/pan/.javacpp/cache/ffmpeg-6.0-1.5.9-linux-x86_64.jar/org/bytedeco/ffmpeg/linux-x86_64/libva-drm.so
719a78802000-719a78a01000 ---p 00002000 103:02 5259672                   /home/pan/.javacpp/cache/ffmpeg-6.0-1.5.9-linux-x86_64.jar/org/bytedeco/ffmpeg/linux-x86_64/libva-drm.so
719a78a01000-719a78a02000 r--p 00001000 103:02 5259672                   /home/pan/.javacpp/cache/ffmpeg-6.0-1.5.9-linux-x86_64.jar/org/bytedeco/ffmpeg/linux-x86_64/libva-drm.so
719a78a02000-719a78a03000 rw-p 00002000 103:02 5259672                   /home/pan/.javacpp/cache/ffmpeg-6.0-1.5.9-linux-x86_64.jar/org/bytedeco/ffmpeg/linux-x86_64/libva-drm.so
719a78e00000-719a78e10000 r-xp 00000000 103:02 5259670                   /home/pan/.javacpp/cache/ffmpeg-6.0-1.5.9-linux-x86_64.jar/org/bytedeco/ffmpeg/linux-x86_64/libdrm.so.2
719a78e10000-719a7900f000 ---p 00010000 103:02 5259670                   /home/pan/.javacpp/cache/ffmpeg-6.0-1.5.9-linux-x86_64.jar/org/bytedeco/ffmpeg/linux-x86_64/libdrm.so.2
719a7900f000-719a79010000 r--p 0000f000 103:02 5259670                   /home/pan/.javacpp/cache/ffmpeg-6.0-1.5.9-linux-x86_64.jar/org/bytedeco/ffmpeg/linux-x86_64/libdrm.so.2
719a79010000-719a79011000 rw-p 00010000 103:02 5259670                   /home/pan/.javacpp/cache/ffmpeg-6.0-1.5.9-linux-x86_64.jar/org/bytedeco/ffmpeg/linux-x86_64/libdrm.so.2
719a79400000-719a7942b000 r-xp 00000000 103:02 5259669                   /home/pan/.javacpp/cache/ffmpeg-6.0-1.5.9-linux-x86_64.jar/org/bytedeco/ffmpeg/linux-x86_64/libva.so
719a7942b000-719a7962a000 ---p 0002b000 103:02 5259669                   /home/pan/.javacpp/cache/ffmpeg-6.0-1.5.9-linux-x86_64.jar/org/bytedeco/ffmpeg/linux-x86_64/libva.so
719a7962a000-719a7962b000 r--p 0002a000 103:02 5259669                   /home/pan/.javacpp/cache/ffmpeg-6.0-1.5.9-linux-x86_64.jar/org/bytedeco/ffmpeg/linux-x86_64/libva.so
719a7962b000-719a7962c000 rw-p 0002b000 103:02 5259669                   /home/pan/.javacpp/cache/ffmpeg-6.0-1.5.9-linux-x86_64.jar/org/bytedeco/ffmpeg/linux-x86_64/libva.so
719a79900000-719a79904000 ---p 00000000 00:00 0 
719a79904000-719a79a00000 rw-p 00000000 00:00 0 
719a79a00000-719a79a6c000 r--p 00000000 103:02 5259722                   /home/pan/.javacpp/cache/opencv-4.7.0-1.5.9-linux-x86_64.jar/org/bytedeco/opencv/linux-x86_64/libopencv_imgproc.so.407
719a79a6c000-719a79ec4000 r-xp 0006c000 103:02 5259722                   /home/pan/.javacpp/cache/opencv-4.7.0-1.5.9-linux-x86_64.jar/org/bytedeco/opencv/linux-x86_64/libopencv_imgproc.so.407
719a79ec4000-719a79fdf000 r--p 004c4000 103:02 5259722                   /home/pan/.javacpp/cache/opencv-4.7.0-1.5.9-linux-x86_64.jar/org/bytedeco/opencv/linux-x86_64/libopencv_imgproc.so.407
719a79fdf000-719a79ffb000 r--p 005de000 103:02 5259722                   /home/pan/.javacpp/cache/opencv-4.7.0-1.5.9-linux-x86_64.jar/org/bytedeco/opencv/linux-x86_64/libopencv_imgproc.so.407
719a79ffb000-719a7a004000 rw-p 005fa000 103:02 5259722                   /home/pan/.javacpp/cache/opencv-4.7.0-1.5.9-linux-x86_64.jar/org/bytedeco/opencv/linux-x86_64/libopencv_imgproc.so.407
719a7a004000-719a7a0a4000 rw-p 00000000 00:00 0 
719a7a200000-719a7a262000 r--p 00000000 103:02 5259716                   /home/pan/.javacpp/cache/opencv-4.7.0-1.5.9-linux-x86_64.jar/org/bytedeco/opencv/linux-x86_64/libopencv_core.so.407
719a7a262000-719a7a566000 r-xp 00062000 103:02 5259716                   /home/pan/.javacpp/cache/opencv-4.7.0-1.5.9-linux-x86_64.jar/org/bytedeco/opencv/linux-x86_64/libopencv_core.so.407
719a7a566000-719a7a634000 r--p 00366000 103:02 5259716                   /home/pan/.javacpp/cache/opencv-4.7.0-1.5.9-linux-x86_64.jar/org/bytedeco/opencv/linux-x86_64/libopencv_core.so.407
719a7a634000-719a7a642000 r--p 00433000 103:02 5259716                   /home/pan/.javacpp/cache/opencv-4.7.0-1.5.9-linux-x86_64.jar/org/bytedeco/opencv/linux-x86_64/libopencv_core.so.407
719a7a642000-719a7a648000 rw-p 00441000 103:02 5259716                   /home/pan/.javacpp/cache/opencv-4.7.0-1.5.9-linux-x86_64.jar/org/bytedeco/opencv/linux-x86_64/libopencv_core.so.407
719a7a648000-719a7a64e000 rw-p 00000000 00:00 0 
719a7a700000-719a7a704000 ---p 00000000 00:00 0 
719a7a704000-719a7a800000 rw-p 00000000 00:00 0 
719a7a800000-719a7abe9000 r--p 00000000 103:02 5259710                   /home/pan/.javacpp/cache/openblas-0.3.23-1.5.9-linux-x86_64.jar/org/bytedeco/openblas/linux-x86_64/libjniopenblas.so
719a7abe9000-719a7bd06000 r-xp 003e9000 103:02 5259710                   /home/pan/.javacpp/cache/openblas-0.3.23-1.5.9-linux-x86_64.jar/org/bytedeco/openblas/linux-x86_64/libjniopenblas.so
719a7bd06000-719a7beb0000 r--p 01506000 103:02 5259710                   /home/pan/.javacpp/cache/openblas-0.3.23-1.5.9-linux-x86_64.jar/org/bytedeco/openblas/linux-x86_64/libjniopenblas.so
719a7beb0000-719a7beb1000 ---p 016b0000 103:02 5259710                   /home/pan/.javacpp/cache/openblas-0.3.23-1.5.9-linux-x86_64.jar/org/bytedeco/openblas/linux-x86_64/libjniopenblas.so
719a7beb1000-719a7beb2000 r--p 016b0000 103:02 5259710                   /home/pan/.javacpp/cache/openblas-0.3.23-1.5.9-linux-x86_64.jar/org/bytedeco/openblas/linux-x86_64/libjniopenblas.so
719a7beb2000-719a7beba000 rw-p 016b1000 103:02 5259710                   /home/pan/.javacpp/cache/openblas-0.3.23-1.5.9-linux-x86_64.jar/org/bytedeco/openblas/linux-x86_64/libjniopenblas.so
719a7beba000-719a7bebb000 rw-p 00000000 00:00 0 
719a7bf00000-719a7bf04000 ---p 00000000 00:00 0 
719a7bf04000-719a7c000000 rw-p 00000000 00:00 0 
719a7c000000-719a7c14d000 rw-p 00000000 00:00 0 
719a7c14d000-719a80000000 ---p 00000000 00:00 0 
719a80000000-719a80e41000 rw-p 00000000 00:00 0 
719a80e41000-719a84000000 ---p 00000000 00:00 0 
719a84000000-719a84004000 ---p 00000000 00:00 0 
719a84004000-719a84100000 rw-p 00000000 00:00 0 
719a84100000-719a84104000 ---p 00000000 00:00 0 
719a84104000-719a84200000 rw-p 00000000 00:00 0 
719a84300000-719a84304000 ---p 00000000 00:00 0 
719a84304000-719a84400000 rw-p 00000000 00:00 0 
719a84400000-719a84401000 ---p 00000000 00:00 0 
719a84401000-719a84c01000 rw-p 00000000 00:00 0 
719a84e00000-719a84e01000 ---p 00000000 00:00 0 
719a84e01000-719a85601000 rw-p 00000000 00:00 0 
719a85800000-719a85801000 ---p 00000000 00:00 0 
719a85801000-719a86001000 rw-p 00000000 00:00 0 
719a86200000-719a86201000 ---p 00000000 00:00 0 
719a86201000-719a86a01000 rw-p 00000000 00:00 0 
719a86c00000-719a86c01000 ---p 00000000 00:00 0 
719a86c01000-719a87401000 rw-p 00000000 00:00 0 
719a87600000-719a87601000 ---p 00000000 00:00 0 
719a87601000-719a87e01000 rw-p 00000000 00:00 0 
719a88000000-719a88102000 rw-p 00000000 00:00 0 
719a88102000-719a8c000000 ---p 00000000 00:00 0 
719a8c000000-719a8c021000 rw-p 00000000 00:00 0 
719a8c021000-719a90000000 ---p 00000000 00:00 0 
719a90000000-719a90004000 ---p 00000000 00:00 0 
719a90004000-719a90100000 rw-p 00000000 00:00 0 
719a90100000-719a90104000 ---p 00000000 00:00 0 
719a90104000-719a90200000 rw-p 00000000 00:00 0 
719a90200000-719a90204000 ---p 00000000 00:00 0 
719a90204000-719a90300000 rw-p 00000000 00:00 0 
719a90300000-719a90304000 ---p 00000000 00:00 0 
719a90304000-719a90400000 rw-p 00000000 00:00 0 
719a90400000-719a90401000 ---p 00000000 00:00 0 
719a90401000-719a90c01000 rw-p 00000000 00:00 0 
719a90d00000-719a90d04000 ---p 00000000 00:00 0 
719a90d04000-719a90e00000 rw-p 00000000 00:00 0 
719a90e00000-719a90e01000 ---p 00000000 00:00 0 
719a90e01000-719a91601000 rw-p 00000000 00:00 0 
719a91700000-719a91704000 ---p 00000000 00:00 0 
719a91704000-719a91800000 rw-p 00000000 00:00 0 
719a91800000-719a91801000 ---p 00000000 00:00 0 
719a91801000-719a92001000 rw-p 00000000 00:00 0 
719a92100000-719a92104000 ---p 00000000 00:00 0 
719a92104000-719a92200000 rw-p 00000000 00:00 0 
719a92200000-719a92201000 ---p 00000000 00:00 0 
719a92201000-719a92a01000 rw-p 00000000 00:00 0 
719a92b00000-719a92b04000 ---p 00000000 00:00 0 
719a92b04000-719a92c00000 rw-p 00000000 00:00 0 
719a92c00000-719a92c01000 ---p 00000000 00:00 0 
719a92c01000-719a93401000 rw-p 00000000 00:00 0 
719a93500000-719a93504000 ---p 00000000 00:00 0 
719a93504000-719a93600000 rw-p 00000000 00:00 0 
719a93600000-719a93601000 ---p 00000000 00:00 0 
719a93601000-719a93e01000 rw-p 00000000 00:00 0 
719a93f00000-719a93f04000 ---p 00000000 00:00 0 
719a93f04000-719a94000000 rw-p 00000000 00:00 0 
719a94000000-719a947e1000 rw-p 00000000 00:00 0 
719a947e1000-719a98000000 ---p 00000000 00:00 0 
719a98000000-719a98021000 rw-p 00000000 00:00 0 
719a98021000-719a9c000000 ---p 00000000 00:00 0 
719a9c000000-719a9c004000 ---p 00000000 00:00 0 
719a9c004000-719a9c100000 rw-p 00000000 00:00 0 
719a9c100000-719a9c104000 ---p 00000000 00:00 0 
719a9c104000-719a9c200000 rw-p 00000000 00:00 0 
719a9c200000-719a9c201000 ---p 00000000 00:00 0 
719a9c201000-719a9ca01000 rw-p 00000000 00:00 0 
719a9cb00000-719a9cb04000 ---p 00000000 00:00 0 
719a9cb04000-719a9cc00000 rw-p 00000000 00:00 0 
719a9cc00000-719a9cc01000 ---p 00000000 00:00 0 
719a9cc01000-719a9d401000 rw-p 00000000 00:00 0 
719a9d500000-719a9d504000 ---p 00000000 00:00 0 
719a9d504000-719a9d600000 rw-p 00000000 00:00 0 
719a9d600000-719a9d601000 ---p 00000000 00:00 0 
719a9d601000-719a9de01000 rw-p 00000000 00:00 0 
719a9df00000-719a9df04000 ---p 00000000 00:00 0 
719a9df04000-719a9e000000 rw-p 00000000 00:00 0 
719a9e000000-719a9e106000 r--p 00000000 103:02 5259708                   /home/pan/.javacpp/cache/openblas-0.3.23-1.5.9-linux-x86_64.jar/org/bytedeco/openblas/linux-x86_64/libopenblas.so.0
719a9e106000-719a9e116000 r-xp 00106000 103:02 5259708                   /home/pan/.javacpp/cache/openblas-0.3.23-1.5.9-linux-x86_64.jar/org/bytedeco/openblas/linux-x86_64/libopenblas.so.0
719a9e116000-719a9e118000 ---p 00116000 103:02 5259708                   /home/pan/.javacpp/cache/openblas-0.3.23-1.5.9-linux-x86_64.jar/org/bytedeco/openblas/linux-x86_64/libopenblas.so.0
719a9e118000-719a9fbed000 r-xp 00118000 103:02 5259708                   /home/pan/.javacpp/cache/openblas-0.3.23-1.5.9-linux-x86_64.jar/org/bytedeco/openblas/linux-x86_64/libopenblas.so.0
719a9fbed000-719a9fddc000 r--p 01bed000 103:02 5259708                   /home/pan/.javacpp/cache/openblas-0.3.23-1.5.9-linux-x86_64.jar/org/bytedeco/openblas/linux-x86_64/libopenblas.so.0
719a9fddc000-719a9fde2000 r--p 01ddb000 103:02 5259708                   /home/pan/.javacpp/cache/openblas-0.3.23-1.5.9-linux-x86_64.jar/org/bytedeco/openblas/linux-x86_64/libopenblas.so.0
719a9fde2000-719a9fdfa000 rw-p 01de1000 103:02 5259708                   /home/pan/.javacpp/cache/openblas-0.3.23-1.5.9-linux-x86_64.jar/org/bytedeco/openblas/linux-x86_64/libopenblas.so.0
719a9fdfa000-719a9fe07000 rw-p 00000000 00:00 0 
719a9ff00000-719a9ff04000 ---p 00000000 00:00 0 
719a9ff04000-719aa0000000 rw-p 00000000 00:00 0 
719aa0000000-719aa0021000 rw-p 00000000 00:00 0 
719aa0021000-719aa4000000 ---p 00000000 00:00 0 
719aa4000000-719aa4021000 rw-p 00000000 00:00 0 
719aa4021000-719aa8000000 ---p 00000000 00:00 0 
719aa807c000-719aa80d2000 r--p 00000000 103:02 5259725                   /home/pan/.javacpp/cache/opencv-4.7.0-1.5.9-linux-x86_64.jar/org/bytedeco/opencv/linux-x86_64/libjniopencv_imgproc.so
719aa80d2000-719aa81ae000 r-xp 00056000 103:02 5259725                   /home/pan/.javacpp/cache/opencv-4.7.0-1.5.9-linux-x86_64.jar/org/bytedeco/opencv/linux-x86_64/libjniopencv_imgproc.so
719aa81ae000-719aa81f8000 r--p 00132000 103:02 5259725                   /home/pan/.javacpp/cache/opencv-4.7.0-1.5.9-linux-x86_64.jar/org/bytedeco/opencv/linux-x86_64/libjniopencv_imgproc.so
719aa81f8000-719aa81f9000 ---p 0017c000 103:02 5259725                   /home/pan/.javacpp/cache/opencv-4.7.0-1.5.9-linux-x86_64.jar/org/bytedeco/opencv/linux-x86_64/libjniopencv_imgproc.so
719aa81f9000-719aa81fc000 r--p 0017c000 103:02 5259725                   /home/pan/.javacpp/cache/opencv-4.7.0-1.5.9-linux-x86_64.jar/org/bytedeco/opencv/linux-x86_64/libjniopencv_imgproc.so
719aa81fc000-719aa81fd000 rw-p 0017f000 103:02 5259725                   /home/pan/.javacpp/cache/opencv-4.7.0-1.5.9-linux-x86_64.jar/org/bytedeco/opencv/linux-x86_64/libjniopencv_imgproc.so
719aa81fd000-719aa8201000 ---p 00000000 00:00 0 
719aa8201000-719aa82fd000 rw-p 00000000 00:00 0 
719aa82fd000-719aa8327000 r--p 00000000 103:02 11846987                  /usr/lib/x86_64-linux-gnu/libasound.so.2.0.0
719aa8327000-719aa83be000 r-xp 0002a000 103:02 11846987                  /usr/lib/x86_64-linux-gnu/libasound.so.2.0.0
719aa83be000-719aa83f8000 r--p 000c1000 103:02 11846987                  /usr/lib/x86_64-linux-gnu/libasound.so.2.0.0
719aa83f8000-719aa83ff000 r--p 000fa000 103:02 11846987                  /usr/lib/x86_64-linux-gnu/libasound.so.2.0.0
719aa83ff000-719aa8400000 rw-p 00101000 103:02 11846987                  /usr/lib/x86_64-linux-gnu/libasound.so.2.0.0
719aa8400000-719aa8401000 ---p 00000000 00:00 0 
719aa8401000-719aa8c01000 rw-p 00000000 00:00 0 
719aa8cd2000-719aa8d2e000 r--p 00000000 103:02 5259675                   /home/pan/.javacpp/cache/ffmpeg-6.0-1.5.9-linux-x86_64.jar/org/bytedeco/ffmpeg/linux-x86_64/libjniavutil.so
719aa8d2e000-719aa8db4000 r-xp 0005c000 103:02 5259675                   /home/pan/.javacpp/cache/ffmpeg-6.0-1.5.9-linux-x86_64.jar/org/bytedeco/ffmpeg/linux-x86_64/libjniavutil.so
719aa8db4000-719aa8df0000 r--p 000e2000 103:02 5259675                   /home/pan/.javacpp/cache/ffmpeg-6.0-1.5.9-linux-x86_64.jar/org/bytedeco/ffmpeg/linux-x86_64/libjniavutil.so
719aa8df0000-719aa8dfd000 r--p 0011d000 103:02 5259675                   /home/pan/.javacpp/cache/ffmpeg-6.0-1.5.9-linux-x86_64.jar/org/bytedeco/ffmpeg/linux-x86_64/libjniavutil.so
719aa8dfd000-719aa8dff000 rw-p 0012a000 103:02 5259675                   /home/pan/.javacpp/cache/ffmpeg-6.0-1.5.9-linux-x86_64.jar/org/bytedeco/ffmpeg/linux-x86_64/libjniavutil.so
719aa8dff000-719aa8e00000 rw-p 00000000 00:00 0 
719aa8e00000-719aa8e01000 ---p 00000000 00:00 0 
719aa8e01000-719aa9601000 rw-p 00000000 00:00 0 
719aa9700000-719aa9704000 ---p 00000000 00:00 0 
719aa9704000-719aa9800000 rw-p 00000000 00:00 0 
719aa9800000-719aa9801000 ---p 00000000 00:00 0 
719aa9801000-719aaa001000 rw-p 00000000 00:00 0 
719aaa100000-719aaa104000 ---p 00000000 00:00 0 
719aaa104000-719aaa200000 rw-p 00000000 00:00 0 
719aaa200000-719aaa201000 ---p 00000000 00:00 0 
719aaa201000-719aaaa01000 rw-p 00000000 00:00 0 
719aaac00000-719aaac01000 ---p 00000000 00:00 0 
719aaac01000-719aab401000 rw-p 00000000 00:00 0 
719aab500000-719aab504000 ---p 00000000 00:00 0 
719aab504000-719aab600000 rw-p 00000000 00:00 0 
719aab600000-719aab601000 ---p 00000000 00:00 0 
719aab601000-719aabe01000 rw-p 00000000 00:00 0 
719aabf00000-719aabf04000 ---p 00000000 00:00 0 
719aabf04000-719aac000000 rw-p 00000000 00:00 0 
719aac000000-719aac021000 rw-p 00000000 00:00 0 
719aac021000-719ab0000000 ---p 00000000 00:00 0 
719ab0000000-719ab0021000 rw-p 00000000 00:00 0 
719ab0021000-719ab4000000 ---p 00000000 00:00 0 
719ab4000000-719ab4004000 ---p 00000000 00:00 0 
719ab4004000-719ab4100000 rw-p 00000000 00:00 0 
719ab4100000-719ab4104000 ---p 00000000 00:00 0 
719ab4104000-719ab4200000 rw-p 00000000 00:00 0 
719ab4200000-719ab4204000 ---p 00000000 00:00 0 
719ab4204000-719ab4300000 rw-p 00000000 00:00 0 
719ab4300000-719ab4304000 ---p 00000000 00:00 0 
719ab4304000-719ab4400000 rw-p 00000000 00:00 0 
719ab4400000-719ab4401000 ---p 00000000 00:00 0 
719ab4401000-719ab4c01000 rw-p 00000000 00:00 0 
719ab4d00000-719ab4d04000 ---p 00000000 00:00 0 
719ab4d04000-719ab4e00000 rw-p 00000000 00:00 0 
719ab4e00000-719ab4e01000 ---p 00000000 00:00 0 
719ab4e01000-719ab5601000 rw-p 00000000 00:00 0 
719ab5700000-719ab5704000 ---p 00000000 00:00 0 
719ab5704000-719ab5800000 rw-p 00000000 00:00 0 
719ab5800000-719ab5801000 ---p 00000000 00:00 0 
719ab5801000-719ab6001000 rw-p 00000000 00:00 0 
719ab6100000-719ab6104000 ---p 00000000 00:00 0 
719ab6104000-719ab6200000 rw-p 00000000 00:00 0 
719ab6200000-719ab6201000 ---p 00000000 00:00 0 
719ab6201000-719ab6a01000 rw-p 00000000 00:00 0 
719ab6c00000-719ab6c01000 ---p 00000000 00:00 0 
719ab6c01000-719ab7401000 rw-p 00000000 00:00 0 
719ab74ff000-719ab7500000 ---p 00000000 00:00 0 
719ab7500000-719ab7600000 rw-p 00000000 00:00 0 
719ab7600000-719ab7601000 ---p 00000000 00:00 0 
719ab7601000-719ab7e01000 rw-p 00000000 00:00 0 
719ab7f00000-719ab7f04000 ---p 00000000 00:00 0 
719ab7f04000-719ab8000000 rw-p 00000000 00:00 0 
719ab8000000-719ab8021000 rw-p 00000000 00:00 0 
719ab8021000-719abc000000 ---p 00000000 00:00 0 
719abc000000-719abc004000 ---p 00000000 00:00 0 
719abc004000-719abc100000 rw-p 00000000 00:00 0 
719abc100000-719abc104000 ---p 00000000 00:00 0 
719abc104000-719abc200000 rw-p 00000000 00:00 0 
719abc200000-719abc2cf000 r--p 00000000 103:02 5259724                   /home/pan/.javacpp/cache/opencv-4.7.0-1.5.9-linux-x86_64.jar/org/bytedeco/opencv/linux-x86_64/libjniopencv_core.so
719abc2cf000-719abc4c0000 r-xp 000cf000 103:02 5259724                   /home/pan/.javacpp/cache/opencv-4.7.0-1.5.9-linux-x86_64.jar/org/bytedeco/opencv/linux-x86_64/libjniopencv_core.so
719abc4c0000-719abc597000 r--p 002c0000 103:02 5259724                   /home/pan/.javacpp/cache/opencv-4.7.0-1.5.9-linux-x86_64.jar/org/bytedeco/opencv/linux-x86_64/libjniopencv_core.so
719abc597000-719abc5a4000 r--p 00396000 103:02 5259724                   /home/pan/.javacpp/cache/opencv-4.7.0-1.5.9-linux-x86_64.jar/org/bytedeco/opencv/linux-x86_64/libjniopencv_core.so
719abc5a4000-719abc5a7000 rw-p 003a3000 103:02 5259724                   /home/pan/.javacpp/cache/opencv-4.7.0-1.5.9-linux-x86_64.jar/org/bytedeco/opencv/linux-x86_64/libjniopencv_core.so
719abc5a7000-719abc5a8000 rw-p 00000000 00:00 0 
719abc600000-719abc601000 ---p 00000000 00:00 0 
719abc601000-719abce01000 rw-p 00000000 00:00 0 
719abcf00000-719abcf04000 ---p 00000000 00:00 0 
719abcf04000-719abd000000 rw-p 00000000 00:00 0 
719abd000000-719abd106000 r--p 00000000 103:02 5259705                   /home/pan/.javacpp/cache/openblas-0.3.23-1.5.9-linux-x86_64.jar/org/bytedeco/openblas/linux-x86_64/libopenblas_nolapack.so.0
719abd106000-719abd116000 r-xp 00106000 103:02 5259705                   /home/pan/.javacpp/cache/openblas-0.3.23-1.5.9-linux-x86_64.jar/org/bytedeco/openblas/linux-x86_64/libopenblas_nolapack.so.0
719abd116000-719abd118000 ---p 00116000 103:02 5259705                   /home/pan/.javacpp/cache/openblas-0.3.23-1.5.9-linux-x86_64.jar/org/bytedeco/openblas/linux-x86_64/libopenblas_nolapack.so.0
719abd118000-719abebed000 r-xp 00118000 103:02 5259705                   /home/pan/.javacpp/cache/openblas-0.3.23-1.5.9-linux-x86_64.jar/org/bytedeco/openblas/linux-x86_64/libopenblas_nolapack.so.0
719abebed000-719abeddc000 r--p 01bed000 103:02 5259705                   /home/pan/.javacpp/cache/openblas-0.3.23-1.5.9-linux-x86_64.jar/org/bytedeco/openblas/linux-x86_64/libopenblas_nolapack.so.0
719abeddc000-719abede2000 r--p 01ddb000 103:02 5259705                   /home/pan/.javacpp/cache/openblas-0.3.23-1.5.9-linux-x86_64.jar/org/bytedeco/openblas/linux-x86_64/libopenblas_nolapack.so.0
719abede2000-719abedfa000 rw-p 01de1000 103:02 5259705                   /home/pan/.javacpp/cache/openblas-0.3.23-1.5.9-linux-x86_64.jar/org/bytedeco/openblas/linux-x86_64/libopenblas_nolapack.so.0
719abedfa000-719abee07000 rw-p 00000000 00:00 0 
719abef00000-719abef04000 ---p 00000000 00:00 0 
719abef04000-719abf000000 rw-p 00000000 00:00 0 
719abf000000-719abf3f0000 rw-p 00000000 00:00 0 
719abf3f0000-719abf4f0000 rw-p 00000000 00:00 0 
719abf4f0000-719abf5f0000 rw-p 00000000 00:00 0 
719abf5f0000-719abfcf0000 rw-p 00000000 00:00 0 
719abfcf0000-719abfdf0000 rw-p 00000000 00:00 0 
719abfdf0000-719ac02f0000 rw-p 00000000 00:00 0 
719ac02f0000-719ac03f0000 rw-p 00000000 00:00 0 
719ac03f0000-719ac20f0000 rw-p 00000000 00:00 0 
719ac20f0000-719ac21a0000 rw-p 00000000 00:00 0 
719ac21a0000-719ac2200000 ---p 00000000 00:00 0 
719ac2200000-719ac3000000 rw-p 00000000 00:00 0 
719ac3000000-719ac3bc9000 rw-p 00001000 103:02 4342152                   /home/pan/.jdks/corretto-17.0.14/lib/server/classes.jsa
719ac3bc9000-719ac4000000 ---p 00000000 00:00 0 
719ac4000000-719ac4010000 rw-p 00000000 00:00 0 
719ac4010000-719ac4030000 rw-p 00000000 00:00 0 
719ac4030000-719ac40b0000 rw-p 00000000 00:00 0 
719ac40b0000-719ac4270000 rw-p 00000000 00:00 0 
719ac4270000-719ac45f0000 rw-p 00000000 00:00 0 
719ac45f0000-719ac4930000 rw-p 00000000 00:00 0 
719ac4930000-719ac4950000 rw-p 00000000 00:00 0 
719ac4950000-719ac4980000 ---p 00000000 00:00 0 
719ac4980000-719ac4b20000 rw-p 00000000 00:00 0 
719ac4b20000-719b04000000 ---p 00000000 00:00 0 
719b04000000-719b04021000 rw-p 00000000 00:00 0 
719b04021000-719b08000000 ---p 00000000 00:00 0 
719b08000000-719b08021000 rw-p 00000000 00:00 0 
719b08021000-719b0c000000 ---p 00000000 00:00 0 
719b0c000000-719b0c004000 ---p 00000000 00:00 0 
719b0c004000-719b0c100000 rw-p 00000000 00:00 0 
719b0c100000-719b0c104000 ---p 00000000 00:00 0 
719b0c104000-719b0c200000 rw-p 00000000 00:00 0 
719b0c200000-719b0c201000 ---p 00000000 00:00 0 
719b0c201000-719b0ca01000 rw-p 00000000 00:00 0 
719b0cb00000-719b0cb04000 ---p 00000000 00:00 0 
719b0cb04000-719b0cc00000 rw-p 00000000 00:00 0 
719b0cc00000-719b0cc01000 ---p 00000000 00:00 0 
719b0cc01000-719b0d401000 rw-p 00000000 00:00 0 
719b0d500000-719b0d504000 ---p 00000000 00:00 0 
719b0d504000-719b0d600000 rw-p 00000000 00:00 0 
719b0d600000-719b0d876000 r-xp 00000000 103:02 5259703                   /home/pan/.javacpp/cache/openblas-0.3.23-1.5.9-linux-x86_64.jar/org/bytedeco/openblas/linux-x86_64/libgfortran.so.5
719b0d876000-719b0da75000 ---p 00276000 103:02 5259703                   /home/pan/.javacpp/cache/openblas-0.3.23-1.5.9-linux-x86_64.jar/org/bytedeco/openblas/linux-x86_64/libgfortran.so.5
719b0da75000-719b0da76000 r--p 00275000 103:02 5259703                   /home/pan/.javacpp/cache/openblas-0.3.23-1.5.9-linux-x86_64.jar/org/bytedeco/openblas/linux-x86_64/libgfortran.so.5
719b0da76000-719b0da78000 rw-p 00276000 103:02 5259703                   /home/pan/.javacpp/cache/openblas-0.3.23-1.5.9-linux-x86_64.jar/org/bytedeco/openblas/linux-x86_64/libgfortran.so.5
719b0db00000-719b0db04000 ---p 00000000 00:00 0 
719b0db04000-719b0dc00000 rw-p 00000000 00:00 0 
719b0dc00000-719b0dc04000 ---p 00000000 00:00 0 
719b0dc04000-719b0dd00000 rw-p 00000000 00:00 0 
719b0dd00000-719b0dd04000 ---p 00000000 00:00 0 
719b0dd04000-719b0de00000 rw-p 00000000 00:00 0 
719b0de00000-719b0de3b000 r-xp 00000000 103:02 5259701                   /home/pan/.javacpp/cache/openblas-0.3.23-1.5.9-linux-x86_64.jar/org/bytedeco/openblas/linux-x86_64/libquadmath.so.0
719b0de3b000-719b0e03a000 ---p 0003b000 103:02 5259701                   /home/pan/.javacpp/cache/openblas-0.3.23-1.5.9-linux-x86_64.jar/org/bytedeco/openblas/linux-x86_64/libquadmath.so.0
719b0e03a000-719b0e03b000 r--p 0003a000 103:02 5259701                   /home/pan/.javacpp/cache/openblas-0.3.23-1.5.9-linux-x86_64.jar/org/bytedeco/openblas/linux-x86_64/libquadmath.so.0
719b0e03b000-719b0e03c000 rw-p 0003b000 103:02 5259701                   /home/pan/.javacpp/cache/openblas-0.3.23-1.5.9-linux-x86_64.jar/org/bytedeco/openblas/linux-x86_64/libquadmath.so.0
719b0e100000-719b0e104000 ---p 00000000 00:00 0 
719b0e104000-719b0e200000 rw-p 00000000 00:00 0 
719b0e200000-719b0e204000 ---p 00000000 00:00 0 
719b0e204000-719b0e300000 rw-p 00000000 00:00 0 
719b0e300000-719b0e304000 ---p 00000000 00:00 0 
719b0e304000-719b0e400000 rw-p 00000000 00:00 0 
719b0e400000-719b0e415000 r-xp 00000000 103:02 5259699                   /home/pan/.javacpp/cache/openblas-0.3.23-1.5.9-linux-x86_64.jar/org/bytedeco/openblas/linux-x86_64/libgcc_s.so.1
719b0e415000-719b0e614000 ---p 00015000 103:02 5259699                   /home/pan/.javacpp/cache/openblas-0.3.23-1.5.9-linux-x86_64.jar/org/bytedeco/openblas/linux-x86_64/libgcc_s.so.1
719b0e614000-719b0e615000 r--p 00014000 103:02 5259699                   /home/pan/.javacpp/cache/openblas-0.3.23-1.5.9-linux-x86_64.jar/org/bytedeco/openblas/linux-x86_64/libgcc_s.so.1
719b0e615000-719b0e616000 rw-p 00015000 103:02 5259699                   /home/pan/.javacpp/cache/openblas-0.3.23-1.5.9-linux-x86_64.jar/org/bytedeco/openblas/linux-x86_64/libgcc_s.so.1
719b0e700000-719b0e704000 ---p 00000000 00:00 0 
719b0e704000-719b0e800000 rw-p 00000000 00:00 0 
719b0e800000-719b0e804000 ---p 00000000 00:00 0 
719b0e804000-719b0e900000 rw-p 00000000 00:00 0 
719b0e900000-719b0e904000 ---p 00000000 00:00 0 
719b0e904000-719b0ea00000 rw-p 00000000 00:00 0 
719b0ea00000-719b0ea9a000 r--p 00000000 103:02 11848158                  /usr/lib/x86_64-linux-gnu/libstdc++.so.6.0.30
719b0ea9a000-719b0ebab000 r-xp 0009a000 103:02 11848158                  /usr/lib/x86_64-linux-gnu/libstdc++.so.6.0.30
719b0ebab000-719b0ec1a000 r--p 001ab000 103:02 11848158                  /usr/lib/x86_64-linux-gnu/libstdc++.so.6.0.30
719b0ec1a000-719b0ec1b000 ---p 0021a000 103:02 11848158                  /usr/lib/x86_64-linux-gnu/libstdc++.so.6.0.30
719b0ec1b000-719b0ec26000 r--p 0021a000 103:02 11848158                  /usr/lib/x86_64-linux-gnu/libstdc++.so.6.0.30
719b0ec26000-719b0ec29000 rw-p 00225000 103:02 11848158                  /usr/lib/x86_64-linux-gnu/libstdc++.so.6.0.30
719b0ec29000-719b0ec2c000 rw-p 00000000 00:00 0 
719b0ed00000-719b0ed04000 ---p 00000000 00:00 0 
719b0ed04000-719b0ee00000 rw-p 00000000 00:00 0 
719b0ee00000-719b0ee0d000 r-xp 00000000 103:02 4342141                   /home/pan/.jdks/corretto-17.0.14/lib/libverify.so
719b0ee0d000-719b0f00c000 ---p 0000d000 103:02 4342141                   /home/pan/.jdks/corretto-17.0.14/lib/libverify.so
719b0f00c000-719b0f00e000 r--p 0000c000 103:02 4342141                   /home/pan/.jdks/corretto-17.0.14/lib/libverify.so
719b0f00e000-719b0f00f000 rw-p 00000000 00:00 0 
719b0f100000-719b0f104000 ---p 00000000 00:00 0 
719b0f104000-719b0f200000 rw-p 00000000 00:00 0 
719b0f200000-719b0f204000 ---p 00000000 00:00 0 
719b0f204000-719b0f300000 rw-p 00000000 00:00 0 
719b0f300000-719b0f304000 ---p 00000000 00:00 0 
719b0f304000-719b0f400000 rw-p 00000000 00:00 0 
719b0f400000-719b0f405000 r-xp 00000000 103:02 4342184                   /home/pan/.jdks/corretto-17.0.14/lib/libmanagement_ext.so
719b0f405000-719b0f605000 ---p 00005000 103:02 4342184                   /home/pan/.jdks/corretto-17.0.14/lib/libmanagement_ext.so
719b0f605000-719b0f606000 r--p 00005000 103:02 4342184                   /home/pan/.jdks/corretto-17.0.14/lib/libmanagement_ext.so
719b0f606000-719b0f607000 rw-p 00000000 00:00 0 
719b0f6fe000-719b0f702000 ---p 00000000 00:00 0 
719b0f702000-719b0f7fe000 rw-p 00000000 00:00 0 
719b0f7fe000-719b0f7ff000 ---p 00000000 00:00 0 
719b0f7ff000-719b0f8ff000 rw-p 00000000 00:00 0 
719b0f8ff000-719b0f900000 ---p 00000000 00:00 0 
719b0f900000-719b0fa00000 rw-p 00000000 00:00 0 
719b0fa00000-719b0fa04000 r-xp 00000000 103:02 4342168                   /home/pan/.jdks/corretto-17.0.14/lib/libmanagement.so
719b0fa04000-719b0fc03000 ---p 00004000 103:02 4342168                   /home/pan/.jdks/corretto-17.0.14/lib/libmanagement.so
719b0fc03000-719b0fc04000 r--p 00003000 103:02 4342168                   /home/pan/.jdks/corretto-17.0.14/lib/libmanagement.so
719b0fc04000-719b0fc05000 rw-p 00000000 00:00 0 
719b0fcfd000-719b0fcfe000 ---p 00000000 00:00 0 
719b0fcfe000-719b0fdfe000 rw-p 00000000 00:00 0 
719b0fdfe000-719b0fdff000 ---p 00000000 00:00 0 
719b0fdff000-719b0feff000 rw-p 00000000 00:00 0 
719b0feff000-719b0ff00000 ---p 00000000 00:00 0 
719b0ff00000-719b10000000 rw-p 00000000 00:00 0 
719b10000000-719b10021000 rw-p 00000000 00:00 0 
719b10021000-719b14000000 ---p 00000000 00:00 0 
719b14000000-719b14021000 rw-p 00000000 00:00 0 
719b14021000-719b18000000 ---p 00000000 00:00 0 
719b18000000-719b18004000 ---p 00000000 00:00 0 
719b18004000-719b18100000 rw-p 00000000 00:00 0 
719b18100000-719b18104000 ---p 00000000 00:00 0 
719b18104000-719b18200000 rw-p 00000000 00:00 0 
719b18200000-719b18204000 ---p 00000000 00:00 0 
719b18204000-719b18300000 rw-p 00000000 00:00 0 
719b18400000-719b18404000 ---p 00000000 00:00 0 
719b18404000-719b18500000 rw-p 00000000 00:00 0 
719b18500000-719b18504000 ---p 00000000 00:00 0 
719b18504000-719b18600000 rw-p 00000000 00:00 0 
719b18600000-719b18602000 r-xp 00000000 103:02 4342186                   /home/pan/.jdks/corretto-17.0.14/lib/libextnet.so
719b18602000-719b18801000 ---p 00002000 103:02 4342186                   /home/pan/.jdks/corretto-17.0.14/lib/libextnet.so
719b18801000-719b18802000 r--p 00001000 103:02 4342186                   /home/pan/.jdks/corretto-17.0.14/lib/libextnet.so
719b18802000-719b18803000 rw-p 00000000 00:00 0 
719b188fe000-719b188ff000 ---p 00000000 00:00 0 
719b188ff000-719b189ff000 rw-p 00000000 00:00 0 
719b189ff000-719b18a03000 ---p 00000000 00:00 0 
719b18a03000-719b18aff000 rw-p 00000000 00:00 0 
719b18aff000-719b18b03000 ---p 00000000 00:00 0 
719b18b03000-719b18bff000 rw-p 00000000 00:00 0 
719b18bff000-719b18c03000 ---p 00000000 00:00 0 
719b18c03000-719b18cff000 rw-p 00000000 00:00 0 
719b18cff000-719b18d00000 ---p 00000000 00:00 0 
719b18d00000-719b18e00000 rw-p 00000000 00:00 0 
719b18e00000-719b18e15000 r-xp 00000000 103:02 4342139                   /home/pan/.jdks/corretto-17.0.14/lib/libnet.so
719b18e15000-719b19014000 ---p 00015000 103:02 4342139                   /home/pan/.jdks/corretto-17.0.14/lib/libnet.so
719b19014000-719b19015000 r--p 00014000 103:02 4342139                   /home/pan/.jdks/corretto-17.0.14/lib/libnet.so
719b19015000-719b19016000 rw-p 00015000 103:02 4342139                   /home/pan/.jdks/corretto-17.0.14/lib/libnet.so
719b190fd000-719b190fe000 ---p 00000000 00:00 0 
719b190fe000-719b191fe000 rw-p 00000000 00:00 0 
719b191fe000-719b191ff000 ---p 00000000 00:00 0 
719b191ff000-719b192ff000 rw-p 00000000 00:00 0 
719b192ff000-719b19300000 ---p 00000000 00:00 0 
719b19300000-719b19400000 rw-p 00000000 00:00 0 
719b19400000-719b19412000 r-xp 00000000 103:02 4342140                   /home/pan/.jdks/corretto-17.0.14/lib/libnio.so
719b19412000-719b19612000 ---p 00012000 103:02 4342140                   /home/pan/.jdks/corretto-17.0.14/lib/libnio.so
719b19612000-719b19613000 r--p 00012000 103:02 4342140                   /home/pan/.jdks/corretto-17.0.14/lib/libnio.so
719b19613000-719b19614000 rw-p 00013000 103:02 4342140                   /home/pan/.jdks/corretto-17.0.14/lib/libnio.so
719b196fd000-719b196fe000 ---p 00000000 00:00 0 
719b196fe000-719b197fe000 rw-p 00000000 00:00 0 
719b197fe000-719b197ff000 ---p 00000000 00:00 0 
719b197ff000-719b198ff000 rw-p 00000000 00:00 0 
719b198ff000-719b19900000 ---p 00000000 00:00 0 
719b19900000-719b19a00000 rw-p 00000000 00:00 0 
719b19a00000-719b19a07000 r-xp 00000000 103:02 4342142                   /home/pan/.jdks/corretto-17.0.14/lib/libzip.so
719b19a07000-719b19c07000 ---p 00007000 103:02 4342142                   /home/pan/.jdks/corretto-17.0.14/lib/libzip.so
719b19c07000-719b19c08000 r--p 00007000 103:02 4342142                   /home/pan/.jdks/corretto-17.0.14/lib/libzip.so
719b19c08000-719b19c09000 rw-p 00000000 00:00 0 
719b19cfe000-719b19cff000 ---p 00000000 00:00 0 
719b19cff000-719b19dff000 rw-p 00000000 00:00 0 
719b19dff000-719b19e00000 ---p 00000000 00:00 0 
719b19e00000-719b19f00000 rw-p 00000000 00:00 0 
719b19f00000-719b19f04000 ---p 00000000 00:00 0 
719b19f04000-719b1a000000 rw-p 00000000 00:00 0 
719b1a000000-719b1c000000 rw-p 00000000 00:00 0 
719b1c000000-719b1c021000 rw-p 00000000 00:00 0 
719b1c021000-719b20000000 ---p 00000000 00:00 0 
719b20000000-719b20004000 ---p 00000000 00:00 0 
719b20004000-719b20100000 rw-p 00000000 00:00 0 
719b20100000-719b20104000 ---p 00000000 00:00 0 
719b20104000-719b20200000 rw-p 00000000 00:00 0 
719b20200000-719b20204000 ---p 00000000 00:00 0 
719b20204000-719b20300000 rw-p 00000000 00:00 0 
719b20300000-719b20304000 ---p 00000000 00:00 0 
719b20304000-719b20400000 rw-p 00000000 00:00 0 
719b20400000-719b20404000 ---p 00000000 00:00 0 
719b20404000-719b20500000 rw-p 00000000 00:00 0 
719b20500000-719b20504000 ---p 00000000 00:00 0 
719b20504000-719b20600000 rw-p 00000000 00:00 0 
719b20600000-719b20604000 ---p 00000000 00:00 0 
719b20604000-719b20700000 rw-p 00000000 00:00 0 
719b20700000-719b20704000 ---p 00000000 00:00 0 
719b20704000-719b20800000 rw-p 00000000 00:00 0 
719b20800000-719b21078000 r--p 00000000 103:02 11820149                  /usr/lib/locale/locale-archive
719b21100000-719b21104000 ---p 00000000 00:00 0 
719b21104000-719b21200000 rw-p 00000000 00:00 0 
719b21200000-719b212ce000 r-xp 00000000 103:02 4342178                   /home/pan/.jdks/corretto-17.0.14/lib/libjsvml.so
719b212ce000-719b214cd000 ---p 000ce000 103:02 4342178                   /home/pan/.jdks/corretto-17.0.14/lib/libjsvml.so
719b214cd000-719b214ce000 r--p 000cd000 103:02 4342178                   /home/pan/.jdks/corretto-17.0.14/lib/libjsvml.so
719b214ce000-719b214cf000 rw-p 000ce000 103:02 4342178                   /home/pan/.jdks/corretto-17.0.14/lib/libjsvml.so
719b214fa000-719b214fe000 ---p 00000000 00:00 0 
719b214fe000-719b215fa000 rw-p 00000000 00:00 0 
719b215fa000-719b215fb000 ---p 00000000 00:00 0 
719b215fb000-719b216fb000 rw-p 00000000 00:00 0 
719b216fb000-719b216fc000 ---p 00000000 00:00 0 
719b216fc000-719b217fc000 rw-p 00000000 00:00 0 
719b217fc000-719b217fd000 ---p 00000000 00:00 0 
719b217fd000-719b218fd000 rw-p 00000000 00:00 0 
719b218fd000-719b21f90000 rw-p 00000000 00:00 0 
719b21f90000-719b222d0000 ---p 00000000 00:00 0 
719b222d0000-719b222e0000 rw-p 00000000 00:00 0 
719b222e0000-719b288f0000 ---p 00000000 00:00 0 
719b288f0000-719b28910000 rw-p 00000000 00:00 0 
719b28a00000-719b28d90000 rw-p 00000000 00:00 0 
719b28d90000-719b290d0000 ---p 00000000 00:00 0 
719b290d0000-719b290e0000 rw-p 00000000 00:00 0 
719b290e0000-719b2f6f0000 ---p 00000000 00:00 0 
719b2f6f0000-719b2f710000 rw-p 00000000 00:00 0 
719b2f76b000-719b2f76e000 r--p 00000000 103:02 5259685                   /home/pan/.javacpp/cache/ffmpeg-6.0-1.5.9-linux-x86_64.jar/org/bytedeco/ffmpeg/linux-x86_64/libswscale.so.7
719b2f76e000-719b2f7e5000 r-xp 00003000 103:02 5259685                   /home/pan/.javacpp/cache/ffmpeg-6.0-1.5.9-linux-x86_64.jar/org/bytedeco/ffmpeg/linux-x86_64/libswscale.so.7
719b2f7e5000-719b2f7f5000 r--p 0007a000 103:02 5259685                   /home/pan/.javacpp/cache/ffmpeg-6.0-1.5.9-linux-x86_64.jar/org/bytedeco/ffmpeg/linux-x86_64/libswscale.so.7
719b2f7f5000-719b2f7f6000 ---p 0008a000 103:02 5259685                   /home/pan/.javacpp/cache/ffmpeg-6.0-1.5.9-linux-x86_64.jar/org/bytedeco/ffmpeg/linux-x86_64/libswscale.so.7
719b2f7f6000-719b2f7f7000 r--p 0008a000 103:02 5259685                   /home/pan/.javacpp/cache/ffmpeg-6.0-1.5.9-linux-x86_64.jar/org/bytedeco/ffmpeg/linux-x86_64/libswscale.so.7
719b2f7f7000-719b2f7f8000 rw-p 0008b000 103:02 5259685                   /home/pan/.javacpp/cache/ffmpeg-6.0-1.5.9-linux-x86_64.jar/org/bytedeco/ffmpeg/linux-x86_64/libswscale.so.7
719b2f7f8000-719b2f872000 rw-p 00000000 00:00 0 
719b2f872000-719b2f8da000 ---p 00000000 00:00 0 
719b2f8da000-719b2f8dc000 rw-p 00000000 00:00 0 
719b2f8dc000-719b3059e000 ---p 00000000 00:00 0 
719b3059e000-719b305a2000 rw-p 00000000 00:00 0 
719b30600000-719b30672000 rw-p 00000000 00:00 0 
719b30672000-719b306da000 ---p 00000000 00:00 0 
719b306da000-719b306dc000 rw-p 00000000 00:00 0 
719b306dc000-719b3139e000 ---p 00000000 00:00 0 
719b3139e000-719b313a2000 rw-p 00000000 00:00 0 
719b313c2000-719b313cc000 r--p 00000000 103:02 5259728                   /home/pan/.javacpp/cache/opencv-4.7.0-1.5.9-linux-x86_64.jar/org/bytedeco/opencv/linux-x86_64/libjniopencv_imgcodecs.so
719b313cc000-719b313f3000 r-xp 0000a000 103:02 5259728                   /home/pan/.javacpp/cache/opencv-4.7.0-1.5.9-linux-x86_64.jar/org/bytedeco/opencv/linux-x86_64/libjniopencv_imgcodecs.so
719b313f3000-719b313fd000 r--p 00031000 103:02 5259728                   /home/pan/.javacpp/cache/opencv-4.7.0-1.5.9-linux-x86_64.jar/org/bytedeco/opencv/linux-x86_64/libjniopencv_imgcodecs.so
719b313fd000-719b313fe000 ---p 0003b000 103:02 5259728                   /home/pan/.javacpp/cache/opencv-4.7.0-1.5.9-linux-x86_64.jar/org/bytedeco/opencv/linux-x86_64/libjniopencv_imgcodecs.so
719b313fe000-719b313ff000 r--p 0003b000 103:02 5259728                   /home/pan/.javacpp/cache/opencv-4.7.0-1.5.9-linux-x86_64.jar/org/bytedeco/opencv/linux-x86_64/libjniopencv_imgcodecs.so
719b313ff000-719b31400000 rw-p 0003c000 103:02 5259728                   /home/pan/.javacpp/cache/opencv-4.7.0-1.5.9-linux-x86_64.jar/org/bytedeco/opencv/linux-x86_64/libjniopencv_imgcodecs.so
719b31400000-719b32310000 rwxp 00000000 00:00 0 
719b32310000-719b34400000 ---p 00000000 00:00 0 
719b34400000-719b3bfdf000 r--s 00000000 103:02 4342129                   /home/pan/.jdks/corretto-17.0.14/lib/modules
719b3c000000-719b3ea1b000 rw-p 00000000 00:00 0 
719b3ea1b000-719b40000000 ---p 00000000 00:00 0 
719b40032000-719b40034000 r--p 00000000 103:02 11847745                  /usr/lib/x86_64-linux-gnu/libmd.so.0.0.5
719b40034000-719b4003b000 r-xp 00002000 103:02 11847745                  /usr/lib/x86_64-linux-gnu/libmd.so.0.0.5
719b4003b000-719b4003d000 r--p 00009000 103:02 11847745                  /usr/lib/x86_64-linux-gnu/libmd.so.0.0.5
719b4003d000-719b4003e000 r--p 0000a000 103:02 11847745                  /usr/lib/x86_64-linux-gnu/libmd.so.0.0.5
719b4003e000-719b4003f000 rw-p 0000b000 103:02 11847745                  /usr/lib/x86_64-linux-gnu/libmd.so.0.0.5
719b4003f000-719b40043000 r--p 00000000 103:02 11847081                  /usr/lib/x86_64-linux-gnu/libbsd.so.0.11.5
719b40043000-719b40050000 r-xp 00004000 103:02 11847081                  /usr/lib/x86_64-linux-gnu/libbsd.so.0.11.5
719b40050000-719b40053000 r--p 00011000 103:02 11847081                  /usr/lib/x86_64-linux-gnu/libbsd.so.0.11.5
719b40053000-719b40054000 ---p 00014000 103:02 11847081                  /usr/lib/x86_64-linux-gnu/libbsd.so.0.11.5
719b40054000-719b40055000 r--p 00014000 103:02 11847081                  /usr/lib/x86_64-linux-gnu/libbsd.so.0.11.5
719b40055000-719b40056000 rw-p 00015000 103:02 11847081                  /usr/lib/x86_64-linux-gnu/libbsd.so.0.11.5
719b40056000-719b40057000 rw-p 00000000 00:00 0 
719b40057000-719b40059000 r--p 00000000 103:02 11846801                  /usr/lib/x86_64-linux-gnu/libXdmcp.so.6.0.0
719b40059000-719b4005b000 r-xp 00002000 103:02 11846801                  /usr/lib/x86_64-linux-gnu/libXdmcp.so.6.0.0
719b4005b000-719b4005d000 r--p 00004000 103:02 11846801                  /usr/lib/x86_64-linux-gnu/libXdmcp.so.6.0.0
719b4005d000-719b4005e000 r--p 00005000 103:02 11846801                  /usr/lib/x86_64-linux-gnu/libXdmcp.so.6.0.0
719b4005e000-719b4005f000 rw-p 00006000 103:02 11846801                  /usr/lib/x86_64-linux-gnu/libXdmcp.so.6.0.0
719b4005f000-719b4008a000 r--p 00000000 103:02 5259684                   /home/pan/.javacpp/cache/ffmpeg-6.0-1.5.9-linux-x86_64.jar/org/bytedeco/ffmpeg/linux-x86_64/libjniavformat.so
719b4008a000-719b400c6000 r-xp 0002b000 103:02 5259684                   /home/pan/.javacpp/cache/ffmpeg-6.0-1.5.9-linux-x86_64.jar/org/bytedeco/ffmpeg/linux-x86_64/libjniavformat.so
719b400c6000-719b400e6000 r--p 00067000 103:02 5259684                   /home/pan/.javacpp/cache/ffmpeg-6.0-1.5.9-linux-x86_64.jar/org/bytedeco/ffmpeg/linux-x86_64/libjniavformat.so
719b400e6000-719b400f1000 r--p 00086000 103:02 5259684                   /home/pan/.javacpp/cache/ffmpeg-6.0-1.5.9-linux-x86_64.jar/org/bytedeco/ffmpeg/linux-x86_64/libjniavformat.so
719b400f1000-719b400f2000 rw-p 00091000 103:02 5259684                   /home/pan/.javacpp/cache/ffmpeg-6.0-1.5.9-linux-x86_64.jar/org/bytedeco/ffmpeg/linux-x86_64/libjniavformat.so
719b400f2000-719b40afd000 rw-p 00000000 00:00 0 
719b40afd000-719b40afe000 ---p 00000000 00:00 0 
719b40afe000-719b40bfe000 rw-p 00000000 00:00 0 
719b40bfe000-719b40bff000 ---p 00000000 00:00 0 
719b40bff000-719b40cff000 rw-p 00000000 00:00 0 
719b40cff000-719b40d00000 ---p 00000000 00:00 0 
719b40d00000-719b40e00000 rw-p 00000000 00:00 0 
719b40e00000-719b40e72000 rw-p 00000000 00:00 0 
719b40e72000-719b40eda000 ---p 00000000 00:00 0 
719b40eda000-719b40edc000 rw-p 00000000 00:00 0 
719b40edc000-719b41b9e000 ---p 00000000 00:00 0 
719b41b9e000-719b41ba2000 rw-p 00000000 00:00 0 
719b41ba6000-719b41ba7000 r--p 00000000 103:02 11846790                  /usr/lib/x86_64-linux-gnu/libXau.so.6.0.0
719b41ba7000-719b41ba9000 r-xp 00001000 103:02 11846790                  /usr/lib/x86_64-linux-gnu/libXau.so.6.0.0
719b41ba9000-719b41baa000 r--p 00003000 103:02 11846790                  /usr/lib/x86_64-linux-gnu/libXau.so.6.0.0
719b41baa000-719b41bab000 r--p 00003000 103:02 11846790                  /usr/lib/x86_64-linux-gnu/libXau.so.6.0.0
719b41bab000-719b41bac000 rw-p 00004000 103:02 11846790                  /usr/lib/x86_64-linux-gnu/libXau.so.6.0.0
719b41bac000-719b41baf000 r--p 00000000 103:02 11848385                  /usr/lib/x86_64-linux-gnu/libxcb-xfixes.so.0.0.0
719b41baf000-719b41bb2000 r-xp 00003000 103:02 11848385                  /usr/lib/x86_64-linux-gnu/libxcb-xfixes.so.0.0.0
719b41bb2000-719b41bb3000 r--p 00006000 103:02 11848385                  /usr/lib/x86_64-linux-gnu/libxcb-xfixes.so.0.0.0
719b41bb3000-719b41bb4000 ---p 00007000 103:02 11848385                  /usr/lib/x86_64-linux-gnu/libxcb-xfixes.so.0.0.0
719b41bb4000-719b41bb5000 r--p 00007000 103:02 11848385                  /usr/lib/x86_64-linux-gnu/libxcb-xfixes.so.0.0.0
719b41bb5000-719b41bb6000 rw-p 00008000 103:02 11848385                  /usr/lib/x86_64-linux-gnu/libxcb-xfixes.so.0.0.0
719b41bb6000-719b41bcc000 r--p 00000000 103:02 5259690                   /home/pan/.javacpp/cache/ffmpeg-6.0-1.5.9-linux-x86_64.jar/org/bytedeco/ffmpeg/linux-x86_64/libjniavfilter.so
719b41bcc000-719b41beb000 r-xp 00016000 103:02 5259690                   /home/pan/.javacpp/cache/ffmpeg-6.0-1.5.9-linux-x86_64.jar/org/bytedeco/ffmpeg/linux-x86_64/libjniavfilter.so
719b41beb000-719b41bfb000 r--p 00035000 103:02 5259690                   /home/pan/.javacpp/cache/ffmpeg-6.0-1.5.9-linux-x86_64.jar/org/bytedeco/ffmpeg/linux-x86_64/libjniavfilter.so
719b41bfb000-719b41bff000 r--p 00044000 103:02 5259690                   /home/pan/.javacpp/cache/ffmpeg-6.0-1.5.9-linux-x86_64.jar/org/bytedeco/ffmpeg/linux-x86_64/libjniavfilter.so
719b41bff000-719b41c00000 rw-p 00048000 103:02 5259690                   /home/pan/.javacpp/cache/ffmpeg-6.0-1.5.9-linux-x86_64.jar/org/bytedeco/ffmpeg/linux-x86_64/libjniavfilter.so
719b41c00000-719b41c24000 r-xp 00000000 103:02 4342135                   /home/pan/.jdks/corretto-17.0.14/lib/libjava.so
719b41c24000-719b41e24000 ---p 00024000 103:02 4342135                   /home/pan/.jdks/corretto-17.0.14/lib/libjava.so
719b41e24000-719b41e25000 r--p 00024000 103:02 4342135                   /home/pan/.jdks/corretto-17.0.14/lib/libjava.so
719b41e25000-719b41e26000 rw-p 00025000 103:02 4342135                   /home/pan/.jdks/corretto-17.0.14/lib/libjava.so
719b41e26000-719b41e27000 rw-p 00000000 00:00 0 
719b41e28000-719b41e33000 r--p 00000000 103:02 11848391                  /usr/lib/x86_64-linux-gnu/libxcb.so.1.1.0
719b41e33000-719b41e47000 r-xp 0000b000 103:02 11848391                  /usr/lib/x86_64-linux-gnu/libxcb.so.1.1.0
719b41e47000-719b41e50000 r--p 0001f000 103:02 11848391                  /usr/lib/x86_64-linux-gnu/libxcb.so.1.1.0
719b41e50000-719b41e51000 r--p 00027000 103:02 11848391                  /usr/lib/x86_64-linux-gnu/libxcb.so.1.1.0
719b41e51000-719b41e52000 rw-p 00028000 103:02 11848391                  /usr/lib/x86_64-linux-gnu/libxcb.so.1.1.0
719b41e52000-719b41e7f000 r--p 00000000 103:02 5259681                   /home/pan/.javacpp/cache/ffmpeg-6.0-1.5.9-linux-x86_64.jar/org/bytedeco/ffmpeg/linux-x86_64/libjniavcodec.so
719b41e7f000-719b41ebc000 r-xp 0002d000 103:02 5259681                   /home/pan/.javacpp/cache/ffmpeg-6.0-1.5.9-linux-x86_64.jar/org/bytedeco/ffmpeg/linux-x86_64/libjniavcodec.so
719b41ebc000-719b41ee4000 r--p 0006a000 103:02 5259681                   /home/pan/.javacpp/cache/ffmpeg-6.0-1.5.9-linux-x86_64.jar/org/bytedeco/ffmpeg/linux-x86_64/libjniavcodec.so
719b41ee4000-719b41efb000 r--p 00091000 103:02 5259681                   /home/pan/.javacpp/cache/ffmpeg-6.0-1.5.9-linux-x86_64.jar/org/bytedeco/ffmpeg/linux-x86_64/libjniavcodec.so
719b41efb000-719b41efc000 rw-p 000a8000 103:02 5259681                   /home/pan/.javacpp/cache/ffmpeg-6.0-1.5.9-linux-x86_64.jar/org/bytedeco/ffmpeg/linux-x86_64/libjniavcodec.so
719b41efc000-719b42200000 rw-p 00000000 00:00 0 
719b42200000-719b4220a000 r-xp 00000000 103:02 4342167                   /home/pan/.jdks/corretto-17.0.14/lib/libinstrument.so
719b4220a000-719b42409000 ---p 0000a000 103:02 4342167                   /home/pan/.jdks/corretto-17.0.14/lib/libinstrument.so
719b42409000-719b4240a000 r--p 00009000 103:02 4342167                   /home/pan/.jdks/corretto-17.0.14/lib/libinstrument.so
719b4240a000-719b4240b000 rw-p 0000a000 103:02 4342167                   /home/pan/.jdks/corretto-17.0.14/lib/libinstrument.so
719b4240c000-719b42413000 r--p 00000000 103:02 5259693                   /home/pan/.javacpp/cache/ffmpeg-6.0-1.5.9-linux-x86_64.jar/org/bytedeco/ffmpeg/linux-x86_64/libjniavdevice.so
719b42413000-719b4241d000 r-xp 00007000 103:02 5259693                   /home/pan/.javacpp/cache/ffmpeg-6.0-1.5.9-linux-x86_64.jar/org/bytedeco/ffmpeg/linux-x86_64/libjniavdevice.so
719b4241d000-719b42422000 r--p 00011000 103:02 5259693                   /home/pan/.javacpp/cache/ffmpeg-6.0-1.5.9-linux-x86_64.jar/org/bytedeco/ffmpeg/linux-x86_64/libjniavdevice.so
719b42422000-719b42423000 ---p 00016000 103:02 5259693                   /home/pan/.javacpp/cache/ffmpeg-6.0-1.5.9-linux-x86_64.jar/org/bytedeco/ffmpeg/linux-x86_64/libjniavdevice.so
719b42423000-719b42424000 r--p 00016000 103:02 5259693                   /home/pan/.javacpp/cache/ffmpeg-6.0-1.5.9-linux-x86_64.jar/org/bytedeco/ffmpeg/linux-x86_64/libjniavdevice.so
719b42424000-719b42425000 rw-p 00017000 103:02 5259693                   /home/pan/.javacpp/cache/ffmpeg-6.0-1.5.9-linux-x86_64.jar/org/bytedeco/ffmpeg/linux-x86_64/libjniavdevice.so
719b42425000-719b4242b000 r--p 00000000 103:02 5259691                   /home/pan/.javacpp/cache/ffmpeg-6.0-1.5.9-linux-x86_64.jar/org/bytedeco/ffmpeg/linux-x86_64/libavdevice.so.60
719b4242b000-719b42434000 r-xp 00006000 103:02 5259691                   /home/pan/.javacpp/cache/ffmpeg-6.0-1.5.9-linux-x86_64.jar/org/bytedeco/ffmpeg/linux-x86_64/libavdevice.so.60
719b42434000-719b42438000 r--p 0000f000 103:02 5259691                   /home/pan/.javacpp/cache/ffmpeg-6.0-1.5.9-linux-x86_64.jar/org/bytedeco/ffmpeg/linux-x86_64/libavdevice.so.60
719b42438000-719b42439000 ---p 00013000 103:02 5259691                   /home/pan/.javacpp/cache/ffmpeg-6.0-1.5.9-linux-x86_64.jar/org/bytedeco/ffmpeg/linux-x86_64/libavdevice.so.60
719b42439000-719b4243b000 r--p 00013000 103:02 5259691                   /home/pan/.javacpp/cache/ffmpeg-6.0-1.5.9-linux-x86_64.jar/org/bytedeco/ffmpeg/linux-x86_64/libavdevice.so.60
719b4243b000-719b4243c000 rw-p 00015000 103:02 5259691                   /home/pan/.javacpp/cache/ffmpeg-6.0-1.5.9-linux-x86_64.jar/org/bytedeco/ffmpeg/linux-x86_64/libavdevice.so.60
719b4243c000-719b42444000 r--p 00000000 103:02 5259687                   /home/pan/.javacpp/cache/ffmpeg-6.0-1.5.9-linux-x86_64.jar/org/bytedeco/ffmpeg/linux-x86_64/libjniswscale.so
719b42444000-719b42451000 r-xp 00008000 103:02 5259687                   /home/pan/.javacpp/cache/ffmpeg-6.0-1.5.9-linux-x86_64.jar/org/bytedeco/ffmpeg/linux-x86_64/libjniswscale.so
719b42451000-719b42456000 r--p 00015000 103:02 5259687                   /home/pan/.javacpp/cache/ffmpeg-6.0-1.5.9-linux-x86_64.jar/org/bytedeco/ffmpeg/linux-x86_64/libjniswscale.so
719b42456000-719b42457000 ---p 0001a000 103:02 5259687                   /home/pan/.javacpp/cache/ffmpeg-6.0-1.5.9-linux-x86_64.jar/org/bytedeco/ffmpeg/linux-x86_64/libjniswscale.so
719b42457000-719b42458000 r--p 0001a000 103:02 5259687                   /home/pan/.javacpp/cache/ffmpeg-6.0-1.5.9-linux-x86_64.jar/org/bytedeco/ffmpeg/linux-x86_64/libjniswscale.so
719b42458000-719b42459000 rw-p 0001b000 103:02 5259687                   /home/pan/.javacpp/cache/ffmpeg-6.0-1.5.9-linux-x86_64.jar/org/bytedeco/ffmpeg/linux-x86_64/libjniswscale.so
719b42459000-719b4245c000 r--p 00000000 103:02 5259676                   /home/pan/.javacpp/cache/ffmpeg-6.0-1.5.9-linux-x86_64.jar/org/bytedeco/ffmpeg/linux-x86_64/libswresample.so.4
719b4245c000-719b42470000 r-xp 00003000 103:02 5259676                   /home/pan/.javacpp/cache/ffmpeg-6.0-1.5.9-linux-x86_64.jar/org/bytedeco/ffmpeg/linux-x86_64/libswresample.so.4
719b42470000-719b42475000 r--p 00017000 103:02 5259676                   /home/pan/.javacpp/cache/ffmpeg-6.0-1.5.9-linux-x86_64.jar/org/bytedeco/ffmpeg/linux-x86_64/libswresample.so.4
719b42475000-719b42476000 ---p 0001c000 103:02 5259676                   /home/pan/.javacpp/cache/ffmpeg-6.0-1.5.9-linux-x86_64.jar/org/bytedeco/ffmpeg/linux-x86_64/libswresample.so.4
719b42476000-719b42478000 r--p 0001c000 103:02 5259676                   /home/pan/.javacpp/cache/ffmpeg-6.0-1.5.9-linux-x86_64.jar/org/bytedeco/ffmpeg/linux-x86_64/libswresample.so.4
719b42478000-719b42479000 rw-p 0001e000 103:02 5259676                   /home/pan/.javacpp/cache/ffmpeg-6.0-1.5.9-linux-x86_64.jar/org/bytedeco/ffmpeg/linux-x86_64/libswresample.so.4
719b42479000-719b4248b000 r--p 00000000 103:02 5259707                   /home/pan/.javacpp/cache/openblas-0.3.23-1.5.9-linux-x86_64.jar/org/bytedeco/openblas/linux-x86_64/libjniopenblas_nolapack.so
719b4248b000-719b424b6000 r-xp 00012000 103:02 5259707                   /home/pan/.javacpp/cache/openblas-0.3.23-1.5.9-linux-x86_64.jar/org/bytedeco/openblas/linux-x86_64/libjniopenblas_nolapack.so
719b424b6000-719b424c3000 r--p 0003d000 103:02 5259707                   /home/pan/.javacpp/cache/openblas-0.3.23-1.5.9-linux-x86_64.jar/org/bytedeco/openblas/linux-x86_64/libjniopenblas_nolapack.so
719b424c3000-719b424c4000 r--p 00049000 103:02 5259707                   /home/pan/.javacpp/cache/openblas-0.3.23-1.5.9-linux-x86_64.jar/org/bytedeco/openblas/linux-x86_64/libjniopenblas_nolapack.so
719b424c4000-719b424c5000 rw-p 0004a000 103:02 5259707                   /home/pan/.javacpp/cache/openblas-0.3.23-1.5.9-linux-x86_64.jar/org/bytedeco/openblas/linux-x86_64/libjniopenblas_nolapack.so
719b424c5000-719b424c8000 r--p 00000000 103:02 11847384                  /usr/lib/x86_64-linux-gnu/libgcc_s.so.1
719b424c8000-719b424df000 r-xp 00003000 103:02 11847384                  /usr/lib/x86_64-linux-gnu/libgcc_s.so.1
719b424df000-719b424e3000 r--p 0001a000 103:02 11847384                  /usr/lib/x86_64-linux-gnu/libgcc_s.so.1
719b424e3000-719b424e4000 r--p 0001d000 103:02 11847384                  /usr/lib/x86_64-linux-gnu/libgcc_s.so.1
719b424e4000-719b424e5000 rw-p 0001e000 103:02 11847384                  /usr/lib/x86_64-linux-gnu/libgcc_s.so.1
719b424e6000-719b424ec000 r--p 00000000 103:02 5259678                   /home/pan/.javacpp/cache/ffmpeg-6.0-1.5.9-linux-x86_64.jar/org/bytedeco/ffmpeg/linux-x86_64/libjniswresample.so
719b424ec000-719b424f6000 r-xp 00006000 103:02 5259678                   /home/pan/.javacpp/cache/ffmpeg-6.0-1.5.9-linux-x86_64.jar/org/bytedeco/ffmpeg/linux-x86_64/libjniswresample.so
719b424f6000-719b424fb000 r--p 00010000 103:02 5259678                   /home/pan/.javacpp/cache/ffmpeg-6.0-1.5.9-linux-x86_64.jar/org/bytedeco/ffmpeg/linux-x86_64/libjniswresample.so
719b424fb000-719b424fc000 r--p 00014000 103:02 5259678                   /home/pan/.javacpp/cache/ffmpeg-6.0-1.5.9-linux-x86_64.jar/org/bytedeco/ffmpeg/linux-x86_64/libjniswresample.so
719b424fc000-719b424fd000 rw-p 00015000 103:02 5259678                   /home/pan/.javacpp/cache/ffmpeg-6.0-1.5.9-linux-x86_64.jar/org/bytedeco/ffmpeg/linux-x86_64/libjniswresample.so
719b424fd000-719b42800000 rw-p 00000000 00:00 0 
719b42800000-719b4281b000 r-xp 00000000 103:02 4342136                   /home/pan/.jdks/corretto-17.0.14/lib/libjimage.so
719b4281b000-719b42a1a000 ---p 0001b000 103:02 4342136                   /home/pan/.jdks/corretto-17.0.14/lib/libjimage.so
719b42a1a000-719b42a1c000 r--p 0001a000 103:02 4342136                   /home/pan/.jdks/corretto-17.0.14/lib/libjimage.so
719b42a1c000-719b42a1d000 rw-p 0001c000 103:02 4342136                   /home/pan/.jdks/corretto-17.0.14/lib/libjimage.so
719b42a21000-719b42e00000 rw-p 00000000 00:00 0 
719b42e00000-719b440c9000 r-xp 00000000 103:02 4342150                   /home/pan/.jdks/corretto-17.0.14/lib/server/libjvm.so
719b440c9000-719b442c9000 ---p 012c9000 103:02 4342150                   /home/pan/.jdks/corretto-17.0.14/lib/server/libjvm.so
719b442c9000-719b44382000 r--p 012c9000 103:02 4342150                   /home/pan/.jdks/corretto-17.0.14/lib/server/libjvm.so
719b44382000-719b443b7000 rw-p 01382000 103:02 4342150                   /home/pan/.jdks/corretto-17.0.14/lib/server/libjvm.so
719b443b7000-719b44412000 rw-p 00000000 00:00 0 
719b44414000-719b44800000 rw-p 00000000 00:00 0 
719b44800000-719b44828000 r--p 00000000 103:02 11819770                  /usr/lib/x86_64-linux-gnu/libc.so.6
719b44828000-719b449bd000 r-xp 00028000 103:02 11819770                  /usr/lib/x86_64-linux-gnu/libc.so.6
719b449bd000-719b44a15000 r--p 001bd000 103:02 11819770                  /usr/lib/x86_64-linux-gnu/libc.so.6
719b44a15000-719b44a16000 ---p 00215000 103:02 11819770                  /usr/lib/x86_64-linux-gnu/libc.so.6
719b44a16000-719b44a1a000 r--p 00215000 103:02 11819770                  /usr/lib/x86_64-linux-gnu/libc.so.6
719b44a1a000-719b44a1c000 rw-p 00219000 103:02 11819770                  /usr/lib/x86_64-linux-gnu/libc.so.6
719b44a1c000-719b44a29000 rw-p 00000000 00:00 0 
719b44a2c000-719b44a2d000 r--p 00000000 103:02 11848377                  /usr/lib/x86_64-linux-gnu/libxcb-shape.so.0.0.0
719b44a2d000-719b44a2e000 r-xp 00001000 103:02 11848377                  /usr/lib/x86_64-linux-gnu/libxcb-shape.so.0.0.0
719b44a2e000-719b44a2f000 r--p 00002000 103:02 11848377                  /usr/lib/x86_64-linux-gnu/libxcb-shape.so.0.0.0
719b44a2f000-719b44a30000 r--p 00002000 103:02 11848377                  /usr/lib/x86_64-linux-gnu/libxcb-shape.so.0.0.0
719b44a30000-719b44a31000 rw-p 00003000 103:02 11848377                  /usr/lib/x86_64-linux-gnu/libxcb-shape.so.0.0.0
719b44a31000-719b44a32000 r--p 00000000 103:02 11848379                  /usr/lib/x86_64-linux-gnu/libxcb-shm.so.0.0.0
719b44a32000-719b44a33000 r-xp 00001000 103:02 11848379                  /usr/lib/x86_64-linux-gnu/libxcb-shm.so.0.0.0
719b44a33000-719b44a34000 r--p 00002000 103:02 11848379                  /usr/lib/x86_64-linux-gnu/libxcb-shm.so.0.0.0
719b44a34000-719b44a35000 r--p 00002000 103:02 11848379                  /usr/lib/x86_64-linux-gnu/libxcb-shm.so.0.0.0
719b44a35000-719b44a36000 rw-p 00003000 103:02 11848379                  /usr/lib/x86_64-linux-gnu/libxcb-shm.so.0.0.0
719b44a36000-719b44a3a000 r--p 00000000 103:02 5259663                   /home/pan/.javacpp/cache/javacpp-1.5.9-linux-x86_64.jar/org/bytedeco/javacpp/linux-x86_64/libjnijavacpp.so
719b44a3a000-719b44a41000 r-xp 00004000 103:02 5259663                   /home/pan/.javacpp/cache/javacpp-1.5.9-linux-x86_64.jar/org/bytedeco/javacpp/linux-x86_64/libjnijavacpp.so
719b44a41000-719b44a45000 r--p 0000b000 103:02 5259663                   /home/pan/.javacpp/cache/javacpp-1.5.9-linux-x86_64.jar/org/bytedeco/javacpp/linux-x86_64/libjnijavacpp.so
719b44a45000-719b44a46000 r--p 0000e000 103:02 5259663                   /home/pan/.javacpp/cache/javacpp-1.5.9-linux-x86_64.jar/org/bytedeco/javacpp/linux-x86_64/libjnijavacpp.so
719b44a46000-719b44a47000 rw-p 0000f000 103:02 5259663                   /home/pan/.javacpp/cache/javacpp-1.5.9-linux-x86_64.jar/org/bytedeco/javacpp/linux-x86_64/libjnijavacpp.so
719b44a47000-719b44a68000 r--p 00000000 103:02 12351393                  /usr/share/locale-langpack/zh_CN/LC_MESSAGES/libc.mo
719b44a68000-719b44bbf000 rw-p 00000000 00:00 0 
719b44bbf000-719b44c00000 ---p 00000000 00:00 0 
719b44c00000-719b44c0f000 r-xp 00000000 103:02 4342137                   /home/pan/.jdks/corretto-17.0.14/lib/libjli.so
719b44c0f000-719b44e0e000 ---p 0000f000 103:02 4342137                   /home/pan/.jdks/corretto-17.0.14/lib/libjli.so
719b44e0e000-719b44e0f000 r--p 0000e000 103:02 4342137                   /home/pan/.jdks/corretto-17.0.14/lib/libjli.so
719b44e0f000-719b44e10000 rw-p 0000f000 103:02 4342137                   /home/pan/.jdks/corretto-17.0.14/lib/libjli.so
719b44e10000-719b44e47000 rw-p 00000000 00:00 0 
719b44e47000-719b44e4b000 ---p 00000000 00:00 0 
719b44e4b000-719b44f47000 rw-p 00000000 00:00 0 
719b44f47000-719b44f55000 r--p 00000000 103:02 11819841                  /usr/lib/x86_64-linux-gnu/libm.so.6
719b44f55000-719b44fd1000 r-xp 0000e000 103:02 11819841                  /usr/lib/x86_64-linux-gnu/libm.so.6
719b44fd1000-719b4502c000 r--p 0008a000 103:02 11819841                  /usr/lib/x86_64-linux-gnu/libm.so.6
719b4502c000-719b4502d000 r--p 000e4000 103:02 11819841                  /usr/lib/x86_64-linux-gnu/libm.so.6
719b4502d000-719b4502e000 rw-p 000e5000 103:02 11819841                  /usr/lib/x86_64-linux-gnu/libm.so.6
719b4502e000-719b4502f000 r--p 00000000 103:02 11820205                  /usr/lib/x86_64-linux-gnu/librt.so.1
719b4502f000-719b45030000 r-xp 00001000 103:02 11820205                  /usr/lib/x86_64-linux-gnu/librt.so.1
719b45030000-719b45031000 r--p 00002000 103:02 11820205                  /usr/lib/x86_64-linux-gnu/librt.so.1
719b45031000-719b45032000 r--p 00002000 103:02 11820205                  /usr/lib/x86_64-linux-gnu/librt.so.1
719b45032000-719b45033000 rw-p 00003000 103:02 11820205                  /usr/lib/x86_64-linux-gnu/librt.so.1
719b45033000-719b45037000 rw-p 00000000 00:00 0 
719b45037000-719b45038000 r--p 00000000 103:02 11819839                  /usr/lib/x86_64-linux-gnu/libdl.so.2
719b45038000-719b45039000 r-xp 00001000 103:02 11819839                  /usr/lib/x86_64-linux-gnu/libdl.so.2
719b45039000-719b4503a000 r--p 00002000 103:02 11819839                  /usr/lib/x86_64-linux-gnu/libdl.so.2
719b4503a000-719b4503b000 r--p 00002000 103:02 11819839                  /usr/lib/x86_64-linux-gnu/libdl.so.2
719b4503b000-719b4503c000 rw-p 00003000 103:02 11819839                  /usr/lib/x86_64-linux-gnu/libdl.so.2
719b4503c000-719b4503d000 r--p 00000000 103:02 11820201                  /usr/lib/x86_64-linux-gnu/libpthread.so.0
719b4503d000-719b4503e000 r-xp 00001000 103:02 11820201                  /usr/lib/x86_64-linux-gnu/libpthread.so.0
719b4503e000-719b4503f000 r--p 00002000 103:02 11820201                  /usr/lib/x86_64-linux-gnu/libpthread.so.0
719b4503f000-719b45040000 r--p 00002000 103:02 11820201                  /usr/lib/x86_64-linux-gnu/libpthread.so.0
719b45040000-719b45041000 rw-p 00003000 103:02 11820201                  /usr/lib/x86_64-linux-gnu/libpthread.so.0
719b45041000-719b45043000 r--p 00000000 103:02 11848427                  /usr/lib/x86_64-linux-gnu/libz.so.1.2.11
719b45043000-719b45054000 r-xp 00002000 103:02 11848427                  /usr/lib/x86_64-linux-gnu/libz.so.1.2.11
719b45054000-719b4505a000 r--p 00013000 103:02 11848427                  /usr/lib/x86_64-linux-gnu/libz.so.1.2.11
719b4505a000-719b4505b000 ---p 00019000 103:02 11848427                  /usr/lib/x86_64-linux-gnu/libz.so.1.2.11
719b4505b000-719b4505c000 r--p 00019000 103:02 11848427                  /usr/lib/x86_64-linux-gnu/libz.so.1.2.11
719b4505c000-719b4505d000 rw-p 0001a000 103:02 11848427                  /usr/lib/x86_64-linux-gnu/libz.so.1.2.11
719b4505e000-719b4505f000 r--p 00000000 103:02 11847860                  /usr/lib/x86_64-linux-gnu/libnss_mdns4_minimal.so.2
719b4505f000-719b45061000 r-xp 00001000 103:02 11847860                  /usr/lib/x86_64-linux-gnu/libnss_mdns4_minimal.so.2
719b45061000-719b45062000 r--p 00003000 103:02 11847860                  /usr/lib/x86_64-linux-gnu/libnss_mdns4_minimal.so.2
719b45062000-719b45063000 r--p 00003000 103:02 11847860                  /usr/lib/x86_64-linux-gnu/libnss_mdns4_minimal.so.2
719b45063000-719b45064000 rw-p 00004000 103:02 11847860                  /usr/lib/x86_64-linux-gnu/libnss_mdns4_minimal.so.2
719b45064000-719b4506b000 r--s 00000000 103:02 11825073                  /usr/lib/x86_64-linux-gnu/gconv/gconv-modules.cache
719b4506b000-719b45073000 rw-s 00000000 103:02 5909963                   /tmp/hsperfdata_pan/11577
719b45073000-719b45074000 ---p 00000000 00:00 0 
719b45074000-719b45075000 r--p 00000000 00:00 0 
719b45075000-719b45077000 rw-p 00000000 00:00 0 
719b45077000-719b45079000 r--p 00000000 103:02 11819686                  /usr/lib/x86_64-linux-gnu/ld-linux-x86-64.so.2
719b45079000-719b450a3000 r-xp 00002000 103:02 11819686                  /usr/lib/x86_64-linux-gnu/ld-linux-x86-64.so.2
719b450a3000-719b450ae000 r--p 0002c000 103:02 11819686                  /usr/lib/x86_64-linux-gnu/ld-linux-x86-64.so.2
719b450ae000-719b450af000 ---p 00000000 00:00 0 
719b450af000-719b450b1000 r--p 00037000 103:02 11819686                  /usr/lib/x86_64-linux-gnu/ld-linux-x86-64.so.2
719b450b1000-719b450b3000 rw-p 00039000 103:02 11819686                  /usr/lib/x86_64-linux-gnu/ld-linux-x86-64.so.2
7ffc60c64000-7ffc60c85000 rw-p 00000000 00:00 0                          [stack]
7ffc60dd4000-7ffc60dd8000 r--p 00000000 00:00 0                          [vvar]
7ffc60dd8000-7ffc60dda000 r-xp 00000000 00:00 0                          [vdso]
ffffffffff600000-ffffffffff601000 --xp 00000000 00:00 0                  [vsyscall]


VM Arguments:
jvm_args: -XX:TieredStopAtLevel=1 -Dspring.output.ansi.enabled=always -Dcom.sun.management.jmxremote -Dspring.jmx.enabled=true -Dspring.liveBeansView.mbeanDomain -Dspring.application.admin.enabled=true -Dmanagement.endpoints.jmx.exposure.include=* -javaagent:/opt/idea/lib/idea_rt.jar=43587:/opt/idea/bin -Dfile.encoding=UTF-8 
java_command: com.saigou.analyzerServer
java_class_path (initial): /media/pan/95C15E65414BD009/ubuntu/houduan/pandaSystem/analyzer-server-10001/target/classes:/home/pan/.m2/repository/org/bytedeco/javacv-platform/1.5.9/javacv-platform-1.5.9.jar:/home/pan/.m2/repository/org/bytedeco/javacv/1.5.9/javacv-1.5.9.jar:/home/pan/.m2/repository/org/bytedeco/javacpp/1.5.9/javacpp-1.5.9.jar:/home/pan/.m2/repository/org/bytedeco/openblas/0.3.23-1.5.9/openblas-0.3.23-1.5.9.jar:/home/pan/.m2/repository/org/bytedeco/opencv/4.7.0-1.5.9/opencv-4.7.0-1.5.9.jar:/home/pan/.m2/repository/org/bytedeco/ffmpeg/6.0-1.5.9/ffmpeg-6.0-1.5.9.jar:/home/pan/.m2/repository/org/bytedeco/flycapture/2.13.3.31-1.5.9/flycapture-2.13.3.31-1.5.9.jar:/home/pan/.m2/repository/org/bytedeco/libdc1394/2.2.6-1.5.9/libdc1394-2.2.6-1.5.9.jar:/home/pan/.m2/repository/org/bytedeco/libfreenect/0.5.7-1.5.9/libfreenect-0.5.7-1.5.9.jar:/home/pan/.m2/repository/org/bytedeco/libfreenect2/0.2.0-1.5.9/libfreenect2-0.2.0-1.5.9.jar:/home/pan/.m2/repository/org/bytedeco/librealsense/1.12.4-1.5.9/librealsense-1.12.4-1.5.9.jar:/home/pan/.m2/repository/org/bytedeco/librealsense2/2.53.1-1.5.9/librealsense2-2.53.1-1.5.9.jar:/home/pan/.m2/repository/org/bytedeco/videoinput/0.200-1.5.9/videoinput-0.200-1.5.9.jar:/home/pan/.m2/repository/org/bytedeco/artoolkitplus/2.3.1-1.5.9/artoolkitplus-2.3.1-1.5.9.jar:/home/pan/.m2/repository/org/bytedeco/leptonica/1.83.0-1.5.9/leptonica-1.83.0-1.5.9.jar:/home/pan/.m2/repository/org/bytedeco/tesseract/5.3.1-1.5.9/tesseract-5.3.1-1.5.9.jar:/home/pan/.m2/repository/org/openjfx/javafx-graphics/17/javafx-graphics-17.jar:/home/pan/.m2/repository/org/openjfx/javafx-graphics/17/javafx-graphics-17-linux.jar:/home/pan/.m2/repository/org/openjfx/javafx-base/17/javafx-base-17.jar:/home/pan/.m2/repository/org/openjfx/javafx-base/17/javafx-base-17-linux.jar:/home/pan/.m2/repository/org/bytedeco/openblas-platform/0.3.23-1.5.9/openblas-platform-0.3.23-1.5.9.jar:/home/pan/.m2/repository/org/bytedeco/javacpp-platform/1.5.9/javacpp-platform-1.5.9.jar
Launcher Type: SUN_STANDARD

[Global flags]
     intx CICompilerCount                          = 12                                        {product} {ergonomic}
     uint ConcGCThreads                            = 3                                         {product} {ergonomic}
     uint G1ConcRefinementThreads                  = 13                                        {product} {ergonomic}
   size_t G1HeapRegionSize                         = 4194304                                   {product} {ergonomic}
    uintx GCDrainStackTargetSize                   = 64                                        {product} {ergonomic}
   size_t InitialHeapSize                          = 461373440                                 {product} {ergonomic}
     bool ManagementServer                         = true                                      {product} {command line}
   size_t MarkStackSize                            = 4194304                                   {product} {ergonomic}
   size_t MaxHeapSize                              = 7319060480                                {product} {ergonomic}
   size_t MaxNewSize                               = 4391436288                                {product} {ergonomic}
   size_t MinHeapDeltaBytes                        = 4194304                                   {product} {ergonomic}
   size_t MinHeapSize                              = 8388608                                   {product} {ergonomic}
    uintx NonProfiledCodeHeapSize                  = 0                                      {pd product} {ergonomic}
     bool ProfileInterpreter                       = false                                  {pd product} {command line}
    uintx ProfiledCodeHeapSize                     = 0                                      {pd product} {ergonomic}
   size_t SoftMaxHeapSize                          = 7319060480                             {manageable} {ergonomic}
     intx TieredStopAtLevel                        = 1                                         {product} {command line}
     bool UseCompressedClassPointers               = true                           {product lp64_product} {ergonomic}
     bool UseCompressedOops                        = true                           {product lp64_product} {ergonomic}
     bool UseG1GC                                  = true                                      {product} {ergonomic}

Logging:
Log output configuration:
 #0: stdout all=warning uptime,level,tags
 #1: stderr all=off uptime,level,tags

Environment Variables:
PATH=/usr/local/sbin:/usr/local/bin:/usr/sbin:/usr/bin:/sbin:/bin:/usr/games:/usr/local/games:/snap/bin:/snap/bin
USERNAME=pan
SHELL=/bin/bash
DISPLAY=:0
LANG=zh_CN.UTF-8
LC_NUMERIC=zh_CN.UTF-8
LC_TIME=zh_CN.UTF-8

Active Locale:
LC_ALL=zh_CN.UTF-8
LC_COLLATE=zh_CN.UTF-8
LC_CTYPE=zh_CN.UTF-8
LC_MESSAGES=zh_CN.UTF-8
LC_MONETARY=zh_CN.UTF-8
LC_NUMERIC=zh_CN.UTF-8
LC_TIME=zh_CN.UTF-8

Signal Handlers:
   SIGSEGV: crash_handler in libjvm.so, mask=11100100010111111101111111111110, flags=SA_RESTART|SA_SIGINFO, unblocked
    SIGBUS: crash_handler in libjvm.so, mask=11100100010111111101111111111110, flags=SA_RESTART|SA_SIGINFO, unblocked
    SIGFPE: crash_handler in libjvm.so, mask=11100100010111111101111111111110, flags=SA_RESTART|SA_SIGINFO, unblocked
   SIGPIPE: javaSignalHandler in libjvm.so, mask=11100100010111111101111111111110, flags=SA_RESTART|SA_SIGINFO, blocked
   SIGXFSZ: javaSignalHandler in libjvm.so, mask=11100100010111111101111111111110, flags=SA_RESTART|SA_SIGINFO, blocked
    SIGILL: crash_handler in libjvm.so, mask=11100100010111111101111111111110, flags=SA_RESTART|SA_SIGINFO, unblocked
   SIGUSR2: SR_handler in libjvm.so, mask=00100000000000000000000000000000, flags=SA_RESTART|SA_SIGINFO, blocked
    SIGHUP: UserHandler in libjvm.so, mask=11100100010111111101111111111110, flags=SA_RESTART|SA_SIGINFO, blocked
    SIGINT: UserHandler in libjvm.so, mask=11100100010111111101111111111110, flags=SA_RESTART|SA_SIGINFO, blocked
   SIGTERM: UserHandler in libjvm.so, mask=11100100010111111101111111111110, flags=SA_RESTART|SA_SIGINFO, blocked
   SIGQUIT: UserHandler in libjvm.so, mask=11100100010111111101111111111110, flags=SA_RESTART|SA_SIGINFO, blocked
   SIGTRAP: crash_handler in libjvm.so, mask=11100100010111111101111111111110, flags=SA_RESTART|SA_SIGINFO, unblocked


Periodic native trim disabled


---------------  S Y S T E M  ---------------

OS:
DISTRIB_ID=Ubuntu
DISTRIB_RELEASE=22.04
DISTRIB_CODENAME=jammy
DISTRIB_DESCRIPTION="Ubuntu 22.04.5 LTS"
uname: Linux 6.8.0-52-generic #53~22.04.1-Ubuntu SMP PREEMPT_DYNAMIC Wed Jan 15 19:18:46 UTC 2 x86_64
OS uptime: 0 days 1:36 hours
libc: glibc 2.35 NPTL 2.35 
rlimit (soft/hard): STACK 8192k/infinity , CORE 0k/infinity , NPROC 111345/111345 , NOFILE 1048576/1048576 , AS infinity/infinity , CPU infinity/infinity , DATA infinity/infinity , FSIZE infinity/infinity , MEMLOCK 3572968k/3572968k
load average: 1.44 1.25 0.74

/proc/meminfo:
MemTotal:       28583760 kB
MemFree:          254824 kB
MemAvailable:    9345416 kB
Buffers:          359220 kB
Cached:          9004960 kB
SwapCached:            0 kB
Active:         21084296 kB
Inactive:        5703284 kB
Active(anon):   17483228 kB
Inactive(anon):   135780 kB
Active(file):    3601068 kB
Inactive(file):  5567504 kB
Unevictable:         116 kB
Mlocked:             116 kB
SwapTotal:             0 kB
SwapFree:              0 kB
Zswap:                 0 kB
Zswapped:              0 kB
Dirty:             88796 kB
Writeback:             0 kB
AnonPages:      17423668 kB
Mapped:          3113796 kB
Shmem:            195580 kB
KReclaimable:     353364 kB
Slab:             783572 kB
SReclaimable:     353364 kB
SUnreclaim:       430208 kB
KernelStack:       54368 kB
PageTables:       156244 kB
SecPageTables:         0 kB
NFS_Unstable:          0 kB
Bounce:                0 kB
WritebackTmp:          0 kB
CommitLimit:    14291880 kB
Committed_AS:   63935384 kB
VmallocTotal:   34359738367 kB
VmallocUsed:      105984 kB
VmallocChunk:          0 kB
Percpu:            18048 kB
HardwareCorrupted:     0 kB
AnonHugePages:     14336 kB
ShmemHugePages:        0 kB
ShmemPmdMapped:        0 kB
FileHugePages:         0 kB
FilePmdMapped:         0 kB
Unaccepted:            0 kB
HugePages_Total:       0
HugePages_Free:        0
HugePages_Rsvd:        0
HugePages_Surp:        0
Hugepagesize:       2048 kB
Hugetlb:               0 kB
DirectMap4k:      594372 kB
DirectMap2M:    21274624 kB
DirectMap1G:     7340032 kB

/sys/kernel/mm/transparent_hugepage/enabled: always [madvise] never
/sys/kernel/mm/transparent_hugepage/hpage_pmd_size: 2097152
/sys/kernel/mm/transparent_hugepage/defrag (defrag/compaction efforts parameter): always defer defer+madvise [madvise] never

Process Memory:
Virtual Size: 23649376K (peak: 23778844K)
Resident Set Size: 2461372K (peak: 2461372K) (anon: 2413176K, file: 48196K, shmem: 0K)
Swapped out: 0K
C-Heap outstanding allocations: 1910436K, retained: 219983K
glibc malloc tunables: (default)

/proc/sys/kernel/threads-max (system-wide limit on the number of threads): 222691
/proc/sys/vm/max_map_count (maximum number of memory map areas a process may have): 65530
/proc/sys/vm/swappiness (control to define how aggressively the kernel swaps out anonymous memory): 60
/proc/sys/kernel/pid_max (system-wide limit on number of process identifiers): 4194304

container (cgroup) information:
container_type: cgroupv2
cpu_cpuset_cpus: not supported
cpu_memory_nodes: not supported
active_processor_count: 16
cpu_quota: not supported
cpu_period: not supported
cpu_shares: not supported
memory_limit_in_bytes: unlimited
memory_and_swap_limit_in_bytes: unlimited
memory_soft_limit_in_bytes: unlimited
memory_usage_in_bytes: 11557692 k
memory_max_usage_in_bytes: not supported
memory_swap_current_in_bytes: unlimited
memory_swap_max_limit_in_bytes: unlimited
maximum number of tasks: 33403
current number of tasks: 1198

Steal ticks since vm start: 0
Steal ticks percentage since vm start:  0.000

CPU: total 16 (initial active 16) (16 cores per cpu, 2 threads per core) family 25 model 80 stepping 0 microcode 0xa50000c, cx8, cmov, fxsr, ht, mmx, 3dnowpref, sse, sse2, sse3, ssse3, sse4a, sse4.1, sse4.2, popcnt, lzcnt, tsc, tscinvbit, avx, avx2, aes, erms, clmul, bmi1, bmi2, adx, sha, fma, vzeroupper, clflush, clflushopt
CPU Model and flags from /proc/cpuinfo:
model name	: AMD Ryzen 7 5800H with Radeon Graphics
flags		: fpu vme de pse tsc msr pae mce cx8 apic sep mtrr pge mca cmov pat pse36 clflush mmx fxsr sse sse2 ht syscall nx mmxext fxsr_opt pdpe1gb rdtscp lm constant_tsc rep_good nopl nonstop_tsc cpuid extd_apicid aperfmperf rapl pni pclmulqdq monitor ssse3 fma cx16 sse4_1 sse4_2 movbe popcnt aes xsave avx f16c rdrand lahf_lm cmp_legacy svm extapic cr8_legacy abm sse4a misalignsse 3dnowprefetch osvw ibs skinit wdt tce topoext perfctr_core perfctr_nb bpext perfctr_llc mwaitx cpb cat_l3 cdp_l3 hw_pstate ssbd mba ibrs ibpb stibp vmmcall fsgsbase bmi1 avx2 smep bmi2 erms invpcid cqm rdt_a rdseed adx smap clflushopt clwb sha_ni xsaveopt xsavec xgetbv1 xsaves cqm_llc cqm_occup_llc cqm_mbm_total cqm_mbm_local user_shstk clzero irperf xsaveerptr rdpru wbnoinvd cppc arat npt lbrv svm_lock nrip_save tsc_scale vmcb_clean flushbyasid decodeassists pausefilter pfthreshold avic v_vmsave_vmload vgif v_spec_ctrl umip pku ospke vaes vpclmulqdq rdpid overflow_recov succor smca fsrm debug_swap

Online cpus: 0-15
Offline cpus: 
BIOS frequency limitation: <Not Available>
Frequency switch latency (ns): 0
Available cpu frequencies: <Not Available>
Current governor: powersave
Core performance/turbo boost: <Not Available>

Memory: 4k page, physical 28583760k(254824k free), swap 0k(0k free)
Page Sizes: 4k

vm_info: OpenJDK 64-Bit Server VM (17.0.14+7-LTS) for linux-amd64 JRE (17.0.14+7-LTS), built on Jan  7 2025 20:04:38 by "jenkins" with gcc 7.3.1 20180303 (Red Hat 7.3.1-5)

END.
