#
# A fatal error has been detected by the Java Runtime Environment:
#
#  EXCEPTION_ACCESS_VIOLATION (0xc0000005) at pc=0x00007ff91a2243a2, pid=7640, tid=28840
#
# JRE version: Java(TM) SE Runtime Environment (17.0.9+11) (build 17.0.9+11-LTS-201)
# Java VM: Java HotSpot(TM) 64-Bit Server VM (17.0.9+11-LTS-201, mixed mode, sharing, tiered, compressed oops, compressed class ptrs, g1 gc, windows-amd64)
# Problematic frame:
# C  0x00007ff91a2243a2
#
# No core dump will be written. Minidumps are not enabled by default on client versions of Windows
#
# If you would like to submit a bug report, please visit:
#   https://bugreport.java.com/bugreport/crash.jsp
# The crash happened outside the Java Virtual Machine in native code.
# See problematic frame for where to report the bug.
#

---------------  S U M M A R Y ------------

Command Line: -javaagent:D:\Program Files\JetBrains\IntelliJ IDEA 2023.2.5\lib\idea_rt.jar=15004:D:\Program Files\JetBrains\IntelliJ IDEA 2023.2.5\bin -Dfile.encoding=GBK com.saigou.Processor

Host: AMD Ryzen 7 5800H with Radeon Graphics         , 16 cores, 31G,  Windows 11 , 64 bit Build 26100 (10.0.26100.3094)
Time: Sun Feb 23 05:27:29 2025  Windows 11 , 64 bit Build 26100 (10.0.26100.3094) elapsed time: 19.043310 seconds (0d 0h 0m 19s)

---------------  T H R E A D  ---------------

Current thread (0x0000015f00e85060):  JavaThread "Thread-3" [_thread_in_native, id=28840, stack(0x0000001de8600000,0x0000001de8700000)]

Stack: [0x0000001de8600000,0x0000001de8700000],  sp=0x0000001de86fecc0,  free space=1019k
Native frames: (J=compiled Java code, j=interpreted, Vv=VM code, C=native code)
C  0x00007ff91a2243a2

Java frames: (J=compiled Java code, j=interpreted, Vv=VM code)
J 2995  org.bytedeco.ffmpeg.global.swscale.sws_scale(Lorg/bytedeco/ffmpeg/swscale/SwsContext;Lorg/bytedeco/javacpp/PointerPointer;Lorg/bytedeco/javacpp/IntPointer;IILorg/bytedeco/javacpp/PointerPointer;Lorg/bytedeco/javacpp/IntPointer;)I (0 bytes) @ 0x0000015f15f9c963 [0x0000015f15f9c8a0+0x00000000000000c3]
J 3390 c1 org.bytedeco.javacv.FFmpegFrameRecorder.recordImage(IIIIII[Ljava/nio/Buffer;)Z (1190 bytes) @ 0x0000015f0e6f2ed4 [0x0000015f0e6f0d00+0x00000000000021d4]
J 3389 c1 org.bytedeco.javacv.FFmpegFrameRecorder.record(Lorg/bytedeco/javacv/Frame;I)V (104 bytes) @ 0x0000015f0e54e854 [0x0000015f0e54e660+0x00000000000001f4]
J 3388 c1 org.bytedeco.javacv.FFmpegFrameRecorder.record(Lorg/bytedeco/javacv/Frame;)V (34 bytes) @ 0x0000015f0e54f134 [0x0000015f0e54ede0+0x0000000000000354]
j  com.saigou.thread.PushStreamThread.run()V+202
v  ~StubRoutines::call_stub

siginfo: EXCEPTION_ACCESS_VIOLATION (0xc0000005), reading address 0x0000016248104080


Register to memory mapping:

RIP=0x00007ff91a2243a2 points into unknown readable memory: c5 fa 6f 02 c5 fa
RAX=0x00007ff91a224430 points into unknown readable memory: 0x7429f8c558ec8348 | 48 83 ec 58 c5 f8 29 74
RBX=0x0 is NULL
RCX=0x0000015f8069a640 points into unknown readable memory: 0x0010000000000000 | 00 00 00 00 00 00 10 00
RDX=0x0000016248104080 is an unknown value
RSP=0x0000001de86fecc0 is pointing into the stack for thread: 0x0000015f00e85060
RBP=0x000001608c48b770 points into unknown readable memory: 0x00004087000020de | de 20 00 00 87 40 00 00
RSI=0x000001608c481d40 points into unknown readable memory: 0x00007ff91a2529e0 | e0 29 25 1a f9 7f 00 00
RDI=0x00000000000003c0 is an unknown value
R8 =0x0000016248104080 is an unknown value
R9 =0x0000016248104080 is an unknown value
R10=0xfffffffffffff880 is an unknown value
R11=0x000001608c48b770 points into unknown readable memory: 0x00004087000020de | de 20 00 00 87 40 00 00
R12=0x0000000000000006 is an unknown value
R13=0x0000001de86fed60 is pointing into the stack for thread: 0x0000015f00e85060
R14=0x0000015f81325c00 points into unknown readable memory: 0x00000160c3db3b00 | 00 3b db c3 60 01 00 00
R15=0x0 is NULL


Registers:
RAX=0x00007ff91a224430, RBX=0x0000000000000000, RCX=0x0000015f8069a640, RDX=0x0000016248104080
RSP=0x0000001de86fecc0, RBP=0x000001608c48b770, RSI=0x000001608c481d40, RDI=0x00000000000003c0
R8 =0x0000016248104080, R9 =0x0000016248104080, R10=0xfffffffffffff880, R11=0x000001608c48b770
R12=0x0000000000000006, R13=0x0000001de86fed60, R14=0x0000015f81325c00, R15=0x0000000000000000
RIP=0x00007ff91a2243a2, EFLAGS=0x0000000000010283

Top of Stack: (sp=0x0000001de86fecc0)
0x0000001de86fecc0:   0000000000000001 000001608c481d40
0x0000001de86fecd0:   0000000000000001 00007ff91a20809b
0x0000001de86fece0:   0000000000000000 0000000000000000
0x0000001de86fecf0:   0000000000000000 0000000000000000
0x0000001de86fed00:   0000000000000000 0000000000000000
0x0000001de86fed10:   0000000000010000 00007ff91a1d265e
0x0000001de86fed20:   0000000000000000 0000000000000000
0x0000001de86fed30:   0000000000000000 0000000000000000
0x0000001de86fed40:   00000000000003c0 000001608c48b770
0x0000001de86fed50:   000001608c48b770 000001608c48b770
0x0000001de86fed60:   0000016248104080 0000016248104080
0x0000001de86fed70:   0000016248104080 0000016248104080
0x0000001de86fed80:   0000021c00000438 0000015f81325c00
0x0000001de86fed90:   0000015f81325c50 0000000000000000
0x0000001de86feda0:   0000000000000006 0000015f81325cf0
0x0000001de86fedb0:   0000000000000000 0000000000000000 

Instructions: (pc=0x00007ff91a2243a2)
0x00007ff91a2242a2:   24 40 44 0f 28 4c 24 30 44 0f 28 44 24 20 48 83
0x00007ff91a2242b2:   c4 78 0f 28 7c 24 18 0f 28 74 24 08 c3 90 48 83
0x00007ff91a2242c2:   ec 78 0f 29 b4 24 80 00 00 00 0f 29 bc 24 90 00
0x00007ff91a2242d2:   00 00 44 0f 29 44 24 20 44 0f 29 4c 24 30 44 0f
0x00007ff91a2242e2:   29 54 24 40 44 0f 29 5c 24 50 44 0f 29 64 24 60
0x00007ff91a2242f2:   4c 8b 94 24 a0 00 00 00 4c 8b 9c 24 a8 00 00 00
0x00007ff91a224302:   48 8b 84 24 b0 00 00 00 66 44 0f 6f 80 80 00 00
0x00007ff91a224312:   00 66 44 0f 6f 88 90 00 00 00 66 44 0f 6f 90 c0
0x00007ff91a224322:   00 00 00 66 44 0f 6f 98 d0 00 00 00 e9 7b fe ff
0x00007ff91a224332:   ff 90 90 90 90 90 90 90 90 90 90 90 90 90 48 83
0x00007ff91a224342:   ec 58 c5 f8 29 74 24 60 c5 f8 29 7c 24 70 c5 78
0x00007ff91a224352:   29 44 24 20 c5 78 29 4c 24 30 c5 78 29 54 24 40
0x00007ff91a224362:   4c 8b 94 24 80 00 00 00 4c 8b 9c 24 88 00 00 00
0x00007ff91a224372:   c4 41 79 6f 43 60 c4 41 79 6f 4b 70 c5 f9 6f 3d
0x00007ff91a224382:   4a 18 03 00 c5 79 6f 15 52 18 03 00 4d 63 d2 4d
0x00007ff91a224392:   01 d2 4c 01 d1 49 f7 da c5 f9 6f 25 0e 18 03 00
0x00007ff91a2243a2:   c5 fa 6f 02 c5 fa 6f 52 0c c4 c2 79 00 ca c4 e2
0x00007ff91a2243b2:   79 00 c7 c4 c2 69 00 da c4 e2 69 00 d7 48 83 c2
0x00007ff91a2243c2:   18 c4 c1 79 f5 c0 c4 c1 71 f5 c9 c4 c1 69 f5 d0
0x00007ff91a2243d2:   c4 c1 61 f5 d9 c5 f9 fe c1 c5 e9 fe d3 c5 f9 fe
0x00007ff91a2243e2:   c4 c5 e9 fe d4 c5 f9 72 e0 09 c5 e9 72 e2 09 c5
0x00007ff91a2243f2:   f9 6b c2 c4 a1 79 7f 04 11 49 83 c2 10 7c a1 c5
0x00007ff91a224402:   78 28 54 24 40 c5 78 28 4c 24 30 c5 78 28 44 24
0x00007ff91a224412:   20 48 83 c4 58 c5 f8 28 7c 24 18 c5 f8 28 74 24
0x00007ff91a224422:   08 c3 90 90 90 90 90 90 90 90 90 90 90 90 48 83
0x00007ff91a224432:   ec 58 c5 f8 29 74 24 60 c5 f8 29 7c 24 70 c5 78
0x00007ff91a224442:   29 44 24 20 c5 78 29 4c 24 30 c5 78 29 54 24 40
0x00007ff91a224452:   4c 8b 94 24 80 00 00 00 4c 8b 9c 24 88 00 00 00
0x00007ff91a224462:   c4 41 79 6f 43 40 c4 41 79 6f 4b 50 e9 0b ff ff
0x00007ff91a224472:   ff 90 90 90 90 90 90 90 90 90 90 90 90 90 48 83
0x00007ff91a224482:   ec 78 c5 f8 29 b4 24 80 00 00 00 c5 f8 29 bc 24
0x00007ff91a224492:   90 00 00 00 c5 78 29 44 24 20 c5 78 29 4c 24 30 


Stack slot to memory mapping:
stack at sp + 0 slots: 0x0000000000000001 is an unknown value
stack at sp + 1 slots: 0x000001608c481d40 points into unknown readable memory: 0x00007ff91a2529e0 | e0 29 25 1a f9 7f 00 00
stack at sp + 2 slots: 0x0000000000000001 is an unknown value
stack at sp + 3 slots: 0x00007ff91a20809b points into unknown readable memory: 41 89 c7 85 c0
stack at sp + 4 slots: 0x0 is NULL
stack at sp + 5 slots: 0x0 is NULL
stack at sp + 6 slots: 0x0 is NULL
stack at sp + 7 slots: 0x0 is NULL


Compiled method (n/a)   19250 2995     n 0       org.bytedeco.ffmpeg.global.swscale::sws_scale (native)
 total in heap  [0x0000015f15f9c710,0x0000015f15f9cb58] = 1096
 relocation     [0x0000015f15f9c868,0x0000015f15f9c898] = 48
 main code      [0x0000015f15f9c8a0,0x0000015f15f9cb50] = 688
 oops           [0x0000015f15f9cb50,0x0000015f15f9cb58] = 8

[Constant Pool (empty)]

[MachCode]
[Entry Point]
  # {method} {0x0000015f7733a1a8} 'sws_scale' '(Lorg/bytedeco/ffmpeg/swscale/SwsContext;Lorg/bytedeco/javacpp/PointerPointer;Lorg/bytedeco/javacpp/IntPointer;IILorg/bytedeco/javacpp/PointerPointer;Lorg/bytedeco/javacpp/IntPointer;)I' in 'org/bytedeco/ffmpeg/global/swscale'
  # parm0:    rdx:rdx   = 'org/bytedeco/ffmpeg/swscale/SwsContext'
  # parm1:    r8:r8     = 'org/bytedeco/javacpp/PointerPointer'
  # parm2:    r9:r9     = 'org/bytedeco/javacpp/IntPointer'
  # parm3:    rdi       = int
  # parm4:    rsi       = int
  # parm5:    rcx:rcx   = 'org/bytedeco/javacpp/PointerPointer'
  # parm6:    [sp+0xa0]   = 'org/bytedeco/javacpp/IntPointer'  (sp of caller)
  0x0000015f15f9c8a0: 448b 5208 | 49bb 0000 | 0035 5f01 | 0000 4d03 | d349 3bc2 | 0f84 0600 

  0x0000015f15f9c8b8: ;   {runtime_call ic_miss_stub}
  0x0000015f15f9c8b8: 0000 e9c1 | 016c ff90 
[Verified Entry Point]
  0x0000015f15f9c8c0: 8984 2400 | 90ff ff55 | 488b ec48 | 81ec 9000 | 0000 4881 | 7d10 0000 | 0000 488d | 4510 480f 
  0x0000015f15f9c8e0: 4445 1048 | 8944 2440 | 4889 4c24 | 7048 83f9 | 0048 8d44 | 2470 480f | 4444 2470 | 4889 4424 
  0x0000015f15f9c900: 3848 8974 | 2430 4889 | 7c24 284c | 894c 2458 | 4983 f900 | 488d 4424 | 5848 0f44 | 4424 5848 
  0x0000015f15f9c920: 8944 2420 | 4c89 4424 | 5049 83f8 | 004c 8d4c | 2450 4c0f | 444c 2450 | 4889 5424 | 4848 83fa 
  0x0000015f15f9c940: 004c 8d44 | 2448 4c0f | 4444 2448 

  0x0000015f15f9c94c: ;   {oop(a 'java/lang/Class'{0x0000000604474b48} = 'org/bytedeco/ffmpeg/global/swscale')}
  0x0000015f15f9c94c: 49be 484b | 4704 0600 | 0000 4c89 | 7424 784c | 8d74 2478 | 498b d6c5 

  0x0000015f15f9c964: ;   {internal_word}
  0x0000015f15f9c964: f877 49ba | 63c9 f915 | 5f01 0000 | 4d89 9798 | 0200 0049 | 89a7 9002 

  0x0000015f15f9c97c: ;   {external_word}
  0x0000015f15f9c97c: 0000 49ba | 24a0 6958 | f97f 0000 | 4180 3a00 | 0f84 5200 | 0000 5241 

  0x0000015f15f9c994: ;   {metadata({method} {0x0000015f7733a1a8} 'sws_scale' '(Lorg/bytedeco/ffmpeg/swscale/SwsContext;Lorg/bytedeco/javacpp/PointerPointer;Lorg/bytedeco/javacpp/IntPointer;IILorg/bytedeco/javacpp/PointerPointer;Lorg/bytedeco/javacpp/IntPointer;)I' in 'org/bytedeco/ffmpeg/global/swscale')}
  0x0000015f15f9c994: 5041 5148 | baa0 a133 | 775f 0100 | 0049 8bcf | 4883 ec20 | f7c4 0f00 | 0000 0f84 | 1a00 0000 
  0x0000015f15f9c9b4: 4883 ec08 

  0x0000015f15f9c9b8: ;   {runtime_call}
  0x0000015f15f9c9b8: 49ba 20e6 | 2658 f97f | 0000 41ff | d248 83c4 | 08e9 0d00 

  0x0000015f15f9c9cc: ;   {runtime_call}
  0x0000015f15f9c9cc: 0000 49ba | 20e6 2658 | f97f 0000 | 41ff d248 | 83c4 2041 | 5941 585a | 498d 8fb0 | 0200 0041 
  0x0000015f15f9c9ec: c787 4003 | 0000 0400 

  0x0000015f15f9c9f4: ;   {runtime_call}
  0x0000015f15f9c9f4: 0000 49ba | 9029 cc67 | 0000 0000 | 41ff d2c5 | f877 41c7 | 8740 0300 | 0005 0000 | 00f0 8344 
  0x0000015f15f9ca14: 24c0 0049 | 3baf 4803 | 0000 0f87 | 1100 0000 | 4181 bf30 | 0300 0000 | 0000 000f | 842c 0000 
  0x0000015f15f9ca34: 00c5 f877 | 4889 45f8 | 498b cf4c | 8be4 4883 | ec20 4883 

  0x0000015f15f9ca48: ;   {runtime_call}
  0x0000015f15f9ca48: e4f0 49ba | 509e 3158 | f97f 0000 | 41ff d249 | 8be4 4d33 | e448 8b45 | f841 c787 | 4003 0000 
  0x0000015f15f9ca68: 0800 0000 | 4181 bfb0 | 0300 0002 | 0000 000f | 84a3 0000 

  0x0000015f15f9ca7c: ;   {external_word}
  0x0000015f15f9ca7c: 0049 ba24 | a069 58f9 | 7f00 0041 | 803a 000f | 8450 0000 | 0048 8945 

  0x0000015f15f9ca94: ;   {metadata({method} {0x0000015f7733a1a8} 'sws_scale' '(Lorg/bytedeco/ffmpeg/swscale/SwsContext;Lorg/bytedeco/javacpp/PointerPointer;Lorg/bytedeco/javacpp/IntPointer;IILorg/bytedeco/javacpp/PointerPointer;Lorg/bytedeco/javacpp/IntPointer;)I' in 'org/bytedeco/ffmpeg/global/swscale')}
  0x0000015f15f9ca94: f848 baa0 | a133 775f | 0100 0049 | 8bcf 4883 | ec20 f7c4 | 0f00 0000 | 0f84 1a00 | 0000 4883 
  0x0000015f15f9cab4: ;   {runtime_call}
  0x0000015f15f9cab4: ec08 49ba | 20e6 2658 | f97f 0000 | 41ff d248 | 83c4 08e9 | 0d00 0000 

  0x0000015f15f9cacc: ;   {runtime_call}
  0x0000015f15f9cacc: 49ba 20e6 | 2658 f97f | 0000 41ff | d248 83c4 | 2048 8b45 | f849 c787 | 9002 0000 | 0000 0000 
  0x0000015f15f9caec: 49c7 8798 | 0200 0000 | 0000 00c5 | f877 498b | 8fd8 0000 | 00c7 8100 | 0100 0000 | 0000 00c9 
  0x0000015f15f9cb0c: 4981 7f08 | 0000 0000 | 0f85 0100 

  0x0000015f15f9cb18: ;   {runtime_call StubRoutines (1)}
  0x0000015f15f9cb18: 0000 c3e9 | e043 67ff | c5f8 7748 | 8945 f84c | 8be4 4883 | ec20 4883 

  0x0000015f15f9cb30: ;   {runtime_call}
  0x0000015f15f9cb30: e4f0 49ba | c016 2758 | f97f 0000 | 41ff d249 | 8be4 4d33 | e448 8b45 | f8e9 2fff | ffff f4f4 
[/MachCode]


Compiled method (c1)   19261 3390  s!   3       org.bytedeco.javacv.FFmpegFrameRecorder::recordImage (1190 bytes)
 total in heap  [0x0000015f0e6f0110,0x0000015f0e6fa1c8] = 41144
 relocation     [0x0000015f0e6f0268,0x0000015f0e6f0ce8] = 2688
 main code      [0x0000015f0e6f0d00,0x0000015f0e6f5ec0] = 20928
 stub code      [0x0000015f0e6f5ec0,0x0000015f0e6f6528] = 1640
 oops           [0x0000015f0e6f6528,0x0000015f0e6f6560] = 56
 metadata       [0x0000015f0e6f6560,0x0000015f0e6f65f8] = 152
 scopes data    [0x0000015f0e6f65f8,0x0000015f0e6f7560] = 3944
 scopes pcs     [0x0000015f0e6f7560,0x0000015f0e6f8450] = 3824
 dependencies   [0x0000015f0e6f8450,0x0000015f0e6f8460] = 16
 handler table  [0x0000015f0e6f8460,0x0000015f0e6f9fd8] = 7032
 nul chk table  [0x0000015f0e6f9fd8,0x0000015f0e6fa1c8] = 496

[Constant Pool (empty)]

[MachCode]
[Entry Point]
  # {method} {0x0000015f7732f1b0} 'recordImage' '(IIIIII[Ljava/nio/Buffer;)Z' in 'org/bytedeco/javacv/FFmpegFrameRecorder'
  # this:     rdx:rdx   = 'org/bytedeco/javacv/FFmpegFrameRecorder'
  # parm0:    r8        = int
  # parm1:    r9        = int
  # parm2:    rdi       = int
  # parm3:    rsi       = int
  # parm4:    rcx       = int
  # parm5:    [sp+0x250]   = int  (sp of caller)
  # parm6:    [sp+0x258]   = '[Ljava/nio/Buffer;'
  0x0000015f0e6f0d00: 448b 5208 | 49bb 0000 | 0035 5f01 | 0000 4d03 | d34c 3bd0 

  0x0000015f0e6f0d14: ;   {runtime_call ic_miss_stub}
  0x0000015f0e6f0d14: 0f85 66bd | f606 660f | 1f44 0000 
[Verified Entry Point]
  0x0000015f0e6f0d20: 8984 2400 | 90ff ff55 | 4881 ec40 | 0200 0048 | 8994 24b8 | 0000 0044 | 8984 24c4 | 0000 0044 
  0x0000015f0e6f0d40: 898c 24c8 | 0000 0089 | bc24 b400 | 0000 89b4 | 24b0 0000 | 0048 8d9c | 2420 0200 | 0048 8953 
  0x0000015f0e6f0d60: 0848 8b02 | 4883 c801 | 4889 03f0 | 480f b11a | 0f84 1300 | 0000 482b | c448 81e0 | 07f0 ffff 
  0x0000015f0e6f0d80: 4889 030f | 8540 3d00 

  0x0000015f0e6f0d88: ;   {metadata(method data for {method} {0x0000015f7732f1b0} 'recordImage' '(IIIIII[Ljava/nio/Buffer;)Z' in 'org/bytedeco/javacv/FFmpegFrameRecorder')}
  0x0000015f0e6f0d88: 0048 b800 | 004c 775f | 0100 008b | 98cc 0000 | 0083 c302 | 8998 cc00 | 0000 81e3 | fe07 0000 
  0x0000015f0e6f0da8: 83fb 000f | 842b 3d00 | 0089 8c24 | c000 0000 

  0x0000015f0e6f0db8: ;   {metadata('org/bytedeco/javacpp/PointerScope')}
  0x0000015f0e6f0db8: 48ba c8d3 | 0136 5f01 | 0000 498b | 8708 0100 | 0048 8d78 | 1849 3bbf | 1801 0000 | 0f87 233d 
  0x0000015f0e6f0dd8: 0000 4989 | bf08 0100 | 0048 c700 | 0100 0000 | 488b ca49 | ba00 0000 | 355f 0100 | 0049 2bca 
  0x0000015f0e6f0df8: 8948 0848 | 33c9 8948 | 0c48 33c9 | 4889 4810 | bb00 0000 

  0x0000015f0e6f0e0c: ;   {metadata('java/lang/Class'[])}
  0x0000015f0e6f0e0c: 0048 ba78 | 1c00 355f | 0100 0048 | 8984 24a8 | 0000 0048 | 63db 488b | fb48 81fb | ffff ff00 
  0x0000015f0e6f0e2c: 0f87 d83c | 0000 48be | 1700 0000 | 0000 0000 | 488d 349e | 4883 e6f8 | 498b 8708 | 0100 0048 
  0x0000015f0e6f0e4c: 8d34 3049 | 3bb7 1801 | 0000 0f87 | ae3c 0000 | 4989 b708 | 0100 0048 | 2bf0 48c7 | 0001 0000 
  0x0000015f0e6f0e6c: 0048 8bca | 49ba 0000 | 0035 5f01 | 0000 492b | ca89 4808 | 8958 0c48 | 83ee 100f | 841a 0000 
  0x0000015f0e6f0e8c: 0048 85f6 | 0f84 1100 | 0000 4833 | db48 c1ee | 0348 895c | f008 48ff | ce75 f648 | 8b94 24a8 
  0x0000015f0e6f0eac: ;   {metadata(method data for {method} {0x0000015f7732f1b0} 'recordImage' '(IIIIII[Ljava/nio/Buffer;)Z' in 'org/bytedeco/javacv/FFmpegFrameRecorder')}
  0x0000015f0e6f0eac: 0000 0048 | be00 004c | 775f 0100 | 0048 8386 | 1001 0000 | 014c 8bc0 | 488b 9424 | a800 0000 
  0x0000015f0e6f0ecc: ;   {optimized virtual_call}
  0x0000015f0e6f0ecc: 6666 90e8 

  0x0000015f0e6f0ed0: ; ImmutableOopMap {[600]=Oop [168]=Oop [184]=Oop [552]=Oop }
                      ;*invokespecial <init> {reexecute=0 rethrow=0 return_oop=0}
                      ; - org.bytedeco.javacv.FFmpegFrameRecorder::recordImage@8 (line 971)
  0x0000015f0e6f0ed0: 6c82 0e00 | 488b 9424 | b800 0000 | 8b82 fc00 | 0000 48c1 | e003 4883 

  0x0000015f0e6f0ee8: ;   {metadata(method data for {method} {0x0000015f7732f1b0} 'recordImage' '(IIIIII[Ljava/nio/Buffer;)Z' in 'org/bytedeco/javacv/FFmpegFrameRecorder')}
  0x0000015f0e6f0ee8: f800 48b8 | 0000 4c77 | 5f01 0000 | 48be 3001 | 0000 0000 | 0000 0f84 | 0a00 0000 | 48be 2001 
  0x0000015f0e6f0f08: 0000 0000 | 0000 488b | 3c30 488d | 7f01 4889 | 3c30 0f84 | 6439 0000 | 0fbe 4276 

  0x0000015f0e6f0f24: ;   {metadata(method data for {method} {0x0000015f7732f1b0} 'recordImage' '(IIIIII[Ljava/nio/Buffer;)Z' in 'org/bytedeco/javacv/FFmpegFrameRecorder')}
  0x0000015f0e6f0f24: 83f8 0048 | b800 004c | 775f 0100 | 0048 be60 | 0100 0000 | 0000 000f | 840a 0000 | 0048 be50 
  0x0000015f0e6f0f44: 0100 0000 | 0000 0048 | 8b3c 3048 | 8d7f 0148 | 893c 300f | 8477 3800 | 0048 8b9c | 2458 0200 
  0x0000015f0e6f0f64: 0048 83fb 

  0x0000015f0e6f0f68: ;   {metadata(method data for {method} {0x0000015f7732f1b0} 'recordImage' '(IIIIII[Ljava/nio/Buffer;)Z' in 'org/bytedeco/javacv/FFmpegFrameRecorder')}
  0x0000015f0e6f0f68: 0048 b800 | 004c 775f | 0100 0048 | be80 0100 | 0000 0000 | 000f 840a | 0000 0048 | be90 0100 
  0x0000015f0e6f0f88: 0000 0000 | 0048 8b3c | 3048 8d7f | 0148 893c | 300f 840d | 2200 008b | 430c 83f8 

  0x0000015f0e6f0fa4: ;   {metadata(method data for {method} {0x0000015f7732f1b0} 'recordImage' '(IIIIII[Ljava/nio/Buffer;)Z' in 'org/bytedeco/javacv/FFmpegFrameRecorder')}
  0x0000015f0e6f0fa4: 0048 b800 | 004c 775f | 0100 0048 | bea0 0100 | 0000 0000 | 000f 850a | 0000 0048 | beb0 0100 
  0x0000015f0e6f0fc4: 0000 0000 | 0048 8b3c | 3048 8d7f | 0148 893c | 300f 8515 

  0x0000015f0e6f0fd8: ;   {metadata(method data for {method} {0x0000015f7732f1b0} 'recordImage' '(IIIIII[Ljava/nio/Buffer;)Z' in 'org/bytedeco/javacv/FFmpegFrameRecorder')}
  0x0000015f0e6f0fd8: 0000 0048 | b800 004c | 775f 0100 | 00ff 80c0 | 0100 00e9 | bc21 0000 | 8bbc 24b4 

  0x0000015f0e6f0ff4: ;   {metadata(method data for {method} {0x0000015f7732f1b0} 'recordImage' '(IIIIII[Ljava/nio/Buffer;)Z' in 'org/bytedeco/javacv/FFmpegFrameRecorder')}
  0x0000015f0e6f0ff4: 0000 0048 | b800 004c | 775f 0100 | 0048 8380 | d801 0000 

  0x0000015f0e6f1008: ;   {metadata(method data for {method} {0x0000015f353f2550} 'abs' '(I)I' in 'java/lang/Math')}
  0x0000015f0e6f1008: 0148 b858 | 3052 775f | 0100 008b | b0cc 0000 | 0083 c602 | 89b0 cc00 | 0000 81e6 | feff 1f00 
  0x0000015f0e6f1028: 83fe 000f | 84e8 3a00 | 0083 ff00 

  0x0000015f0e6f1034: ;   {metadata(method data for {method} {0x0000015f353f2550} 'abs' '(I)I' in 'java/lang/Math')}
  0x0000015f0e6f1034: 48b8 5830 | 5277 5f01 | 0000 48be | 1001 0000 | 0000 0000 | 0f8d 0a00 | 0000 48be | 2001 0000 
  0x0000015f0e6f1054: 0000 0000 | 488b 0c30 | 488d 4901 | 4889 0c30 | 488b c70f | 8d12 0000 

  0x0000015f0e6f106c: ;   {metadata(method data for {method} {0x0000015f353f2550} 'abs' '(I)I' in 'java/lang/Math')}
  0x0000015f0e6f106c: 00f7 d848 | be58 3052 | 775f 0100 | 00ff 8630 | 0100 008b | 8c24 c000 | 0000 0faf | c1be 0800 
  0x0000015f0e6f108c: 0000 81f8 | 0000 0080 | 0f85 0b00 | 0000 33d2 | 83fe ff0f | 8403 0000 | 0099 f7fe | 817b 0c00 
  0x0000015f0e6f10ac: 0000 000f | 868a 3a00 | 0044 8b43 | 1049 c1e0 | 0349 83f8 

  0x0000015f0e6f10c0: ;   {metadata(method data for {method} {0x0000015f7732f1b0} 'recordImage' '(IIIIII[Ljava/nio/Buffer;)Z' in 'org/bytedeco/javacv/FFmpegFrameRecorder')}
  0x0000015f0e6f10c0: 0075 1648 | b900 004c | 775f 0100 | 0080 89e1 | 0100 0001 | e9d5 0000 

  0x0000015f0e6f10d8: ;   {metadata('java/nio/ByteBuffer')}
  0x0000015f0e6f10d8: 0049 bb38 | 8009 355f | 0100 0041 | 8b48 0849 | ba00 0000 | 355f 0100 | 0049 03ca | 4c3b 5940 
  0x0000015f0e6f10f8: 0f85 9400 

  0x0000015f0e6f10fc: ;   {metadata(method data for {method} {0x0000015f7732f1b0} 'recordImage' '(IIIIII[Ljava/nio/Buffer;)Z' in 'org/bytedeco/javacv/FFmpegFrameRecorder')}
  0x0000015f0e6f10fc: 0000 48b9 | 0000 4c77 | 5f01 0000 | 458b 5808 | 49ba 0000 | 0035 5f01 | 0000 4d03 | da4c 3b99 
  0x0000015f0e6f111c: f801 0000 | 750d 4883 | 8100 0200 | 0001 e984 | 0000 004c | 3b99 0802 | 0000 750d | 4883 8110 
  0x0000015f0e6f113c: 0200 0001 | e96e 0000 | 0048 81b9 | f801 0000 | 0000 0000 | 7517 4c89 | 99f8 0100 | 0048 c781 
  0x0000015f0e6f115c: 0002 0000 | 0100 0000 | e94a 0000 | 0048 81b9 | 0802 0000 | 0000 0000 | 7517 4c89 | 9908 0200 
  0x0000015f0e6f117c: 0048 c781 | 1002 0000 | 0100 0000 | e926 0000 | 00e9 2100 

  0x0000015f0e6f1190: ;   {metadata(method data for {method} {0x0000015f7732f1b0} 'recordImage' '(IIIIII[Ljava/nio/Buffer;)Z' in 'org/bytedeco/javacv/FFmpegFrameRecorder')}
  0x0000015f0e6f1190: 0000 48b9 | 0000 4c77 | 5f01 0000 | 4883 a9e8 | 0100 0001 | e905 0000 | 00e9 0500 | 0000 4833 
  0x0000015f0e6f11b0: d2eb 0a48 | ba01 0000 | 0000 0000 | 0083 fa00 

  0x0000015f0e6f11c0: ;   {metadata(method data for {method} {0x0000015f7732f1b0} 'recordImage' '(IIIIII[Ljava/nio/Buffer;)Z' in 'org/bytedeco/javacv/FFmpegFrameRecorder')}
  0x0000015f0e6f11c0: 48ba 0000 | 4c77 5f01 | 0000 48be | 2002 0000 | 0000 0000 | 0f84 0a00 | 0000 48be | 3002 0000 
  0x0000015f0e6f11e0: 0000 0000 | 488b 0c32 | 488d 4901 | 4889 0c32 | 8984 24cc | 0000 000f | 8437 0200 

  0x0000015f0e6f11fc: ;   {metadata('org/bytedeco/javacpp/BytePointer')}
  0x0000015f0e6f11fc: 0048 baf8 | 6b00 365f | 0100 0049 | 8b87 0801 | 0000 488d | 7830 493b | bf18 0100 | 000f 8732 
  0x0000015f0e6f121c: 3900 0049 | 89bf 0801 | 0000 48c7 | 0001 0000 | 0048 8bca | 49ba 0000 | 0035 5f01 | 0000 492b 
  0x0000015f0e6f123c: ca89 4808 | 4833 c989 | 480c 4833 | c948 8948 | 1048 8948 | 1848 8948 | 2048 8948 | 2849 83f8 
  0x0000015f0e6f125c: ;   {metadata(method data for {method} {0x0000015f7732f1b0} 'recordImage' '(IIIIII[Ljava/nio/Buffer;)Z' in 'org/bytedeco/javacv/FFmpegFrameRecorder')}
  0x0000015f0e6f125c: 0075 1648 | be00 004c | 775f 0100 | 0080 8e39 | 0200 0001 | e9d5 0000 

  0x0000015f0e6f1274: ;   {metadata('java/nio/ByteBuffer')}
  0x0000015f0e6f1274: 0048 bf38 | 8009 355f | 0100 0041 | 8b70 0849 | ba00 0000 | 355f 0100 | 0049 03f2 | 483b 7e40 
  0x0000015f0e6f1294: 0f85 9400 

  0x0000015f0e6f1298: ;   {metadata(method data for {method} {0x0000015f7732f1b0} 'recordImage' '(IIIIII[Ljava/nio/Buffer;)Z' in 'org/bytedeco/javacv/FFmpegFrameRecorder')}
  0x0000015f0e6f1298: 0000 48be | 0000 4c77 | 5f01 0000 | 418b 7808 | 49ba 0000 | 0035 5f01 | 0000 4903 | fa48 3bbe 
  0x0000015f0e6f12b8: 5002 0000 | 750d 4883 | 8658 0200 | 0001 e97f | 0000 0048 | 3bbe 6002 | 0000 750d | 4883 8668 
  0x0000015f0e6f12d8: 0200 0001 | e969 0000 | 0048 81be | 5002 0000 | 0000 0000 | 7517 4889 | be50 0200 | 0048 c786 
  0x0000015f0e6f12f8: 5802 0000 | 0100 0000 | e945 0000 | 0048 81be | 6002 0000 | 0000 0000 | 7517 4889 | be60 0200 
  0x0000015f0e6f1318: 0048 c786 | 6802 0000 | 0100 0000 | e921 0000 | 00e9 1c00 

  0x0000015f0e6f132c: ;   {metadata(method data for {method} {0x0000015f7732f1b0} 'recordImage' '(IIIIII[Ljava/nio/Buffer;)Z' in 'org/bytedeco/javacv/FFmpegFrameRecorder')}
  0x0000015f0e6f132c: 0000 48be | 0000 4c77 | 5f01 0000 | 4883 ae40 | 0200 0001 | e919 3800 | 00e9 0000 | 0000 488b 
  0x0000015f0e6f134c: ;   {metadata(method data for {method} {0x0000015f7732f1b0} 'recordImage' '(IIIIII[Ljava/nio/Buffer;)Z' in 'org/bytedeco/javacv/FFmpegFrameRecorder')}
  0x0000015f0e6f134c: d048 be00 | 004c 775f | 0100 0048 | 8386 7802 | 0000 0148 | 8bd0 4889 | 8424 d000 | 0000 0f1f 
  0x0000015f0e6f136c: ;   {optimized virtual_call}
  0x0000015f0e6f136c: 4400 00e8 

  0x0000015f0e6f1370: ; ImmutableOopMap {[168]=Oop [600]=Oop [208]=Oop [184]=Oop [552]=Oop }
                      ;*invokespecial <init> {reexecute=0 rethrow=0 return_oop=0}
                      ; - org.bytedeco.javacv.FFmpegFrameRecorder::recordImage@99 (line 987)
  0x0000015f0e6f1370: 2ce5 cbff | 488b 8424 | d000 0000 

  0x0000015f0e6f137c: ;   {metadata(method data for {method} {0x0000015f7732f1b0} 'recordImage' '(IIIIII[Ljava/nio/Buffer;)Z' in 'org/bytedeco/javacv/FFmpegFrameRecorder')}
  0x0000015f0e6f137c: 48ba 0000 | 4c77 5f01 

  0x0000015f0e6f1384: ;   {metadata('org/bytedeco/javacpp/BytePointer')}
  0x0000015f0e6f1384: 0000 49ba | f86b 0036 | 5f01 0000 | 4c89 9298 | 0200 0048 | 8382 a002 

  0x0000015f0e6f139c: ;   {metadata(method data for {method} {0x0000015f7642f910} 'position' '(J)Lorg/bytedeco/javacpp/BytePointer;' in 'org/bytedeco/javacpp/BytePointer')}
  0x0000015f0e6f139c: 0000 0148 | ba38 dd41 | 775f 0100 | 008b b2cc | 0000 0083 | c602 89b2 | cc00 0000 | 81e6 feff 
  0x0000015f0e6f13bc: 1f00 83fe | 000f 84a0 | 3700 0048 | 8b84 24d0 

  0x0000015f0e6f13cc: ;   {metadata(method data for {method} {0x0000015f7642f910} 'position' '(J)Lorg/bytedeco/javacpp/BytePointer;' in 'org/bytedeco/javacpp/BytePointer')}
  0x0000015f0e6f13cc: 0000 0048 | ba38 dd41 | 775f 0100 | 0048 8382 | 1001 0000 

  0x0000015f0e6f13e0: ;   {metadata(method data for {method} {0x0000015f76407a00} 'position' '(J)Lorg/bytedeco/javacpp/Pointer;' in 'org/bytedeco/javacpp/Pointer')}
  0x0000015f0e6f13e0: 0148 ba90 | fd40 775f | 0100 008b | b2cc 0000 | 0083 c602 | 89b2 cc00 | 0000 81e6 | feff 1f00 
  0x0000015f0e6f1400: 83fe 000f | 847f 3700 | 0048 8b84 | 24d0 0000 | 0049 ba00 | 0000 0000 | 0000 004c 

  0x0000015f0e6f141c: ;   {metadata(method data for {method} {0x0000015f7732f1b0} 'recordImage' '(IIIIII[Ljava/nio/Buffer;)Z' in 'org/bytedeco/javacv/FFmpegFrameRecorder')}
  0x0000015f0e6f141c: 8950 1848 | ba00 004c | 775f 0100 | 00ff 82c0 | 0200 00e9 | 4002 0000 

  0x0000015f0e6f1434: ;   {metadata('org/bytedeco/javacpp/BytePointer')}
  0x0000015f0e6f1434: 48ba f86b | 0036 5f01 | 0000 498b | 8708 0100 | 0048 8d78 | 3049 3bbf | 1801 0000 | 0f87 5337 
  0x0000015f0e6f1454: 0000 4989 | bf08 0100 | 0048 c700 | 0100 0000 | 488b ca49 | ba00 0000 | 355f 0100 | 0049 2bca 
  0x0000015f0e6f1474: 8948 0848 | 33c9 8948 | 0c48 33c9 | 4889 4810 | 4889 4818 | 4889 4820 | 4889 4828 

  0x0000015f0e6f1490: ;   {no_reloc}
  0x0000015f0e6f1490: e930 3700 | 0000 0000 | 0000 4889 | 8424 e000 | 0000 498b | 8708 0100 | 0048 8d78 | 3049 3bbf 
  0x0000015f0e6f14b0: 1801 0000 | 0f87 1537 | 0000 4989 | bf08 0100 | 0048 c700 | 0100 0000 | 488b ca49 | ba00 0000 
  0x0000015f0e6f14d0: 355f 0100 | 0049 2bca | 8948 0848 | 33c9 8948 | 0c48 33c9 | 4889 4810 | 4889 4818 | 4889 4820 
  0x0000015f0e6f14f0: 4889 4828 

  0x0000015f0e6f14f4: ;   {metadata(method data for {method} {0x0000015f7732f1b0} 'recordImage' '(IIIIII[Ljava/nio/Buffer;)Z' in 'org/bytedeco/javacv/FFmpegFrameRecorder')}
  0x0000015f0e6f14f4: 488b d048 | be00 004c | 775f 0100 | 0048 8386 | d802 0000 | 0148 8bd0 | 4889 8424 | d800 0000 
  0x0000015f0e6f1514: ;   {optimized virtual_call}
  0x0000015f0e6f1514: 6666 90e8 

  0x0000015f0e6f1518: ; ImmutableOopMap {[168]=Oop [600]=Oop [184]=Oop [224]=Oop [216]=Oop [552]=Oop }
                      ;*invokespecial <init> {reexecute=0 rethrow=0 return_oop=0}
                      ; - org.bytedeco.javacv.FFmpegFrameRecorder::recordImage@121 (line 988)
  0x0000015f0e6f1518: 64b8 f606 | 488b 8424 | d800 0000 

  0x0000015f0e6f1524: ;   {metadata(method data for {method} {0x0000015f7732f1b0} 'recordImage' '(IIIIII[Ljava/nio/Buffer;)Z' in 'org/bytedeco/javacv/FFmpegFrameRecorder')}
  0x0000015f0e6f1524: 49b8 0000 | 4c77 5f01 | 0000 8b40 | 0849 ba00 | 0000 355f | 0100 0049 | 03c2 493b | 80f8 0200 
  0x0000015f0e6f1544: 0075 0d49 | 8380 0003 | 0000 01e9 | 6600 0000 | 493b 8008 | 0300 0075 | 0d49 8380 | 1003 0000 
  0x0000015f0e6f1564: 01e9 5000 | 0000 4981 | b8f8 0200 | 0000 0000 | 0075 1749 | 8980 f802 | 0000 49c7 | 8000 0300 
  0x0000015f0e6f1584: 0001 0000 | 00e9 2c00 | 0000 4981 | b808 0300 | 0000 0000 | 0075 1749 | 8980 0803 | 0000 49c7 
  0x0000015f0e6f15a4: 8010 0300 | 0001 0000 | 00e9 0800 | 0000 4983 | 80e8 0200 

  0x0000015f0e6f15b8: ;   {metadata(method data for {method} {0x0000015f76407a00} 'position' '(J)Lorg/bytedeco/javacpp/Pointer;' in 'org/bytedeco/javacpp/Pointer')}
  0x0000015f0e6f15b8: 0001 49b8 | 90fd 4077 | 5f01 0000 | 418b 90cc | 0000 0083 | c202 4189 | 90cc 0000 | 0081 e2fe 
  0x0000015f0e6f15d8: ff1f 0083 | fa00 0f84 | f835 0000 | 488b 8424 | d800 0000 | 49ba 0000 | 0000 0000 | 0000 4c89 
  0x0000015f0e6f15f8: 5018 4c8b | 8424 e000 

  0x0000015f0e6f1600: ;   {metadata(method data for {method} {0x0000015f7732f1b0} 'recordImage' '(IIIIII[Ljava/nio/Buffer;)Z' in 'org/bytedeco/javacv/FFmpegFrameRecorder')}
  0x0000015f0e6f1600: 0000 48ba | 0000 4c77 | 5f01 0000 | 4883 8220 | 0300 0001 

  0x0000015f0e6f1614: ;   {metadata(method data for {method} {0x0000015f7642f7c8} '<init>' '(Lorg/bytedeco/javacpp/Pointer;)V' in 'org/bytedeco/javacpp/BytePointer')}
  0x0000015f0e6f1614: 49b8 e8b6 | 4a77 5f01 | 0000 418b | 90cc 0000 | 0083 c202 | 4189 90cc | 0000 0081 | e2fe ff1f 
  0x0000015f0e6f1634: 0083 fa00 | 0f84 bf35 | 0000 4c8b | 8424 e000 

  0x0000015f0e6f1644: ;   {metadata(method data for {method} {0x0000015f7642f7c8} '<init>' '(Lorg/bytedeco/javacpp/Pointer;)V' in 'org/bytedeco/javacpp/BytePointer')}
  0x0000015f0e6f1644: 0000 48ba | e8b6 4a77 | 5f01 0000 | 4883 8210 | 0100 0001 | 4c8b c048 | 8b94 24e0 | 0000 000f 
  0x0000015f0e6f1664: ;   {optimized virtual_call}
  0x0000015f0e6f1664: 1f40 00e8 

  0x0000015f0e6f1668: ; ImmutableOopMap {[168]=Oop [600]=Oop [184]=Oop [224]=Oop [552]=Oop }
                      ;*invokespecial <init> {reexecute=0 rethrow=0 return_oop=0}
                      ; - org.bytedeco.javacpp.BytePointer::<init>@2 (line 142)
                      ; - org.bytedeco.javacv.FFmpegFrameRecorder::recordImage@128 (line 989)
  0x0000015f0e6f1668: 14b7 f606 | 488b 8424 | e000 0000 | 8b94 2450 | 0200 0083 

  0x0000015f0e6f167c: ;   {metadata(method data for {method} {0x0000015f7732f1b0} 'recordImage' '(IIIIII[Ljava/nio/Buffer;)Z' in 'org/bytedeco/javacv/FFmpegFrameRecorder')}
  0x0000015f0e6f167c: faff 48be | 0000 4c77 | 5f01 0000 | 48bf 4003 | 0000 0000 | 0000 0f84 | 0a00 0000 | 48bf 3003 
  0x0000015f0e6f169c: 0000 0000 | 0000 488b | 0c3e 488d | 4901 4889 | 0c3e 0f84 | 0d00 0000 | 4889 8424 | f800 0000 
  0x0000015f0e6f16bc: e96c 0a00 | 008b bc24 | b400 0000 

  0x0000015f0e6f16c8: ;   {metadata(method data for {method} {0x0000015f7732f1b0} 'recordImage' '(IIIIII[Ljava/nio/Buffer;)Z' in 'org/bytedeco/javacv/FFmpegFrameRecorder')}
  0x0000015f0e6f16c8: 83ff 0848 | ba00 004c | 775f 0100 | 0048 be50 | 0300 0000 | 0000 000f | 840a 0000 | 0048 be60 
  0x0000015f0e6f16e8: 0300 0000 | 0000 0048 | 8b0c 3248 | 8d49 0148 | 890c 320f | 8445 0000 | 0083 fff8 

  0x0000015f0e6f1704: ;   {metadata(method data for {method} {0x0000015f7732f1b0} 'recordImage' '(IIIIII[Ljava/nio/Buffer;)Z' in 'org/bytedeco/javacv/FFmpegFrameRecorder')}
  0x0000015f0e6f1704: 48ba 0000 | 4c77 5f01 | 0000 48be | 8003 0000 | 0000 0000 | 0f84 0a00 | 0000 48be | 7003 0000 
  0x0000015f0e6f1724: 0000 0000 | 488b 0c32 | 488d 4901 | 4889 0c32 | 0f84 0c00 | 0000 8bb4 | 24b0 0000 | 00e9 4000 
  0x0000015f0e6f1744: 0000 8bb4 | 24b0 0000 | 0083 fe03 

  0x0000015f0e6f1750: ;   {metadata(method data for {method} {0x0000015f7732f1b0} 'recordImage' '(IIIIII[Ljava/nio/Buffer;)Z' in 'org/bytedeco/javacv/FFmpegFrameRecorder')}
  0x0000015f0e6f1750: 48ba 0000 | 4c77 5f01 | 0000 48b9 | a003 0000 | 0000 0000 | 0f84 0a00 | 0000 48b9 | 9003 0000 
  0x0000015f0e6f1770: 0000 0000 | 4c8b 040a | 4d8d 4001 | 4c89 040a | 0f84 8a09 | 0000 83ff 

  0x0000015f0e6f1788: ;   {metadata(method data for {method} {0x0000015f7732f1b0} 'recordImage' '(IIIIII[Ljava/nio/Buffer;)Z' in 'org/bytedeco/javacv/FFmpegFrameRecorder')}
  0x0000015f0e6f1788: 0848 ba00 | 004c 775f | 0100 0048 | b9c8 0300 | 0000 0000 | 000f 840a | 0000 0048 | b9d8 0300 
  0x0000015f0e6f17a8: 0000 0000 | 004c 8b04 | 0a4d 8d40 | 014c 8904 | 0a0f 8439 | 0000 0083 

  0x0000015f0e6f17c0: ;   {metadata(method data for {method} {0x0000015f7732f1b0} 'recordImage' '(IIIIII[Ljava/nio/Buffer;)Z' in 'org/bytedeco/javacv/FFmpegFrameRecorder')}
  0x0000015f0e6f17c0: fff8 48ba | 0000 4c77 | 5f01 0000 | 48b9 e803 | 0000 0000 | 0000 0f85 | 0a00 0000 | 48b9 f803 
  0x0000015f0e6f17e0: 0000 0000 | 0000 4c8b | 040a 4d8d | 4001 4c89 | 040a 0f85 | 3900 0000 

  0x0000015f0e6f17f8: ;   {metadata(method data for {method} {0x0000015f7732f1b0} 'recordImage' '(IIIIII[Ljava/nio/Buffer;)Z' in 'org/bytedeco/javacv/FFmpegFrameRecorder')}
  0x0000015f0e6f17f8: 83fe 0148 | ba00 004c | 775f 0100 | 0048 b918 | 0400 0000 | 0000 000f | 840a 0000 | 0048 b908 
  0x0000015f0e6f1818: 0400 0000 | 0000 004c | 8b04 0a4d | 8d40 014c | 8904 0a0f | 84bd 0800 | 0083 ff10 

  0x0000015f0e6f1834: ;   {metadata(method data for {method} {0x0000015f7732f1b0} 'recordImage' '(IIIIII[Ljava/nio/Buffer;)Z' in 'org/bytedeco/javacv/FFmpegFrameRecorder')}
  0x0000015f0e6f1834: 48ba 0000 | 4c77 5f01 | 0000 48b9 | 4004 0000 | 0000 0000 | 0f84 0a00 | 0000 48b9 | 5004 0000 
  0x0000015f0e6f1854: 0000 0000 | 4c8b 040a | 4d8d 4001 | 4c89 040a | 0f84 3900 | 0000 83ff 

  0x0000015f0e6f186c: ;   {metadata(method data for {method} {0x0000015f7732f1b0} 'recordImage' '(IIIIII[Ljava/nio/Buffer;)Z' in 'org/bytedeco/javacv/FFmpegFrameRecorder')}
  0x0000015f0e6f186c: f048 ba00 | 004c 775f | 0100 0048 | b960 0400 | 0000 0000 | 000f 850a | 0000 0048 | b970 0400 
  0x0000015f0e6f188c: 0000 0000 | 004c 8b04 | 0a4d 8d40 | 014c 8904 | 0a0f 8539 | 0000 0083 

  0x0000015f0e6f18a4: ;   {metadata(method data for {method} {0x0000015f7732f1b0} 'recordImage' '(IIIIII[Ljava/nio/Buffer;)Z' in 'org/bytedeco/javacv/FFmpegFrameRecorder')}
  0x0000015f0e6f18a4: fe01 48ba | 0000 4c77 | 5f01 0000 | 48b9 9004 | 0000 0000 | 0000 0f84 | 0a00 0000 | 48b9 8004 
  0x0000015f0e6f18c4: 0000 0000 | 0000 4c8b | 040a 4d8d | 4001 4c89 | 040a 0f84 | 5906 0000 

  0x0000015f0e6f18dc: ;   {metadata(method data for {method} {0x0000015f7732f1b0} 'recordImage' '(IIIIII[Ljava/nio/Buffer;)Z' in 'org/bytedeco/javacv/FFmpegFrameRecorder')}
  0x0000015f0e6f18dc: 83ff 0848 | ba00 004c | 775f 0100 | 0048 b938 | 0500 0000 | 0000 000f | 840a 0000 | 0048 b948 
  0x0000015f0e6f18fc: 0500 0000 | 0000 004c | 8b04 0a4d | 8d40 014c | 8904 0a0f | 8439 0000 | 0083 fff8 

  0x0000015f0e6f1918: ;   {metadata(method data for {method} {0x0000015f7732f1b0} 'recordImage' '(IIIIII[Ljava/nio/Buffer;)Z' in 'org/bytedeco/javacv/FFmpegFrameRecorder')}
  0x0000015f0e6f1918: 48ba 0000 | 4c77 5f01 | 0000 48b9 | 5805 0000 | 0000 0000 | 0f85 0a00 | 0000 48b9 | 6805 0000 
  0x0000015f0e6f1938: 0000 0000 | 4c8b 040a | 4d8d 4001 | 4c89 040a | 0f85 3900 | 0000 83fe 

  0x0000015f0e6f1950: ;   {metadata(method data for {method} {0x0000015f7732f1b0} 'recordImage' '(IIIIII[Ljava/nio/Buffer;)Z' in 'org/bytedeco/javacv/FFmpegFrameRecorder')}
  0x0000015f0e6f1950: 0448 ba00 | 004c 775f | 0100 0048 | b988 0500 | 0000 0000 | 000f 840a | 0000 0048 | b978 0500 
  0x0000015f0e6f1970: 0000 0000 | 004c 8b04 | 0a4d 8d40 | 014c 8904 | 0a0f 848c | 0500 0083 

  0x0000015f0e6f1988: ;   {metadata(method data for {method} {0x0000015f7732f1b0} 'recordImage' '(IIIIII[Ljava/nio/Buffer;)Z' in 'org/bytedeco/javacv/FFmpegFrameRecorder')}
  0x0000015f0e6f1988: ff08 48ba | 0000 4c77 | 5f01 0000 | 48b9 b005 | 0000 0000 | 0000 0f84 | 0a00 0000 | 48b9 c005 
  0x0000015f0e6f19a8: 0000 0000 | 0000 4c8b | 040a 4d8d | 4001 4c89 | 040a 0f84 | 3900 0000 

  0x0000015f0e6f19c0: ;   {metadata(method data for {method} {0x0000015f7732f1b0} 'recordImage' '(IIIIII[Ljava/nio/Buffer;)Z' in 'org/bytedeco/javacv/FFmpegFrameRecorder')}
  0x0000015f0e6f19c0: 83ff f848 | ba00 004c | 775f 0100 | 0048 b9d0 | 0500 0000 | 0000 000f | 850a 0000 | 0048 b9e0 
  0x0000015f0e6f19e0: 0500 0000 | 0000 004c | 8b04 0a4d | 8d40 014c | 8904 0a0f | 8539 0000 | 0083 fe02 

  0x0000015f0e6f19fc: ;   {metadata(method data for {method} {0x0000015f7732f1b0} 'recordImage' '(IIIIII[Ljava/nio/Buffer;)Z' in 'org/bytedeco/javacv/FFmpegFrameRecorder')}
  0x0000015f0e6f19fc: 48ba 0000 | 4c77 5f01 | 0000 48b9 | 0006 0000 | 0000 0000 | 0f84 0a00 | 0000 48b9 | f005 0000 
  0x0000015f0e6f1a1c: 0000 0000 | 4c8b 040a | 4d8d 4001 | 4c89 040a | 0f84 bf04 | 0000 660f | 1f44 0000 

  0x0000015f0e6f1a38: ;   {no_reloc}
  0x0000015f0e6f1a38: e9f0 3100 | 0000 0000 | 0000 80ba | 3301 0000 | 040f 85ed | 3100 0049 | 8b87 0801 | 0000 488d 
  0x0000015f0e6f1a58: 7828 493b | bf18 0100 | 000f 87d5 | 3100 0049 | 89bf 0801 | 0000 48c7 | 0001 0000 | 0048 8bca 
  0x0000015f0e6f1a78: 49ba 0000 | 0035 5f01 | 0000 492b | ca89 4808 | 4833 c989 | 480c 4833 | c948 8948 | 1048 8948 
  0x0000015f0e6f1a98: 1848 8948 | 2048 8984 | 24f0 0000 | 0066 6690 

  0x0000015f0e6f1aa8: ;   {no_reloc}
  0x0000015f0e6f1aa8: e9ab 3100 | 0000 0000 | 0000 498b | 8708 0100 | 0048 8d78 | 1849 3bbf | 1801 0000 | 0f87 9831 
  0x0000015f0e6f1ac8: 0000 4989 | bf08 0100 | 0048 c700 | 0100 0000 | 488b ca49 | ba00 0000 | 355f 0100 | 0049 2bca 
  0x0000015f0e6f1ae8: 8948 0848 | 33c9 8948 | 0c48 33c9 | 4889 4810 

  0x0000015f0e6f1af8: ;   {metadata(method data for {method} {0x0000015f7732f1b0} 'recordImage' '(IIIIII[Ljava/nio/Buffer;)Z' in 'org/bytedeco/javacv/FFmpegFrameRecorder')}
  0x0000015f0e6f1af8: 4c8b c048 | ba00 004c | 775f 0100 | 0048 8382 | 2806 0000 

  0x0000015f0e6f1b0c: ;   {metadata(method data for {method} {0x0000015f354253f8} '<init>' '()V' in 'java/lang/StringBuilder')}
  0x0000015f0e6f1b0c: 0149 b8e0 | ad01 765f | 0100 0041 | 8b90 cc00 | 0000 83c2 | 0241 8990 | cc00 0000 | 81e2 feff 
  0x0000015f0e6f1b2c: 1f00 83fa | 000f 8438 | 3100 004c 

  0x0000015f0e6f1b38: ;   {metadata(method data for {method} {0x0000015f354253f8} '<init>' '()V' in 'java/lang/StringBuilder')}
  0x0000015f0e6f1b38: 8bc0 48ba | e0ad 0176 | 5f01 0000 | 4883 8210 | 0100 0001 | 41b8 1000 | 0000 488b | d048 8984 
  0x0000015f0e6f1b58: 24e8 0000 

  0x0000015f0e6f1b5c: ;   {optimized virtual_call}
  0x0000015f0e6f1b5c: 0066 90e8 

  0x0000015f0e6f1b60: ; ImmutableOopMap {[168]=Oop [232]=Oop [240]=Oop [552]=Oop }
                      ;*invokespecial <init> {reexecute=0 rethrow=0 return_oop=0}
                      ; - java.lang.StringBuilder::<init>@3 (line 106)
                      ; - org.bytedeco.javacv.FFmpegFrameRecorder::recordImage@288 (line 1004)
  0x0000015f0e6f1b60: 1cb2 f606 | 488b 8424 | e800 0000 

  0x0000015f0e6f1b6c: ;   {metadata(method data for {method} {0x0000015f7732f1b0} 'recordImage' '(IIIIII[Ljava/nio/Buffer;)Z' in 'org/bytedeco/javacv/FFmpegFrameRecorder')}
  0x0000015f0e6f1b6c: 49b8 0000 | 4c77 5f01 | 0000 4983 | 8038 0600 

  0x0000015f0e6f1b7c: ;   {metadata(method data for {method} {0x0000015f35425b30} 'append' '(Ljava/lang/String;)Ljava/lang/StringBuilder;' in 'java/lang/StringBuilder')}
  0x0000015f0e6f1b7c: 0001 49b8 | d0b0 0176 | 5f01 0000 | 418b 90cc | 0000 0083 | c202 4189 | 90cc 0000 | 0081 e2fe 
  0x0000015f0e6f1b9c: ff1f 0083 | fa00 0f84 | e830 0000 | 488b 8424 | e800 0000 

  0x0000015f0e6f1bb0: ;   {metadata(method data for {method} {0x0000015f35425b30} 'append' '(Ljava/lang/String;)Ljava/lang/StringBuilder;' in 'java/lang/StringBuilder')}
  0x0000015f0e6f1bb0: 49b8 d0b0 | 0176 5f01 | 0000 4983 | 8010 0100 

  0x0000015f0e6f1bc0: ;   {oop("Could not guess pixel format of image: depth="{0x00000006044cad20})}
  0x0000015f0e6f1bc0: 0001 49b8 | 20ad 4c04 | 0600 0000 | 488b 9424 | e800 0000 

  0x0000015f0e6f1bd4: ;   {optimized virtual_call}
  0x0000015f0e6f1bd4: 6666 90e8 

  0x0000015f0e6f1bd8: ; ImmutableOopMap {[168]=Oop [232]=Oop [240]=Oop [552]=Oop }
                      ;*invokespecial append {reexecute=0 rethrow=0 return_oop=0}
                      ; - java.lang.StringBuilder::append@2 (line 179)
                      ; - org.bytedeco.javacv.FFmpegFrameRecorder::recordImage@294 (line 1004)
  0x0000015f0e6f1bd8: a4b1 f606 | 488b 8424 | e800 0000 

  0x0000015f0e6f1be4: ;   {metadata(method data for {method} {0x0000015f7732f1b0} 'recordImage' '(IIIIII[Ljava/nio/Buffer;)Z' in 'org/bytedeco/javacv/FFmpegFrameRecorder')}
  0x0000015f0e6f1be4: 49b8 0000 | 4c77 5f01 | 0000 4983 | 8070 0600 

  0x0000015f0e6f1bf4: ;   {metadata(method data for {method} {0x0000015f35425ce8} 'append' '(I)Ljava/lang/StringBuilder;' in 'java/lang/StringBuilder')}
  0x0000015f0e6f1bf4: 0001 49b8 | 78b4 0176 | 5f01 0000 | 418b 90cc | 0000 0083 | c202 4189 | 90cc 0000 | 0081 e2fe 
  0x0000015f0e6f1c14: ff1f 0083 | fa00 0f84 | 9130 0000 | 488b 8424 | e800 0000 

  0x0000015f0e6f1c28: ;   {metadata(method data for {method} {0x0000015f35425ce8} 'append' '(I)Ljava/lang/StringBuilder;' in 'java/lang/StringBuilder')}
  0x0000015f0e6f1c28: 49b8 78b4 | 0176 5f01 | 0000 4983 | 8010 0100 | 0001 448b | 8424 b400 | 0000 488b | 9424 e800 
  0x0000015f0e6f1c48: 0000 0f1f 

  0x0000015f0e6f1c4c: ;   {optimized virtual_call}
  0x0000015f0e6f1c4c: 4400 00e8 

  0x0000015f0e6f1c50: ; ImmutableOopMap {[168]=Oop [232]=Oop [240]=Oop [552]=Oop }
                      ;*invokespecial append {reexecute=0 rethrow=0 return_oop=0}
                      ; - java.lang.StringBuilder::append@2 (line 253)
                      ; - org.bytedeco.javacv.FFmpegFrameRecorder::recordImage@298 (line 1004)
  0x0000015f0e6f1c50: 2cb1 f606 | 488b 8424 | e800 0000 

  0x0000015f0e6f1c5c: ;   {metadata(method data for {method} {0x0000015f7732f1b0} 'recordImage' '(IIIIII[Ljava/nio/Buffer;)Z' in 'org/bytedeco/javacv/FFmpegFrameRecorder')}
  0x0000015f0e6f1c5c: 49b8 0000 | 4c77 5f01 | 0000 4983 | 80a8 0600 

  0x0000015f0e6f1c6c: ;   {metadata(method data for {method} {0x0000015f35425b30} 'append' '(Ljava/lang/String;)Ljava/lang/StringBuilder;' in 'java/lang/StringBuilder')}
  0x0000015f0e6f1c6c: 0001 49b8 | d0b0 0176 | 5f01 0000 | 418b 90cc | 0000 0083 | c202 4189 | 90cc 0000 | 0081 e2fe 
  0x0000015f0e6f1c8c: ff1f 0083 | fa00 0f84 | 3a30 0000 | 488b 8424 | e800 0000 

  0x0000015f0e6f1ca0: ;   {metadata(method data for {method} {0x0000015f35425b30} 'append' '(Ljava/lang/String;)Ljava/lang/StringBuilder;' in 'java/lang/StringBuilder')}
  0x0000015f0e6f1ca0: 49b8 d0b0 | 0176 5f01 | 0000 4983 | 8010 0100 

  0x0000015f0e6f1cb0: ;   {oop(", channels="{0x00000006044cad38})}
  0x0000015f0e6f1cb0: 0001 49b8 | 38ad 4c04 | 0600 0000 | 488b 9424 | e800 0000 

  0x0000015f0e6f1cc4: ;   {optimized virtual_call}
  0x0000015f0e6f1cc4: 6666 90e8 

  0x0000015f0e6f1cc8: ; ImmutableOopMap {[168]=Oop [232]=Oop [240]=Oop [552]=Oop }
                      ;*invokespecial append {reexecute=0 rethrow=0 return_oop=0}
                      ; - java.lang.StringBuilder::append@2 (line 179)
                      ; - org.bytedeco.javacv.FFmpegFrameRecorder::recordImage@304 (line 1004)
  0x0000015f0e6f1cc8: b4b0 f606 | 488b 8424 | e800 0000 

  0x0000015f0e6f1cd4: ;   {metadata(method data for {method} {0x0000015f7732f1b0} 'recordImage' '(IIIIII[Ljava/nio/Buffer;)Z' in 'org/bytedeco/javacv/FFmpegFrameRecorder')}
  0x0000015f0e6f1cd4: 49b8 0000 | 4c77 5f01 | 0000 4983 | 80e0 0600 

  0x0000015f0e6f1ce4: ;   {metadata(method data for {method} {0x0000015f35425ce8} 'append' '(I)Ljava/lang/StringBuilder;' in 'java/lang/StringBuilder')}
  0x0000015f0e6f1ce4: 0001 49b8 | 78b4 0176 | 5f01 0000 | 418b 90cc | 0000 0083 | c202 4189 | 90cc 0000 | 0081 e2fe 
  0x0000015f0e6f1d04: ff1f 0083 | fa00 0f84 | e32f 0000 | 488b 8424 | e800 0000 

  0x0000015f0e6f1d18: ;   {metadata(method data for {method} {0x0000015f35425ce8} 'append' '(I)Ljava/lang/StringBuilder;' in 'java/lang/StringBuilder')}
  0x0000015f0e6f1d18: 49b8 78b4 | 0176 5f01 | 0000 4983 | 8010 0100 | 0001 448b | 8424 b000 | 0000 488b | 9424 e800 
  0x0000015f0e6f1d38: 0000 0f1f 

  0x0000015f0e6f1d3c: ;   {optimized virtual_call}
  0x0000015f0e6f1d3c: 4400 00e8 

  0x0000015f0e6f1d40: ; ImmutableOopMap {[168]=Oop [232]=Oop [240]=Oop [552]=Oop }
                      ;*invokespecial append {reexecute=0 rethrow=0 return_oop=0}
                      ; - java.lang.StringBuilder::append@2 (line 253)
                      ; - org.bytedeco.javacv.FFmpegFrameRecorder::recordImage@309 (line 1004)
  0x0000015f0e6f1d40: 3cb0 f606 | 488b 8424 | e800 0000 

  0x0000015f0e6f1d4c: ;   {metadata(method data for {method} {0x0000015f7732f1b0} 'recordImage' '(IIIIII[Ljava/nio/Buffer;)Z' in 'org/bytedeco/javacv/FFmpegFrameRecorder')}
  0x0000015f0e6f1d4c: 48ba 0000 | 4c77 5f01 | 0000 4883 | 8218 0700 

  0x0000015f0e6f1d5c: ;   {metadata(method data for {method} {0x0000015f35425450} 'toString' '()Ljava/lang/String;' in 'java/lang/StringBuilder')}
  0x0000015f0e6f1d5c: 0001 48ba | f8b7 0176 | 5f01 0000 | 448b 82cc | 0000 0041 | 83c0 0244 | 8982 cc00 | 0000 4181 
  0x0000015f0e6f1d7c: e0fe ff1f | 0041 83f8 | 000f 8489 | 2f00 0048 | 8b84 24e8 

  0x0000015f0e6f1d90: ;   {metadata(method data for {method} {0x0000015f35425450} 'toString' '()Ljava/lang/String;' in 'java/lang/StringBuilder')}
  0x0000015f0e6f1d90: 0000 0048 | baf8 b701 | 765f 0100 | 0048 8382 | 1001 0000 

  0x0000015f0e6f1da4: ;   {metadata(method data for {method} {0x0000015f35071800} 'isLatin1' '()Z' in 'java/lang/AbstractStringBuilder')}
  0x0000015f0e6f1da4: 0148 bad8 | b901 765f | 0100 0044 | 8b82 cc00 | 0000 4183 | c002 4489 | 82cc 0000 | 0041 81e0 
  0x0000015f0e6f1dc4: feff 1f00 | 4183 f800 | 0f84 632f 

  0x0000015f0e6f1dd0: ;   {metadata(method data for {method} {0x0000015f35071800} 'isLatin1' '()Z' in 'java/lang/AbstractStringBuilder')}
  0x0000015f0e6f1dd0: 0000 48ba | d8b9 0176 | 5f01 0000 | ff82 2001 | 0000 488b | 8424 e800 | 0000 0fbe | 5010 83fa 
  0x0000015f0e6f1df0: ;   {metadata(method data for {method} {0x0000015f35071800} 'isLatin1' '()Z' in 'java/lang/AbstractStringBuilder')}
  0x0000015f0e6f1df0: 0048 bad8 | b901 765f | 0100 0049 | b830 0100 | 0000 0000 | 000f 850a | 0000 0049 | b840 0100 
  0x0000015f0e6f1e10: 0000 0000 | 004e 8b0c | 024d 8d49 | 014e 890c | 020f 851a 

  0x0000015f0e6f1e24: ;   {metadata(method data for {method} {0x0000015f35071800} 'isLatin1' '()Z' in 'java/lang/AbstractStringBuilder')}
  0x0000015f0e6f1e24: 0000 0048 | bad8 b901 | 765f 0100 | 00ff 8250 | 0100 00ba | 0100 0000 | e905 0000 | 00ba 0000 
  0x0000015f0e6f1e44: 0000 83e2 | 0183 fa00 

  0x0000015f0e6f1e4c: ;   {metadata(method data for {method} {0x0000015f35425450} 'toString' '()Ljava/lang/String;' in 'java/lang/StringBuilder')}
  0x0000015f0e6f1e4c: 48ba f8b7 | 0176 5f01 | 0000 49b8 | 4801 0000 | 0000 0000 | 0f84 0a00 | 0000 49b8 | 5801 0000 
  0x0000015f0e6f1e6c: 0000 0000 | 4e8b 0c02 | 4d8d 4901 | 4e89 0c02 | 0f84 3f00 | 0000 8b50 | 1448 c1e2 | 0344 8b48 
  0x0000015f0e6f1e8c: ;   {metadata(method data for {method} {0x0000015f35425450} 'toString' '()Ljava/lang/String;' in 'java/lang/StringBuilder')}
  0x0000015f0e6f1e8c: 0c49 b8f8 | b701 765f | 0100 0049 | 8380 6801 | 0000 0141 | b800 0000 

  0x0000015f0e6f1ea4: ;   {static_call}
  0x0000015f0e6f1ea4: 0066 90e8 

  0x0000015f0e6f1ea8: ; ImmutableOopMap {[168]=Oop [240]=Oop [552]=Oop }
                      ;*invokestatic newString {reexecute=0 rethrow=0 return_oop=0}
                      ; - java.lang.StringBuilder::toString@16 (line 453)
                      ; - org.bytedeco.javacv.FFmpegFrameRecorder::recordImage@312 (line 1004)
  0x0000015f0e6f1ea8: d4b4 f606 

  0x0000015f0e6f1eac: ;   {metadata(method data for {method} {0x0000015f35425450} 'toString' '()Ljava/lang/String;' in 'java/lang/StringBuilder')}
  0x0000015f0e6f1eac: 48ba f8b7 | 0176 5f01 | 0000 ff82 | 7801 0000 | e9d3 2800 | 008b 5014 | 48c1 e203 | 448b 480c 
  0x0000015f0e6f1ecc: ;   {metadata(method data for {method} {0x0000015f35425450} 'toString' '()Ljava/lang/String;' in 'java/lang/StringBuilder')}
  0x0000015f0e6f1ecc: 49b8 f8b7 | 0176 5f01 | 0000 4983 | 8090 0100 | 0001 41b8 | 0000 0000 

  0x0000015f0e6f1ee4: ;   {static_call}
  0x0000015f0e6f1ee4: 6666 90e8 

  0x0000015f0e6f1ee8: ; ImmutableOopMap {[168]=Oop [240]=Oop [552]=Oop }
                      ;*invokestatic newString {reexecute=0 rethrow=0 return_oop=0}
                      ; - java.lang.StringBuilder::toString@31 (line 454)
                      ; - org.bytedeco.javacv.FFmpegFrameRecorder::recordImage@312 (line 1004)
  0x0000015f0e6f1ee8: 94b4 f606 | e9a3 2800 

  0x0000015f0e6f1ef0: ;   {metadata(method data for {method} {0x0000015f7732f1b0} 'recordImage' '(IIIIII[Ljava/nio/Buffer;)Z' in 'org/bytedeco/javacv/FFmpegFrameRecorder')}
  0x0000015f0e6f1ef0: 0048 be00 | 004c 775f | 0100 00ff | 8610 0600 | 00ba 1800 | 0000 4889 | 8424 f800 | 0000 e91a 
  0x0000015f0e6f1f10: ;   {metadata(method data for {method} {0x0000015f7732f1b0} 'recordImage' '(IIIIII[Ljava/nio/Buffer;)Z' in 'org/bytedeco/javacv/FFmpegFrameRecorder')}
  0x0000015f0e6f1f10: 0200 0048 | be00 004c | 775f 0100 | 00ff 8698 | 0500 00ba | 1a00 0000 | 4889 8424 | f800 0000 
  0x0000015f0e6f1f30: e9f8 0100 | 0048 8984 | 24f8 0000 

  0x0000015f0e6f1f3c: ;   {static_call}
  0x0000015f0e6f1f3c: 0066 90e8 

  0x0000015f0e6f1f40: ; ImmutableOopMap {[168]=Oop [600]=Oop [184]=Oop [248]=Oop [552]=Oop }
                      ;*invokestatic nativeOrder {reexecute=0 rethrow=0 return_oop=0}
                      ; - org.bytedeco.javacv.FFmpegFrameRecorder::recordImage@206 (line 997)
  0x0000015f0e6f1f40: 3cb4 f606 | 0f1f 4000 

  0x0000015f0e6f1f48: ;   {no_reloc}
  0x0000015f0e6f1f48: e985 2e00 | 0000 0000 | 0000 660f | 1f44 0000 

  0x0000015f0e6f1f58: ; implicit exception: dispatches to 0x0000015f0e6f4ddc
  0x0000015f0e6f1f58: e98f 2e00 | 0090 48c1 | e203 483b | 0048 8bf0 

  0x0000015f0e6f1f68: ;   {metadata(method data for {method} {0x0000015f7732f1b0} 'recordImage' '(IIIIII[Ljava/nio/Buffer;)Z' in 'org/bytedeco/javacv/FFmpegFrameRecorder')}
  0x0000015f0e6f1f68: 48bf 0000 | 4c77 5f01 | 0000 8b76 | 0849 ba00 | 0000 355f | 0100 0049 | 03f2 483b | b7c0 0400 
  0x0000015f0e6f1f88: 0075 0d48 | 8387 c804 | 0000 01e9 | 6600 0000 | 483b b7d0 | 0400 0075 | 0d48 8387 | d804 0000 
  0x0000015f0e6f1fa8: 01e9 5000 | 0000 4881 | bfc0 0400 | 0000 0000 | 0075 1748 | 89b7 c004 | 0000 48c7 | 87c8 0400 
  0x0000015f0e6f1fc8: 0001 0000 | 00e9 2c00 | 0000 4881 | bfd0 0400 | 0000 0000 | 0075 1748 | 89b7 d004 | 0000 48c7 
  0x0000015f0e6f1fe8: 87d8 0400 | 0001 0000 | 00e9 0800 | 0000 4883 | 87b0 0400 

  0x0000015f0e6f1ffc: ;   {metadata(method data for {method} {0x0000015f350013b0} 'equals' '(Ljava/lang/Object;)Z' in 'java/lang/Object')}
  0x0000015f0e6f1ffc: 0001 48be | 505b 0476 | 5f01 0000 | 8bbe cc00 | 0000 83c7 | 0289 becc | 0000 0081 | e7fe ff1f 
  0x0000015f0e6f201c: 0083 ff00 | 0f84 d52d | 0000 483b 

  0x0000015f0e6f2028: ;   {metadata(method data for {method} {0x0000015f350013b0} 'equals' '(Ljava/lang/Object;)Z' in 'java/lang/Object')}
  0x0000015f0e6f2028: c248 ba50 | 5b04 765f | 0100 0048 | be10 0100 | 0000 0000 | 000f 850a | 0000 0048 | be20 0100 
  0x0000015f0e6f2048: 0000 0000 | 0048 8b3c | 3248 8d7f | 0148 893c | 320f 851a 

  0x0000015f0e6f205c: ;   {metadata(method data for {method} {0x0000015f350013b0} 'equals' '(Ljava/lang/Object;)Z' in 'java/lang/Object')}
  0x0000015f0e6f205c: 0000 0048 | ba50 5b04 | 765f 0100 | 00ff 8230 | 0100 00ba | 0100 0000 | e905 0000 | 00ba 0000 
  0x0000015f0e6f207c: 0000 83e2 | 0183 fa00 

  0x0000015f0e6f2084: ;   {metadata(method data for {method} {0x0000015f7732f1b0} 'recordImage' '(IIIIII[Ljava/nio/Buffer;)Z' in 'org/bytedeco/javacv/FFmpegFrameRecorder')}
  0x0000015f0e6f2084: 48ba 0000 | 4c77 5f01 | 0000 48be | e804 0000 | 0000 0000 | 0f84 0a00 | 0000 48be | f804 0000 
  0x0000015f0e6f20a4: 0000 0000 | 488b 3c32 | 488d 7f01 | 4889 3c32 | 0f84 1a00 

  0x0000015f0e6f20b8: ;   {metadata(method data for {method} {0x0000015f7732f1b0} 'recordImage' '(IIIIII[Ljava/nio/Buffer;)Z' in 'org/bytedeco/javacv/FFmpegFrameRecorder')}
  0x0000015f0e6f20b8: 0000 48ba | 0000 4c77 | 5f01 0000 | ff82 0805 | 0000 ba1d | 0000 00e9 | 0500 0000 | ba1e 0000 
  0x0000015f0e6f20d8: ;   {metadata(method data for {method} {0x0000015f7732f1b0} 'recordImage' '(IIIIII[Ljava/nio/Buffer;)Z' in 'org/bytedeco/javacv/FFmpegFrameRecorder')}
  0x0000015f0e6f20d8: 0048 be00 | 004c 775f | 0100 00ff | 8620 0500 | 00e9 3f00 | 0000 4889 | 8424 f800 

  0x0000015f0e6f20f4: ;   {metadata(method data for {method} {0x0000015f7732f1b0} 'recordImage' '(IIIIII[Ljava/nio/Buffer;)Z' in 'org/bytedeco/javacv/FFmpegFrameRecorder')}
  0x0000015f0e6f20f4: 0000 48ba | 0000 4c77 | 5f01 0000 | ff82 2804 | 0000 ba08 | 0000 00e9 | 1d00 0000 | 4889 8424 
  0x0000015f0e6f2114: f800 0000 

  0x0000015f0e6f2118: ;   {metadata(method data for {method} {0x0000015f7732f1b0} 'recordImage' '(IIIIII[Ljava/nio/Buffer;)Z' in 'org/bytedeco/javacv/FFmpegFrameRecorder')}
  0x0000015f0e6f2118: 48ba 0000 | 4c77 5f01 | 0000 ff82 | b003 0000 | ba03 0000 | 0083 fa18 

  0x0000015f0e6f2130: ;   {metadata(method data for {method} {0x0000015f7732f1b0} 'recordImage' '(IIIIII[Ljava/nio/Buffer;)Z' in 'org/bytedeco/javacv/FFmpegFrameRecorder')}
  0x0000015f0e6f2130: 48be 0000 | 4c77 5f01 | 0000 48bf | 7007 0000 | 0000 0000 | 0f84 0a00 | 0000 48bf | 6007 0000 
  0x0000015f0e6f2150: 0000 0000 | 488b 1c3e | 488d 5b01 | 4889 1c3e | 0f84 0c00 | 0000 8b84 | 24cc 0000 | 00e9 0700 
  0x0000015f0e6f2170: 0000 8b84 | 24c4 0000 | 0089 8424 | 0401 0000 | 8994 2400 | 0100 0048 | 8b94 24b8 | 0000 008b 
  0x0000015f0e6f2190: baf4 0000 | 0048 c1e7 | 0348 3b07 

  0x0000015f0e6f219c: ;   {metadata(method data for {method} {0x0000015f7732f1b0} 'recordImage' '(IIIIII[Ljava/nio/Buffer;)Z' in 'org/bytedeco/javacv/FFmpegFrameRecorder')}
  0x0000015f0e6f219c: 488b df48 | b900 004c | 775f 0100 

  0x0000015f0e6f21a8: ;   {metadata('org/bytedeco/ffmpeg/avcodec/AVCodecContext')}
  0x0000015f0e6f21a8: 0049 ba10 | 7202 365f | 0100 004c | 8991 9007 | 0000 4883 | 8198 0700 | 0001 488b 

  0x0000015f0e6f21c4: ;   {optimized virtual_call}
  0x0000015f0e6f21c4: d766 90e8 

  0x0000015f0e6f21c8: ; ImmutableOopMap {[168]=Oop [600]=Oop [248]=Oop [184]=Oop [552]=Oop }
                      ;*invokevirtual pix_fmt {reexecute=0 rethrow=0 return_oop=0}
                      ; - org.bytedeco.javacv.FFmpegFrameRecorder::recordImage@333 (line 1012)
  0x0000015f0e6f21c8: f474 8a07 | 3b84 2400 

  0x0000015f0e6f21d0: ;   {metadata(method data for {method} {0x0000015f7732f1b0} 'recordImage' '(IIIIII[Ljava/nio/Buffer;)Z' in 'org/bytedeco/javacv/FFmpegFrameRecorder')}
  0x0000015f0e6f21d0: 0100 0048 | ba00 004c | 775f 0100 | 0048 beb8 | 0700 0000 | 0000 000f | 850a 0000 | 0048 bec8 
  0x0000015f0e6f21f0: 0700 0000 | 0000 0048 | 8b3c 3248 | 8d7f 0148 | 893c 320f | 8500 0100 | 0048 8b94 | 24b8 0000 
  0x0000015f0e6f2210: 008b b2f4 | 0000 0048 | c1e6 0348 | 3b06 488b 

  0x0000015f0e6f2220: ;   {metadata(method data for {method} {0x0000015f7732f1b0} 'recordImage' '(IIIIII[Ljava/nio/Buffer;)Z' in 'org/bytedeco/javacv/FFmpegFrameRecorder')}
  0x0000015f0e6f2220: fe48 bb00 | 004c 775f 

  0x0000015f0e6f2228: ;   {metadata('org/bytedeco/ffmpeg/avcodec/AVCodecContext')}
  0x0000015f0e6f2228: 0100 0049 | ba10 7202 | 365f 0100 | 004c 8993 | e807 0000 | 4883 83f0 | 0700 0001 

  0x0000015f0e6f2244: ;   {optimized virtual_call}
  0x0000015f0e6f2244: 488b d6e8 

  0x0000015f0e6f2248: ; ImmutableOopMap {[168]=Oop [600]=Oop [248]=Oop [184]=Oop [552]=Oop }
                      ;*invokevirtual width {reexecute=0 rethrow=0 return_oop=0}
                      ; - org.bytedeco.javacv.FFmpegFrameRecorder::recordImage@345 (line 1012)
  0x0000015f0e6f2248: 34ab f606 | 3b84 24c4 

  0x0000015f0e6f2250: ;   {metadata(method data for {method} {0x0000015f7732f1b0} 'recordImage' '(IIIIII[Ljava/nio/Buffer;)Z' in 'org/bytedeco/javacv/FFmpegFrameRecorder')}
  0x0000015f0e6f2250: 0000 0048 | ba00 004c | 775f 0100 | 0048 be10 | 0800 0000 | 0000 000f | 850a 0000 | 0048 be20 
  0x0000015f0e6f2270: 0800 0000 | 0000 0048 | 8b3c 3248 | 8d7f 0148 | 893c 320f | 8580 0000 | 0048 8b94 | 24b8 0000 
  0x0000015f0e6f2290: 008b b2f4 | 0000 0048 | c1e6 0348 | 3b06 488b 

  0x0000015f0e6f22a0: ;   {metadata(method data for {method} {0x0000015f7732f1b0} 'recordImage' '(IIIIII[Ljava/nio/Buffer;)Z' in 'org/bytedeco/javacv/FFmpegFrameRecorder')}
  0x0000015f0e6f22a0: fe48 bb00 | 004c 775f 

  0x0000015f0e6f22a8: ;   {metadata('org/bytedeco/ffmpeg/avcodec/AVCodecContext')}
  0x0000015f0e6f22a8: 0100 0049 | ba10 7202 | 365f 0100 | 004c 8993 | 4008 0000 | 4883 8348 | 0800 0001 

  0x0000015f0e6f22c4: ;   {optimized virtual_call}
  0x0000015f0e6f22c4: 488b d6e8 

  0x0000015f0e6f22c8: ; ImmutableOopMap {[168]=Oop [600]=Oop [248]=Oop [184]=Oop [552]=Oop }
                      ;*invokevirtual height {reexecute=0 rethrow=0 return_oop=0}
                      ; - org.bytedeco.javacv.FFmpegFrameRecorder::recordImage@356 (line 1012)
  0x0000015f0e6f22c8: b4aa f606 | 3b84 24c8 

  0x0000015f0e6f22d0: ;   {metadata(method data for {method} {0x0000015f7732f1b0} 'recordImage' '(IIIIII[Ljava/nio/Buffer;)Z' in 'org/bytedeco/javacv/FFmpegFrameRecorder')}
  0x0000015f0e6f22d0: 0000 0048 | ba00 004c | 775f 0100 | 0048 be68 | 0800 0000 | 0000 000f | 840a 0000 | 0048 be78 
  0x0000015f0e6f22f0: 0800 0000 | 0000 0048 | 8b3c 3248 | 8d7f 0148 | 893c 320f | 84e8 0b00 | 0048 8b94 | 24b8 0000 
  0x0000015f0e6f2310: 008b b204 | 0100 0048 | c1e6 038b | baf4 0000 | 0048 c1e7 | 0348 3b07 

  0x0000015f0e6f2328: ;   {metadata(method data for {method} {0x0000015f7732f1b0} 'recordImage' '(IIIIII[Ljava/nio/Buffer;)Z' in 'org/bytedeco/javacv/FFmpegFrameRecorder')}
  0x0000015f0e6f2328: 488b df48 | b800 004c | 775f 0100 

  0x0000015f0e6f2334: ;   {metadata('org/bytedeco/ffmpeg/avcodec/AVCodecContext')}
  0x0000015f0e6f2334: 0049 ba10 | 7202 365f | 0100 004c | 8990 9808 | 0000 4883 | 80a0 0800 | 0001 488b | d748 89b4 
  0x0000015f0e6f2354: 2408 0100 | 0066 0f1f 

  0x0000015f0e6f235c: ;   {optimized virtual_call}
  0x0000015f0e6f235c: 4400 00e8 

  0x0000015f0e6f2360: ; ImmutableOopMap {[168]=Oop [600]=Oop [248]=Oop [264]=Oop [184]=Oop [552]=Oop }
                      ;*invokevirtual width {reexecute=0 rethrow=0 return_oop=0}
                      ; - org.bytedeco.javacv.FFmpegFrameRecorder::recordImage@376 (line 1015)
  0x0000015f0e6f2360: 5c7a 8a07 | 488b 9424 | b800 0000 | 8bb2 f400 | 0000 48c1 | e603 483b | 0648 8bfe 

  0x0000015f0e6f237c: ;   {metadata(method data for {method} {0x0000015f7732f1b0} 'recordImage' '(IIIIII[Ljava/nio/Buffer;)Z' in 'org/bytedeco/javacv/FFmpegFrameRecorder')}
  0x0000015f0e6f237c: 48bb 0000 | 4c77 5f01 

  0x0000015f0e6f2384: ;   {metadata('org/bytedeco/ffmpeg/avcodec/AVCodecContext')}
  0x0000015f0e6f2384: 0000 49ba | 1072 0236 | 5f01 0000 | 4c89 93d0 | 0800 0048 | 8383 d808 | 0000 0148 | 8bd6 8984 
  0x0000015f0e6f23a4: 2410 0100 | 0066 0f1f 

  0x0000015f0e6f23ac: ;   {optimized virtual_call}
  0x0000015f0e6f23ac: 4400 00e8 

  0x0000015f0e6f23b0: ; ImmutableOopMap {[168]=Oop [600]=Oop [248]=Oop [264]=Oop [184]=Oop [552]=Oop }
                      ;*invokevirtual height {reexecute=0 rethrow=0 return_oop=0}
                      ; - org.bytedeco.javacv.FFmpegFrameRecorder::recordImage@383 (line 1015)
  0x0000015f0e6f23b0: 0cf8 8907 | 488b 9424 | b800 0000 | 8bb2 f400 | 0000 48c1 | e603 483b | 0648 8bfe 

  0x0000015f0e6f23cc: ;   {metadata(method data for {method} {0x0000015f7732f1b0} 'recordImage' '(IIIIII[Ljava/nio/Buffer;)Z' in 'org/bytedeco/javacv/FFmpegFrameRecorder')}
  0x0000015f0e6f23cc: 48bb 0000 | 4c77 5f01 

  0x0000015f0e6f23d4: ;   {metadata('org/bytedeco/ffmpeg/avcodec/AVCodecContext')}
  0x0000015f0e6f23d4: 0000 49ba | 1072 0236 | 5f01 0000 | 4c89 9308 | 0900 0048 | 8383 1009 | 0000 0148 | 8bd6 8984 
  0x0000015f0e6f23f4: 2414 0100 | 0066 0f1f 

  0x0000015f0e6f23fc: ;   {optimized virtual_call}
  0x0000015f0e6f23fc: 4400 00e8 

  0x0000015f0e6f2400: ; ImmutableOopMap {[168]=Oop [600]=Oop [248]=Oop [264]=Oop [184]=Oop [552]=Oop }
                      ;*invokevirtual pix_fmt {reexecute=0 rethrow=0 return_oop=0}
                      ; - org.bytedeco.javacv.FFmpegFrameRecorder::recordImage@390 (line 1015)
  0x0000015f0e6f2400: bc72 8a07 | 488b 9424 | b800 0000 | 448b 424c | 4183 f800 

  0x0000015f0e6f2414: ;   {metadata(method data for {method} {0x0000015f7732f1b0} 'recordImage' '(IIIIII[Ljava/nio/Buffer;)Z' in 'org/bytedeco/javacv/FFmpegFrameRecorder')}
  0x0000015f0e6f2414: 49b9 0000 | 4c77 5f01 | 0000 48bf | 3009 0000 | 0000 0000 | 0f84 0a00 | 0000 48bf | 4009 0000 
  0x0000015f0e6f2434: 0000 0000 | 498b 3439 | 488d 7601 | 4989 3439 | 0f84 1900 

  0x0000015f0e6f2448: ;   {metadata(method data for {method} {0x0000015f7732f1b0} 'recordImage' '(IIIIII[Ljava/nio/Buffer;)Z' in 'org/bytedeco/javacv/FFmpegFrameRecorder')}
  0x0000015f0e6f2448: 0000 49b9 | 0000 4c77 | 5f01 0000 | 41ff 8150 | 0900 0049 | 8bd8 e905 | 0000 00bb | 0200 0000 
  0x0000015f0e6f2468: 448b 9c24 | 1401 0000 | 8b8c 2410 | 0100 0048 | 8bb4 2408 

  0x0000015f0e6f247c: ;   {metadata(method data for {method} {0x0000015f7732f1b0} 'recordImage' '(IIIIII[Ljava/nio/Buffer;)Z' in 'org/bytedeco/javacv/FFmpegFrameRecorder')}
  0x0000015f0e6f247c: 0100 0049 | b800 004c | 775f 0100 | 0049 8380 | a009 0000 | 0148 8bd6 | 448b 8424 | c400 0000 
  0x0000015f0e6f249c: 448b 8c24 | c800 0000 | 8bbc 2400 | 0100 0048 | 8bf1 498b | cb89 0424 | 895c 2408 | 4d33 d24c 
  0x0000015f0e6f24bc: 8954 2410 | 4d33 d24c | 8954 2418 | 4d33 d24c | 8954 2420 | 0f1f 8000 

  0x0000015f0e6f24d4: ;   {static_call}
  0x0000015f0e6f24d4: 0000 00e8 

  0x0000015f0e6f24d8: ; ImmutableOopMap {[168]=Oop [600]=Oop [248]=Oop [184]=Oop [552]=Oop }
                      ;*invokestatic sws_getCachedContext {reexecute=0 rethrow=0 return_oop=0}
                      ; - org.bytedeco.javacv.FFmpegFrameRecorder::recordImage@414 (line 1014)
  0x0000015f0e6f24d8: e49e 8a07 | 410f be57 | 3883 fa00 | 488b 9424 | b800 0000 | 0f85 4829 | 0000 4c8b | d049 c1ea 
  0x0000015f0e6f24f8: 0344 8992 | 0401 0000 | 488b f248 | 33f0 48c1 | ee16 4883 | fe00 0f85 | 4829 0000 | 4883 f800 
  0x0000015f0e6f2518: ;   {metadata(method data for {method} {0x0000015f7732f1b0} 'recordImage' '(IIIIII[Ljava/nio/Buffer;)Z' in 'org/bytedeco/javacv/FFmpegFrameRecorder')}
  0x0000015f0e6f2518: 48be 0000 | 4c77 5f01 | 0000 48bf | c009 0000 | 0000 0000 | 0f84 0a00 | 0000 48bf | b009 0000 
  0x0000015f0e6f2538: 0000 0000 | 488b 043e | 488d 4001 | 4889 043e | 0f84 9621 | 0000 488b 

  0x0000015f0e6f2550: ;   {metadata('org/bytedeco/javacpp/PointerPointer')}
  0x0000015f0e6f2550: da48 ba70 | 8300 365f | 0100 0049 | 8b87 0801 | 0000 488d | 7838 493b | bf18 0100 | 000f 8701 
  0x0000015f0e6f2570: 2900 0049 | 89bf 0801 | 0000 48c7 | 0001 0000 | 0048 8bca | 49ba 0000 | 0035 5f01 | 0000 492b 
  0x0000015f0e6f2590: ca89 4808 | 4833 c989 | 480c 4833 | c948 bf05 | 0000 0000 | 0000 0048 | 894c f808 | 48ff cf75 
  0x0000015f0e6f25b0: f644 8b83 | c800 0000 | 49c1 e003 

  0x0000015f0e6f25bc: ;   {metadata(method data for {method} {0x0000015f7732f1b0} 'recordImage' '(IIIIII[Ljava/nio/Buffer;)Z' in 'org/bytedeco/javacv/FFmpegFrameRecorder')}
  0x0000015f0e6f25bc: 488b d048 | be00 004c | 775f 0100 | 0048 8386 | e009 0000 

  0x0000015f0e6f25d0: ;   {metadata(method data for {method} {0x0000015f76441d98} '<init>' '(Lorg/bytedeco/javacpp/Pointer;)V' in 'org/bytedeco/javacpp/PointerPointer')}
  0x0000015f0e6f25d0: 0148 ba10 | bf46 775f | 0100 008b | b2cc 0000 | 0083 c602 | 89b2 cc00 | 0000 81e6 | feff 1f00 
  0x0000015f0e6f25f0: 83fe 000f | 8488 2800 | 0048 8bd0 

  0x0000015f0e6f25fc: ;   {metadata(method data for {method} {0x0000015f76441d98} '<init>' '(Lorg/bytedeco/javacpp/Pointer;)V' in 'org/bytedeco/javacpp/PointerPointer')}
  0x0000015f0e6f25fc: 48be 10bf | 4677 5f01 | 0000 4883 | 8610 0100 | 0001 488b | d048 8984 | 2418 0100 | 0066 0f1f 
  0x0000015f0e6f261c: ;   {optimized virtual_call}
  0x0000015f0e6f261c: 4400 00e8 

  0x0000015f0e6f2620: ; ImmutableOopMap {[168]=Oop [600]=Oop [248]=Oop [184]=Oop [280]=Oop [552]=Oop }
                      ;*invokespecial <init> {reexecute=0 rethrow=0 return_oop=0}
                      ; - org.bytedeco.javacpp.PointerPointer::<init>@2 (line 159)
                      ; - org.bytedeco.javacv.FFmpegFrameRecorder::recordImage@446 (line 1021)
  0x0000015f0e6f2620: fc87 8607 | 488b 9424 | b800 0000 | 8bb2 c800 | 0000 48c1 | e603 483b | 0648 8bfe 

  0x0000015f0e6f263c: ;   {metadata(method data for {method} {0x0000015f7732f1b0} 'recordImage' '(IIIIII[Ljava/nio/Buffer;)Z' in 'org/bytedeco/javacv/FFmpegFrameRecorder')}
  0x0000015f0e6f263c: 48bb 0000 | 4c77 5f01 

  0x0000015f0e6f2644: ;   {metadata('org/bytedeco/ffmpeg/avutil/AVFrame')}
  0x0000015f0e6f2644: 0000 49ba | 101a 0136 | 5f01 0000 | 4c89 9300 | 0a00 0048 | 8383 080a | 0000 0148 | 8bd6 0f1f 
  0x0000015f0e6f2664: ;   {optimized virtual_call}
  0x0000015f0e6f2664: 4400 00e8 

  0x0000015f0e6f2668: ; ImmutableOopMap {[168]=Oop [600]=Oop [248]=Oop [280]=Oop [184]=Oop [552]=Oop }
                      ;*invokevirtual linesize {reexecute=0 rethrow=0 return_oop=0}
                      ; - org.bytedeco.javacv.FFmpegFrameRecorder::recordImage@453 (line 1021)
  0x0000015f0e6f2668: d4f0 8907 

  0x0000015f0e6f266c: ;   {metadata(method data for {method} {0x0000015f7732f1b0} 'recordImage' '(IIIIII[Ljava/nio/Buffer;)Z' in 'org/bytedeco/javacv/FFmpegFrameRecorder')}
  0x0000015f0e6f266c: 48ba 0000 | 4c77 5f01 | 0000 4883 | 8228 0a00 | 0001 488b | 9424 1801 | 0000 4c8b | c04c 8b8c 
  0x0000015f0e6f268c: 24f8 0000 | 008b bc24 | 0001 0000 | 8bb4 24c4 | 0000 008b | 8c24 c800 | 0000 c704 | 2401 0000 
  0x0000015f0e6f26ac: ;   {static_call}
  0x0000015f0e6f26ac: 0066 90e8 

  0x0000015f0e6f26b0: ; ImmutableOopMap {[168]=Oop [600]=Oop [184]=Oop [552]=Oop }
                      ;*invokestatic av_image_fill_arrays {reexecute=0 rethrow=0 return_oop=0}
                      ; - org.bytedeco.javacv.FFmpegFrameRecorder::recordImage@463 (line 1021)
  0x0000015f0e6f26b0: 0cf4 7b07 

  0x0000015f0e6f26b4: ;   {metadata('org/bytedeco/javacpp/PointerPointer')}
  0x0000015f0e6f26b4: 48ba 7083 | 0036 5f01 | 0000 498b | 8708 0100 | 0048 8d78 | 3849 3bbf | 1801 0000 | 0f87 d127 
  0x0000015f0e6f26d4: 0000 4989 | bf08 0100 | 0048 c700 | 0100 0000 | 488b ca49 | ba00 0000 | 355f 0100 | 0049 2bca 
  0x0000015f0e6f26f4: 8948 0848 | 33c9 8948 | 0c48 33c9 | 48bf 0500 | 0000 0000 | 0000 4889 | 4cf8 0848 | ffcf 75f6 
  0x0000015f0e6f2714: 488b 9424 | b800 0000 | 448b 82c4 | 0000 0049 | c1e0 0348 

  0x0000015f0e6f2728: ;   {metadata(method data for {method} {0x0000015f7732f1b0} 'recordImage' '(IIIIII[Ljava/nio/Buffer;)Z' in 'org/bytedeco/javacv/FFmpegFrameRecorder')}
  0x0000015f0e6f2728: 8bf0 48bf | 0000 4c77 | 5f01 0000 | 4883 8738 | 0a00 0001 

  0x0000015f0e6f273c: ;   {metadata(method data for {method} {0x0000015f76441d98} '<init>' '(Lorg/bytedeco/javacpp/Pointer;)V' in 'org/bytedeco/javacpp/PointerPointer')}
  0x0000015f0e6f273c: 48be 10bf | 4677 5f01 | 0000 8bbe | cc00 0000 | 83c7 0289 | becc 0000 | 0081 e7fe | ff1f 0083 
  0x0000015f0e6f275c: ff00 0f84 | 5027 0000 

  0x0000015f0e6f2764: ;   {metadata(method data for {method} {0x0000015f76441d98} '<init>' '(Lorg/bytedeco/javacpp/Pointer;)V' in 'org/bytedeco/javacpp/PointerPointer')}
  0x0000015f0e6f2764: 488b f048 | bf10 bf46 | 775f 0100 | 0048 8387 | 1001 0000 | 0148 8bd0 | 4889 8424 | 2001 0000 
  0x0000015f0e6f2784: ;   {optimized virtual_call}
  0x0000015f0e6f2784: 6666 90e8 

  0x0000015f0e6f2788: ; ImmutableOopMap {[168]=Oop [600]=Oop [184]=Oop [288]=Oop [552]=Oop }
                      ;*invokespecial <init> {reexecute=0 rethrow=0 return_oop=0}
                      ; - org.bytedeco.javacpp.PointerPointer::<init>@2 (line 159)
                      ; - org.bytedeco.javacv.FFmpegFrameRecorder::recordImage@475 (line 1022)
  0x0000015f0e6f2788: 9486 8607 | 488b 9424 | b800 0000 | 8bb2 c400 | 0000 48c1 | e603 483b | 0648 8bfe 

  0x0000015f0e6f27a4: ;   {metadata(method data for {method} {0x0000015f7732f1b0} 'recordImage' '(IIIIII[Ljava/nio/Buffer;)Z' in 'org/bytedeco/javacv/FFmpegFrameRecorder')}
  0x0000015f0e6f27a4: 48bb 0000 | 4c77 5f01 

  0x0000015f0e6f27ac: ;   {metadata('org/bytedeco/ffmpeg/avutil/AVFrame')}
  0x0000015f0e6f27ac: 0000 49ba | 101a 0136 | 5f01 0000 | 4c89 9358 | 0a00 0048 | 8383 600a | 0000 0148 | 8bd6 0f1f 
  0x0000015f0e6f27cc: ;   {optimized virtual_call}
  0x0000015f0e6f27cc: 4400 00e8 

  0x0000015f0e6f27d0: ; ImmutableOopMap {[168]=Oop [600]=Oop [288]=Oop [184]=Oop [552]=Oop }
                      ;*invokevirtual linesize {reexecute=0 rethrow=0 return_oop=0}
                      ; - org.bytedeco.javacv.FFmpegFrameRecorder::recordImage@482 (line 1022)
  0x0000015f0e6f27d0: 6cef 8907 | 488b 9424 | b800 0000 | 8bb2 cc00 | 0000 48c1 | e603 8bba | f400 0000 | 48c1 e703 
  0x0000015f0e6f27f0: ; implicit exception: dispatches to 0x0000015f0e6f4eda
  0x0000015f0e6f27f0: 483b 0748 

  0x0000015f0e6f27f4: ;   {metadata(method data for {method} {0x0000015f7732f1b0} 'recordImage' '(IIIIII[Ljava/nio/Buffer;)Z' in 'org/bytedeco/javacv/FFmpegFrameRecorder')}
  0x0000015f0e6f27f4: 8bdf 48b9 | 0000 4c77 | 5f01 0000 

  0x0000015f0e6f2800: ;   {metadata('org/bytedeco/ffmpeg/avcodec/AVCodecContext')}
  0x0000015f0e6f2800: 49ba 1072 | 0236 5f01 | 0000 4c89 | 9190 0a00 | 0048 8381 | 980a 0000 | 0148 8bd7 | 4889 b424 
  0x0000015f0e6f2820: 3001 0000 | 4889 8424 | 2801 0000 

  0x0000015f0e6f282c: ;   {optimized virtual_call}
  0x0000015f0e6f282c: 6666 90e8 

  0x0000015f0e6f2830: ; ImmutableOopMap {[168]=Oop [600]=Oop [288]=Oop [184]=Oop [296]=Oop [304]=Oop [552]=Oop }
                      ;*invokevirtual pix_fmt {reexecute=0 rethrow=0 return_oop=0}
                      ; - org.bytedeco.javacv.FFmpegFrameRecorder::recordImage@493 (line 1022)
  0x0000015f0e6f2830: 8c6e 8a07 | 488b 9424 | b800 0000 | 8bb2 f400 | 0000 48c1 | e603 483b | 0648 8bfe 

  0x0000015f0e6f284c: ;   {metadata(method data for {method} {0x0000015f7732f1b0} 'recordImage' '(IIIIII[Ljava/nio/Buffer;)Z' in 'org/bytedeco/javacv/FFmpegFrameRecorder')}
  0x0000015f0e6f284c: 48bb 0000 | 4c77 5f01 

  0x0000015f0e6f2854: ;   {metadata('org/bytedeco/ffmpeg/avcodec/AVCodecContext')}
  0x0000015f0e6f2854: 0000 49ba | 1072 0236 | 5f01 0000 | 4c89 93c8 | 0a00 0048 | 8383 d00a | 0000 0148 | 8bd6 8984 
  0x0000015f0e6f2874: 2438 0100 | 0066 0f1f 

  0x0000015f0e6f287c: ;   {optimized virtual_call}
  0x0000015f0e6f287c: 4400 00e8 

  0x0000015f0e6f2880: ; ImmutableOopMap {[168]=Oop [600]=Oop [288]=Oop [296]=Oop [304]=Oop [184]=Oop [552]=Oop }
                      ;*invokevirtual width {reexecute=0 rethrow=0 return_oop=0}
                      ; - org.bytedeco.javacv.FFmpegFrameRecorder::recordImage@500 (line 1022)
  0x0000015f0e6f2880: 3c75 8a07 | 488b 9424 | b800 0000 | 8bb2 f400 | 0000 48c1 | e603 483b | 0648 8bfe 

  0x0000015f0e6f289c: ;   {metadata(method data for {method} {0x0000015f7732f1b0} 'recordImage' '(IIIIII[Ljava/nio/Buffer;)Z' in 'org/bytedeco/javacv/FFmpegFrameRecorder')}
  0x0000015f0e6f289c: 48bb 0000 | 4c77 5f01 

  0x0000015f0e6f28a4: ;   {metadata('org/bytedeco/ffmpeg/avcodec/AVCodecContext')}
  0x0000015f0e6f28a4: 0000 49ba | 1072 0236 | 5f01 0000 | 4c89 9300 | 0b00 0048 | 8383 080b | 0000 0148 | 8bd6 8984 
  0x0000015f0e6f28c4: 243c 0100 | 0066 0f1f 

  0x0000015f0e6f28cc: ;   {optimized virtual_call}
  0x0000015f0e6f28cc: 4400 00e8 

  0x0000015f0e6f28d0: ; ImmutableOopMap {[168]=Oop [600]=Oop [288]=Oop [296]=Oop [304]=Oop [184]=Oop [552]=Oop }
                      ;*invokevirtual height {reexecute=0 rethrow=0 return_oop=0}
                      ; - org.bytedeco.javacv.FFmpegFrameRecorder::recordImage@507 (line 1022)
  0x0000015f0e6f28d0: ecf2 8907 

  0x0000015f0e6f28d4: ;   {metadata(method data for {method} {0x0000015f7732f1b0} 'recordImage' '(IIIIII[Ljava/nio/Buffer;)Z' in 'org/bytedeco/javacv/FFmpegFrameRecorder')}
  0x0000015f0e6f28d4: 48ba 0000 | 4c77 5f01 | 0000 4883 | 8228 0b00 | 0001 488b | 9424 2001 | 0000 4c8b | 8424 2801 
  0x0000015f0e6f28f4: 0000 4c8b | 8c24 3001 | 0000 8bbc | 2438 0100 | 008b b424 | 3c01 0000 | 488b c8c7 | 0424 0100 
  0x0000015f0e6f2914: ;   {static_call}
  0x0000015f0e6f2914: 0000 90e8 

  0x0000015f0e6f2918: ; ImmutableOopMap {[168]=Oop [600]=Oop [184]=Oop [552]=Oop }
                      ;*invokestatic av_image_fill_arrays {reexecute=0 rethrow=0 return_oop=0}
                      ; - org.bytedeco.javacv.FFmpegFrameRecorder::recordImage@511 (line 1022)
  0x0000015f0e6f2918: a4f1 7b07 | 488b 9424 | b800 0000 | 8bb2 c800 | 0000 48c1 | e603 483b | 064c 8bc6 

  0x0000015f0e6f2934: ;   {metadata(method data for {method} {0x0000015f7732f1b0} 'recordImage' '(IIIIII[Ljava/nio/Buffer;)Z' in 'org/bytedeco/javacv/FFmpegFrameRecorder')}
  0x0000015f0e6f2934: 49b9 0000 | 4c77 5f01 

  0x0000015f0e6f293c: ;   {metadata('org/bytedeco/ffmpeg/avutil/AVFrame')}
  0x0000015f0e6f293c: 0000 49ba | 101a 0136 | 5f01 0000 | 4d89 9148 | 0b00 0049 | 8381 500b | 0000 0141 | b800 0000 
  0x0000015f0e6f295c: 0044 8b8c | 2404 0100 | 0048 8bd6 | 0f1f 8000 

  0x0000015f0e6f296c: ;   {optimized virtual_call}
  0x0000015f0e6f296c: 0000 00e8 

  0x0000015f0e6f2970: ; ImmutableOopMap {[168]=Oop [600]=Oop [184]=Oop [552]=Oop }
                      ;*invokevirtual linesize {reexecute=0 rethrow=0 return_oop=0}
                      ; - org.bytedeco.javacv.FFmpegFrameRecorder::recordImage@522 (line 1023)
  0x0000015f0e6f2970: ccaf 6807 | 488b 9424 | b800 0000 | 8bb2 c800 | 0000 48c1 | e603 483b | 064c 8bc6 

  0x0000015f0e6f298c: ;   {metadata(method data for {method} {0x0000015f7732f1b0} 'recordImage' '(IIIIII[Ljava/nio/Buffer;)Z' in 'org/bytedeco/javacv/FFmpegFrameRecorder')}
  0x0000015f0e6f298c: 48bf 0000 | 4c77 5f01 

  0x0000015f0e6f2994: ;   {metadata('org/bytedeco/ffmpeg/avutil/AVFrame')}
  0x0000015f0e6f2994: 0000 49ba | 101a 0136 | 5f01 0000 | 4c89 9780 | 0b00 0048 | 8387 880b | 0000 0144 | 8b84 2400 
  0x0000015f0e6f29b4: 0100 0048 | 8bd6 0f1f 

  0x0000015f0e6f29bc: ;   {optimized virtual_call}
  0x0000015f0e6f29bc: 4400 00e8 

  0x0000015f0e6f29c0: ; ImmutableOopMap {[168]=Oop [600]=Oop [184]=Oop [552]=Oop }
                      ;*invokevirtual format {reexecute=0 rethrow=0 return_oop=0}
                      ; - org.bytedeco.javacv.FFmpegFrameRecorder::recordImage@532 (line 1024)
  0x0000015f0e6f29c0: fcea 7b07 | 488b 9424 | b800 0000 | 8bb2 c800 | 0000 48c1 | e603 483b | 064c 8bc6 

  0x0000015f0e6f29dc: ;   {metadata(method data for {method} {0x0000015f7732f1b0} 'recordImage' '(IIIIII[Ljava/nio/Buffer;)Z' in 'org/bytedeco/javacv/FFmpegFrameRecorder')}
  0x0000015f0e6f29dc: 48bf 0000 | 4c77 5f01 

  0x0000015f0e6f29e4: ;   {metadata('org/bytedeco/ffmpeg/avutil/AVFrame')}
  0x0000015f0e6f29e4: 0000 49ba | 101a 0136 | 5f01 0000 | 4c89 97b8 | 0b00 0048 | 8387 c00b | 0000 0144 | 8b84 24c4 
  0x0000015f0e6f2a04: 0000 0048 | 8bd6 0f1f 

  0x0000015f0e6f2a0c: ;   {optimized virtual_call}
  0x0000015f0e6f2a0c: 4400 00e8 

  0x0000015f0e6f2a10: ; ImmutableOopMap {[168]=Oop [600]=Oop [184]=Oop [552]=Oop }
                      ;*invokevirtual width {reexecute=0 rethrow=0 return_oop=0}
                      ; - org.bytedeco.javacv.FFmpegFrameRecorder::recordImage@541 (line 1025)
  0x0000015f0e6f2a10: 2cb5 6907 | 488b 9424 | b800 0000 | 8bb2 c800 | 0000 48c1 | e603 483b | 064c 8bc6 

  0x0000015f0e6f2a2c: ;   {metadata(method data for {method} {0x0000015f7732f1b0} 'recordImage' '(IIIIII[Ljava/nio/Buffer;)Z' in 'org/bytedeco/javacv/FFmpegFrameRecorder')}
  0x0000015f0e6f2a2c: 48bf 0000 | 4c77 5f01 

  0x0000015f0e6f2a34: ;   {metadata('org/bytedeco/ffmpeg/avutil/AVFrame')}
  0x0000015f0e6f2a34: 0000 49ba | 101a 0136 | 5f01 0000 | 4c89 97f0 | 0b00 0048 | 8387 f80b | 0000 0144 | 8b84 24c8 
  0x0000015f0e6f2a54: 0000 0048 | 8bd6 0f1f 

  0x0000015f0e6f2a5c: ;   {optimized virtual_call}
  0x0000015f0e6f2a5c: 4400 00e8 

  0x0000015f0e6f2a60: ; ImmutableOopMap {[168]=Oop [600]=Oop [184]=Oop [552]=Oop }
                      ;*invokevirtual height {reexecute=0 rethrow=0 return_oop=0}
                      ; - org.bytedeco.javacv.FFmpegFrameRecorder::recordImage@550 (line 1026)
  0x0000015f0e6f2a60: 5cb0 6907 | 488b 9424 | b800 0000 | 8bb2 c400 | 0000 48c1 | e603 8bba | f400 0000 | 48c1 e703 
  0x0000015f0e6f2a80: ; implicit exception: dispatches to 0x0000015f0e6f4efd
  0x0000015f0e6f2a80: 483b 0748 

  0x0000015f0e6f2a84: ;   {metadata(method data for {method} {0x0000015f7732f1b0} 'recordImage' '(IIIIII[Ljava/nio/Buffer;)Z' in 'org/bytedeco/javacv/FFmpegFrameRecorder')}
  0x0000015f0e6f2a84: 8bdf 48b8 | 0000 4c77 | 5f01 0000 

  0x0000015f0e6f2a90: ;   {metadata('org/bytedeco/ffmpeg/avcodec/AVCodecContext')}
  0x0000015f0e6f2a90: 49ba 1072 | 0236 5f01 | 0000 4c89 | 9028 0c00 | 0048 8380 | 300c 0000 | 0148 8bd7 | 4889 b424 
  0x0000015f0e6f2ab0: 4001 0000 

  0x0000015f0e6f2ab4: ;   {optimized virtual_call}
  0x0000015f0e6f2ab4: 6666 90e8 

  0x0000015f0e6f2ab8: ; ImmutableOopMap {[168]=Oop [600]=Oop [184]=Oop [320]=Oop [552]=Oop }
                      ;*invokevirtual pix_fmt {reexecute=0 rethrow=0 return_oop=0}
                      ; - org.bytedeco.javacv.FFmpegFrameRecorder::recordImage@562 (line 1027)
  0x0000015f0e6f2ab8: 046c 8a07 | 488b b424 | 4001 0000 

  0x0000015f0e6f2ac4: ; implicit exception: dispatches to 0x0000015f0e6f4f02
  0x0000015f0e6f2ac4: 483b 064c 

  0x0000015f0e6f2ac8: ;   {metadata(method data for {method} {0x0000015f7732f1b0} 'recordImage' '(IIIIII[Ljava/nio/Buffer;)Z' in 'org/bytedeco/javacv/FFmpegFrameRecorder')}
  0x0000015f0e6f2ac8: 8bc6 48ba | 0000 4c77 | 5f01 0000 

  0x0000015f0e6f2ad4: ;   {metadata('org/bytedeco/ffmpeg/avutil/AVFrame')}
  0x0000015f0e6f2ad4: 49ba 101a | 0136 5f01 | 0000 4c89 | 9260 0c00 | 0048 8382 | 680c 0000 | 014c 8bc0 | 488b d60f 
  0x0000015f0e6f2af4: ;   {optimized virtual_call}
  0x0000015f0e6f2af4: 1f40 00e8 

  0x0000015f0e6f2af8: ; ImmutableOopMap {[168]=Oop [600]=Oop [184]=Oop [552]=Oop }
                      ;*invokevirtual format {reexecute=0 rethrow=0 return_oop=0}
                      ; - org.bytedeco.javacv.FFmpegFrameRecorder::recordImage@565 (line 1027)
  0x0000015f0e6f2af8: c4e9 7b07 | 488b 9424 | b800 0000 | 8bb2 c400 | 0000 48c1 | e603 8bba | f400 0000 | 48c1 e703 
  0x0000015f0e6f2b18: ; implicit exception: dispatches to 0x0000015f0e6f4f07
  0x0000015f0e6f2b18: 483b 0748 

  0x0000015f0e6f2b1c: ;   {metadata(method data for {method} {0x0000015f7732f1b0} 'recordImage' '(IIIIII[Ljava/nio/Buffer;)Z' in 'org/bytedeco/javacv/FFmpegFrameRecorder')}
  0x0000015f0e6f2b1c: 8bdf 48b8 | 0000 4c77 | 5f01 0000 

  0x0000015f0e6f2b28: ;   {metadata('org/bytedeco/ffmpeg/avcodec/AVCodecContext')}
  0x0000015f0e6f2b28: 49ba 1072 | 0236 5f01 | 0000 4c89 | 9098 0c00 | 0048 8380 | a00c 0000 | 0148 8bd7 | 4889 b424 
  0x0000015f0e6f2b48: 4801 0000 

  0x0000015f0e6f2b4c: ;   {optimized virtual_call}
  0x0000015f0e6f2b4c: 6666 90e8 

  0x0000015f0e6f2b50: ; ImmutableOopMap {[168]=Oop [600]=Oop [328]=Oop [184]=Oop [552]=Oop }
                      ;*invokevirtual width {reexecute=0 rethrow=0 return_oop=0}
                      ; - org.bytedeco.javacv.FFmpegFrameRecorder::recordImage@577 (line 1028)
  0x0000015f0e6f2b50: 6c72 8a07 | 488b b424 | 4801 0000 

  0x0000015f0e6f2b5c: ; implicit exception: dispatches to 0x0000015f0e6f4f0c
  0x0000015f0e6f2b5c: 483b 064c 

  0x0000015f0e6f2b60: ;   {metadata(method data for {method} {0x0000015f7732f1b0} 'recordImage' '(IIIIII[Ljava/nio/Buffer;)Z' in 'org/bytedeco/javacv/FFmpegFrameRecorder')}
  0x0000015f0e6f2b60: 8bc6 48ba | 0000 4c77 | 5f01 0000 

  0x0000015f0e6f2b6c: ;   {metadata('org/bytedeco/ffmpeg/avutil/AVFrame')}
  0x0000015f0e6f2b6c: 49ba 101a | 0136 5f01 | 0000 4c89 | 92d0 0c00 | 0048 8382 | d80c 0000 | 014c 8bc0 | 488b d60f 
  0x0000015f0e6f2b8c: ;   {optimized virtual_call}
  0x0000015f0e6f2b8c: 1f40 00e8 

  0x0000015f0e6f2b90: ; ImmutableOopMap {[168]=Oop [600]=Oop [184]=Oop [552]=Oop }
                      ;*invokevirtual width {reexecute=0 rethrow=0 return_oop=0}
                      ; - org.bytedeco.javacv.FFmpegFrameRecorder::recordImage@580 (line 1028)
  0x0000015f0e6f2b90: acb3 6907 | 488b 9424 | b800 0000 | 8bb2 c400 | 0000 48c1 | e603 8bba | f400 0000 | 48c1 e703 
  0x0000015f0e6f2bb0: ; implicit exception: dispatches to 0x0000015f0e6f4f11
  0x0000015f0e6f2bb0: 483b 0748 

  0x0000015f0e6f2bb4: ;   {metadata(method data for {method} {0x0000015f7732f1b0} 'recordImage' '(IIIIII[Ljava/nio/Buffer;)Z' in 'org/bytedeco/javacv/FFmpegFrameRecorder')}
  0x0000015f0e6f2bb4: 8bdf 48b8 | 0000 4c77 | 5f01 0000 

  0x0000015f0e6f2bc0: ;   {metadata('org/bytedeco/ffmpeg/avcodec/AVCodecContext')}
  0x0000015f0e6f2bc0: 49ba 1072 | 0236 5f01 | 0000 4c89 | 9008 0d00 | 0048 8380 | 100d 0000 | 0148 8bd7 | 4889 b424 
  0x0000015f0e6f2be0: 5001 0000 

  0x0000015f0e6f2be4: ;   {optimized virtual_call}
  0x0000015f0e6f2be4: 6666 90e8 

  0x0000015f0e6f2be8: ; ImmutableOopMap {[168]=Oop [600]=Oop [184]=Oop [336]=Oop [552]=Oop }
                      ;*invokevirtual height {reexecute=0 rethrow=0 return_oop=0}
                      ; - org.bytedeco.javacv.FFmpegFrameRecorder::recordImage@592 (line 1029)
  0x0000015f0e6f2be8: d4ef 8907 | 488b b424 | 5001 0000 

  0x0000015f0e6f2bf4: ; implicit exception: dispatches to 0x0000015f0e6f4f16
  0x0000015f0e6f2bf4: 483b 064c 

  0x0000015f0e6f2bf8: ;   {metadata(method data for {method} {0x0000015f7732f1b0} 'recordImage' '(IIIIII[Ljava/nio/Buffer;)Z' in 'org/bytedeco/javacv/FFmpegFrameRecorder')}
  0x0000015f0e6f2bf8: 8bc6 48ba | 0000 4c77 | 5f01 0000 

  0x0000015f0e6f2c04: ;   {metadata('org/bytedeco/ffmpeg/avutil/AVFrame')}
  0x0000015f0e6f2c04: 49ba 101a | 0136 5f01 | 0000 4c89 | 9240 0d00 | 0048 8382 | 480d 0000 | 014c 8bc0 | 488b d60f 
  0x0000015f0e6f2c24: ;   {optimized virtual_call}
  0x0000015f0e6f2c24: 1f40 00e8 

  0x0000015f0e6f2c28: ; ImmutableOopMap {[168]=Oop [600]=Oop [184]=Oop [552]=Oop }
                      ;*invokevirtual height {reexecute=0 rethrow=0 return_oop=0}
                      ; - org.bytedeco.javacv.FFmpegFrameRecorder::recordImage@595 (line 1029)
  0x0000015f0e6f2c28: 94ae 6907 | 488b 9424 | b800 0000 | 8b9a 0401 | 0000 48c1 | e303 4c8b 

  0x0000015f0e6f2c40: ;   {metadata('org/bytedeco/javacpp/PointerPointer')}
  0x0000015f0e6f2c40: ca48 ba70 | 8300 365f | 0100 0049 | 8b87 0801 | 0000 488d | 7838 493b | bf18 0100 | 000f 87b8 
  0x0000015f0e6f2c60: 2200 0049 | 89bf 0801 | 0000 48c7 | 0001 0000 | 0048 8bca | 49ba 0000 | 0035 5f01 | 0000 492b 
  0x0000015f0e6f2c80: ca89 4808 | 4833 c989 | 480c 4833 | c948 bf05 | 0000 0000 | 0000 0048 | 894c f808 | 48ff cf75 
  0x0000015f0e6f2ca0: f645 8b81 | c800 0000 | 49c1 e003 

  0x0000015f0e6f2cac: ;   {metadata(method data for {method} {0x0000015f7732f1b0} 'recordImage' '(IIIIII[Ljava/nio/Buffer;)Z' in 'org/bytedeco/javacv/FFmpegFrameRecorder')}
  0x0000015f0e6f2cac: 488b d048 | be00 004c | 775f 0100 | 0048 8386 | 680d 0000 

  0x0000015f0e6f2cc0: ;   {metadata(method data for {method} {0x0000015f76441d98} '<init>' '(Lorg/bytedeco/javacpp/Pointer;)V' in 'org/bytedeco/javacpp/PointerPointer')}
  0x0000015f0e6f2cc0: 0148 ba10 | bf46 775f | 0100 008b | b2cc 0000 | 0083 c602 | 89b2 cc00 | 0000 81e6 | feff 1f00 
  0x0000015f0e6f2ce0: 83fe 000f | 843f 2200 | 0048 8bd0 

  0x0000015f0e6f2cec: ;   {metadata(method data for {method} {0x0000015f76441d98} '<init>' '(Lorg/bytedeco/javacpp/Pointer;)V' in 'org/bytedeco/javacpp/PointerPointer')}
  0x0000015f0e6f2cec: 48be 10bf | 4677 5f01 | 0000 4883 | 8610 0100 | 0001 488b | d048 8984 | 2460 0100 | 0048 899c 
  0x0000015f0e6f2d0c: 2458 0100 | 0066 0f1f 

  0x0000015f0e6f2d14: ;   {optimized virtual_call}
  0x0000015f0e6f2d14: 4400 00e8 

  0x0000015f0e6f2d18: ; ImmutableOopMap {[168]=Oop [600]=Oop [184]=Oop [352]=Oop [344]=Oop [552]=Oop }
                      ;*invokespecial <init> {reexecute=0 rethrow=0 return_oop=0}
                      ; - org.bytedeco.javacpp.PointerPointer::<init>@2 (line 159)
                      ; - org.bytedeco.javacv.FFmpegFrameRecorder::recordImage@611 (line 1030)
  0x0000015f0e6f2d18: 0481 8607 | 488b 9424 | b800 0000 | 8bb2 c800 | 0000 48c1 | e603 483b | 0648 8bfe 

  0x0000015f0e6f2d34: ;   {metadata(method data for {method} {0x0000015f7732f1b0} 'recordImage' '(IIIIII[Ljava/nio/Buffer;)Z' in 'org/bytedeco/javacv/FFmpegFrameRecorder')}
  0x0000015f0e6f2d34: 48bb 0000 | 4c77 5f01 

  0x0000015f0e6f2d3c: ;   {metadata('org/bytedeco/ffmpeg/avutil/AVFrame')}
  0x0000015f0e6f2d3c: 0000 49ba | 101a 0136 | 5f01 0000 | 4c89 9388 | 0d00 0048 | 8383 900d | 0000 0148 | 8bd6 0f1f 
  0x0000015f0e6f2d5c: ;   {optimized virtual_call}
  0x0000015f0e6f2d5c: 4400 00e8 

  0x0000015f0e6f2d60: ; ImmutableOopMap {[168]=Oop [600]=Oop [352]=Oop [344]=Oop [184]=Oop [552]=Oop }
                      ;*invokevirtual linesize {reexecute=0 rethrow=0 return_oop=0}
                      ; - org.bytedeco.javacv.FFmpegFrameRecorder::recordImage@618 (line 1030)
  0x0000015f0e6f2d60: dce9 8907 

  0x0000015f0e6f2d64: ;   {metadata('org/bytedeco/javacpp/PointerPointer')}
  0x0000015f0e6f2d64: 48ba 7083 | 0036 5f01 | 0000 4889 | 8424 6801 | 0000 498b | 8708 0100 | 0048 8d78 | 3849 3bbf 
  0x0000015f0e6f2d84: 1801 0000 | 0f87 c021 | 0000 4989 | bf08 0100 | 0048 c700 | 0100 0000 | 488b ca49 | ba00 0000 
  0x0000015f0e6f2da4: 355f 0100 | 0049 2bca | 8948 0848 | 33c9 8948 | 0c48 33c9 | 48bf 0500 | 0000 0000 | 0000 4889 
  0x0000015f0e6f2dc4: 4cf8 0848 | ffcf 75f6 | 488b 9424 | b800 0000 | 448b 82c4 | 0000 0049 | c1e0 0348 

  0x0000015f0e6f2de0: ;   {metadata(method data for {method} {0x0000015f7732f1b0} 'recordImage' '(IIIIII[Ljava/nio/Buffer;)Z' in 'org/bytedeco/javacv/FFmpegFrameRecorder')}
  0x0000015f0e6f2de0: 8bf0 48bf | 0000 4c77 | 5f01 0000 | 4883 87b0 | 0d00 0001 

  0x0000015f0e6f2df4: ;   {metadata(method data for {method} {0x0000015f76441d98} '<init>' '(Lorg/bytedeco/javacpp/Pointer;)V' in 'org/bytedeco/javacpp/PointerPointer')}
  0x0000015f0e6f2df4: 48be 10bf | 4677 5f01 | 0000 8bbe | cc00 0000 | 83c7 0289 | becc 0000 | 0081 e7fe | ff1f 0083 
  0x0000015f0e6f2e14: ff00 0f84 | 3f21 0000 

  0x0000015f0e6f2e1c: ;   {metadata(method data for {method} {0x0000015f76441d98} '<init>' '(Lorg/bytedeco/javacpp/Pointer;)V' in 'org/bytedeco/javacpp/PointerPointer')}
  0x0000015f0e6f2e1c: 488b f048 | bf10 bf46 | 775f 0100 | 0048 8387 | 1001 0000 | 0148 8bd0 | 4889 8424 | 7001 0000 
  0x0000015f0e6f2e3c: ;   {optimized virtual_call}
  0x0000015f0e6f2e3c: 6666 90e8 

  0x0000015f0e6f2e40: ; ImmutableOopMap {[168]=Oop [600]=Oop [352]=Oop [344]=Oop [368]=Oop [360]=Oop [184]=Oop [552]=Oop }
                      ;*invokespecial <init> {reexecute=0 rethrow=0 return_oop=0}
                      ; - org.bytedeco.javacpp.PointerPointer::<init>@2 (line 159)
                      ; - org.bytedeco.javacv.FFmpegFrameRecorder::recordImage@631 (line 1030)
  0x0000015f0e6f2e40: dc7f 8607 | 488b 9424 | b800 0000 | 8bb2 c400 | 0000 48c1 | e603 483b | 0648 8bfe 

  0x0000015f0e6f2e5c: ;   {metadata(method data for {method} {0x0000015f7732f1b0} 'recordImage' '(IIIIII[Ljava/nio/Buffer;)Z' in 'org/bytedeco/javacv/FFmpegFrameRecorder')}
  0x0000015f0e6f2e5c: 48bb 0000 | 4c77 5f01 

  0x0000015f0e6f2e64: ;   {metadata('org/bytedeco/ffmpeg/avutil/AVFrame')}
  0x0000015f0e6f2e64: 0000 49ba | 101a 0136 | 5f01 0000 | 4c89 93d0 | 0d00 0048 | 8383 d80d | 0000 0148 | 8bd6 0f1f 
  0x0000015f0e6f2e84: ;   {optimized virtual_call}
  0x0000015f0e6f2e84: 4400 00e8 

  0x0000015f0e6f2e88: ; ImmutableOopMap {[168]=Oop [600]=Oop [352]=Oop [344]=Oop [368]=Oop [360]=Oop [184]=Oop [552]=Oop }
                      ;*invokevirtual linesize {reexecute=0 rethrow=0 return_oop=0}
                      ; - org.bytedeco.javacv.FFmpegFrameRecorder::recordImage@638 (line 1031)
  0x0000015f0e6f2e88: b4e8 8907 

  0x0000015f0e6f2e8c: ;   {metadata(method data for {method} {0x0000015f7732f1b0} 'recordImage' '(IIIIII[Ljava/nio/Buffer;)Z' in 'org/bytedeco/javacv/FFmpegFrameRecorder')}
  0x0000015f0e6f2e8c: 48ba 0000 | 4c77 5f01 | 0000 4883 | 82f8 0d00 | 0001 488b | 9424 5801 | 0000 4c8b | 8424 6001 
  0x0000015f0e6f2eac: 0000 4c8b | 8c24 6801 | 0000 bf00 | 0000 008b | b424 c800 | 0000 488b | 8c24 7001 | 0000 4889 
  0x0000015f0e6f2ecc: ;   {static_call}
  0x0000015f0e6f2ecc: 0424 90e8 

  0x0000015f0e6f2ed0: ; ImmutableOopMap {[168]=Oop [600]=Oop [184]=Oop [552]=Oop }
                      ;*invokestatic sws_scale {reexecute=0 rethrow=0 return_oop=0}
                      ; - org.bytedeco.javacv.FFmpegFrameRecorder::recordImage@641 (line 1030)
  0x0000015f0e6f2ed0: ec99 8a07 

  0x0000015f0e6f2ed4: ;   {metadata(method data for {method} {0x0000015f7732f1b0} 'recordImage' '(IIIIII[Ljava/nio/Buffer;)Z' in 'org/bytedeco/javacv/FFmpegFrameRecorder')}
  0x0000015f0e6f2ed4: 48ba 0000 | 4c77 5f01 | 0000 ff82 | 080e 0000 | 488b 9424 | b800 0000 | e9bb 0200 | 0048 8b94 
  0x0000015f0e6f2ef4: 24b8 0000 | 004c 8bea 

  0x0000015f0e6f2efc: ;   {metadata('org/bytedeco/javacpp/PointerPointer')}
  0x0000015f0e6f2efc: 48ba 7083 | 0036 5f01 | 0000 498b | 8708 0100 | 0048 8d78 | 3849 3bbf | 1801 0000 | 0f87 6320 
  0x0000015f0e6f2f1c: 0000 4989 | bf08 0100 | 0048 c700 | 0100 0000 | 488b ca49 | ba00 0000 | 355f 0100 | 0049 2bca 
  0x0000015f0e6f2f3c: 8948 0848 | 33c9 8948 | 0c48 33c9 | 48bf 0500 | 0000 0000 | 0000 4889 | 4cf8 0848 | ffcf 75f6 
  0x0000015f0e6f2f5c: 418b 95c4 | 0000 0048 | c1e2 0348 

  0x0000015f0e6f2f68: ;   {metadata(method data for {method} {0x0000015f7732f1b0} 'recordImage' '(IIIIII[Ljava/nio/Buffer;)Z' in 'org/bytedeco/javacv/FFmpegFrameRecorder')}
  0x0000015f0e6f2f68: 8bf0 48bf | 0000 4c77 | 5f01 0000 | 4883 8720 | 0e00 0001 

  0x0000015f0e6f2f7c: ;   {metadata(method data for {method} {0x0000015f76441d98} '<init>' '(Lorg/bytedeco/javacpp/Pointer;)V' in 'org/bytedeco/javacpp/PointerPointer')}
  0x0000015f0e6f2f7c: 48be 10bf | 4677 5f01 | 0000 8bbe | cc00 0000 | 83c7 0289 | becc 0000 | 0081 e7fe | ff1f 0083 
  0x0000015f0e6f2f9c: ff00 0f84 | ea1f 0000 

  0x0000015f0e6f2fa4: ;   {metadata(method data for {method} {0x0000015f76441d98} '<init>' '(Lorg/bytedeco/javacpp/Pointer;)V' in 'org/bytedeco/javacpp/PointerPointer')}
  0x0000015f0e6f2fa4: 488b f048 | bf10 bf46 | 775f 0100 | 0048 8387 | 1001 0000 | 014c 8bc2 | 488b d048 | 8984 2478 
  0x0000015f0e6f2fc4: ;   {optimized virtual_call}
  0x0000015f0e6f2fc4: 0100 00e8 

  0x0000015f0e6f2fc8: ; ImmutableOopMap {[168]=Oop [600]=Oop [184]=Oop [376]=Oop [248]=Oop [552]=Oop }
                      ;*invokespecial <init> {reexecute=0 rethrow=0 return_oop=0}
                      ; - org.bytedeco.javacpp.PointerPointer::<init>@2 (line 159)
                      ; - org.bytedeco.javacv.FFmpegFrameRecorder::recordImage@656 (line 1033)
  0x0000015f0e6f2fc8: b49d f606 | 488b 9424 | b800 0000 | 8bb2 c400 | 0000 48c1 | e603 483b | 0648 8bfe 

  0x0000015f0e6f2fe4: ;   {metadata(method data for {method} {0x0000015f7732f1b0} 'recordImage' '(IIIIII[Ljava/nio/Buffer;)Z' in 'org/bytedeco/javacv/FFmpegFrameRecorder')}
  0x0000015f0e6f2fe4: 48bb 0000 | 4c77 5f01 

  0x0000015f0e6f2fec: ;   {metadata('org/bytedeco/ffmpeg/avutil/AVFrame')}
  0x0000015f0e6f2fec: 0000 49ba | 101a 0136 | 5f01 0000 | 4c89 9340 | 0e00 0048 | 8383 480e | 0000 0148 | 8bd6 0f1f 
  0x0000015f0e6f300c: ;   {optimized virtual_call}
  0x0000015f0e6f300c: 4400 00e8 

  0x0000015f0e6f3010: ; ImmutableOopMap {[168]=Oop [600]=Oop [376]=Oop [248]=Oop [184]=Oop [552]=Oop }
                      ;*invokevirtual linesize {reexecute=0 rethrow=0 return_oop=0}
                      ; - org.bytedeco.javacv.FFmpegFrameRecorder::recordImage@663 (line 1033)
  0x0000015f0e6f3010: 6c9d f606 

  0x0000015f0e6f3014: ;   {metadata(method data for {method} {0x0000015f7732f1b0} 'recordImage' '(IIIIII[Ljava/nio/Buffer;)Z' in 'org/bytedeco/javacv/FFmpegFrameRecorder')}
  0x0000015f0e6f3014: 48ba 0000 | 4c77 5f01 | 0000 4883 | 8268 0e00 | 0001 488b | 9424 7801 | 0000 4c8b | c04c 8b8c 
  0x0000015f0e6f3034: 24f8 0000 | 008b bc24 | 0001 0000 | 8bb4 24c4 | 0000 008b | 8c24 c800 | 0000 c704 | 2401 0000 
  0x0000015f0e6f3054: ;   {static_call}
  0x0000015f0e6f3054: 0066 90e8 

  0x0000015f0e6f3058: ; ImmutableOopMap {[168]=Oop [600]=Oop [184]=Oop [552]=Oop }
                      ;*invokestatic av_image_fill_arrays {reexecute=0 rethrow=0 return_oop=0}
                      ; - org.bytedeco.javacv.FFmpegFrameRecorder::recordImage@673 (line 1033)
  0x0000015f0e6f3058: 24a3 f606 | 488b 9424 | b800 0000 | 8bb2 c400 | 0000 48c1 | e603 483b | 064c 8bc6 

  0x0000015f0e6f3074: ;   {metadata(method data for {method} {0x0000015f7732f1b0} 'recordImage' '(IIIIII[Ljava/nio/Buffer;)Z' in 'org/bytedeco/javacv/FFmpegFrameRecorder')}
  0x0000015f0e6f3074: 49b9 0000 | 4c77 5f01 

  0x0000015f0e6f307c: ;   {metadata('org/bytedeco/ffmpeg/avutil/AVFrame')}
  0x0000015f0e6f307c: 0000 49ba | 101a 0136 | 5f01 0000 | 4d89 9188 | 0e00 0049 | 8381 900e | 0000 0141 | b800 0000 
  0x0000015f0e6f309c: 0044 8b8c | 2404 0100 | 0048 8bd6 | 0f1f 8000 

  0x0000015f0e6f30ac: ;   {optimized virtual_call}
  0x0000015f0e6f30ac: 0000 00e8 

  0x0000015f0e6f30b0: ; ImmutableOopMap {[168]=Oop [600]=Oop [184]=Oop [552]=Oop }
                      ;*invokevirtual linesize {reexecute=0 rethrow=0 return_oop=0}
                      ; - org.bytedeco.javacv.FFmpegFrameRecorder::recordImage@684 (line 1034)
  0x0000015f0e6f30b0: cc9c f606 | 488b 9424 | b800 0000 | 8bb2 c400 | 0000 48c1 | e603 483b | 064c 8bc6 

  0x0000015f0e6f30cc: ;   {metadata(method data for {method} {0x0000015f7732f1b0} 'recordImage' '(IIIIII[Ljava/nio/Buffer;)Z' in 'org/bytedeco/javacv/FFmpegFrameRecorder')}
  0x0000015f0e6f30cc: 48bf 0000 | 4c77 5f01 

  0x0000015f0e6f30d4: ;   {metadata('org/bytedeco/ffmpeg/avutil/AVFrame')}
  0x0000015f0e6f30d4: 0000 49ba | 101a 0136 | 5f01 0000 | 4c89 97c0 | 0e00 0048 | 8387 c80e | 0000 0144 | 8b84 2400 
  0x0000015f0e6f30f4: 0100 0048 | 8bd6 0f1f 

  0x0000015f0e6f30fc: ;   {optimized virtual_call}
  0x0000015f0e6f30fc: 4400 00e8 

  0x0000015f0e6f3100: ; ImmutableOopMap {[168]=Oop [600]=Oop [184]=Oop [552]=Oop }
                      ;*invokevirtual format {reexecute=0 rethrow=0 return_oop=0}
                      ; - org.bytedeco.javacv.FFmpegFrameRecorder::recordImage@694 (line 1035)
  0x0000015f0e6f3100: 7c9c f606 | 488b 9424 | b800 0000 | 8bb2 c400 | 0000 48c1 | e603 483b | 064c 8bc6 

  0x0000015f0e6f311c: ;   {metadata(method data for {method} {0x0000015f7732f1b0} 'recordImage' '(IIIIII[Ljava/nio/Buffer;)Z' in 'org/bytedeco/javacv/FFmpegFrameRecorder')}
  0x0000015f0e6f311c: 48bf 0000 | 4c77 5f01 

  0x0000015f0e6f3124: ;   {metadata('org/bytedeco/ffmpeg/avutil/AVFrame')}
  0x0000015f0e6f3124: 0000 49ba | 101a 0136 | 5f01 0000 | 4c89 97f8 | 0e00 0048 | 8387 000f | 0000 0144 | 8b84 24c4 
  0x0000015f0e6f3144: 0000 0048 | 8bd6 0f1f 

  0x0000015f0e6f314c: ;   {optimized virtual_call}
  0x0000015f0e6f314c: 4400 00e8 

  0x0000015f0e6f3150: ; ImmutableOopMap {[168]=Oop [600]=Oop [184]=Oop [552]=Oop }
                      ;*invokevirtual width {reexecute=0 rethrow=0 return_oop=0}
                      ; - org.bytedeco.javacv.FFmpegFrameRecorder::recordImage@703 (line 1036)
  0x0000015f0e6f3150: 2c9c f606 | 488b 9424 | b800 0000 | 8bb2 c400 | 0000 48c1 | e603 483b | 064c 8bc6 

  0x0000015f0e6f316c: ;   {metadata(method data for {method} {0x0000015f7732f1b0} 'recordImage' '(IIIIII[Ljava/nio/Buffer;)Z' in 'org/bytedeco/javacv/FFmpegFrameRecorder')}
  0x0000015f0e6f316c: 48bf 0000 | 4c77 5f01 

  0x0000015f0e6f3174: ;   {metadata('org/bytedeco/ffmpeg/avutil/AVFrame')}
  0x0000015f0e6f3174: 0000 49ba | 101a 0136 | 5f01 0000 | 4c89 9730 | 0f00 0048 | 8387 380f | 0000 0144 | 8b84 24c8 
  0x0000015f0e6f3194: 0000 0048 | 8bd6 0f1f 

  0x0000015f0e6f319c: ;   {optimized virtual_call}
  0x0000015f0e6f319c: 4400 00e8 

  0x0000015f0e6f31a0: ; ImmutableOopMap {[168]=Oop [600]=Oop [184]=Oop [552]=Oop }
                      ;*invokevirtual height {reexecute=0 rethrow=0 return_oop=0}
                      ; - org.bytedeco.javacv.FFmpegFrameRecorder::recordImage@712 (line 1037)
  0x0000015f0e6f31a0: dc9b f606 | 488b 9424 | b800 0000 | 8bb2 c400 | 0000 48c1 | e603 8bba | f400 0000 | 48c1 e703 
  0x0000015f0e6f31c0: ; implicit exception: dispatches to 0x0000015f0e6f4fc8
  0x0000015f0e6f31c0: 483b 0748 

  0x0000015f0e6f31c4: ;   {metadata(method data for {method} {0x0000015f7732f1b0} 'recordImage' '(IIIIII[Ljava/nio/Buffer;)Z' in 'org/bytedeco/javacv/FFmpegFrameRecorder')}
  0x0000015f0e6f31c4: 8bc7 48b9 | 0000 4c77 | 5f01 0000 

  0x0000015f0e6f31d0: ;   {metadata('org/bytedeco/ffmpeg/avcodec/AVCodecContext')}
  0x0000015f0e6f31d0: 49ba 1072 | 0236 5f01 | 0000 4c89 | 9168 0f00 | 0048 8381 | 700f 0000 | 0148 8bd7 | 4889 b424 
  0x0000015f0e6f31f0: 8001 0000 

  0x0000015f0e6f31f4: ;   {optimized virtual_call}
  0x0000015f0e6f31f4: 6666 90e8 

  0x0000015f0e6f31f8: ; ImmutableOopMap {[168]=Oop [600]=Oop [384]=Oop [184]=Oop [552]=Oop }
                      ;*invokevirtual global_quality {reexecute=0 rethrow=0 return_oop=0}
                      ; - org.bytedeco.javacv.FFmpegFrameRecorder::recordImage@724 (line 1053)
  0x0000015f0e6f31f8: 44a3 6807 | 488b b424 | 8001 0000 

  0x0000015f0e6f3204: ; implicit exception: dispatches to 0x0000015f0e6f4fcd
  0x0000015f0e6f3204: 483b 064c 

  0x0000015f0e6f3208: ;   {metadata(method data for {method} {0x0000015f7732f1b0} 'recordImage' '(IIIIII[Ljava/nio/Buffer;)Z' in 'org/bytedeco/javacv/FFmpegFrameRecorder')}
  0x0000015f0e6f3208: 8bc6 48ba | 0000 4c77 | 5f01 0000 

  0x0000015f0e6f3214: ;   {metadata('org/bytedeco/ffmpeg/avutil/AVFrame')}
  0x0000015f0e6f3214: 49ba 101a | 0136 5f01 | 0000 4c89 | 92a0 0f00 | 0048 8382 | a80f 0000 | 014c 8bc0 | 488b d60f 
  0x0000015f0e6f3234: ;   {optimized virtual_call}
  0x0000015f0e6f3234: 1f40 00e8 

  0x0000015f0e6f3238: ; ImmutableOopMap {[168]=Oop [600]=Oop [184]=Oop [552]=Oop }
                      ;*invokevirtual quality {reexecute=0 rethrow=0 return_oop=0}
                      ; - org.bytedeco.javacv.FFmpegFrameRecorder::recordImage@727 (line 1053)
  0x0000015f0e6f3238: 849e 6807 | 488b 9424 | b800 0000 | 448b 82f4 | 0000 0049 | c1e0 0348 | 8b9c 2458 | 0200 0048 
  0x0000015f0e6f3258: ;   {metadata(method data for {method} {0x0000015f7732f1b0} 'recordImage' '(IIIIII[Ljava/nio/Buffer;)Z' in 'org/bytedeco/javacv/FFmpegFrameRecorder')}
  0x0000015f0e6f3258: 83fb 0048 | be00 004c | 775f 0100 | 0048 bfc8 | 0f00 0000 | 0000 000f | 840a 0000 | 0048 bfd8 
  0x0000015f0e6f3278: 0f00 0000 | 0000 0048 | 8b04 3e48 | 8d40 0148 | 8904 3e0f | 843c 0000 | 008b 730c 

  0x0000015f0e6f3294: ;   {metadata(method data for {method} {0x0000015f7732f1b0} 'recordImage' '(IIIIII[Ljava/nio/Buffer;)Z' in 'org/bytedeco/javacv/FFmpegFrameRecorder')}
  0x0000015f0e6f3294: 83fe 0048 | be00 004c | 775f 0100 | 0048 bfe8 | 0f00 0000 | 0000 000f | 850a 0000 | 0048 bff8 
  0x0000015f0e6f32b4: 0f00 0000 | 0000 0048 | 8b04 3e48 | 8d40 0148 | 8904 3e0f | 851f 0000 

  0x0000015f0e6f32cc: ;   {metadata(method data for {method} {0x0000015f7732f1b0} 'recordImage' '(IIIIII[Ljava/nio/Buffer;)Z' in 'org/bytedeco/javacv/FFmpegFrameRecorder')}
  0x0000015f0e6f32cc: 0048 be00 | 004c 775f | 0100 00ff | 8608 1000 

  0x0000015f0e6f32dc: ;   {oop(NULL)}
  0x0000015f0e6f32dc: 0048 be00 | 0000 0000 | 0000 00e9 | 0a00 0000 | 8bb2 c400 | 0000 48c1 

  0x0000015f0e6f32f4: ;   {metadata(method data for {method} {0x0000015f7732f1b0} 'recordImage' '(IIIIII[Ljava/nio/Buffer;)Z' in 'org/bytedeco/javacv/FFmpegFrameRecorder')}
  0x0000015f0e6f32f4: e603 48bf | 0000 4c77 | 5f01 0000 | 4883 8720 | 1000 0001 | 498b d04c 

  0x0000015f0e6f330c: ;   {static_call}
  0x0000015f0e6f330c: 8bc6 90e8 

  0x0000015f0e6f3310: ; ImmutableOopMap {[168]=Oop [184]=Oop [600]=Oop [552]=Oop }
                      ;*invokestatic avcodec_send_frame {reexecute=0 rethrow=0 return_oop=0}
                      ; - org.bytedeco.javacv.FFmpegFrameRecorder::recordImage@754 (line 1054)
  0x0000015f0e6f3310: 2c29 7a07 | 8984 2490 | 0100 0083 

  0x0000015f0e6f331c: ;   {metadata(method data for {method} {0x0000015f7732f1b0} 'recordImage' '(IIIIII[Ljava/nio/Buffer;)Z' in 'org/bytedeco/javacv/FFmpegFrameRecorder')}
  0x0000015f0e6f331c: f800 48ba | 0000 4c77 | 5f01 0000 | 48be 3010 | 0000 0000 | 0000 0f8d | 0a00 0000 | 48be 4010 
  0x0000015f0e6f333c: 0000 0000 | 0000 488b | 3c32 488d | 7f01 4889 | 3c32 0f8d | 7e00 0000 | 488b 9c24 | 5802 0000 
  0x0000015f0e6f335c: 4883 fb00 

  0x0000015f0e6f3360: ;   {metadata(method data for {method} {0x0000015f7732f1b0} 'recordImage' '(IIIIII[Ljava/nio/Buffer;)Z' in 'org/bytedeco/javacv/FFmpegFrameRecorder')}
  0x0000015f0e6f3360: 48ba 0000 | 4c77 5f01 | 0000 48be | 5010 0000 | 0000 0000 | 0f84 0a00 | 0000 48be | 6010 0000 
  0x0000015f0e6f3380: 0000 0000 | 488b 3c32 | 488d 7f01 | 4889 3c32 | 0f84 3c00 | 0000 8b53 | 0c83 fa00 

  0x0000015f0e6f339c: ;   {metadata(method data for {method} {0x0000015f7732f1b0} 'recordImage' '(IIIIII[Ljava/nio/Buffer;)Z' in 'org/bytedeco/javacv/FFmpegFrameRecorder')}
  0x0000015f0e6f339c: 48ba 0000 | 4c77 5f01 | 0000 48be | 8010 0000 | 0000 0000 | 0f85 0a00 | 0000 48be | 7010 0000 
  0x0000015f0e6f33bc: 0000 0000 | 488b 3c32 | 488d 7f01 | 4889 3c32 | 0f85 c70d | 0000 488b | 9424 b800 | 0000 8bb2 
  0x0000015f0e6f33dc: c400 0000 | 48c1 e603 

  0x0000015f0e6f33e4: ; implicit exception: dispatches to 0x0000015f0e6f4fdc
  0x0000015f0e6f33e4: 483b 0648 

  0x0000015f0e6f33e8: ;   {metadata(method data for {method} {0x0000015f7732f1b0} 'recordImage' '(IIIIII[Ljava/nio/Buffer;)Z' in 'org/bytedeco/javacv/FFmpegFrameRecorder')}
  0x0000015f0e6f33e8: 8bfe 48b9 | 0000 4c77 | 5f01 0000 

  0x0000015f0e6f33f4: ;   {metadata('org/bytedeco/ffmpeg/avutil/AVFrame')}
  0x0000015f0e6f33f4: 49ba 101a | 0136 5f01 | 0000 4c89 | 91a0 1100 | 0048 8381 | a811 0000 | 0148 8bd6 | 4889 b424 
  0x0000015f0e6f3414: 8801 0000 | 0f1f 8000 

  0x0000015f0e6f341c: ;   {optimized virtual_call}
  0x0000015f0e6f341c: 0000 00e8 

  0x0000015f0e6f3420: ; ImmutableOopMap {[168]=Oop [600]=Oop [392]=Oop [184]=Oop [552]=Oop }
                      ;*invokevirtual pts {reexecute=0 rethrow=0 return_oop=0}
                      ; - org.bytedeco.javacv.FFmpegFrameRecorder::recordImage@817 (line 1058)
  0x0000015f0e6f3420: 1c24 7a07 | 488b b424 | 8801 0000 

  0x0000015f0e6f342c: ;   {metadata(method data for {method} {0x0000015f7732f1b0} 'recordImage' '(IIIIII[Ljava/nio/Buffer;)Z' in 'org/bytedeco/javacv/FFmpegFrameRecorder')}
  0x0000015f0e6f342c: 49b8 0000 | 4c77 5f01 

  0x0000015f0e6f3434: ;   {metadata('org/bytedeco/ffmpeg/avutil/AVFrame')}
  0x0000015f0e6f3434: 0000 49ba | 101a 0136 | 5f01 0000 | 4d89 90d8 | 1100 0049 | 8380 e011 | 0000 0149 | ba01 0000 
  0x0000015f0e6f3454: 0000 0000 | 0049 03c2 | 4c8b c048 | 8b94 2488 

  0x0000015f0e6f3464: ;   {optimized virtual_call}
  0x0000015f0e6f3464: 0100 00e8 

  0x0000015f0e6f3468: ; ImmutableOopMap {[168]=Oop [600]=Oop [184]=Oop [552]=Oop }
                      ;*invokevirtual pts {reexecute=0 rethrow=0 return_oop=0}
                      ; - org.bytedeco.javacv.FFmpegFrameRecorder::recordImage@822 (line 1058)
  0x0000015f0e6f3468: 540d 6b07 | 488b 9424 | b800 0000 | 448b 821c | 0100 0049 | c1e0 0341 | 8178 0c00 | 0000 000f 
  0x0000015f0e6f3488: 865e 1b00 | 0041 c740 | 1000 0000 | 008b 8424 | 9001 0000 | 0f1f 4000 

  0x0000015f0e6f34a0: ;   {metadata(method data for {method} {0x0000015f7732f1b0} 'recordImage' '(IIIIII[Ljava/nio/Buffer;)Z' in 'org/bytedeco/javacv/FFmpegFrameRecorder')}
  0x0000015f0e6f34a0: 83f8 0049 | b800 004c | 775f 0100 | 0048 be00 | 1200 0000 | 0000 000f | 8c0a 0000 | 0048 be10 
  0x0000015f0e6f34c0: 1200 0000 | 0000 0049 | 8b3c 3048 | 8d7f 0149 | 893c 300f | 8cc3 0600 | 0044 8b82 | 1401 0000 
  0x0000015f0e6f34e0: 49c1 e003 | 8bb2 a000 

  0x0000015f0e6f34e8: ;   {metadata(method data for {method} {0x0000015f7732f1b0} 'recordImage' '(IIIIII[Ljava/nio/Buffer;)Z' in 'org/bytedeco/javacv/FFmpegFrameRecorder')}
  0x0000015f0e6f34e8: 0000 48bf | 0000 4c77 | 5f01 0000 | 4883 8720 | 1200 0001 | 498b d04c | 8bc6 0f1f 

  0x0000015f0e6f3504: ;   {static_call}
  0x0000015f0e6f3504: 4400 00e8 

  0x0000015f0e6f3508: ; ImmutableOopMap {[168]=Oop [600]=Oop [184]=Oop [552]=Oop }
                      ;*invokestatic av_new_packet {reexecute=0 rethrow=0 return_oop=0}
                      ; - org.bytedeco.javacv.FFmpegFrameRecorder::recordImage@846 (line 1063)
  0x0000015f0e6f3508: 3412 6907 | 488b 9424 | b800 0000 | 448b 82f4 | 0000 0049 | c1e0 038b | b214 0100 | 0048 c1e6 
  0x0000015f0e6f3528: ;   {metadata(method data for {method} {0x0000015f7732f1b0} 'recordImage' '(IIIIII[Ljava/nio/Buffer;)Z' in 'org/bytedeco/javacv/FFmpegFrameRecorder')}
  0x0000015f0e6f3528: 0348 bf00 | 004c 775f | 0100 0048 | 8387 3012 | 0000 0149 | 8bd0 4c8b | c666 0f1f 

  0x0000015f0e6f3544: ;   {static_call}
  0x0000015f0e6f3544: 4400 00e8 

  0x0000015f0e6f3548: ; ImmutableOopMap {[168]=Oop [600]=Oop [184]=Oop [552]=Oop }
                      ;*invokestatic avcodec_receive_packet {reexecute=0 rethrow=0 return_oop=0}
                      ; - org.bytedeco.javacv.FFmpegFrameRecorder::recordImage@858 (line 1064)
  0x0000015f0e6f3548: f4ea 7a07 | 8984 2494 

  0x0000015f0e6f3550: ;   {metadata(method data for {method} {0x0000015f7732f1b0} 'recordImage' '(IIIIII[Ljava/nio/Buffer;)Z' in 'org/bytedeco/javacv/FFmpegFrameRecorder')}
  0x0000015f0e6f3550: 0100 0048 | be00 004c | 775f 0100 | 0048 8386 | 4012 0000 

  0x0000015f0e6f3564: ;   {static_call}
  0x0000015f0e6f3564: 0166 90e8 

  0x0000015f0e6f3568: ; ImmutableOopMap {[168]=Oop [600]=Oop [184]=Oop [552]=Oop }
                      ;*invokestatic AVERROR_EAGAIN {reexecute=0 rethrow=0 return_oop=0}
                      ; - org.bytedeco.javacv.FFmpegFrameRecorder::recordImage@865 (line 1065)
  0x0000015f0e6f3568: 54fd 8807 | 8bb4 2494 | 0100 003b 

  0x0000015f0e6f3574: ;   {metadata(method data for {method} {0x0000015f7732f1b0} 'recordImage' '(IIIIII[Ljava/nio/Buffer;)Z' in 'org/bytedeco/javacv/FFmpegFrameRecorder')}
  0x0000015f0e6f3574: f048 bf00 | 004c 775f | 0100 0048 | bb50 1200 | 0000 0000 | 000f 840a | 0000 0048 | bb60 1200 
  0x0000015f0e6f3594: 0000 0000 | 0048 8b04 | 1f48 8d40 | 0148 8904 | 1f0f 84af 

  0x0000015f0e6f35a8: ;   {metadata(method data for {method} {0x0000015f7732f1b0} 'recordImage' '(IIIIII[Ljava/nio/Buffer;)Z' in 'org/bytedeco/javacv/FFmpegFrameRecorder')}
  0x0000015f0e6f35a8: 0500 0048 | be00 004c | 775f 0100 | 0048 8386 | 7012 0000 

  0x0000015f0e6f35bc: ;   {static_call}
  0x0000015f0e6f35bc: 0166 90e8 

  0x0000015f0e6f35c0: ; ImmutableOopMap {[168]=Oop [600]=Oop [184]=Oop [552]=Oop }
                      ;*invokestatic AVERROR_EOF {reexecute=0 rethrow=0 return_oop=0}
                      ; - org.bytedeco.javacv.FFmpegFrameRecorder::recordImage@873 (line 1065)
  0x0000015f0e6f35c0: 7c3e 8907 | 8bb4 2494 | 0100 003b 

  0x0000015f0e6f35cc: ;   {metadata(method data for {method} {0x0000015f7732f1b0} 'recordImage' '(IIIIII[Ljava/nio/Buffer;)Z' in 'org/bytedeco/javacv/FFmpegFrameRecorder')}
  0x0000015f0e6f35cc: f048 ba00 | 004c 775f | 0100 0048 | bf90 1200 | 0000 0000 | 000f 840a | 0000 0048 | bf80 1200 
  0x0000015f0e6f35ec: 0000 0000 | 0048 8b1c | 3a48 8d5b | 0148 891c | 3a0f 8457 | 0500 0083 

  0x0000015f0e6f3604: ;   {metadata(method data for {method} {0x0000015f7732f1b0} 'recordImage' '(IIIIII[Ljava/nio/Buffer;)Z' in 'org/bytedeco/javacv/FFmpegFrameRecorder')}
  0x0000015f0e6f3604: fe00 48ba | 0000 4c77 | 5f01 0000 | 48bf d812 | 0000 0000 | 0000 0f8c | 0a00 0000 | 48bf c812 
  0x0000015f0e6f3624: 0000 0000 | 0000 488b | 1c3a 488d | 5b01 4889 | 1c3a 488b | 9424 b800 | 0000 0f8c | ee06 0000 
  0x0000015f0e6f3644: 8bb2 1c01 | 0000 48c1 | e603 817e | 0c00 0000 | 000f 86ac | 1900 00c7 | 4610 0100 | 0000 8bb2 
  0x0000015f0e6f3664: 1401 0000 | 48c1 e603 

  0x0000015f0e6f366c: ; implicit exception: dispatches to 0x0000015f0e6f5019
  0x0000015f0e6f366c: 483b 0648 

  0x0000015f0e6f3670: ;   {metadata(method data for {method} {0x0000015f7732f1b0} 'recordImage' '(IIIIII[Ljava/nio/Buffer;)Z' in 'org/bytedeco/javacv/FFmpegFrameRecorder')}
  0x0000015f0e6f3670: 8bfe 48bb | 0000 4c77 | 5f01 0000 

  0x0000015f0e6f367c: ;   {metadata('org/bytedeco/ffmpeg/avcodec/AVPacket')}
  0x0000015f0e6f367c: 49ba 505f | 0236 5f01 | 0000 4c89 | 9308 1400 | 0048 8383 | 1014 0000 | 0148 8bd6 | 0f1f 8000 
  0x0000015f0e6f369c: ;   {optimized virtual_call}
  0x0000015f0e6f369c: 0000 00e8 

  0x0000015f0e6f36a0: ; ImmutableOopMap {[168]=Oop [600]=Oop [184]=Oop [552]=Oop }
                      ;*invokevirtual pts {reexecute=0 rethrow=0 return_oop=0}
                      ; - org.bytedeco.javacv.FFmpegFrameRecorder::recordImage@947 (line 1074)
  0x0000015f0e6f36a0: 9c09 7a07 | 48ba 0000 | 0000 0000 | 0080 483b 

  0x0000015f0e6f36b0: ;   {metadata(method data for {method} {0x0000015f7732f1b0} 'recordImage' '(IIIIII[Ljava/nio/Buffer;)Z' in 'org/bytedeco/javacv/FFmpegFrameRecorder')}
  0x0000015f0e6f36b0: c248 ba00 | 004c 775f | 0100 0048 | be30 1400 | 0000 0000 | 000f 840a | 0000 0048 | be40 1400 
  0x0000015f0e6f36d0: 0000 0000 | 0048 8b3c | 3248 8d7f | 0148 893c | 320f 845d | 0100 0048 | 8b94 24b8 | 0000 008b 
  0x0000015f0e6f36f0: b214 0100 | 0048 c1e6 | 0348 3b06 

  0x0000015f0e6f36fc: ;   {metadata(method data for {method} {0x0000015f7732f1b0} 'recordImage' '(IIIIII[Ljava/nio/Buffer;)Z' in 'org/bytedeco/javacv/FFmpegFrameRecorder')}
  0x0000015f0e6f36fc: 488b fe48 | bb00 004c | 775f 0100 

  0x0000015f0e6f3708: ;   {metadata('org/bytedeco/ffmpeg/avcodec/AVPacket')}
  0x0000015f0e6f3708: 0049 ba50 | 5f02 365f | 0100 004c | 8993 6014 | 0000 4883 | 8368 1400 | 0001 488b | d648 89b4 
  0x0000015f0e6f3728: 2498 0100 

  0x0000015f0e6f372c: ;   {optimized virtual_call}
  0x0000015f0e6f372c: 0066 90e8 

  0x0000015f0e6f3730: ; ImmutableOopMap {[168]=Oop [600]=Oop [184]=Oop [408]=Oop [552]=Oop }
                      ;*invokevirtual pts {reexecute=0 rethrow=0 return_oop=0}
                      ; - org.bytedeco.javacv.FFmpegFrameRecorder::recordImage@965 (line 1075)
  0x0000015f0e6f3730: 0c09 7a07 | 488b 9424 | b800 0000 | 8bb2 f400 | 0000 48c1 | e603 483b | 0648 8bfe 

  0x0000015f0e6f374c: ;   {metadata(method data for {method} {0x0000015f7732f1b0} 'recordImage' '(IIIIII[Ljava/nio/Buffer;)Z' in 'org/bytedeco/javacv/FFmpegFrameRecorder')}
  0x0000015f0e6f374c: 48bb 0000 | 4c77 5f01 

  0x0000015f0e6f3754: ;   {metadata('org/bytedeco/ffmpeg/avcodec/AVCodecContext')}
  0x0000015f0e6f3754: 0000 49ba | 1072 0236 | 5f01 0000 | 4c89 9398 | 1400 0048 | 8383 a014 | 0000 0148 | 8bd6 4889 
  0x0000015f0e6f3774: 8424 a001 | 0000 0f1f 

  0x0000015f0e6f377c: ;   {optimized virtual_call}
  0x0000015f0e6f377c: 4400 00e8 

  0x0000015f0e6f3780: ; ImmutableOopMap {[168]=Oop [600]=Oop [408]=Oop [184]=Oop [552]=Oop }
                      ;*invokevirtual time_base {reexecute=0 rethrow=0 return_oop=0}
                      ; - org.bytedeco.javacv.FFmpegFrameRecorder::recordImage@972 (line 1075)
  0x0000015f0e6f3780: 3c04 7a07 | 488b 9424 | b800 0000 | 8bb2 fc00 | 0000 48c1 | e603 483b | 0648 8bfe 

  0x0000015f0e6f379c: ;   {metadata(method data for {method} {0x0000015f7732f1b0} 'recordImage' '(IIIIII[Ljava/nio/Buffer;)Z' in 'org/bytedeco/javacv/FFmpegFrameRecorder')}
  0x0000015f0e6f379c: 48bb 0000 | 4c77 5f01 

  0x0000015f0e6f37a4: ;   {metadata('org/bytedeco/ffmpeg/avformat/AVStream')}
  0x0000015f0e6f37a4: 0000 49ba | 201b 0336 | 5f01 0000 | 4c89 93d0 | 1400 0048 | 8383 d814 | 0000 0148 | 8bd6 4889 
  0x0000015f0e6f37c4: 8424 a801 | 0000 0f1f 

  0x0000015f0e6f37cc: ;   {optimized virtual_call}
  0x0000015f0e6f37cc: 4400 00e8 

  0x0000015f0e6f37d0: ; ImmutableOopMap {[168]=Oop [600]=Oop [408]=Oop [424]=Oop [184]=Oop [552]=Oop }
                      ;*invokevirtual time_base {reexecute=0 rethrow=0 return_oop=0}
                      ; - org.bytedeco.javacv.FFmpegFrameRecorder::recordImage@979 (line 1075)
  0x0000015f0e6f37d0: ec03 8a07 

  0x0000015f0e6f37d4: ;   {metadata(method data for {method} {0x0000015f7732f1b0} 'recordImage' '(IIIIII[Ljava/nio/Buffer;)Z' in 'org/bytedeco/javacv/FFmpegFrameRecorder')}
  0x0000015f0e6f37d4: 48ba 0000 | 4c77 5f01 | 0000 4883 | 82f8 1400 | 0001 488b | 9424 a001 | 0000 4c8b | 8424 a801 
  0x0000015f0e6f37f4: 0000 4c8b | c866 0f1f 

  0x0000015f0e6f37fc: ;   {static_call}
  0x0000015f0e6f37fc: 4400 00e8 

  0x0000015f0e6f3800: ; ImmutableOopMap {[168]=Oop [600]=Oop [408]=Oop [184]=Oop [552]=Oop }
                      ;*invokestatic av_rescale_q {reexecute=0 rethrow=0 return_oop=0}
                      ; - org.bytedeco.javacv.FFmpegFrameRecorder::recordImage@982 (line 1075)
  0x0000015f0e6f3800: 3c13 6907 | 488b b424 | 9801 0000 

  0x0000015f0e6f380c: ;   {metadata(method data for {method} {0x0000015f7732f1b0} 'recordImage' '(IIIIII[Ljava/nio/Buffer;)Z' in 'org/bytedeco/javacv/FFmpegFrameRecorder')}
  0x0000015f0e6f380c: 49b8 0000 | 4c77 5f01 

  0x0000015f0e6f3814: ;   {metadata('org/bytedeco/ffmpeg/avcodec/AVPacket')}
  0x0000015f0e6f3814: 0000 49ba | 505f 0236 | 5f01 0000 | 4d89 9018 | 1500 0049 | 8380 2015 | 0000 014c | 8bc0 488b 
  0x0000015f0e6f3834: 9424 9801 | 0000 0f1f 

  0x0000015f0e6f383c: ;   {optimized virtual_call}
  0x0000015f0e6f383c: 4400 00e8 

  0x0000015f0e6f3840: ; ImmutableOopMap {[168]=Oop [600]=Oop [184]=Oop [552]=Oop }
                      ;*invokevirtual pts {reexecute=0 rethrow=0 return_oop=0}
                      ; - org.bytedeco.javacv.FFmpegFrameRecorder::recordImage@985 (line 1075)
  0x0000015f0e6f3840: 7c1b 7a07 | 488b 9424 | b800 0000 | 8bb2 1401 | 0000 48c1 | e603 483b | 0648 8bfe 

  0x0000015f0e6f385c: ;   {metadata(method data for {method} {0x0000015f7732f1b0} 'recordImage' '(IIIIII[Ljava/nio/Buffer;)Z' in 'org/bytedeco/javacv/FFmpegFrameRecorder')}
  0x0000015f0e6f385c: 48bb 0000 | 4c77 5f01 

  0x0000015f0e6f3864: ;   {metadata('org/bytedeco/ffmpeg/avcodec/AVPacket')}
  0x0000015f0e6f3864: 0000 49ba | 505f 0236 | 5f01 0000 | 4c89 9350 | 1500 0048 | 8383 5815 | 0000 0148 | 8bd6 0f1f 
  0x0000015f0e6f3884: ;   {optimized virtual_call}
  0x0000015f0e6f3884: 4400 00e8 

  0x0000015f0e6f3888: ; ImmutableOopMap {[168]=Oop [600]=Oop [184]=Oop [552]=Oop }
                      ;*invokevirtual dts {reexecute=0 rethrow=0 return_oop=0}
                      ; - org.bytedeco.javacv.FFmpegFrameRecorder::recordImage@993 (line 1077)
  0x0000015f0e6f3888: 3417 6907 | 48ba 0000 | 0000 0000 | 0080 483b 

  0x0000015f0e6f3898: ;   {metadata(method data for {method} {0x0000015f7732f1b0} 'recordImage' '(IIIIII[Ljava/nio/Buffer;)Z' in 'org/bytedeco/javacv/FFmpegFrameRecorder')}
  0x0000015f0e6f3898: c248 ba00 | 004c 775f | 0100 0048 | be78 1500 | 0000 0000 | 000f 840a | 0000 0048 | be88 1500 
  0x0000015f0e6f38b8: 0000 0000 | 0048 8b3c | 3248 8d7f | 0148 893c | 320f 845d | 0100 0048 | 8b94 24b8 | 0000 008b 
  0x0000015f0e6f38d8: b214 0100 | 0048 c1e6 | 0348 3b06 

  0x0000015f0e6f38e4: ;   {metadata(method data for {method} {0x0000015f7732f1b0} 'recordImage' '(IIIIII[Ljava/nio/Buffer;)Z' in 'org/bytedeco/javacv/FFmpegFrameRecorder')}
  0x0000015f0e6f38e4: 488b fe48 | bb00 004c | 775f 0100 

  0x0000015f0e6f38f0: ;   {metadata('org/bytedeco/ffmpeg/avcodec/AVPacket')}
  0x0000015f0e6f38f0: 0049 ba50 | 5f02 365f | 0100 004c | 8993 a815 | 0000 4883 | 83b0 1500 | 0001 488b | d648 89b4 
  0x0000015f0e6f3910: 24b0 0100 

  0x0000015f0e6f3914: ;   {optimized virtual_call}
  0x0000015f0e6f3914: 0066 90e8 

  0x0000015f0e6f3918: ; ImmutableOopMap {[168]=Oop [600]=Oop [184]=Oop [432]=Oop [552]=Oop }
                      ;*invokevirtual dts {reexecute=0 rethrow=0 return_oop=0}
                      ; - org.bytedeco.javacv.FFmpegFrameRecorder::recordImage@1011 (line 1078)
  0x0000015f0e6f3918: a416 6907 | 488b 9424 | b800 0000 | 8bb2 f400 | 0000 48c1 | e603 483b | 0648 8bfe 

  0x0000015f0e6f3934: ;   {metadata(method data for {method} {0x0000015f7732f1b0} 'recordImage' '(IIIIII[Ljava/nio/Buffer;)Z' in 'org/bytedeco/javacv/FFmpegFrameRecorder')}
  0x0000015f0e6f3934: 48bb 0000 | 4c77 5f01 

  0x0000015f0e6f393c: ;   {metadata('org/bytedeco/ffmpeg/avcodec/AVCodecContext')}
  0x0000015f0e6f393c: 0000 49ba | 1072 0236 | 5f01 0000 | 4c89 93e0 | 1500 0048 | 8383 e815 | 0000 0148 | 8bd6 4889 
  0x0000015f0e6f395c: 8424 b801 | 0000 0f1f 

  0x0000015f0e6f3964: ;   {optimized virtual_call}
  0x0000015f0e6f3964: 4400 00e8 

  0x0000015f0e6f3968: ; ImmutableOopMap {[168]=Oop [600]=Oop [432]=Oop [184]=Oop [552]=Oop }
                      ;*invokevirtual time_base {reexecute=0 rethrow=0 return_oop=0}
                      ; - org.bytedeco.javacv.FFmpegFrameRecorder::recordImage@1018 (line 1078)
  0x0000015f0e6f3968: 5402 7a07 | 488b 9424 | b800 0000 | 8bb2 fc00 | 0000 48c1 | e603 483b | 0648 8bfe 

  0x0000015f0e6f3984: ;   {metadata(method data for {method} {0x0000015f7732f1b0} 'recordImage' '(IIIIII[Ljava/nio/Buffer;)Z' in 'org/bytedeco/javacv/FFmpegFrameRecorder')}
  0x0000015f0e6f3984: 48bb 0000 | 4c77 5f01 

  0x0000015f0e6f398c: ;   {metadata('org/bytedeco/ffmpeg/avformat/AVStream')}
  0x0000015f0e6f398c: 0000 49ba | 201b 0336 | 5f01 0000 | 4c89 9318 | 1600 0048 | 8383 2016 | 0000 0148 | 8bd6 4889 
  0x0000015f0e6f39ac: 8424 c001 | 0000 0f1f 

  0x0000015f0e6f39b4: ;   {optimized virtual_call}
  0x0000015f0e6f39b4: 4400 00e8 

  0x0000015f0e6f39b8: ; ImmutableOopMap {[168]=Oop [600]=Oop [432]=Oop [448]=Oop [184]=Oop [552]=Oop }
                      ;*invokevirtual time_base {reexecute=0 rethrow=0 return_oop=0}
                      ; - org.bytedeco.javacv.FFmpegFrameRecorder::recordImage@1025 (line 1078)
  0x0000015f0e6f39b8: 0402 8a07 

  0x0000015f0e6f39bc: ;   {metadata(method data for {method} {0x0000015f7732f1b0} 'recordImage' '(IIIIII[Ljava/nio/Buffer;)Z' in 'org/bytedeco/javacv/FFmpegFrameRecorder')}
  0x0000015f0e6f39bc: 48ba 0000 | 4c77 5f01 | 0000 4883 | 8240 1600 | 0001 488b | 9424 b801 | 0000 4c8b | 8424 c001 
  0x0000015f0e6f39dc: 0000 4c8b | c866 0f1f 

  0x0000015f0e6f39e4: ;   {static_call}
  0x0000015f0e6f39e4: 4400 00e8 

  0x0000015f0e6f39e8: ; ImmutableOopMap {[168]=Oop [600]=Oop [432]=Oop [184]=Oop [552]=Oop }
                      ;*invokestatic av_rescale_q {reexecute=0 rethrow=0 return_oop=0}
                      ; - org.bytedeco.javacv.FFmpegFrameRecorder::recordImage@1028 (line 1078)
  0x0000015f0e6f39e8: 5411 6907 | 488b b424 | b001 0000 

  0x0000015f0e6f39f4: ;   {metadata(method data for {method} {0x0000015f7732f1b0} 'recordImage' '(IIIIII[Ljava/nio/Buffer;)Z' in 'org/bytedeco/javacv/FFmpegFrameRecorder')}
  0x0000015f0e6f39f4: 49b8 0000 | 4c77 5f01 

  0x0000015f0e6f39fc: ;   {metadata('org/bytedeco/ffmpeg/avcodec/AVPacket')}
  0x0000015f0e6f39fc: 0000 49ba | 505f 0236 | 5f01 0000 | 4d89 9060 | 1600 0049 | 8380 6816 | 0000 014c | 8bc0 488b 
  0x0000015f0e6f3a1c: 9424 b001 | 0000 0f1f 

  0x0000015f0e6f3a24: ;   {optimized virtual_call}
  0x0000015f0e6f3a24: 4400 00e8 

  0x0000015f0e6f3a28: ; ImmutableOopMap {[168]=Oop [600]=Oop [184]=Oop [552]=Oop }
                      ;*invokevirtual dts {reexecute=0 rethrow=0 return_oop=0}
                      ; - org.bytedeco.javacv.FFmpegFrameRecorder::recordImage@1031 (line 1078)
  0x0000015f0e6f3a28: 1415 7a07 | 488b 9424 | b800 0000 | 8bb2 1401 | 0000 48c1 | e603 8bba | fc00 0000 | 48c1 e703 
  0x0000015f0e6f3a48: ; implicit exception: dispatches to 0x0000015f0e6f5041
  0x0000015f0e6f3a48: 483b 0748 

  0x0000015f0e6f3a4c: ;   {metadata(method data for {method} {0x0000015f7732f1b0} 'recordImage' '(IIIIII[Ljava/nio/Buffer;)Z' in 'org/bytedeco/javacv/FFmpegFrameRecorder')}
  0x0000015f0e6f3a4c: 8bdf 48b8 | 0000 4c77 | 5f01 0000 

  0x0000015f0e6f3a58: ;   {metadata('org/bytedeco/ffmpeg/avformat/AVStream')}
  0x0000015f0e6f3a58: 49ba 201b | 0336 5f01 | 0000 4c89 | 9098 1600 | 0048 8380 | a016 0000 | 0148 8bd7 | 4889 b424 
  0x0000015f0e6f3a78: c801 0000 

  0x0000015f0e6f3a7c: ;   {optimized virtual_call}
  0x0000015f0e6f3a7c: 6666 90e8 

  0x0000015f0e6f3a80: ; ImmutableOopMap {[168]=Oop [600]=Oop [184]=Oop [456]=Oop [552]=Oop }
                      ;*invokevirtual index {reexecute=0 rethrow=0 return_oop=0}
                      ; - org.bytedeco.javacv.FFmpegFrameRecorder::recordImage@1043 (line 1080)
  0x0000015f0e6f3a80: 3c75 8807 | 488b b424 | c801 0000 

  0x0000015f0e6f3a8c: ; implicit exception: dispatches to 0x0000015f0e6f5046
  0x0000015f0e6f3a8c: 483b 064c 

  0x0000015f0e6f3a90: ;   {metadata(method data for {method} {0x0000015f7732f1b0} 'recordImage' '(IIIIII[Ljava/nio/Buffer;)Z' in 'org/bytedeco/javacv/FFmpegFrameRecorder')}
  0x0000015f0e6f3a90: 8bc6 48ba | 0000 4c77 | 5f01 0000 

  0x0000015f0e6f3a9c: ;   {metadata('org/bytedeco/ffmpeg/avcodec/AVPacket')}
  0x0000015f0e6f3a9c: 49ba 505f | 0236 5f01 | 0000 4c89 | 92d0 1600 | 0048 8382 | d816 0000 | 014c 8bc0 | 488b d60f 
  0x0000015f0e6f3abc: ;   {optimized virtual_call}
  0x0000015f0e6f3abc: 1f40 00e8 

  0x0000015f0e6f3ac0: ; ImmutableOopMap {[168]=Oop [600]=Oop [184]=Oop [552]=Oop }
                      ;*invokevirtual stream_index {reexecute=0 rethrow=0 return_oop=0}
                      ; - org.bytedeco.javacv.FFmpegFrameRecorder::recordImage@1046 (line 1080)
  0x0000015f0e6f3ac0: fca2 6807 | 488b 9424 | b800 0000 | 448b 8a14 | 0100 0049 | c1e1 034c 

  0x0000015f0e6f3ad8: ;   {metadata(method data for {method} {0x0000015f7732f1b0} 'recordImage' '(IIIIII[Ljava/nio/Buffer;)Z' in 'org/bytedeco/javacv/FFmpegFrameRecorder')}
  0x0000015f0e6f3ad8: 8bc2 48be | 0000 4c77 | 5f01 0000 | 4883 86f8 | 1600 0001 | 41b8 0000 | 0000 488b | f248 8bd6 
  0x0000015f0e6f3af8: 0f1f 8000 

  0x0000015f0e6f3afc: ;   {optimized virtual_call}
  0x0000015f0e6f3afc: 0000 00e8 

  0x0000015f0e6f3b00: ; ImmutableOopMap {[168]=Oop [600]=Oop [184]=Oop [552]=Oop }
                      ;*invokespecial writePacket {reexecute=0 rethrow=0 return_oop=0}
                      ; - org.bytedeco.javacv.FFmpegFrameRecorder::recordImage@1056 (line 1083)
  0x0000015f0e6f3b00: fcfd e7ff 

  0x0000015f0e6f3b04: ;   {metadata(method data for {method} {0x0000015f7732f1b0} 'recordImage' '(IIIIII[Ljava/nio/Buffer;)Z' in 'org/bytedeco/javacv/FFmpegFrameRecorder')}
  0x0000015f0e6f3b04: 48ba 0000 | 4c77 5f01 | 0000 8bb2 | d000 0000 | 83c6 0289 | b2d0 0000 | 0081 e6fe | 3f00 0083 
  0x0000015f0e6f3b24: fe00 0f84 | 1f15 0000 | 4d8b 9750 

  0x0000015f0e6f3b30: ; ImmutableOopMap {[168]=Oop [600]=Oop [184]=Oop [552]=Oop }
                      ;*goto {reexecute=1 rethrow=0 return_oop=0}
                      ; - (reexecute) org.bytedeco.javacv.FFmpegFrameRecorder::recordImage@1059 (line 1083)
                      ;   {poll}
  0x0000015f0e6f3b30: 0300 0041 

  0x0000015f0e6f3b34: ;   {metadata(method data for {method} {0x0000015f7732f1b0} 'recordImage' '(IIIIII[Ljava/nio/Buffer;)Z' in 'org/bytedeco/javacv/FFmpegFrameRecorder')}
  0x0000015f0e6f3b34: 8502 48ba | 0000 4c77 | 5f01 0000 | ff82 0817 | 0000 8b84 | 2494 0100 | 0048 8b94 | 24b8 0000 
  0x0000015f0e6f3b54: 00e9 46f9 | ffff 488b | 9424 b800 | 0000 8bb2 | 1401 0000 | 48c1 e603 

  0x0000015f0e6f3b6c: ;   {metadata(method data for {method} {0x0000015f7732f1b0} 'recordImage' '(IIIIII[Ljava/nio/Buffer;)Z' in 'org/bytedeco/javacv/FFmpegFrameRecorder')}
  0x0000015f0e6f3b6c: 48bf 0000 | 4c77 5f01 | 0000 4883 | 87a0 1200 | 0001 488b | d666 0f1f 

  0x0000015f0e6f3b84: ;   {static_call}
  0x0000015f0e6f3b84: 4400 00e8 

  0x0000015f0e6f3b88: ; ImmutableOopMap {[168]=Oop [600]=Oop [184]=Oop [552]=Oop }
                      ;*invokestatic av_packet_unref {reexecute=0 rethrow=0 return_oop=0}
                      ; - org.bytedeco.javacv.FFmpegFrameRecorder::recordImage@883 (line 1066)
  0x0000015f0e6f3b88: 34ea 8907 

  0x0000015f0e6f3b8c: ;   {metadata(method data for {method} {0x0000015f7732f1b0} 'recordImage' '(IIIIII[Ljava/nio/Buffer;)Z' in 'org/bytedeco/javacv/FFmpegFrameRecorder')}
  0x0000015f0e6f3b8c: 48ba 0000 | 4c77 5f01 | 0000 ff82 | b012 0000 | 488b 9c24 | 5802 0000 | 4883 fb00 

  0x0000015f0e6f3ba8: ;   {metadata(method data for {method} {0x0000015f7732f1b0} 'recordImage' '(IIIIII[Ljava/nio/Buffer;)Z' in 'org/bytedeco/javacv/FFmpegFrameRecorder')}
  0x0000015f0e6f3ba8: 48ba 0000 | 4c77 5f01 | 0000 48be | 2017 0000 | 0000 0000 | 0f84 0a00 | 0000 48be | 3017 0000 
  0x0000015f0e6f3bc8: 0000 0000 | 488b 3c32 | 488d 7f01 | 4889 3c32 | 488b 9424 | b800 0000 | 0f84 ae00 | 0000 8b92 
  0x0000015f0e6f3be8: 1401 0000 | 48c1 e203 

  0x0000015f0e6f3bf0: ; implicit exception: dispatches to 0x0000015f0e6f506c
  0x0000015f0e6f3bf0: 483b 0248 

  0x0000015f0e6f3bf4: ;   {metadata(method data for {method} {0x0000015f7732f1b0} 'recordImage' '(IIIIII[Ljava/nio/Buffer;)Z' in 'org/bytedeco/javacv/FFmpegFrameRecorder')}
  0x0000015f0e6f3bf4: 8bf2 48bf | 0000 4c77 | 5f01 0000 

  0x0000015f0e6f3c00: ;   {metadata('org/bytedeco/ffmpeg/avcodec/AVPacket')}
  0x0000015f0e6f3c00: 49ba 505f | 0236 5f01 | 0000 4c89 | 9750 1700 | 0048 8387 | 5817 0000 | 0166 0f1f 

  0x0000015f0e6f3c1c: ;   {optimized virtual_call}
  0x0000015f0e6f3c1c: 4400 00e8 

  0x0000015f0e6f3c20: ; ImmutableOopMap {[168]=Oop [552]=Oop }
                      ;*invokevirtual flags {reexecute=0 rethrow=0 return_oop=0}
                      ; - org.bytedeco.javacv.FFmpegFrameRecorder::recordImage@1071 (line 1086)
  0x0000015f0e6f3c20: 1c0f 7a07 | 83e0 0183 

  0x0000015f0e6f3c28: ;   {metadata(method data for {method} {0x0000015f7732f1b0} 'recordImage' '(IIIIII[Ljava/nio/Buffer;)Z' in 'org/bytedeco/javacv/FFmpegFrameRecorder')}
  0x0000015f0e6f3c28: f800 48ba | 0000 4c77 | 5f01 0000 | 48be 7817 | 0000 0000 | 0000 0f84 | 0a00 0000 | 48be 8817 
  0x0000015f0e6f3c48: 0000 0000 | 0000 488b | 3c32 488d | 7f01 4889 | 3c32 0f84 | 1a00 0000 

  0x0000015f0e6f3c60: ;   {metadata(method data for {method} {0x0000015f7732f1b0} 'recordImage' '(IIIIII[Ljava/nio/Buffer;)Z' in 'org/bytedeco/javacv/FFmpegFrameRecorder')}
  0x0000015f0e6f3c60: 48ba 0000 | 4c77 5f01 | 0000 ff82 | 9817 0000 | be01 0000 | 00e9 8c00 

  0x0000015f0e6f3c78: ;   {metadata(method data for {method} {0x0000015f7732f1b0} 'recordImage' '(IIIIII[Ljava/nio/Buffer;)Z' in 'org/bytedeco/javacv/FFmpegFrameRecorder')}
  0x0000015f0e6f3c78: 0000 48ba | 0000 4c77 | 5f01 0000 | ff82 b017 | 0000 be00 | 0000 00e9 | 7200 0000 | 8b92 1c01 
  0x0000015f0e6f3c98: 0000 48c1 | e203 817a | 0c00 0000 | 000f 86d0 | 1300 008b | 5210 83fa 

  0x0000015f0e6f3cb0: ;   {metadata(method data for {method} {0x0000015f7732f1b0} 'recordImage' '(IIIIII[Ljava/nio/Buffer;)Z' in 'org/bytedeco/javacv/FFmpegFrameRecorder')}
  0x0000015f0e6f3cb0: 0048 ba00 | 004c 775f | 0100 0048 | bec8 1700 | 0000 0000 | 000f 840a | 0000 0048 | bed8 1700 
  0x0000015f0e6f3cd0: 0000 0000 | 0048 8b3c | 3248 8d7f | 0148 893c | 320f 841a 

  0x0000015f0e6f3ce4: ;   {metadata(method data for {method} {0x0000015f7732f1b0} 'recordImage' '(IIIIII[Ljava/nio/Buffer;)Z' in 'org/bytedeco/javacv/FFmpegFrameRecorder')}
  0x0000015f0e6f3ce4: 0000 0048 | ba00 004c | 775f 0100 | 00ff 82e8 | 1700 00be | 0100 0000 | e905 0000 | 00be 0000 
  0x0000015f0e6f3d04: ;   {metadata(method data for {method} {0x0000015f7732f1b0} 'recordImage' '(IIIIII[Ljava/nio/Buffer;)Z' in 'org/bytedeco/javacv/FFmpegFrameRecorder')}
  0x0000015f0e6f3d04: 0000 48ba | 0000 4c77 | 5f01 0000 | ff82 1018 

  0x0000015f0e6f3d14: ;   {metadata(method data for {method} {0x0000015f7732f1b0} 'recordImage' '(IIIIII[Ljava/nio/Buffer;)Z' in 'org/bytedeco/javacv/FFmpegFrameRecorder')}
  0x0000015f0e6f3d14: 0000 48ba | 0000 4c77 | 5f01 0000 | ff82 2018 | 0000 89b4 | 24f0 0100 | 00e9 af08 | 0000 8b92 
  0x0000015f0e6f3d34: 1401 0000 | 48c1 e203 

  0x0000015f0e6f3d3c: ;   {metadata(method data for {method} {0x0000015f7732f1b0} 'recordImage' '(IIIIII[Ljava/nio/Buffer;)Z' in 'org/bytedeco/javacv/FFmpegFrameRecorder')}
  0x0000015f0e6f3d3c: 48be 0000 | 4c77 5f01 | 0000 4883 | 86e8 1200 

  0x0000015f0e6f3d4c: ;   {static_call}
  0x0000015f0e6f3d4c: 0001 90e8 

  0x0000015f0e6f3d50: ; ImmutableOopMap {[168]=Oop [552]=Oop }
                      ;*invokestatic av_packet_unref {reexecute=0 rethrow=0 return_oop=0}
                      ; - org.bytedeco.javacv.FFmpegFrameRecorder::recordImage@898 (line 1069)
  0x0000015f0e6f3d50: 2c96 f606 | 0f1f 4000 

  0x0000015f0e6f3d58: ;   {no_reloc}
  0x0000015f0e6f3d58: e93f 1300 | 0000 0000 | 0000 80ba | 3301 0000 | 040f 853c | 1300 0049 | 8b87 0801 | 0000 488d 
  0x0000015f0e6f3d78: 7828 493b | bf18 0100 | 000f 8724 | 1300 0049 | 89bf 0801 | 0000 48c7 | 0001 0000 | 0048 8bca 
  0x0000015f0e6f3d98: 49ba 0000 | 0035 5f01 | 0000 492b | ca89 4808 | 4833 c989 | 480c 4833 | c948 8948 | 1048 8948 
  0x0000015f0e6f3db8: 1848 8948 | 2048 8984 | 24d8 0100 | 0066 6690 

  0x0000015f0e6f3dc8: ;   {no_reloc}
  0x0000015f0e6f3dc8: e9fa 1200 | 0000 0000 | 0000 498b | 8708 0100 | 0048 8d78 | 1849 3bbf | 1801 0000 | 0f87 e712 
  0x0000015f0e6f3de8: 0000 4989 | bf08 0100 | 0048 c700 | 0100 0000 | 488b ca49 | ba00 0000 | 355f 0100 | 0049 2bca 
  0x0000015f0e6f3e08: 8948 0848 | 33c9 8948 | 0c48 33c9 | 4889 4810 

  0x0000015f0e6f3e18: ;   {metadata(method data for {method} {0x0000015f7732f1b0} 'recordImage' '(IIIIII[Ljava/nio/Buffer;)Z' in 'org/bytedeco/javacv/FFmpegFrameRecorder')}
  0x0000015f0e6f3e18: 4c8b c048 | ba00 004c | 775f 0100 | 0048 8382 | f812 0000 

  0x0000015f0e6f3e2c: ;   {metadata(method data for {method} {0x0000015f354253f8} '<init>' '()V' in 'java/lang/StringBuilder')}
  0x0000015f0e6f3e2c: 0149 b8e0 | ad01 765f | 0100 0041 | 8b90 cc00 | 0000 83c2 | 0241 8990 | cc00 0000 | 81e2 feff 
  0x0000015f0e6f3e4c: 1f00 83fa | 000f 8487 | 1200 004c 

  0x0000015f0e6f3e58: ;   {metadata(method data for {method} {0x0000015f354253f8} '<init>' '()V' in 'java/lang/StringBuilder')}
  0x0000015f0e6f3e58: 8bc0 48ba | e0ad 0176 | 5f01 0000 | 4883 8210 | 0100 0001 | 41b8 1000 | 0000 488b | d048 8984 
  0x0000015f0e6f3e78: 24d0 0100 

  0x0000015f0e6f3e7c: ;   {optimized virtual_call}
  0x0000015f0e6f3e7c: 0066 90e8 

  0x0000015f0e6f3e80: ; ImmutableOopMap {[168]=Oop [472]=Oop [464]=Oop [552]=Oop }
                      ;*invokespecial <init> {reexecute=0 rethrow=0 return_oop=0}
                      ; - java.lang.StringBuilder::<init>@3 (line 106)
                      ; - org.bytedeco.javacv.FFmpegFrameRecorder::recordImage@909 (line 1070)
  0x0000015f0e6f3e80: fc8e f606 | 488b 8424 | d001 0000 

  0x0000015f0e6f3e8c: ;   {metadata(method data for {method} {0x0000015f7732f1b0} 'recordImage' '(IIIIII[Ljava/nio/Buffer;)Z' in 'org/bytedeco/javacv/FFmpegFrameRecorder')}
  0x0000015f0e6f3e8c: 49b8 0000 | 4c77 5f01 | 0000 4983 | 8008 1300 

  0x0000015f0e6f3e9c: ;   {metadata(method data for {method} {0x0000015f35425b30} 'append' '(Ljava/lang/String;)Ljava/lang/StringBuilder;' in 'java/lang/StringBuilder')}
  0x0000015f0e6f3e9c: 0001 49b8 | d0b0 0176 | 5f01 0000 | 418b 90cc | 0000 0083 | c202 4189 | 90cc 0000 | 0081 e2fe 
  0x0000015f0e6f3ebc: ff1f 0083 | fa00 0f84 | 3712 0000 | 488b 8424 | d001 0000 

  0x0000015f0e6f3ed0: ;   {metadata(method data for {method} {0x0000015f35425b30} 'append' '(Ljava/lang/String;)Ljava/lang/StringBuilder;' in 'java/lang/StringBuilder')}
  0x0000015f0e6f3ed0: 49b8 d0b0 | 0176 5f01 | 0000 4983 | 8010 0100 

  0x0000015f0e6f3ee0: ;   {oop("avcodec_receive_packet() error "{0x00000006044cad50})}
  0x0000015f0e6f3ee0: 0001 49b8 | 50ad 4c04 | 0600 0000 | 488b 9424 | d001 0000 

  0x0000015f0e6f3ef4: ;   {optimized virtual_call}
  0x0000015f0e6f3ef4: 6666 90e8 

  0x0000015f0e6f3ef8: ; ImmutableOopMap {[168]=Oop [472]=Oop [464]=Oop [552]=Oop }
                      ;*invokespecial append {reexecute=0 rethrow=0 return_oop=0}
                      ; - java.lang.StringBuilder::append@2 (line 179)
                      ; - org.bytedeco.javacv.FFmpegFrameRecorder::recordImage@915 (line 1070)
  0x0000015f0e6f3ef8: 848e f606 | 488b 8424 | d001 0000 

  0x0000015f0e6f3f04: ;   {metadata(method data for {method} {0x0000015f7732f1b0} 'recordImage' '(IIIIII[Ljava/nio/Buffer;)Z' in 'org/bytedeco/javacv/FFmpegFrameRecorder')}
  0x0000015f0e6f3f04: 49b8 0000 | 4c77 5f01 | 0000 4983 | 8040 1300 

  0x0000015f0e6f3f14: ;   {metadata(method data for {method} {0x0000015f35425ce8} 'append' '(I)Ljava/lang/StringBuilder;' in 'java/lang/StringBuilder')}
  0x0000015f0e6f3f14: 0001 49b8 | 78b4 0176 | 5f01 0000 | 418b 90cc | 0000 0083 | c202 4189 | 90cc 0000 | 0081 e2fe 
  0x0000015f0e6f3f34: ff1f 0083 | fa00 0f84 | e011 0000 | 488b 8424 | d001 0000 

  0x0000015f0e6f3f48: ;   {metadata(method data for {method} {0x0000015f35425ce8} 'append' '(I)Ljava/lang/StringBuilder;' in 'java/lang/StringBuilder')}
  0x0000015f0e6f3f48: 49b8 78b4 | 0176 5f01 | 0000 4983 | 8010 0100 | 0001 448b | 8424 9401 | 0000 488b | 9424 d001 
  0x0000015f0e6f3f68: 0000 0f1f 

  0x0000015f0e6f3f6c: ;   {optimized virtual_call}
  0x0000015f0e6f3f6c: 4400 00e8 

  0x0000015f0e6f3f70: ; ImmutableOopMap {[168]=Oop [472]=Oop [464]=Oop [552]=Oop }
                      ;*invokespecial append {reexecute=0 rethrow=0 return_oop=0}
                      ; - java.lang.StringBuilder::append@2 (line 253)
                      ; - org.bytedeco.javacv.FFmpegFrameRecorder::recordImage@920 (line 1070)
  0x0000015f0e6f3f70: 0c8e f606 | 488b 8424 | d001 0000 

  0x0000015f0e6f3f7c: ;   {metadata(method data for {method} {0x0000015f7732f1b0} 'recordImage' '(IIIIII[Ljava/nio/Buffer;)Z' in 'org/bytedeco/javacv/FFmpegFrameRecorder')}
  0x0000015f0e6f3f7c: 49b8 0000 | 4c77 5f01 | 0000 4983 | 8078 1300 

  0x0000015f0e6f3f8c: ;   {metadata(method data for {method} {0x0000015f35425b30} 'append' '(Ljava/lang/String;)Ljava/lang/StringBuilder;' in 'java/lang/StringBuilder')}
  0x0000015f0e6f3f8c: 0001 49b8 | d0b0 0176 | 5f01 0000 | 418b 90cc | 0000 0083 | c202 4189 | 90cc 0000 | 0081 e2fe 
  0x0000015f0e6f3fac: ff1f 0083 | fa00 0f84 | 8911 0000 | 488b 8424 | d001 0000 

  0x0000015f0e6f3fc0: ;   {metadata(method data for {method} {0x0000015f35425b30} 'append' '(Ljava/lang/String;)Ljava/lang/StringBuilder;' in 'java/lang/StringBuilder')}
  0x0000015f0e6f3fc0: 49b8 d0b0 | 0176 5f01 | 0000 4983 | 8010 0100 

  0x0000015f0e6f3fd0: ;   {oop(": Error during video encoding."{0x00000006044cc460})}
  0x0000015f0e6f3fd0: 0001 49b8 | 60c4 4c04 | 0600 0000 | 488b 9424 | d001 0000 

  0x0000015f0e6f3fe4: ;   {optimized virtual_call}
  0x0000015f0e6f3fe4: 6666 90e8 

  0x0000015f0e6f3fe8: ; ImmutableOopMap {[168]=Oop [472]=Oop [464]=Oop [552]=Oop }
                      ;*invokespecial append {reexecute=0 rethrow=0 return_oop=0}
                      ; - java.lang.StringBuilder::append@2 (line 179)
                      ; - org.bytedeco.javacv.FFmpegFrameRecorder::recordImage@926 (line 1070)
  0x0000015f0e6f3fe8: 948d f606 | 488b 8424 | d001 0000 

  0x0000015f0e6f3ff4: ;   {metadata(method data for {method} {0x0000015f7732f1b0} 'recordImage' '(IIIIII[Ljava/nio/Buffer;)Z' in 'org/bytedeco/javacv/FFmpegFrameRecorder')}
  0x0000015f0e6f3ff4: 48ba 0000 | 4c77 5f01 | 0000 4883 | 82b0 1300 

  0x0000015f0e6f4004: ;   {metadata(method data for {method} {0x0000015f35425450} 'toString' '()Ljava/lang/String;' in 'java/lang/StringBuilder')}
  0x0000015f0e6f4004: 0001 48ba | f8b7 0176 | 5f01 0000 | 448b 82cc | 0000 0041 | 83c0 0244 | 8982 cc00 | 0000 4181 
  0x0000015f0e6f4024: e0fe ff1f | 0041 83f8 | 000f 842f | 1100 0048 | 8b84 24d0 

  0x0000015f0e6f4038: ;   {metadata(method data for {method} {0x0000015f35425450} 'toString' '()Ljava/lang/String;' in 'java/lang/StringBuilder')}
  0x0000015f0e6f4038: 0100 0048 | baf8 b701 | 765f 0100 | 0048 8382 | 1001 0000 

  0x0000015f0e6f404c: ;   {metadata(method data for {method} {0x0000015f35071800} 'isLatin1' '()Z' in 'java/lang/AbstractStringBuilder')}
  0x0000015f0e6f404c: 0148 bad8 | b901 765f | 0100 0044 | 8b82 cc00 | 0000 4183 | c002 4489 | 82cc 0000 | 0041 81e0 
  0x0000015f0e6f406c: feff 1f00 | 4183 f800 | 0f84 0911 

  0x0000015f0e6f4078: ;   {metadata(method data for {method} {0x0000015f35071800} 'isLatin1' '()Z' in 'java/lang/AbstractStringBuilder')}
  0x0000015f0e6f4078: 0000 48ba | d8b9 0176 | 5f01 0000 | ff82 2001 | 0000 488b | 8424 d001 | 0000 0fbe | 5010 83fa 
  0x0000015f0e6f4098: ;   {metadata(method data for {method} {0x0000015f35071800} 'isLatin1' '()Z' in 'java/lang/AbstractStringBuilder')}
  0x0000015f0e6f4098: 0048 bad8 | b901 765f | 0100 0049 | b830 0100 | 0000 0000 | 000f 850a | 0000 0049 | b840 0100 
  0x0000015f0e6f40b8: 0000 0000 | 004e 8b0c | 024d 8d49 | 014e 890c | 020f 851a 

  0x0000015f0e6f40cc: ;   {metadata(method data for {method} {0x0000015f35071800} 'isLatin1' '()Z' in 'java/lang/AbstractStringBuilder')}
  0x0000015f0e6f40cc: 0000 0048 | bad8 b901 | 765f 0100 | 00ff 8250 | 0100 00ba | 0100 0000 | e905 0000 | 00ba 0000 
  0x0000015f0e6f40ec: 0000 83e2 | 0183 fa00 

  0x0000015f0e6f40f4: ;   {metadata(method data for {method} {0x0000015f35425450} 'toString' '()Ljava/lang/String;' in 'java/lang/StringBuilder')}
  0x0000015f0e6f40f4: 48ba f8b7 | 0176 5f01 | 0000 49b8 | 4801 0000 | 0000 0000 | 0f84 0a00 | 0000 49b8 | 5801 0000 
  0x0000015f0e6f4114: 0000 0000 | 4e8b 0c02 | 4d8d 4901 | 4e89 0c02 | 0f84 3f00 | 0000 8b50 | 1448 c1e2 | 0344 8b48 
  0x0000015f0e6f4134: ;   {metadata(method data for {method} {0x0000015f35425450} 'toString' '()Ljava/lang/String;' in 'java/lang/StringBuilder')}
  0x0000015f0e6f4134: 0c49 b8f8 | b701 765f | 0100 0049 | 8380 6801 | 0000 0141 | b800 0000 

  0x0000015f0e6f414c: ;   {static_call}
  0x0000015f0e6f414c: 0066 90e8 

  0x0000015f0e6f4150: ; ImmutableOopMap {[168]=Oop [472]=Oop [552]=Oop }
                      ;*invokestatic newString {reexecute=0 rethrow=0 return_oop=0}
                      ; - java.lang.StringBuilder::toString@16 (line 453)
                      ; - org.bytedeco.javacv.FFmpegFrameRecorder::recordImage@929 (line 1070)
  0x0000015f0e6f4150: 2c92 f606 

  0x0000015f0e6f4154: ;   {metadata(method data for {method} {0x0000015f35425450} 'toString' '()Ljava/lang/String;' in 'java/lang/StringBuilder')}
  0x0000015f0e6f4154: 48ba f8b7 | 0176 5f01 | 0000 ff82 | 7801 0000 | e93b 0500 | 008b 5014 | 48c1 e203 | 448b 480c 
  0x0000015f0e6f4174: ;   {metadata(method data for {method} {0x0000015f35425450} 'toString' '()Ljava/lang/String;' in 'java/lang/StringBuilder')}
  0x0000015f0e6f4174: 49b8 f8b7 | 0176 5f01 | 0000 4983 | 8090 0100 | 0001 41b8 | 0000 0000 

  0x0000015f0e6f418c: ;   {static_call}
  0x0000015f0e6f418c: 6666 90e8 

  0x0000015f0e6f4190: ; ImmutableOopMap {[168]=Oop [472]=Oop [552]=Oop }
                      ;*invokestatic newString {reexecute=0 rethrow=0 return_oop=0}
                      ; - java.lang.StringBuilder::toString@31 (line 454)
                      ; - org.bytedeco.javacv.FFmpegFrameRecorder::recordImage@929 (line 1070)
  0x0000015f0e6f4190: ec91 f606 | e90b 0500 | 000f 1f80 | 0000 0000 

  0x0000015f0e6f41a0: ;   {no_reloc}
  0x0000015f0e6f41a0: e90e 1000 | 0000 0000 | 0000 80ba | 3301 0000 | 040f 850b | 1000 0049 | 8b87 0801 | 0000 488d 
  0x0000015f0e6f41c0: 7828 493b | bf18 0100 | 000f 87f3 | 0f00 0049 | 89bf 0801 | 0000 48c7 | 0001 0000 | 0048 8bca 
  0x0000015f0e6f41e0: 49ba 0000 | 0035 5f01 | 0000 492b | ca89 4808 | 4833 c989 | 480c 4833 | c948 8948 | 1048 8948 
  0x0000015f0e6f4200: 1848 8948 | 2048 8984 | 24e8 0100 | 0066 6690 

  0x0000015f0e6f4210: ;   {no_reloc}
  0x0000015f0e6f4210: e9c9 0f00 | 0000 0000 | 0000 498b | 8708 0100 | 0048 8d78 | 1849 3bbf | 1801 0000 | 0f87 b60f 
  0x0000015f0e6f4230: 0000 4989 | bf08 0100 | 0048 c700 | 0100 0000 | 488b ca49 | ba00 0000 | 355f 0100 | 0049 2bca 
  0x0000015f0e6f4250: 8948 0848 | 33c9 8948 | 0c48 33c9 | 4889 4810 

  0x0000015f0e6f4260: ;   {metadata(method data for {method} {0x0000015f7732f1b0} 'recordImage' '(IIIIII[Ljava/nio/Buffer;)Z' in 'org/bytedeco/javacv/FFmpegFrameRecorder')}
  0x0000015f0e6f4260: 4c8b c048 | ba00 004c | 775f 0100 | 0048 8382 | 9010 0000 

  0x0000015f0e6f4274: ;   {metadata(method data for {method} {0x0000015f354253f8} '<init>' '()V' in 'java/lang/StringBuilder')}
  0x0000015f0e6f4274: 0149 b8e0 | ad01 765f | 0100 0041 | 8b90 cc00 | 0000 83c2 | 0241 8990 | cc00 0000 | 81e2 feff 
  0x0000015f0e6f4294: 1f00 83fa | 000f 8456 | 0f00 004c 

  0x0000015f0e6f42a0: ;   {metadata(method data for {method} {0x0000015f354253f8} '<init>' '()V' in 'java/lang/StringBuilder')}
  0x0000015f0e6f42a0: 8bc0 48ba | e0ad 0176 | 5f01 0000 | 4883 8210 | 0100 0001 | 41b8 1000 | 0000 488b | d048 8984 
  0x0000015f0e6f42c0: 24e0 0100 

  0x0000015f0e6f42c4: ;   {optimized virtual_call}
  0x0000015f0e6f42c4: 0066 90e8 

  0x0000015f0e6f42c8: ; ImmutableOopMap {[168]=Oop [480]=Oop [488]=Oop [552]=Oop }
                      ;*invokespecial <init> {reexecute=0 rethrow=0 return_oop=0}
                      ; - java.lang.StringBuilder::<init>@3 (line 106)
                      ; - org.bytedeco.javacv.FFmpegFrameRecorder::recordImage@782 (line 1056)
  0x0000015f0e6f42c8: b48a f606 | 488b 8424 | e001 0000 

  0x0000015f0e6f42d4: ;   {metadata(method data for {method} {0x0000015f7732f1b0} 'recordImage' '(IIIIII[Ljava/nio/Buffer;)Z' in 'org/bytedeco/javacv/FFmpegFrameRecorder')}
  0x0000015f0e6f42d4: 49b8 0000 | 4c77 5f01 | 0000 4983 | 80a0 1000 

  0x0000015f0e6f42e4: ;   {metadata(method data for {method} {0x0000015f35425b30} 'append' '(Ljava/lang/String;)Ljava/lang/StringBuilder;' in 'java/lang/StringBuilder')}
  0x0000015f0e6f42e4: 0001 49b8 | d0b0 0176 | 5f01 0000 | 418b 90cc | 0000 0083 | c202 4189 | 90cc 0000 | 0081 e2fe 
  0x0000015f0e6f4304: ff1f 0083 | fa00 0f84 | 060f 0000 | 488b 8424 | e001 0000 

  0x0000015f0e6f4318: ;   {metadata(method data for {method} {0x0000015f35425b30} 'append' '(Ljava/lang/String;)Ljava/lang/StringBuilder;' in 'java/lang/StringBuilder')}
  0x0000015f0e6f4318: 49b8 d0b0 | 0176 5f01 | 0000 4983 | 8010 0100 

  0x0000015f0e6f4328: ;   {oop("avcodec_send_frame() error "{0x00000006044cc478})}
  0x0000015f0e6f4328: 0001 49b8 | 78c4 4c04 | 0600 0000 | 488b 9424 | e001 0000 

  0x0000015f0e6f433c: ;   {optimized virtual_call}
  0x0000015f0e6f433c: 6666 90e8 

  0x0000015f0e6f4340: ; ImmutableOopMap {[168]=Oop [480]=Oop [488]=Oop [552]=Oop }
                      ;*invokespecial append {reexecute=0 rethrow=0 return_oop=0}
                      ; - java.lang.StringBuilder::append@2 (line 179)
                      ; - org.bytedeco.javacv.FFmpegFrameRecorder::recordImage@788 (line 1056)
  0x0000015f0e6f4340: 3c8a f606 | 488b 8424 | e001 0000 

  0x0000015f0e6f434c: ;   {metadata(method data for {method} {0x0000015f7732f1b0} 'recordImage' '(IIIIII[Ljava/nio/Buffer;)Z' in 'org/bytedeco/javacv/FFmpegFrameRecorder')}
  0x0000015f0e6f434c: 49b8 0000 | 4c77 5f01 | 0000 4983 | 80d8 1000 

  0x0000015f0e6f435c: ;   {metadata(method data for {method} {0x0000015f35425ce8} 'append' '(I)Ljava/lang/StringBuilder;' in 'java/lang/StringBuilder')}
  0x0000015f0e6f435c: 0001 49b8 | 78b4 0176 | 5f01 0000 | 418b 90cc | 0000 0083 | c202 4189 | 90cc 0000 | 0081 e2fe 
  0x0000015f0e6f437c: ff1f 0083 | fa00 0f84 | af0e 0000 | 488b 8424 | e001 0000 

  0x0000015f0e6f4390: ;   {metadata(method data for {method} {0x0000015f35425ce8} 'append' '(I)Ljava/lang/StringBuilder;' in 'java/lang/StringBuilder')}
  0x0000015f0e6f4390: 49b8 78b4 | 0176 5f01 | 0000 4983 | 8010 0100 | 0001 448b | 8424 9001 | 0000 488b | 9424 e001 
  0x0000015f0e6f43b0: 0000 0f1f 

  0x0000015f0e6f43b4: ;   {optimized virtual_call}
  0x0000015f0e6f43b4: 4400 00e8 

  0x0000015f0e6f43b8: ; ImmutableOopMap {[168]=Oop [480]=Oop [488]=Oop [552]=Oop }
                      ;*invokespecial append {reexecute=0 rethrow=0 return_oop=0}
                      ; - java.lang.StringBuilder::append@2 (line 253)
                      ; - org.bytedeco.javacv.FFmpegFrameRecorder::recordImage@793 (line 1056)
  0x0000015f0e6f43b8: c489 f606 | 488b 8424 | e001 0000 

  0x0000015f0e6f43c4: ;   {metadata(method data for {method} {0x0000015f7732f1b0} 'recordImage' '(IIIIII[Ljava/nio/Buffer;)Z' in 'org/bytedeco/javacv/FFmpegFrameRecorder')}
  0x0000015f0e6f43c4: 49b8 0000 | 4c77 5f01 | 0000 4983 | 8010 1100 

  0x0000015f0e6f43d4: ;   {metadata(method data for {method} {0x0000015f35425b30} 'append' '(Ljava/lang/String;)Ljava/lang/StringBuilder;' in 'java/lang/StringBuilder')}
  0x0000015f0e6f43d4: 0001 49b8 | d0b0 0176 | 5f01 0000 | 418b 90cc | 0000 0083 | c202 4189 | 90cc 0000 | 0081 e2fe 
  0x0000015f0e6f43f4: ff1f 0083 | fa00 0f84 | 580e 0000 | 488b 8424 | e001 0000 

  0x0000015f0e6f4408: ;   {metadata(method data for {method} {0x0000015f35425b30} 'append' '(Ljava/lang/String;)Ljava/lang/StringBuilder;' in 'java/lang/StringBuilder')}
  0x0000015f0e6f4408: 49b8 d0b0 | 0176 5f01 | 0000 4983 | 8010 0100 

  0x0000015f0e6f4418: ;   {oop(": Error sending a video frame for encoding."{0x00000006044cc490})}
  0x0000015f0e6f4418: 0001 49b8 | 90c4 4c04 | 0600 0000 | 488b 9424 | e001 0000 

  0x0000015f0e6f442c: ;   {optimized virtual_call}
  0x0000015f0e6f442c: 6666 90e8 

  0x0000015f0e6f4430: ; ImmutableOopMap {[168]=Oop [480]=Oop [488]=Oop [552]=Oop }
                      ;*invokespecial append {reexecute=0 rethrow=0 return_oop=0}
                      ; - java.lang.StringBuilder::append@2 (line 179)
                      ; - org.bytedeco.javacv.FFmpegFrameRecorder::recordImage@799 (line 1056)
  0x0000015f0e6f4430: 4c89 f606 | 488b 8424 | e001 0000 

  0x0000015f0e6f443c: ;   {metadata(method data for {method} {0x0000015f7732f1b0} 'recordImage' '(IIIIII[Ljava/nio/Buffer;)Z' in 'org/bytedeco/javacv/FFmpegFrameRecorder')}
  0x0000015f0e6f443c: 48ba 0000 | 4c77 5f01 | 0000 4883 | 8248 1100 

  0x0000015f0e6f444c: ;   {metadata(method data for {method} {0x0000015f35425450} 'toString' '()Ljava/lang/String;' in 'java/lang/StringBuilder')}
  0x0000015f0e6f444c: 0001 48ba | f8b7 0176 | 5f01 0000 | 448b 82cc | 0000 0041 | 83c0 0244 | 8982 cc00 | 0000 4181 
  0x0000015f0e6f446c: e0fe ff1f | 0041 83f8 | 000f 84fe | 0d00 0048 | 8b84 24e0 

  0x0000015f0e6f4480: ;   {metadata(method data for {method} {0x0000015f35425450} 'toString' '()Ljava/lang/String;' in 'java/lang/StringBuilder')}
  0x0000015f0e6f4480: 0100 0048 | baf8 b701 | 765f 0100 | 0048 8382 | 1001 0000 

  0x0000015f0e6f4494: ;   {metadata(method data for {method} {0x0000015f35071800} 'isLatin1' '()Z' in 'java/lang/AbstractStringBuilder')}
  0x0000015f0e6f4494: 0148 bad8 | b901 765f | 0100 0044 | 8b82 cc00 | 0000 4183 | c002 4489 | 82cc 0000 | 0041 81e0 
  0x0000015f0e6f44b4: feff 1f00 | 4183 f800 | 0f84 d80d 

  0x0000015f0e6f44c0: ;   {metadata(method data for {method} {0x0000015f35071800} 'isLatin1' '()Z' in 'java/lang/AbstractStringBuilder')}
  0x0000015f0e6f44c0: 0000 48ba | d8b9 0176 | 5f01 0000 | ff82 2001 | 0000 488b | 8424 e001 | 0000 0fbe | 5010 83fa 
  0x0000015f0e6f44e0: ;   {metadata(method data for {method} {0x0000015f35071800} 'isLatin1' '()Z' in 'java/lang/AbstractStringBuilder')}
  0x0000015f0e6f44e0: 0048 bad8 | b901 765f | 0100 0049 | b830 0100 | 0000 0000 | 000f 850a | 0000 0049 | b840 0100 
  0x0000015f0e6f4500: 0000 0000 | 004e 8b0c | 024d 8d49 | 014e 890c | 020f 851a 

  0x0000015f0e6f4514: ;   {metadata(method data for {method} {0x0000015f35071800} 'isLatin1' '()Z' in 'java/lang/AbstractStringBuilder')}
  0x0000015f0e6f4514: 0000 0048 | bad8 b901 | 765f 0100 | 00ff 8250 | 0100 00ba | 0100 0000 | e905 0000 | 00ba 0000 
  0x0000015f0e6f4534: 0000 83e2 | 0183 fa00 

  0x0000015f0e6f453c: ;   {metadata(method data for {method} {0x0000015f35425450} 'toString' '()Ljava/lang/String;' in 'java/lang/StringBuilder')}
  0x0000015f0e6f453c: 48ba f8b7 | 0176 5f01 | 0000 49b8 | 4801 0000 | 0000 0000 | 0f84 0a00 | 0000 49b8 | 5801 0000 
  0x0000015f0e6f455c: 0000 0000 | 4e8b 0c02 | 4d8d 4901 | 4e89 0c02 | 0f84 3f00 | 0000 8b50 | 1448 c1e2 | 0344 8b48 
  0x0000015f0e6f457c: ;   {metadata(method data for {method} {0x0000015f35425450} 'toString' '()Ljava/lang/String;' in 'java/lang/StringBuilder')}
  0x0000015f0e6f457c: 0c49 b8f8 | b701 765f | 0100 0049 | 8380 6801 | 0000 0141 | b800 0000 

  0x0000015f0e6f4594: ;   {static_call}
  0x0000015f0e6f4594: 0066 90e8 

  0x0000015f0e6f4598: ; ImmutableOopMap {[168]=Oop [488]=Oop [552]=Oop }
                      ;*invokestatic newString {reexecute=0 rethrow=0 return_oop=0}
                      ; - java.lang.StringBuilder::toString@16 (line 453)
                      ; - org.bytedeco.javacv.FFmpegFrameRecorder::recordImage@802 (line 1056)
  0x0000015f0e6f4598: e48d f606 

  0x0000015f0e6f459c: ;   {metadata(method data for {method} {0x0000015f35425450} 'toString' '()Ljava/lang/String;' in 'java/lang/StringBuilder')}
  0x0000015f0e6f459c: 48ba f8b7 | 0176 5f01 | 0000 ff82 | 7801 0000 | e9b1 0000 | 008b 5014 | 48c1 e203 | 448b 480c 
  0x0000015f0e6f45bc: ;   {metadata(method data for {method} {0x0000015f35425450} 'toString' '()Ljava/lang/String;' in 'java/lang/StringBuilder')}
  0x0000015f0e6f45bc: 49b8 f8b7 | 0176 5f01 | 0000 4983 | 8090 0100 | 0001 41b8 | 0000 0000 

  0x0000015f0e6f45d4: ;   {static_call}
  0x0000015f0e6f45d4: 6666 90e8 

  0x0000015f0e6f45d8: ; ImmutableOopMap {[168]=Oop [488]=Oop [552]=Oop }
                      ;*invokestatic newString {reexecute=0 rethrow=0 return_oop=0}
                      ; - java.lang.StringBuilder::toString@31 (line 454)
                      ; - org.bytedeco.javacv.FFmpegFrameRecorder::recordImage@802 (line 1056)
  0x0000015f0e6f45d8: a48d f606 | e981 0000 | 0048 8b84 | 24a8 0000 

  0x0000015f0e6f45e8: ;   {metadata(method data for {method} {0x0000015f7732f1b0} 'recordImage' '(IIIIII[Ljava/nio/Buffer;)Z' in 'org/bytedeco/javacv/FFmpegFrameRecorder')}
  0x0000015f0e6f45e8: 0048 ba00 | 004c 775f 

  0x0000015f0e6f45f0: ;   {metadata('org/bytedeco/javacpp/PointerScope')}
  0x0000015f0e6f45f0: 0100 0049 | bac8 d301 | 365f 0100 | 004c 8992 | f018 0000 | 4883 82f8 | 1800 0001 | 488b 9424 
  0x0000015f0e6f4610: a800 0000 

  0x0000015f0e6f4614: ;   {optimized virtual_call}
  0x0000015f0e6f4614: 6666 90e8 

  0x0000015f0e6f4618: ; ImmutableOopMap {[552]=Oop }
                      ;*invokevirtual close {reexecute=0 rethrow=0 return_oop=0}
                      ; - org.bytedeco.javacv.FFmpegFrameRecorder::recordImage@1135 (line 1088)
  0x0000015f0e6f4618: c489 0e00 | 8bb4 24f0 | 0100 0048 | 8d84 2420 | 0200 004c | 8b00 4d85 | c00f 840f | 0000 0048 
  0x0000015f0e6f4638: 8b50 08f0 | 4c0f b102 | 0f85 750c | 0000 83e6 | 0148 8bc6 | 4881 c440 | 0200 005d 

  0x0000015f0e6f4654: ;   {poll_return}
  0x0000015f0e6f4654: 493b a748 | 0300 000f | 8770 0c00 | 00c3 488b | b424 e801 | 0000 4c8b 

  0x0000015f0e6f466c: ;   {metadata(method data for {method} {0x0000015f7732f1b0} 'recordImage' '(IIIIII[Ljava/nio/Buffer;)Z' in 'org/bytedeco/javacv/FFmpegFrameRecorder')}
  0x0000015f0e6f466c: c648 ba00 | 004c 775f | 0100 0048 | 8382 8011 | 0000 014c | 8bc0 488b 

  0x0000015f0e6f4684: ;   {optimized virtual_call}
  0x0000015f0e6f4684: d666 90e8 

  0x0000015f0e6f4688: ; ImmutableOopMap {[168]=Oop [488]=Oop [552]=Oop }
                      ;*invokespecial <init> {reexecute=0 rethrow=0 return_oop=0}
                      ; - org.bytedeco.javacv.FFmpegFrameRecorder::recordImage@805 (line 1056)
  0x0000015f0e6f4688: f486 f606 | 488b 8424 

  0x0000015f0e6f4690: ; ImmutableOopMap {[168]=Oop [552]=Oop rax=Oop }
                      ;*athrow {reexecute=1 rethrow=0 return_oop=0}
                      ; - (reexecute) org.bytedeco.javacv.FFmpegFrameRecorder::recordImage@808 (line 1056)
  0x0000015f0e6f4690: e801 0000 

  0x0000015f0e6f4694: ;   {section_word}
  0x0000015f0e6f4694: 48ba 9446 | 6f0e 5f01 

  0x0000015f0e6f469c: ;   {runtime_call handle_exception_nofpu Runtime1 stub}
  0x0000015f0e6f469c: 0000 e8dd | 4001 0790 | 488b b424 | d801 0000 

  0x0000015f0e6f46ac: ;   {metadata(method data for {method} {0x0000015f7732f1b0} 'recordImage' '(IIIIII[Ljava/nio/Buffer;)Z' in 'org/bytedeco/javacv/FFmpegFrameRecorder')}
  0x0000015f0e6f46ac: 4c8b c648 | ba00 004c | 775f 0100 | 0048 8382 | e813 0000 | 014c 8bc0 

  0x0000015f0e6f46c4: ;   {optimized virtual_call}
  0x0000015f0e6f46c4: 488b d6e8 

  0x0000015f0e6f46c8: ; ImmutableOopMap {[168]=Oop [472]=Oop [552]=Oop }
                      ;*invokespecial <init> {reexecute=0 rethrow=0 return_oop=0}
                      ; - org.bytedeco.javacv.FFmpegFrameRecorder::recordImage@932 (line 1070)
  0x0000015f0e6f46c8: b486 f606 | 488b 8424 

  0x0000015f0e6f46d0: ; ImmutableOopMap {[168]=Oop [552]=Oop rax=Oop }
                      ;*athrow {reexecute=1 rethrow=0 return_oop=0}
                      ; - (reexecute) org.bytedeco.javacv.FFmpegFrameRecorder::recordImage@935 (line 1070)
  0x0000015f0e6f46d0: d801 0000 

  0x0000015f0e6f46d4: ;   {section_word}
  0x0000015f0e6f46d4: 48ba d446 | 6f0e 5f01 

  0x0000015f0e6f46dc: ;   {runtime_call handle_exception_nofpu Runtime1 stub}
  0x0000015f0e6f46dc: 0000 e89d | 4001 0790 | 0f1f 4000 

  0x0000015f0e6f46e8: ;   {no_reloc}
  0x0000015f0e6f46e8: e909 0c00 | 0000 0000 | 0000 80ba | 3301 0000 | 040f 8506 | 0c00 0049 | 8b87 0801 | 0000 488d 
  0x0000015f0e6f4708: 7828 493b | bf18 0100 | 000f 87ee | 0b00 0049 | 89bf 0801 | 0000 48c7 | 0001 0000 | 0048 8bca 
  0x0000015f0e6f4728: 49ba 0000 | 0035 5f01 | 0000 492b | ca89 4808 | 4833 c989 | 480c 4833 | c948 8948 | 1048 8948 
  0x0000015f0e6f4748: 1848 8948 | 204c 8bc0 

  0x0000015f0e6f4750: ;   {metadata(method data for {method} {0x0000015f7732f1b0} 'recordImage' '(IIIIII[Ljava/nio/Buffer;)Z' in 'org/bytedeco/javacv/FFmpegFrameRecorder')}
  0x0000015f0e6f4750: 48ba 0000 | 4c77 5f01 | 0000 4883 | 82d0 0900 

  0x0000015f0e6f4760: ;   {oop("sws_getCachedContext() error: Cannot initialize the conversion context."{0x0000000604474c50})}
  0x0000015f0e6f4760: 0001 49b8 | 504c 4704 | 0600 0000 | 488b d048 | 8984 24f8 

  0x0000015f0e6f4774: ;   {optimized virtual_call}
  0x0000015f0e6f4774: 0100 00e8 

  0x0000015f0e6f4778: ; ImmutableOopMap {[168]=Oop [504]=Oop [552]=Oop }
                      ;*invokespecial <init> {reexecute=0 rethrow=0 return_oop=0}
                      ; - org.bytedeco.javacv.FFmpegFrameRecorder::recordImage@434 (line 1019)
  0x0000015f0e6f4778: 0486 f606 | 488b 8424 

  0x0000015f0e6f4780: ; ImmutableOopMap {[168]=Oop [552]=Oop rax=Oop }
                      ;*athrow {reexecute=1 rethrow=0 return_oop=0}
                      ; - (reexecute) org.bytedeco.javacv.FFmpegFrameRecorder::recordImage@437 (line 1019)
  0x0000015f0e6f4780: f801 0000 

  0x0000015f0e6f4784: ;   {section_word}
  0x0000015f0e6f4784: 48ba 8447 | 6f0e 5f01 

  0x0000015f0e6f478c: ;   {runtime_call handle_exception_nofpu Runtime1 stub}
  0x0000015f0e6f478c: 0000 e8ed | 3f01 0790 | 488b b424 | f000 0000 

  0x0000015f0e6f479c: ;   {metadata(method data for {method} {0x0000015f7732f1b0} 'recordImage' '(IIIIII[Ljava/nio/Buffer;)Z' in 'org/bytedeco/javacv/FFmpegFrameRecorder')}
  0x0000015f0e6f479c: 4c8b c648 | ba00 004c | 775f 0100 | 0048 8382 | 5007 0000 | 014c 8bc0 

  0x0000015f0e6f47b4: ;   {optimized virtual_call}
  0x0000015f0e6f47b4: 488b d6e8 

  0x0000015f0e6f47b8: ; ImmutableOopMap {[168]=Oop [240]=Oop [552]=Oop }
                      ;*invokespecial <init> {reexecute=0 rethrow=0 return_oop=0}
                      ; - org.bytedeco.javacv.FFmpegFrameRecorder::recordImage@315 (line 1004)
  0x0000015f0e6f47b8: c485 f606 | 488b 8424 

  0x0000015f0e6f47c0: ; ImmutableOopMap {[168]=Oop [552]=Oop rax=Oop }
                      ;*athrow {reexecute=1 rethrow=0 return_oop=0}
                      ; - (reexecute) org.bytedeco.javacv.FFmpegFrameRecorder::recordImage@318 (line 1004)
  0x0000015f0e6f47c0: f000 0000 

  0x0000015f0e6f47c4: ;   {section_word}
  0x0000015f0e6f47c4: 48ba c447 | 6f0e 5f01 

  0x0000015f0e6f47cc: ;   {runtime_call handle_exception_nofpu Runtime1 stub}
  0x0000015f0e6f47cc: 0000 e8ad | 3f01 0790 | 0f1f 4000 

  0x0000015f0e6f47d8: ;   {no_reloc}
  0x0000015f0e6f47d8: e944 0b00 | 0000 0000 | 0000 80ba | 3301 0000 | 040f 8541 | 0b00 0049 | 8b87 0801 | 0000 488d 
  0x0000015f0e6f47f8: 7828 493b | bf18 0100 | 000f 8729 | 0b00 0049 | 89bf 0801 | 0000 48c7 | 0001 0000 | 0048 8bca 
  0x0000015f0e6f4818: 49ba 0000 | 0035 5f01 | 0000 492b | ca89 4808 | 4833 c989 | 480c 4833 | c948 8948 | 1048 8948 
  0x0000015f0e6f4838: 1848 8948 | 204c 8bc0 

  0x0000015f0e6f4840: ;   {metadata(method data for {method} {0x0000015f7732f1b0} 'recordImage' '(IIIIII[Ljava/nio/Buffer;)Z' in 'org/bytedeco/javacv/FFmpegFrameRecorder')}
  0x0000015f0e6f4840: 48ba 0000 | 4c77 5f01 | 0000 4883 | 8270 0100 

  0x0000015f0e6f4850: ;   {oop("start() was not called successfully!"{0x0000000604474d10})}
  0x0000015f0e6f4850: 0001 49b8 | 104d 4704 | 0600 0000 | 488b d048 | 8984 2400 

  0x0000015f0e6f4864: ;   {optimized virtual_call}
  0x0000015f0e6f4864: 0200 00e8 

  0x0000015f0e6f4868: ; ImmutableOopMap {[168]=Oop [512]=Oop [552]=Oop }
                      ;*invokespecial <init> {reexecute=0 rethrow=0 return_oop=0}
                      ; - org.bytedeco.javacv.FFmpegFrameRecorder::recordImage@48 (line 977)
  0x0000015f0e6f4868: 1485 f606 | 488b 8424 

  0x0000015f0e6f4870: ; ImmutableOopMap {[168]=Oop [552]=Oop rax=Oop }
                      ;*athrow {reexecute=1 rethrow=0 return_oop=0}
                      ; - (reexecute) org.bytedeco.javacv.FFmpegFrameRecorder::recordImage@51 (line 977)
  0x0000015f0e6f4870: 0002 0000 

  0x0000015f0e6f4874: ;   {section_word}
  0x0000015f0e6f4874: 48ba 7448 | 6f0e 5f01 

  0x0000015f0e6f487c: ;   {runtime_call handle_exception_nofpu Runtime1 stub}
  0x0000015f0e6f487c: 0000 e8fd | 3e01 0790 | 0f1f 4000 

  0x0000015f0e6f4888: ;   {no_reloc}
  0x0000015f0e6f4888: e9bf 0a00 | 0000 0000 | 0000 80ba | 3301 0000 | 040f 85bc | 0a00 0049 | 8b87 0801 | 0000 488d 
  0x0000015f0e6f48a8: 7828 493b | bf18 0100 | 000f 87a4 | 0a00 0049 | 89bf 0801 | 0000 48c7 | 0001 0000 | 0048 8bca 
  0x0000015f0e6f48c8: 49ba 0000 | 0035 5f01 | 0000 492b | ca89 4808 | 4833 c989 | 480c 4833 | c948 8948 | 1048 8948 
  0x0000015f0e6f48e8: 1848 8948 | 204c 8bc0 

  0x0000015f0e6f48f0: ;   {metadata(method data for {method} {0x0000015f7732f1b0} 'recordImage' '(IIIIII[Ljava/nio/Buffer;)Z' in 'org/bytedeco/javacv/FFmpegFrameRecorder')}
  0x0000015f0e6f48f0: 48ba 0000 | 4c77 5f01 | 0000 4883 | 8240 0100 

  0x0000015f0e6f4900: ;   {oop("No video output stream (Is imageWidth > 0 && imageHeight > 0 and has start() been called?)"{0x00000006044cc4a8})}
  0x0000015f0e6f4900: 0001 49b8 | a8c4 4c04 | 0600 0000 | 488b d048 | 8984 2408 

  0x0000015f0e6f4914: ;   {optimized virtual_call}
  0x0000015f0e6f4914: 0200 00e8 

  0x0000015f0e6f4918: ; ImmutableOopMap {[168]=Oop [520]=Oop [552]=Oop }
                      ;*invokespecial <init> {reexecute=0 rethrow=0 return_oop=0}
                      ; - org.bytedeco.javacv.FFmpegFrameRecorder::recordImage@30 (line 974)
  0x0000015f0e6f4918: 6484 f606 | 488b 8424 

  0x0000015f0e6f4920: ; ImmutableOopMap {[168]=Oop [552]=Oop rax=Oop }
                      ;*athrow {reexecute=1 rethrow=0 return_oop=0}
                      ; - (reexecute) org.bytedeco.javacv.FFmpegFrameRecorder::recordImage@33 (line 974)
  0x0000015f0e6f4920: 0802 0000 

  0x0000015f0e6f4924: ;   {section_word}
  0x0000015f0e6f4924: 48ba 2449 | 6f0e 5f01 

  0x0000015f0e6f492c: ;   {runtime_call handle_exception_nofpu Runtime1 stub}
  0x0000015f0e6f492c: 0000 e84d | 3e01 0790 | 498b 87d8 | 0300 004d | 33d2 4d89 | 97d8 0300 | 004d 33d2 | 4d89 97e0 
  0x0000015f0e6f494c: 0300 0048 | 8bf0 488b 

  0x0000015f0e6f4954: ; ImmutableOopMap {[168]=Oop rsi=Oop [552]=Oop rax=Oop }
                      ;*athrow {reexecute=1 rethrow=0 return_oop=0}
                      ; - (reexecute) org.bytedeco.javacv.FFmpegFrameRecorder::recordImage@1149 (line 971)
                      ;   {section_word}
  0x0000015f0e6f4954: c648 ba55 | 496f 0e5f 

  0x0000015f0e6f495c: ;   {runtime_call handle_exception_nofpu Runtime1 stub}
  0x0000015f0e6f495c: 0100 00e8 | 1c3e 0107 | 9049 8b87 | d803 0000 | 4d33 d24d | 8997 d803 | 0000 4d33 | d24d 8997 
  0x0000015f0e6f497c: e003 0000 

  0x0000015f0e6f4980: ;   {metadata(method data for {method} {0x0000015f7732f1b0} 'recordImage' '(IIIIII[Ljava/nio/Buffer;)Z' in 'org/bytedeco/javacv/FFmpegFrameRecorder')}
  0x0000015f0e6f4980: 48ba 0000 | 4c77 5f01 | 0000 ff82 | 2819 0000 | 4883 fe00 

  0x0000015f0e6f4994: ;   {metadata(method data for {method} {0x0000015f7732f1b0} 'recordImage' '(IIIIII[Ljava/nio/Buffer;)Z' in 'org/bytedeco/javacv/FFmpegFrameRecorder')}
  0x0000015f0e6f4994: 48ba 0000 | 4c77 5f01 | 0000 48bf | 3819 0000 | 0000 0000 | 0f84 0a00 | 0000 48bf | 4819 0000 
  0x0000015f0e6f49b4: 0000 0000 | 488b 1c3a | 488d 5b01 | 4889 1c3a | 4889 8424 | 1802 0000 | 0f84 5700 | 0000 4889 
  0x0000015f0e6f49d4: b424 1002 | 0000 488b | 9424 a800 

  0x0000015f0e6f49e0: ;   {metadata(method data for {method} {0x0000015f7732f1b0} 'recordImage' '(IIIIII[Ljava/nio/Buffer;)Z' in 'org/bytedeco/javacv/FFmpegFrameRecorder')}
  0x0000015f0e6f49e0: 0000 48bf | 0000 4c77 | 5f01 0000 

  0x0000015f0e6f49ec: ;   {metadata('org/bytedeco/javacpp/PointerScope')}
  0x0000015f0e6f49ec: 49ba c8d3 | 0136 5f01 | 0000 4c89 | 9768 1900 | 0048 8387 | 7019 0000 | 0148 8b94 | 24a8 0000 
  0x0000015f0e6f4a0c: ;   {optimized virtual_call}
  0x0000015f0e6f4a0c: 0066 90e8 

  0x0000015f0e6f4a10: ; ImmutableOopMap {[536]=Oop [528]=Oop [552]=Oop }
                      ;*invokevirtual close {reexecute=0 rethrow=0 return_oop=0}
                      ; - org.bytedeco.javacv.FFmpegFrameRecorder::recordImage@1164 (line 1088)
  0x0000015f0e6f4a10: 6c83 f606 

  0x0000015f0e6f4a14: ;   {metadata(method data for {method} {0x0000015f7732f1b0} 'recordImage' '(IIIIII[Ljava/nio/Buffer;)Z' in 'org/bytedeco/javacv/FFmpegFrameRecorder')}
  0x0000015f0e6f4a14: 48ba 0000 | 4c77 5f01 | 0000 ff82 | 9019 0000 | e993 0000 | 0048 8b84 | 24a8 0000 | 0048 8bd0 
  0x0000015f0e6f4a34: ;   {metadata(method data for {method} {0x0000015f7732f1b0} 'recordImage' '(IIIIII[Ljava/nio/Buffer;)Z' in 'org/bytedeco/javacv/FFmpegFrameRecorder')}
  0x0000015f0e6f4a34: 48be 0000 | 4c77 5f01 

  0x0000015f0e6f4a3c: ;   {metadata('org/bytedeco/javacpp/PointerScope')}
  0x0000015f0e6f4a3c: 0000 49ba | c8d3 0136 | 5f01 0000 | 4c89 9608 | 1a00 0048 | 8386 101a | 0000 0148 | 8bd0 0f1f 
  0x0000015f0e6f4a5c: ;   {optimized virtual_call}
  0x0000015f0e6f4a5c: 4400 00e8 

  0x0000015f0e6f4a60: ; ImmutableOopMap {[536]=Oop [552]=Oop }
                      ;*invokevirtual close {reexecute=0 rethrow=0 return_oop=0}
                      ; - org.bytedeco.javacv.FFmpegFrameRecorder::recordImage@1184 (line 1088)
  0x0000015f0e6f4a60: 1c83 f606 | e953 0000 | 0049 8b87 | d803 0000 | 4d33 d24d | 8997 d803 | 0000 4d33 | d24d 8997 
  0x0000015f0e6f4a80: e003 0000 

  0x0000015f0e6f4a84: ; implicit exception: dispatches to 0x0000015f0e6f5368
  0x0000015f0e6f4a84: 483b 064c 

  0x0000015f0e6f4a88: ;   {metadata(method data for {method} {0x0000015f7732f1b0} 'recordImage' '(IIIIII[Ljava/nio/Buffer;)Z' in 'org/bytedeco/javacv/FFmpegFrameRecorder')}
  0x0000015f0e6f4a88: 8bc6 48ba | 0000 4c77 | 5f01 0000 | 4883 82a8 | 1900 0001 | 4c8b c048 | 8bd6 0f1f 

  0x0000015f0e6f4aa4: ;   {optimized virtual_call}
  0x0000015f0e6f4aa4: 4400 00e8 

  0x0000015f0e6f4aa8: ; ImmutableOopMap {[536]=Oop [552]=Oop }
                      ;*invokevirtual addSuppressed {reexecute=0 rethrow=0 return_oop=0}
                      ; - org.bytedeco.javacv.FFmpegFrameRecorder::recordImage@1176 (line 1088)
  0x0000015f0e6f4aa8: d482 f606 

  0x0000015f0e6f4aac: ;   {metadata(method data for {method} {0x0000015f7732f1b0} 'recordImage' '(IIIIII[Ljava/nio/Buffer;)Z' in 'org/bytedeco/javacv/FFmpegFrameRecorder')}
  0x0000015f0e6f4aac: 48b8 0000 | 4c77 5f01 | 0000 ff80 | e019 0000 | 488b 8424 | 1802 0000 | e998 1300 | 0048 8954 
  0x0000015f0e6f4acc: 2408 4889 

  0x0000015f0e6f4ad0: ;   {runtime_call monitorenter_nofpu Runtime1 stub}
  0x0000015f0e6f4ad0: 1c24 e8a9 

  0x0000015f0e6f4ad4: ; ImmutableOopMap {rdx=Oop [184]=Oop [600]=Oop [552]=Oop }
                      ;*synchronization entry
                      ; - org.bytedeco.javacv.FFmpegFrameRecorder::recordImage@-1 (line 971)
  0x0000015f0e6f4ad4: 5401 07e9 | adc2 ffff 

  0x0000015f0e6f4adc: ;   {metadata({method} {0x0000015f7732f1b0} 'recordImage' '(IIIIII[Ljava/nio/Buffer;)Z' in 'org/bytedeco/javacv/FFmpegFrameRecorder')}
  0x0000015f0e6f4adc: 49ba a8f1 | 3277 5f01 | 0000 4c89 | 5424 0848 | c704 24ff 

  0x0000015f0e6f4af0: ;   {runtime_call counter_overflow Runtime1 stub}
  0x0000015f0e6f4af0: ffff ffe8 

  0x0000015f0e6f4af4: ; ImmutableOopMap {rdx=Oop [184]=Oop [600]=Oop [552]=Oop }
                      ;*synchronization entry
                      ; - org.bytedeco.javacv.FFmpegFrameRecorder::recordImage@-1 (line 971)
  0x0000015f0e6f4af4: 8875 0107 | e9b4 c2ff | ff48 8bd2 

  0x0000015f0e6f4b00: ;   {runtime_call fast_new_instance Runtime1 stub}
  0x0000015f0e6f4b00: e87b 2d01 

  0x0000015f0e6f4b04: ; ImmutableOopMap {[600]=Oop [184]=Oop [552]=Oop }
                      ;*new {reexecute=0 rethrow=0 return_oop=0}
                      ; - org.bytedeco.javacv.FFmpegFrameRecorder::recordImage@0 (line 971)
  0x0000015f0e6f4b04: 07e9 fec2 

  0x0000015f0e6f4b08: ;   {runtime_call new_object_array Runtime1 stub}
  0x0000015f0e6f4b08: ffff e871 

  0x0000015f0e6f4b0c: ; ImmutableOopMap {[600]=Oop [184]=Oop [168]=Oop [552]=Oop }
                      ;*anewarray {reexecute=0 rethrow=0 return_oop=0}
                      ; - org.bytedeco.javacv.FFmpegFrameRecorder::recordImage@5 (line 971)
  0x0000015f0e6f4b0c: 3601 07e9 | 93c3 ffff 

  0x0000015f0e6f4b14: ;   {runtime_call throw_null_pointer_exception Runtime1 stub}
  0x0000015f0e6f4b14: e887 2101 

  0x0000015f0e6f4b18: ; ImmutableOopMap {[168]=Oop rdx=Oop [184]=Oop rbx=Oop [600]=Oop [552]=Oop }
                      ;*arraylength {reexecute=0 rethrow=0 return_oop=0}
                      ; - org.bytedeco.javacv.FFmpegFrameRecorder::recordImage@59 (line 981)
                      ;   {metadata({method} {0x0000015f353f2550} 'abs' '(I)I' in 'java/lang/Math')}
  0x0000015f0e6f4b18: 0749 ba48 | 253f 355f | 0100 004c | 8954 2408 | 48c7 0424 | ffff ffff 

  0x0000015f0e6f4b30: ;   {runtime_call counter_overflow Runtime1 stub}
  0x0000015f0e6f4b30: e84b 7501 

  0x0000015f0e6f4b34: ; ImmutableOopMap {[168]=Oop rdx=Oop [184]=Oop rbx=Oop [600]=Oop [552]=Oop }
                      ;*synchronization entry
                      ; - java.lang.Math::abs@-1 (line 1425)
                      ; - org.bytedeco.javacv.FFmpegFrameRecorder::recordImage@69 (line 986)
  0x0000015f0e6f4b34: 07e9 f7c4 

  0x0000015f0e6f4b38: ;   {runtime_call throw_div0_exception Runtime1 stub}
  0x0000015f0e6f4b38: ffff e861 

  0x0000015f0e6f4b3c: ; ImmutableOopMap {[168]=Oop rbx=Oop [600]=Oop [184]=Oop [552]=Oop }
                      ;*idiv {reexecute=0 rethrow=0 return_oop=0}
                      ; - org.bytedeco.javacv.FFmpegFrameRecorder::recordImage@75 (line 986)
  0x0000015f0e6f4b3c: 1e01 0748 | c704 2400 | 0000 0048 | 895c 2408 

  0x0000015f0e6f4b4c: ;   {runtime_call throw_range_check_failed Runtime1 stub}
  0x0000015f0e6f4b4c: e84f 1801 

  0x0000015f0e6f4b50: ; ImmutableOopMap {[168]=Oop rbx=Oop [600]=Oop [184]=Oop [552]=Oop }
                      ;*aaload {reexecute=0 rethrow=0 return_oop=0}
                      ; - org.bytedeco.javacv.FFmpegFrameRecorder::recordImage@81 (line 987)
  0x0000015f0e6f4b50: 0748 8bd2 

  0x0000015f0e6f4b54: ;   {runtime_call fast_new_instance Runtime1 stub}
  0x0000015f0e6f4b54: e827 2d01 

  0x0000015f0e6f4b58: ; ImmutableOopMap {[168]=Oop r8=Oop [600]=Oop [184]=Oop [552]=Oop }
                      ;*new {reexecute=0 rethrow=0 return_oop=0}
                      ; - org.bytedeco.javacv.FFmpegFrameRecorder::recordImage@88 (line 987)
  0x0000015f0e6f4b58: 07e9 fbc6 | ffff 4c89 

  0x0000015f0e6f4b60: ;   {runtime_call throw_class_cast_exception Runtime1 stub}
  0x0000015f0e6f4b60: 0424 e839 

  0x0000015f0e6f4b64: ; ImmutableOopMap {[168]=Oop [600]=Oop [184]=Oop rax=Oop [552]=Oop }
                      ;*checkcast {reexecute=0 rethrow=0 return_oop=0}
                      ; - org.bytedeco.javacv.FFmpegFrameRecorder::recordImage@96 (line 987)
                      ;   {metadata({method} {0x0000015f7642f910} 'position' '(J)Lorg/bytedeco/javacpp/BytePointer;' in 'org/bytedeco/javacpp/BytePointer')}
  0x0000015f0e6f4b64: 4801 0749 | ba08 f942 | 765f 0100 | 004c 8954 | 2408 48c7 | 0424 ffff 

  0x0000015f0e6f4b7c: ;   {runtime_call counter_overflow Runtime1 stub}
  0x0000015f0e6f4b7c: ffff e8fd 

  0x0000015f0e6f4b80: ; ImmutableOopMap {[168]=Oop [600]=Oop [208]=Oop [184]=Oop [552]=Oop }
                      ;*synchronization entry
                      ; - org.bytedeco.javacpp.BytePointer::position@-1 (line 147)
                      ; - org.bytedeco.javacv.FFmpegFrameRecorder::recordImage@103 (line 988)
  0x0000015f0e6f4b80: 7401 07e9 | 3fc8 ffff 

  0x0000015f0e6f4b88: ;   {metadata({method} {0x0000015f76407a00} 'position' '(J)Lorg/bytedeco/javacpp/Pointer;' in 'org/bytedeco/javacpp/Pointer')}
  0x0000015f0e6f4b88: 49ba f879 | 4076 5f01 | 0000 4c89 | 5424 0848 | c704 24ff 

  0x0000015f0e6f4b9c: ;   {runtime_call counter_overflow Runtime1 stub}
  0x0000015f0e6f4b9c: ffff ffe8 

  0x0000015f0e6f4ba0: ; ImmutableOopMap {[168]=Oop [600]=Oop [208]=Oop [184]=Oop [552]=Oop }
                      ;*synchronization entry
                      ; - org.bytedeco.javacpp.Pointer::position@-1 (line 630)
                      ; - org.bytedeco.javacpp.BytePointer::position@2 (line 147)
                      ; - org.bytedeco.javacv.FFmpegFrameRecorder::recordImage@103 (line 988)
  0x0000015f0e6f4ba0: dc74 0107 | e960 c8ff | ff48 8bd2 

  0x0000015f0e6f4bac: ;   {runtime_call fast_new_instance Runtime1 stub}
  0x0000015f0e6f4bac: e8cf 2c01 

  0x0000015f0e6f4bb0: ; ImmutableOopMap {[168]=Oop [600]=Oop [184]=Oop r8=Oop [552]=Oop }
                      ;*new {reexecute=0 rethrow=0 return_oop=0}
                      ; - org.bytedeco.javacv.FFmpegFrameRecorder::recordImage@109 (line 988)
  0x0000015f0e6f4bb0: 07e9 dac8 

  0x0000015f0e6f4bb4: ;   {metadata(NULL)}
  0x0000015f0e6f4bb4: ffff 48ba | 0000 0000 | 0000 0000 | b800 0f05 

  0x0000015f0e6f4bc4: ;   {runtime_call load_klass_patching Runtime1 stub}
  0x0000015f0e6f4bc4: 0ae8 3664 

  0x0000015f0e6f4bc8: ; ImmutableOopMap {[168]=Oop [600]=Oop [184]=Oop r8=Oop rax=Oop [552]=Oop }
                      ;*new {reexecute=1 rethrow=0 return_oop=0}
                      ; - (reexecute) org.bytedeco.javacv.FFmpegFrameRecorder::recordImage@113 (line 988)
  0x0000015f0e6f4bc8: 0107 e9c1 | c8ff ff48 

  0x0000015f0e6f4bd0: ;   {runtime_call fast_new_instance Runtime1 stub}
  0x0000015f0e6f4bd0: 8bd2 e8a9 

  0x0000015f0e6f4bd4: ; ImmutableOopMap {[168]=Oop [600]=Oop [184]=Oop r8=Oop [224]=Oop [552]=Oop }
                      ;*new {reexecute=0 rethrow=0 return_oop=0}
                      ; - org.bytedeco.javacv.FFmpegFrameRecorder::recordImage@113 (line 988)
  0x0000015f0e6f4bd4: 2c01 07e9 | 18c9 ffff 

  0x0000015f0e6f4bdc: ;   {metadata({method} {0x0000015f76407a00} 'position' '(J)Lorg/bytedeco/javacpp/Pointer;' in 'org/bytedeco/javacpp/Pointer')}
  0x0000015f0e6f4bdc: 49ba f879 | 4076 5f01 | 0000 4c89 | 5424 0848 | c704 24ff 

  0x0000015f0e6f4bf0: ;   {runtime_call counter_overflow Runtime1 stub}
  0x0000015f0e6f4bf0: ffff ffe8 

  0x0000015f0e6f4bf4: ; ImmutableOopMap {[168]=Oop [600]=Oop [184]=Oop [224]=Oop [216]=Oop [552]=Oop }
                      ;*synchronization entry
                      ; - org.bytedeco.javacpp.Pointer::position@-1 (line 630)
                      ; - org.bytedeco.javacv.FFmpegFrameRecorder::recordImage@125 (line 989)
  0x0000015f0e6f4bf4: 8874 0107 | e9e7 c9ff 

  0x0000015f0e6f4bfc: ;   {metadata({method} {0x0000015f7642f7c8} '<init>' '(Lorg/bytedeco/javacpp/Pointer;)V' in 'org/bytedeco/javacpp/BytePointer')}
  0x0000015f0e6f4bfc: ff49 bac0 | f742 765f | 0100 004c | 8954 2408 | 48c7 0424 | ffff ffff 

  0x0000015f0e6f4c14: ;   {runtime_call counter_overflow Runtime1 stub}
  0x0000015f0e6f4c14: e867 7401 

  0x0000015f0e6f4c18: ; ImmutableOopMap {[168]=Oop [600]=Oop [184]=Oop [224]=Oop rax=Oop [552]=Oop }
                      ;*synchronization entry
                      ; - org.bytedeco.javacpp.BytePointer::<init>@-1 (line 142)
                      ; - org.bytedeco.javacv.FFmpegFrameRecorder::recordImage@128 (line 989)
  0x0000015f0e6f4c18: 07e9 20ca 

  0x0000015f0e6f4c1c: ;   {metadata(NULL)}
  0x0000015f0e6f4c1c: ffff 48ba | 0000 0000 | 0000 0000 | b800 0f05 

  0x0000015f0e6f4c2c: ;   {runtime_call load_klass_patching Runtime1 stub}
  0x0000015f0e6f4c2c: 0ae8 ce63 

  0x0000015f0e6f4c30: ; ImmutableOopMap {[168]=Oop [552]=Oop }
                      ;*new {reexecute=1 rethrow=0 return_oop=0}
                      ; - (reexecute) org.bytedeco.javacv.FFmpegFrameRecorder::recordImage@280 (line 1004)
  0x0000015f0e6f4c30: 0107 e901 

  0x0000015f0e6f4c34: ;   {runtime_call throw_null_pointer_exception Runtime1 stub}
  0x0000015f0e6f4c34: ceff ffe8 

  0x0000015f0e6f4c38: ; ImmutableOopMap {[168]=Oop [552]=Oop }
                      ;*new {reexecute=0 rethrow=0 return_oop=0}
                      ; - org.bytedeco.javacv.FFmpegFrameRecorder::recordImage@280 (line 1004)
  0x0000015f0e6f4c38: 6420 0107 

  0x0000015f0e6f4c3c: ;   {runtime_call fast_new_instance_init_check Runtime1 stub}
  0x0000015f0e6f4c3c: 488b d2e8 

  0x0000015f0e6f4c40: ; ImmutableOopMap {[168]=Oop [552]=Oop }
                      ;*new {reexecute=0 rethrow=0 return_oop=0}
                      ; - org.bytedeco.javacv.FFmpegFrameRecorder::recordImage@280 (line 1004)
  0x0000015f0e6f4c40: 3c2f 0107 | e954 ceff 

  0x0000015f0e6f4c48: ;   {metadata(NULL)}
  0x0000015f0e6f4c48: ff48 ba00 | 0000 0000 | 0000 00b8 | 000f 050a 

  0x0000015f0e6f4c58: ;   {runtime_call load_klass_patching Runtime1 stub}
  0x0000015f0e6f4c58: e8a3 6301 

  0x0000015f0e6f4c5c: ; ImmutableOopMap {[168]=Oop rax=Oop [240]=Oop [552]=Oop }
                      ;*new {reexecute=1 rethrow=0 return_oop=0}
                      ; - (reexecute) org.bytedeco.javacv.FFmpegFrameRecorder::recordImage@284 (line 1004)
  0x0000015f0e6f4c5c: 07e9 46ce | ffff 488b 

  0x0000015f0e6f4c64: ;   {runtime_call fast_new_instance Runtime1 stub}
  0x0000015f0e6f4c64: d2e8 162c 

  0x0000015f0e6f4c68: ; ImmutableOopMap {[168]=Oop [240]=Oop [552]=Oop }
                      ;*new {reexecute=0 rethrow=0 return_oop=0}
                      ; - org.bytedeco.javacv.FFmpegFrameRecorder::recordImage@284 (line 1004)
  0x0000015f0e6f4c68: 0107 e989 

  0x0000015f0e6f4c6c: ;   {metadata({method} {0x0000015f354253f8} '<init>' '()V' in 'java/lang/StringBuilder')}
  0x0000015f0e6f4c6c: ceff ff49 | baf0 5342 | 355f 0100 | 004c 8954 | 2408 48c7 | 0424 ffff 

  0x0000015f0e6f4c84: ;   {runtime_call counter_overflow Runtime1 stub}
  0x0000015f0e6f4c84: ffff e8f5 

  0x0000015f0e6f4c88: ; ImmutableOopMap {[168]=Oop [240]=Oop rax=Oop [552]=Oop }
                      ;*synchronization entry
                      ; - java.lang.StringBuilder::<init>@-1 (line 106)
                      ; - org.bytedeco.javacv.FFmpegFrameRecorder::recordImage@288 (line 1004)
  0x0000015f0e6f4c88: 7301 07e9 | a7ce ffff 

  0x0000015f0e6f4c90: ;   {metadata({method} {0x0000015f35425b30} 'append' '(Ljava/lang/String;)Ljava/lang/StringBuilder;' in 'java/lang/StringBuilder')}
  0x0000015f0e6f4c90: 49ba 285b | 4235 5f01 | 0000 4c89 | 5424 0848 | c704 24ff 

  0x0000015f0e6f4ca4: ;   {runtime_call counter_overflow Runtime1 stub}
  0x0000015f0e6f4ca4: ffff ffe8 

  0x0000015f0e6f4ca8: ; ImmutableOopMap {[168]=Oop [232]=Oop [240]=Oop [552]=Oop }
                      ;*synchronization entry
                      ; - java.lang.StringBuilder::append@-1 (line 179)
                      ; - org.bytedeco.javacv.FFmpegFrameRecorder::recordImage@294 (line 1004)
  0x0000015f0e6f4ca8: d473 0107 | e9f7 ceff 

  0x0000015f0e6f4cb0: ;   {metadata({method} {0x0000015f35425ce8} 'append' '(I)Ljava/lang/StringBuilder;' in 'java/lang/StringBuilder')}
  0x0000015f0e6f4cb0: ff49 bae0 | 5c42 355f | 0100 004c | 8954 2408 | 48c7 0424 | ffff ffff 

  0x0000015f0e6f4cc8: ;   {runtime_call counter_overflow Runtime1 stub}
  0x0000015f0e6f4cc8: e8b3 7301 

  0x0000015f0e6f4ccc: ; ImmutableOopMap {[168]=Oop [232]=Oop [240]=Oop [552]=Oop }
                      ;*synchronization entry
                      ; - java.lang.StringBuilder::append@-1 (line 253)
                      ; - org.bytedeco.javacv.FFmpegFrameRecorder::recordImage@298 (line 1004)
  0x0000015f0e6f4ccc: 07e9 4ecf 

  0x0000015f0e6f4cd0: ;   {metadata({method} {0x0000015f35425b30} 'append' '(Ljava/lang/String;)Ljava/lang/StringBuilder;' in 'java/lang/StringBuilder')}
  0x0000015f0e6f4cd0: ffff 49ba | 285b 4235 | 5f01 0000 | 4c89 5424 | 0848 c704 | 24ff ffff 

  0x0000015f0e6f4ce8: ;   {runtime_call counter_overflow Runtime1 stub}
  0x0000015f0e6f4ce8: ffe8 9273 

  0x0000015f0e6f4cec: ; ImmutableOopMap {[168]=Oop [232]=Oop [240]=Oop [552]=Oop }
                      ;*synchronization entry
                      ; - java.lang.StringBuilder::append@-1 (line 179)
                      ; - org.bytedeco.javacv.FFmpegFrameRecorder::recordImage@304 (line 1004)
  0x0000015f0e6f4cec: 0107 e9a5 

  0x0000015f0e6f4cf0: ;   {metadata({method} {0x0000015f35425ce8} 'append' '(I)Ljava/lang/StringBuilder;' in 'java/lang/StringBuilder')}
  0x0000015f0e6f4cf0: cfff ff49 | bae0 5c42 | 355f 0100 | 004c 8954 | 2408 48c7 | 0424 ffff 

  0x0000015f0e6f4d08: ;   {runtime_call counter_overflow Runtime1 stub}
  0x0000015f0e6f4d08: ffff e871 

  0x0000015f0e6f4d0c: ; ImmutableOopMap {[168]=Oop [232]=Oop [240]=Oop [552]=Oop }
                      ;*synchronization entry
                      ; - java.lang.StringBuilder::append@-1 (line 253)
                      ; - org.bytedeco.javacv.FFmpegFrameRecorder::recordImage@309 (line 1004)
  0x0000015f0e6f4d0c: 7301 07e9 | fccf ffff 

  0x0000015f0e6f4d14: ;   {metadata({method} {0x0000015f35425450} 'toString' '()Ljava/lang/String;' in 'java/lang/StringBuilder')}
  0x0000015f0e6f4d14: 49ba 4854 | 4235 5f01 | 0000 4c89 | 5424 0848 | c704 24ff 

  0x0000015f0e6f4d28: ;   {runtime_call counter_overflow Runtime1 stub}
  0x0000015f0e6f4d28: ffff ffe8 

  0x0000015f0e6f4d2c: ; ImmutableOopMap {[168]=Oop [232]=Oop [240]=Oop [552]=Oop }
                      ;*synchronization entry
                      ; - java.lang.StringBuilder::toString@-1 (line 453)
                      ; - org.bytedeco.javacv.FFmpegFrameRecorder::recordImage@312 (line 1004)
  0x0000015f0e6f4d2c: 5073 0107 | e956 d0ff 

  0x0000015f0e6f4d34: ;   {metadata({method} {0x0000015f35071800} 'isLatin1' '()Z' in 'java/lang/AbstractStringBuilder')}
  0x0000015f0e6f4d34: ff49 baf8 | 1707 355f | 0100 004c | 8954 2408 | 48c7 0424 | ffff ffff 

  0x0000015f0e6f4d4c: ;   {runtime_call counter_overflow Runtime1 stub}
  0x0000015f0e6f4d4c: e82f 7301 

  0x0000015f0e6f4d50: ; ImmutableOopMap {[168]=Oop [232]=Oop [240]=Oop [552]=Oop }
                      ;*synchronization entry
                      ; - java.lang.AbstractStringBuilder::isLatin1@-1 (line 1677)
                      ; - java.lang.StringBuilder::toString@1 (line 453)
                      ; - org.bytedeco.javacv.FFmpegFrameRecorder::recordImage@312 (line 1004)
  0x0000015f0e6f4d50: 07e9 7cd0 

  0x0000015f0e6f4d54: ;   {oop(NULL)}
  0x0000015f0e6f4d54: ffff 48ba | 0000 0000 | 0000 0000 | 5053 488b | 5a10 5756 | 5251 4150 | 4151 4152 | 4153 4883 
  0x0000015f0e6f4d74: ec20 f7c4 | 0f00 0000 | 0f84 1a00 | 0000 4883 

  0x0000015f0e6f4d84: ;   {runtime_call}
  0x0000015f0e6f4d84: ec08 49ba | 20ad b957 | f97f 0000 | 41ff d248 | 83c4 08e9 | 0d00 0000 

  0x0000015f0e6f4d9c: ;   {runtime_call}
  0x0000015f0e6f4d9c: 49ba 20ad | b957 f97f | 0000 41ff | d248 83c4 | 2041 5b41 | 5a41 5941 | 5859 5a5e | 5f48 3b83 
  0x0000015f0e6f4dbc: 3801 0000 | 5b58 0f85 | 0a00 0000 | e985 d1ff | ffb8 007c 

  0x0000015f0e6f4dd0: ;   {runtime_call load_mirror_patching Runtime1 stub}
  0x0000015f0e6f4dd0: 720a e8a9 

  0x0000015f0e6f4dd4: ; ImmutableOopMap {[168]=Oop [600]=Oop [184]=Oop [248]=Oop rax=Oop [552]=Oop }
                      ;*getstatic BIG_ENDIAN {reexecute=1 rethrow=0 return_oop=0}
                      ; - (reexecute) org.bytedeco.javacv.FFmpegFrameRecorder::recordImage@209 (line 997)
  0x0000015f0e6f4dd4: 6601 07e9 | 6cd1 ffff 

  0x0000015f0e6f4ddc: ;   {runtime_call throw_null_pointer_exception Runtime1 stub}
  0x0000015f0e6f4ddc: e8bf 1e01 

  0x0000015f0e6f4de0: ; ImmutableOopMap {[168]=Oop [600]=Oop [184]=Oop [248]=Oop rax=Oop rdx=Oop [552]=Oop }
                      ;*getstatic BIG_ENDIAN {reexecute=1 rethrow=0 return_oop=0}
                      ; - (reexecute) org.bytedeco.javacv.FFmpegFrameRecorder::recordImage@209 (line 997)
  0x0000015f0e6f4de0: 078b 9200 | 0000 00b8 | 000b 0506 

  0x0000015f0e6f4dec: ;   {runtime_call access_field_patching Runtime1 stub}
  0x0000015f0e6f4dec: e88f 5d01 

  0x0000015f0e6f4df0: ; ImmutableOopMap {[168]=Oop [600]=Oop [184]=Oop [248]=Oop rax=Oop rdx=Oop [552]=Oop }
                      ;*getstatic BIG_ENDIAN {reexecute=1 rethrow=0 return_oop=0}
                      ; - (reexecute) org.bytedeco.javacv.FFmpegFrameRecorder::recordImage@209 (line 997)
  0x0000015f0e6f4df0: 07e9 62d1 

  0x0000015f0e6f4df4: ;   {runtime_call throw_null_pointer_exception Runtime1 stub}
  0x0000015f0e6f4df4: ffff e8a5 

  0x0000015f0e6f4df8: ; ImmutableOopMap {[168]=Oop [600]=Oop [184]=Oop [248]=Oop rax=Oop rdx=Oop [552]=Oop }
                      ;*invokevirtual equals {reexecute=0 rethrow=0 return_oop=0}
                      ; - org.bytedeco.javacv.FFmpegFrameRecorder::recordImage@212 (line 997)
                      ;   {metadata({method} {0x0000015f350013b0} 'equals' '(Ljava/lang/Object;)Z' in 'java/lang/Object')}
  0x0000015f0e6f4df8: 1e01 0749 | baa8 1300 | 355f 0100 | 004c 8954 | 2408 48c7 | 0424 ffff 

  0x0000015f0e6f4e10: ;   {runtime_call counter_overflow Runtime1 stub}
  0x0000015f0e6f4e10: ffff e869 

  0x0000015f0e6f4e14: ; ImmutableOopMap {[168]=Oop [600]=Oop [184]=Oop [248]=Oop rax=Oop rdx=Oop [552]=Oop }
                      ;*synchronization entry
                      ; - java.lang.Object::equals@-1 (line 163)
                      ; - org.bytedeco.javacv.FFmpegFrameRecorder::recordImage@212 (line 997)
  0x0000015f0e6f4e14: 7201 07e9 | 0ad2 ffff 

  0x0000015f0e6f4e1c: ;   {runtime_call throw_null_pointer_exception Runtime1 stub}
  0x0000015f0e6f4e1c: e87f 1e01 

  0x0000015f0e6f4e20: ; ImmutableOopMap {[168]=Oop [600]=Oop [248]=Oop rdx=Oop [184]=Oop rdi=Oop [552]=Oop }
                      ;*invokevirtual pix_fmt {reexecute=0 rethrow=0 return_oop=0}
                      ; - org.bytedeco.javacv.FFmpegFrameRecorder::recordImage@333 (line 1012)
                      ;   {runtime_call throw_null_pointer_exception Runtime1 stub}
  0x0000015f0e6f4e20: 07e8 7a1e 

  0x0000015f0e6f4e24: ; ImmutableOopMap {[168]=Oop [600]=Oop [248]=Oop rdx=Oop [184]=Oop rsi=Oop [552]=Oop }
                      ;*invokevirtual width {reexecute=0 rethrow=0 return_oop=0}
                      ; - org.bytedeco.javacv.FFmpegFrameRecorder::recordImage@345 (line 1012)
                      ;   {runtime_call throw_null_pointer_exception Runtime1 stub}
  0x0000015f0e6f4e24: 0107 e875 

  0x0000015f0e6f4e28: ; ImmutableOopMap {[168]=Oop [600]=Oop [248]=Oop rdx=Oop [184]=Oop rsi=Oop [552]=Oop }
                      ;*invokevirtual height {reexecute=0 rethrow=0 return_oop=0}
                      ; - org.bytedeco.javacv.FFmpegFrameRecorder::recordImage@356 (line 1012)
                      ;   {runtime_call throw_null_pointer_exception Runtime1 stub}
  0x0000015f0e6f4e28: 1e01 07e8 

  0x0000015f0e6f4e2c: ; ImmutableOopMap {[168]=Oop [600]=Oop [248]=Oop rdx=Oop [184]=Oop rsi=Oop rdi=Oop [552]=Oop }
                      ;*invokevirtual width {reexecute=0 rethrow=0 return_oop=0}
                      ; - org.bytedeco.javacv.FFmpegFrameRecorder::recordImage@376 (line 1015)
  0x0000015f0e6f4e2c: 701e 0107 

  0x0000015f0e6f4e30: ;   {runtime_call throw_null_pointer_exception Runtime1 stub}
  0x0000015f0e6f4e30: e86b 1e01 

  0x0000015f0e6f4e34: ; ImmutableOopMap {[168]=Oop [600]=Oop [248]=Oop [264]=Oop rdx=Oop [184]=Oop rsi=Oop [552]=Oop }
                      ;*invokevirtual height {reexecute=0 rethrow=0 return_oop=0}
                      ; - org.bytedeco.javacv.FFmpegFrameRecorder::recordImage@383 (line 1015)
                      ;   {runtime_call throw_null_pointer_exception Runtime1 stub}
  0x0000015f0e6f4e34: 07e8 661e 

  0x0000015f0e6f4e38: ; ImmutableOopMap {[168]=Oop [600]=Oop [248]=Oop [264]=Oop rdx=Oop [184]=Oop rsi=Oop [552]=Oop }
                      ;*invokevirtual pix_fmt {reexecute=0 rethrow=0 return_oop=0}
                      ; - org.bytedeco.javacv.FFmpegFrameRecorder::recordImage@390 (line 1015)
  0x0000015f0e6f4e38: 0107 8bb2 | 0401 0000 | 48c1 e603 | 4883 fe00 | 0f84 a4d6 | ffff 4889 

  0x0000015f0e6f4e50: ;   {runtime_call g1_pre_barrier_slow}
  0x0000015f0e6f4e50: 3424 e829 | 7801 07e9 | 96d6 ffff | 4883 f800 | 0f84 aed6 | ffff 4889 

  0x0000015f0e6f4e68: ;   {runtime_call g1_post_barrier_slow}
  0x0000015f0e6f4e68: 1424 e811 | 7b01 07e9 | a0d6 ffff 

  0x0000015f0e6f4e74: ;   {runtime_call fast_new_instance Runtime1 stub}
  0x0000015f0e6f4e74: 488b d2e8 

  0x0000015f0e6f4e78: ; ImmutableOopMap {[168]=Oop [600]=Oop [248]=Oop rbx=Oop [184]=Oop [552]=Oop }
                      ;*new {reexecute=0 rethrow=0 return_oop=0}
                      ; - org.bytedeco.javacv.FFmpegFrameRecorder::recordImage@438 (line 1021)
  0x0000015f0e6f4e78: 042a 0107 | e930 d7ff 

  0x0000015f0e6f4e80: ;   {metadata({method} {0x0000015f76441d98} '<init>' '(Lorg/bytedeco/javacpp/Pointer;)V' in 'org/bytedeco/javacpp/PointerPointer')}
  0x0000015f0e6f4e80: ff49 ba90 | 1d44 765f | 0100 004c | 8954 2408 | 48c7 0424 | ffff ffff 

  0x0000015f0e6f4e98: ;   {runtime_call counter_overflow Runtime1 stub}
  0x0000015f0e6f4e98: e8e3 7101 

  0x0000015f0e6f4e9c: ; ImmutableOopMap {[168]=Oop [600]=Oop [248]=Oop rbx=Oop [184]=Oop rax=Oop r8=Oop [552]=Oop }
                      ;*synchronization entry
                      ; - org.bytedeco.javacpp.PointerPointer::<init>@-1 (line 159)
                      ; - org.bytedeco.javacv.FFmpegFrameRecorder::recordImage@446 (line 1021)
  0x0000015f0e6f4e9c: 07e9 57d7 

  0x0000015f0e6f4ea0: ;   {runtime_call throw_null_pointer_exception Runtime1 stub}
  0x0000015f0e6f4ea0: ffff e8f9 

  0x0000015f0e6f4ea4: ; ImmutableOopMap {[168]=Oop [600]=Oop [248]=Oop [280]=Oop rdx=Oop [184]=Oop rsi=Oop [552]=Oop }
                      ;*invokevirtual linesize {reexecute=0 rethrow=0 return_oop=0}
                      ; - org.bytedeco.javacv.FFmpegFrameRecorder::recordImage@453 (line 1021)
  0x0000015f0e6f4ea4: 1d01 0748 

  0x0000015f0e6f4ea8: ;   {runtime_call fast_new_instance Runtime1 stub}
  0x0000015f0e6f4ea8: 8bd2 e8d1 

  0x0000015f0e6f4eac: ; ImmutableOopMap {[168]=Oop [600]=Oop [184]=Oop [552]=Oop }
                      ;*new {reexecute=0 rethrow=0 return_oop=0}
                      ; - org.bytedeco.javacv.FFmpegFrameRecorder::recordImage@467 (line 1022)
  0x0000015f0e6f4eac: 2901 07e9 | 60d8 ffff 

  0x0000015f0e6f4eb4: ;   {metadata({method} {0x0000015f76441d98} '<init>' '(Lorg/bytedeco/javacpp/Pointer;)V' in 'org/bytedeco/javacpp/PointerPointer')}
  0x0000015f0e6f4eb4: 49ba 901d | 4476 5f01 | 0000 4c89 | 5424 0848 | c704 24ff 

  0x0000015f0e6f4ec8: ;   {runtime_call counter_overflow Runtime1 stub}
  0x0000015f0e6f4ec8: ffff ffe8 

  0x0000015f0e6f4ecc: ; ImmutableOopMap {[168]=Oop [600]=Oop rax=Oop rdx=Oop [184]=Oop r8=Oop [552]=Oop }
                      ;*synchronization entry
                      ; - org.bytedeco.javacpp.PointerPointer::<init>@-1 (line 159)
                      ; - org.bytedeco.javacv.FFmpegFrameRecorder::recordImage@475 (line 1022)
  0x0000015f0e6f4ecc: b071 0107 | e98f d8ff 

  0x0000015f0e6f4ed4: ;   {runtime_call throw_null_pointer_exception Runtime1 stub}
  0x0000015f0e6f4ed4: ffe8 c61d 

  0x0000015f0e6f4ed8: ; ImmutableOopMap {[168]=Oop [600]=Oop [288]=Oop rdx=Oop [184]=Oop rsi=Oop [552]=Oop }
                      ;*invokevirtual linesize {reexecute=0 rethrow=0 return_oop=0}
                      ; - org.bytedeco.javacv.FFmpegFrameRecorder::recordImage@482 (line 1022)
                      ;   {runtime_call throw_null_pointer_exception Runtime1 stub}
  0x0000015f0e6f4ed8: 0107 e8c1 

  0x0000015f0e6f4edc: ; ImmutableOopMap {[168]=Oop [600]=Oop [288]=Oop rax=Oop rdx=Oop [184]=Oop rsi=Oop rdi=Oop [552]=Oop }
                      ;*invokevirtual pix_fmt {reexecute=0 rethrow=0 return_oop=0}
                      ; - org.bytedeco.javacv.FFmpegFrameRecorder::recordImage@493 (line 1022)
                      ;   {runtime_call throw_null_pointer_exception Runtime1 stub}
  0x0000015f0e6f4edc: 1d01 07e8 

  0x0000015f0e6f4ee0: ; ImmutableOopMap {[168]=Oop [600]=Oop [288]=Oop [296]=Oop [304]=Oop rdx=Oop [184]=Oop rsi=Oop [552]=Oop }
                      ;*invokevirtual width {reexecute=0 rethrow=0 return_oop=0}
                      ; - org.bytedeco.javacv.FFmpegFrameRecorder::recordImage@500 (line 1022)
  0x0000015f0e6f4ee0: bc1d 0107 

  0x0000015f0e6f4ee4: ;   {runtime_call throw_null_pointer_exception Runtime1 stub}
  0x0000015f0e6f4ee4: e8b7 1d01 

  0x0000015f0e6f4ee8: ; ImmutableOopMap {[168]=Oop [600]=Oop [288]=Oop [296]=Oop [304]=Oop rdx=Oop [184]=Oop rsi=Oop [552]=Oop }
                      ;*invokevirtual height {reexecute=0 rethrow=0 return_oop=0}
                      ; - org.bytedeco.javacv.FFmpegFrameRecorder::recordImage@507 (line 1022)
                      ;   {runtime_call throw_null_pointer_exception Runtime1 stub}
  0x0000015f0e6f4ee8: 07e8 b21d 

  0x0000015f0e6f4eec: ; ImmutableOopMap {[168]=Oop [600]=Oop rdx=Oop [184]=Oop rsi=Oop [552]=Oop }
                      ;*invokevirtual linesize {reexecute=0 rethrow=0 return_oop=0}
                      ; - org.bytedeco.javacv.FFmpegFrameRecorder::recordImage@522 (line 1023)
                      ;   {runtime_call throw_null_pointer_exception Runtime1 stub}
  0x0000015f0e6f4eec: 0107 e8ad 

  0x0000015f0e6f4ef0: ; ImmutableOopMap {[168]=Oop [600]=Oop rdx=Oop [184]=Oop rsi=Oop [552]=Oop }
                      ;*invokevirtual format {reexecute=0 rethrow=0 return_oop=0}
                      ; - org.bytedeco.javacv.FFmpegFrameRecorder::recordImage@532 (line 1024)
                      ;   {runtime_call throw_null_pointer_exception Runtime1 stub}
  0x0000015f0e6f4ef0: 1d01 07e8 

  0x0000015f0e6f4ef4: ; ImmutableOopMap {[168]=Oop [600]=Oop rdx=Oop [184]=Oop rsi=Oop [552]=Oop }
                      ;*invokevirtual width {reexecute=0 rethrow=0 return_oop=0}
                      ; - org.bytedeco.javacv.FFmpegFrameRecorder::recordImage@541 (line 1025)
  0x0000015f0e6f4ef4: a81d 0107 

  0x0000015f0e6f4ef8: ;   {runtime_call throw_null_pointer_exception Runtime1 stub}
  0x0000015f0e6f4ef8: e8a3 1d01 

  0x0000015f0e6f4efc: ; ImmutableOopMap {[168]=Oop [600]=Oop rdx=Oop [184]=Oop rsi=Oop [552]=Oop }
                      ;*invokevirtual height {reexecute=0 rethrow=0 return_oop=0}
                      ; - org.bytedeco.javacv.FFmpegFrameRecorder::recordImage@550 (line 1026)
                      ;   {runtime_call throw_null_pointer_exception Runtime1 stub}
  0x0000015f0e6f4efc: 07e8 9e1d 

  0x0000015f0e6f4f00: ; ImmutableOopMap {[168]=Oop [600]=Oop rdx=Oop [184]=Oop rsi=Oop rdi=Oop [552]=Oop }
                      ;*invokevirtual pix_fmt {reexecute=0 rethrow=0 return_oop=0}
                      ; - org.bytedeco.javacv.FFmpegFrameRecorder::recordImage@562 (line 1027)
                      ;   {runtime_call throw_null_pointer_exception Runtime1 stub}
  0x0000015f0e6f4f00: 0107 e899 

  0x0000015f0e6f4f04: ; ImmutableOopMap {[168]=Oop [600]=Oop [184]=Oop rsi=Oop [552]=Oop }
                      ;*invokevirtual format {reexecute=0 rethrow=0 return_oop=0}
                      ; - org.bytedeco.javacv.FFmpegFrameRecorder::recordImage@565 (line 1027)
                      ;   {runtime_call throw_null_pointer_exception Runtime1 stub}
  0x0000015f0e6f4f04: 1d01 07e8 

  0x0000015f0e6f4f08: ; ImmutableOopMap {[168]=Oop [600]=Oop rdx=Oop [184]=Oop rsi=Oop rdi=Oop [552]=Oop }
                      ;*invokevirtual width {reexecute=0 rethrow=0 return_oop=0}
                      ; - org.bytedeco.javacv.FFmpegFrameRecorder::recordImage@577 (line 1028)
  0x0000015f0e6f4f08: 941d 0107 

  0x0000015f0e6f4f0c: ;   {runtime_call throw_null_pointer_exception Runtime1 stub}
  0x0000015f0e6f4f0c: e88f 1d01 

  0x0000015f0e6f4f10: ; ImmutableOopMap {[168]=Oop [600]=Oop [184]=Oop rsi=Oop [552]=Oop }
                      ;*invokevirtual width {reexecute=0 rethrow=0 return_oop=0}
                      ; - org.bytedeco.javacv.FFmpegFrameRecorder::recordImage@580 (line 1028)
                      ;   {runtime_call throw_null_pointer_exception Runtime1 stub}
  0x0000015f0e6f4f10: 07e8 8a1d 

  0x0000015f0e6f4f14: ; ImmutableOopMap {[168]=Oop [600]=Oop rdx=Oop [184]=Oop rsi=Oop rdi=Oop [552]=Oop }
                      ;*invokevirtual height {reexecute=0 rethrow=0 return_oop=0}
                      ; - org.bytedeco.javacv.FFmpegFrameRecorder::recordImage@592 (line 1029)
                      ;   {runtime_call throw_null_pointer_exception Runtime1 stub}
  0x0000015f0e6f4f14: 0107 e885 

  0x0000015f0e6f4f18: ; ImmutableOopMap {[168]=Oop [600]=Oop [184]=Oop rsi=Oop [552]=Oop }
                      ;*invokevirtual height {reexecute=0 rethrow=0 return_oop=0}
                      ; - org.bytedeco.javacv.FFmpegFrameRecorder::recordImage@595 (line 1029)
  0x0000015f0e6f4f18: 1d01 0748 

  0x0000015f0e6f4f1c: ;   {runtime_call fast_new_instance Runtime1 stub}
  0x0000015f0e6f4f1c: 8bd2 e85d 

  0x0000015f0e6f4f20: ; ImmutableOopMap {[168]=Oop [600]=Oop rbx=Oop r9=Oop [184]=Oop [552]=Oop }
                      ;*new {reexecute=0 rethrow=0 return_oop=0}
                      ; - org.bytedeco.javacv.FFmpegFrameRecorder::recordImage@603 (line 1030)
  0x0000015f0e6f4f20: 2901 07e9 | 79dd ffff 

  0x0000015f0e6f4f28: ;   {metadata({method} {0x0000015f76441d98} '<init>' '(Lorg/bytedeco/javacpp/Pointer;)V' in 'org/bytedeco/javacpp/PointerPointer')}
  0x0000015f0e6f4f28: 49ba 901d | 4476 5f01 | 0000 4c89 | 5424 0848 | c704 24ff 

  0x0000015f0e6f4f3c: ;   {runtime_call counter_overflow Runtime1 stub}
  0x0000015f0e6f4f3c: ffff ffe8 

  0x0000015f0e6f4f40: ; ImmutableOopMap {[168]=Oop [600]=Oop rbx=Oop r9=Oop [184]=Oop rax=Oop r8=Oop [552]=Oop }
                      ;*synchronization entry
                      ; - org.bytedeco.javacpp.PointerPointer::<init>@-1 (line 159)
                      ; - org.bytedeco.javacv.FFmpegFrameRecorder::recordImage@611 (line 1030)
  0x0000015f0e6f4f40: 3c71 0107 | e9a0 ddff 

  0x0000015f0e6f4f48: ;   {runtime_call throw_null_pointer_exception Runtime1 stub}
  0x0000015f0e6f4f48: ffe8 521d 

  0x0000015f0e6f4f4c: ; ImmutableOopMap {[168]=Oop [600]=Oop [352]=Oop [344]=Oop rdx=Oop [184]=Oop rsi=Oop [552]=Oop }
                      ;*invokevirtual linesize {reexecute=0 rethrow=0 return_oop=0}
                      ; - org.bytedeco.javacv.FFmpegFrameRecorder::recordImage@618 (line 1030)
  0x0000015f0e6f4f4c: 0107 488b 

  0x0000015f0e6f4f50: ;   {runtime_call fast_new_instance Runtime1 stub}
  0x0000015f0e6f4f50: d2e8 2a29 

  0x0000015f0e6f4f54: ; ImmutableOopMap {[168]=Oop [600]=Oop [352]=Oop [344]=Oop [184]=Oop [360]=Oop [552]=Oop }
                      ;*new {reexecute=0 rethrow=0 return_oop=0}
                      ; - org.bytedeco.javacv.FFmpegFrameRecorder::recordImage@623 (line 1030)
  0x0000015f0e6f4f54: 0107 e971 

  0x0000015f0e6f4f58: ;   {metadata({method} {0x0000015f76441d98} '<init>' '(Lorg/bytedeco/javacpp/Pointer;)V' in 'org/bytedeco/javacpp/PointerPointer')}
  0x0000015f0e6f4f58: deff ff49 | ba90 1d44 | 765f 0100 | 004c 8954 | 2408 48c7 | 0424 ffff 

  0x0000015f0e6f4f70: ;   {runtime_call counter_overflow Runtime1 stub}
  0x0000015f0e6f4f70: ffff e809 

  0x0000015f0e6f4f74: ; ImmutableOopMap {[168]=Oop [600]=Oop [352]=Oop [344]=Oop [360]=Oop rax=Oop rdx=Oop [184]=Oop r8=Oop [552]=Oop }
                      ;*synchronization entry
                      ; - org.bytedeco.javacpp.PointerPointer::<init>@-1 (line 159)
                      ; - org.bytedeco.javacv.FFmpegFrameRecorder::recordImage@631 (line 1030)
  0x0000015f0e6f4f74: 7101 07e9 | a0de ffff 

  0x0000015f0e6f4f7c: ;   {runtime_call throw_null_pointer_exception Runtime1 stub}
  0x0000015f0e6f4f7c: e81f 1d01 

  0x0000015f0e6f4f80: ; ImmutableOopMap {[168]=Oop [600]=Oop [352]=Oop [344]=Oop [368]=Oop [360]=Oop rdx=Oop [184]=Oop rsi=Oop [552]=Oop }
                      ;*invokevirtual linesize {reexecute=0 rethrow=0 return_oop=0}
                      ; - org.bytedeco.javacv.FFmpegFrameRecorder::recordImage@638 (line 1031)
  0x0000015f0e6f4f80: 0748 8bd2 

  0x0000015f0e6f4f84: ;   {runtime_call fast_new_instance Runtime1 stub}
  0x0000015f0e6f4f84: e8f7 2801 

  0x0000015f0e6f4f88: ; ImmutableOopMap {[168]=Oop [600]=Oop r13=Oop [184]=Oop [248]=Oop [552]=Oop }
                      ;*new {reexecute=0 rethrow=0 return_oop=0}
                      ; - org.bytedeco.javacv.FFmpegFrameRecorder::recordImage@648 (line 1033)
  0x0000015f0e6f4f88: 07e9 cedf 

  0x0000015f0e6f4f8c: ;   {metadata({method} {0x0000015f76441d98} '<init>' '(Lorg/bytedeco/javacpp/Pointer;)V' in 'org/bytedeco/javacpp/PointerPointer')}
  0x0000015f0e6f4f8c: ffff 49ba | 901d 4476 | 5f01 0000 | 4c89 5424 | 0848 c704 | 24ff ffff 

  0x0000015f0e6f4fa4: ;   {runtime_call counter_overflow Runtime1 stub}
  0x0000015f0e6f4fa4: ffe8 d670 

  0x0000015f0e6f4fa8: ; ImmutableOopMap {[168]=Oop [600]=Oop r13=Oop [184]=Oop [248]=Oop rax=Oop rdx=Oop [552]=Oop }
                      ;*synchronization entry
                      ; - org.bytedeco.javacpp.PointerPointer::<init>@-1 (line 159)
                      ; - org.bytedeco.javacv.FFmpegFrameRecorder::recordImage@656 (line 1033)
  0x0000015f0e6f4fa8: 0107 e9f5 

  0x0000015f0e6f4fac: ;   {runtime_call throw_null_pointer_exception Runtime1 stub}
  0x0000015f0e6f4fac: dfff ffe8 

  0x0000015f0e6f4fb0: ; ImmutableOopMap {[168]=Oop [600]=Oop [376]=Oop [248]=Oop rdx=Oop [184]=Oop rsi=Oop [552]=Oop }
                      ;*invokevirtual linesize {reexecute=0 rethrow=0 return_oop=0}
                      ; - org.bytedeco.javacv.FFmpegFrameRecorder::recordImage@663 (line 1033)
  0x0000015f0e6f4fb0: ec1c 0107 

  0x0000015f0e6f4fb4: ;   {runtime_call throw_null_pointer_exception Runtime1 stub}
  0x0000015f0e6f4fb4: e8e7 1c01 

  0x0000015f0e6f4fb8: ; ImmutableOopMap {[168]=Oop [600]=Oop rdx=Oop [184]=Oop rsi=Oop [552]=Oop }
                      ;*invokevirtual linesize {reexecute=0 rethrow=0 return_oop=0}
                      ; - org.bytedeco.javacv.FFmpegFrameRecorder::recordImage@684 (line 1034)
                      ;   {runtime_call throw_null_pointer_exception Runtime1 stub}
  0x0000015f0e6f4fb8: 07e8 e21c 

  0x0000015f0e6f4fbc: ; ImmutableOopMap {[168]=Oop [600]=Oop rdx=Oop [184]=Oop rsi=Oop [552]=Oop }
                      ;*invokevirtual format {reexecute=0 rethrow=0 return_oop=0}
                      ; - org.bytedeco.javacv.FFmpegFrameRecorder::recordImage@694 (line 1035)
                      ;   {runtime_call throw_null_pointer_exception Runtime1 stub}
  0x0000015f0e6f4fbc: 0107 e8dd 

  0x0000015f0e6f4fc0: ; ImmutableOopMap {[168]=Oop [600]=Oop rdx=Oop [184]=Oop rsi=Oop [552]=Oop }
                      ;*invokevirtual width {reexecute=0 rethrow=0 return_oop=0}
                      ; - org.bytedeco.javacv.FFmpegFrameRecorder::recordImage@703 (line 1036)
                      ;   {runtime_call throw_null_pointer_exception Runtime1 stub}
  0x0000015f0e6f4fc0: 1c01 07e8 

  0x0000015f0e6f4fc4: ; ImmutableOopMap {[168]=Oop [600]=Oop rdx=Oop [184]=Oop rsi=Oop [552]=Oop }
                      ;*invokevirtual height {reexecute=0 rethrow=0 return_oop=0}
                      ; - org.bytedeco.javacv.FFmpegFrameRecorder::recordImage@712 (line 1037)
  0x0000015f0e6f4fc4: d81c 0107 

  0x0000015f0e6f4fc8: ;   {runtime_call throw_null_pointer_exception Runtime1 stub}
  0x0000015f0e6f4fc8: e8d3 1c01 

  0x0000015f0e6f4fcc: ; ImmutableOopMap {[168]=Oop [600]=Oop rdx=Oop [184]=Oop rsi=Oop rdi=Oop [552]=Oop }
                      ;*invokevirtual global_quality {reexecute=0 rethrow=0 return_oop=0}
                      ; - org.bytedeco.javacv.FFmpegFrameRecorder::recordImage@724 (line 1053)
                      ;   {runtime_call throw_null_pointer_exception Runtime1 stub}
  0x0000015f0e6f4fcc: 07e8 ce1c 

  0x0000015f0e6f4fd0: ; ImmutableOopMap {[168]=Oop [600]=Oop [184]=Oop rsi=Oop [552]=Oop }
                      ;*invokevirtual quality {reexecute=0 rethrow=0 return_oop=0}
                      ; - org.bytedeco.javacv.FFmpegFrameRecorder::recordImage@727 (line 1053)
                      ;   {runtime_call throw_null_pointer_exception Runtime1 stub}
  0x0000015f0e6f4fd0: 0107 e8c9 

  0x0000015f0e6f4fd4: ; ImmutableOopMap {[168]=Oop rdx=Oop [184]=Oop r8=Oop rbx=Oop [600]=Oop [552]=Oop }
                      ;*arraylength {reexecute=0 rethrow=0 return_oop=0}
                      ; - org.bytedeco.javacv.FFmpegFrameRecorder::recordImage@742 (line 1054)
                      ;   {runtime_call throw_null_pointer_exception Runtime1 stub}
  0x0000015f0e6f4fd4: 1c01 07e8 

  0x0000015f0e6f4fd8: ; ImmutableOopMap {[168]=Oop [184]=Oop rbx=Oop [600]=Oop [552]=Oop }
                      ;*arraylength {reexecute=0 rethrow=0 return_oop=0}
                      ; - org.bytedeco.javacv.FFmpegFrameRecorder::recordImage@770 (line 1054)
  0x0000015f0e6f4fd8: c41c 0107 

  0x0000015f0e6f4fdc: ;   {runtime_call throw_null_pointer_exception Runtime1 stub}
  0x0000015f0e6f4fdc: e8bf 1c01 

  0x0000015f0e6f4fe0: ; ImmutableOopMap {[168]=Oop rdx=Oop [184]=Oop [600]=Oop rsi=Oop [552]=Oop }
                      ;*invokevirtual pts {reexecute=0 rethrow=0 return_oop=0}
                      ; - org.bytedeco.javacv.FFmpegFrameRecorder::recordImage@817 (line 1058)
                      ;   {runtime_call throw_null_pointer_exception Runtime1 stub}
  0x0000015f0e6f4fe0: 07e8 ba1c 

  0x0000015f0e6f4fe4: ; ImmutableOopMap {[168]=Oop [600]=Oop rdx=Oop [184]=Oop r8=Oop [552]=Oop }
                      ;*iastore {reexecute=0 rethrow=0 return_oop=0}
                      ; - org.bytedeco.javacv.FFmpegFrameRecorder::recordImage@832 (line 1061)
                      ;   {runtime_call throw_null_pointer_exception Runtime1 stub}
  0x0000015f0e6f4fe4: 0107 e8b5 

  0x0000015f0e6f4fe8: ; ImmutableOopMap {[168]=Oop [600]=Oop rdx=Oop [184]=Oop r8=Oop [552]=Oop }
                      ;*iastore {reexecute=0 rethrow=0 return_oop=0}
                      ; - org.bytedeco.javacv.FFmpegFrameRecorder::recordImage@832 (line 1061)
  0x0000015f0e6f4fe8: 1c01 0748 | c704 2400 | 0000 004c | 8944 2408 

  0x0000015f0e6f4ff8: ;   {runtime_call throw_range_check_failed Runtime1 stub}
  0x0000015f0e6f4ff8: e8a3 1301 

  0x0000015f0e6f4ffc: ; ImmutableOopMap {[168]=Oop [600]=Oop rdx=Oop [184]=Oop r8=Oop [552]=Oop }
                      ;*iastore {reexecute=0 rethrow=0 return_oop=0}
                      ; - org.bytedeco.javacv.FFmpegFrameRecorder::recordImage@832 (line 1061)
                      ;   {runtime_call throw_null_pointer_exception Runtime1 stub}
  0x0000015f0e6f4ffc: 07e8 9e1c 

  0x0000015f0e6f5000: ; ImmutableOopMap {[168]=Oop [600]=Oop rdx=Oop [184]=Oop rsi=Oop [552]=Oop }
                      ;*iastore {reexecute=0 rethrow=0 return_oop=0}
                      ; - org.bytedeco.javacv.FFmpegFrameRecorder::recordImage@942 (line 1072)
                      ;   {runtime_call throw_null_pointer_exception Runtime1 stub}
  0x0000015f0e6f5000: 0107 e899 

  0x0000015f0e6f5004: ; ImmutableOopMap {[168]=Oop [600]=Oop rdx=Oop [184]=Oop rsi=Oop [552]=Oop }
                      ;*iastore {reexecute=0 rethrow=0 return_oop=0}
                      ; - org.bytedeco.javacv.FFmpegFrameRecorder::recordImage@942 (line 1072)
  0x0000015f0e6f5004: 1c01 0748 | c704 2400 | 0000 0048 | 8974 2408 

  0x0000015f0e6f5014: ;   {runtime_call throw_range_check_failed Runtime1 stub}
  0x0000015f0e6f5014: e887 1301 

  0x0000015f0e6f5018: ; ImmutableOopMap {[168]=Oop [600]=Oop rdx=Oop [184]=Oop rsi=Oop [552]=Oop }
                      ;*iastore {reexecute=0 rethrow=0 return_oop=0}
                      ; - org.bytedeco.javacv.FFmpegFrameRecorder::recordImage@942 (line 1072)
                      ;   {runtime_call throw_null_pointer_exception Runtime1 stub}
  0x0000015f0e6f5018: 07e8 821c 

  0x0000015f0e6f501c: ; ImmutableOopMap {[168]=Oop [600]=Oop rdx=Oop [184]=Oop rsi=Oop [552]=Oop }
                      ;*invokevirtual pts {reexecute=0 rethrow=0 return_oop=0}
                      ; - org.bytedeco.javacv.FFmpegFrameRecorder::recordImage@947 (line 1074)
                      ;   {runtime_call throw_null_pointer_exception Runtime1 stub}
  0x0000015f0e6f501c: 0107 e87d 

  0x0000015f0e6f5020: ; ImmutableOopMap {[168]=Oop [600]=Oop rdx=Oop [184]=Oop rsi=Oop [552]=Oop }
                      ;*invokevirtual pts {reexecute=0 rethrow=0 return_oop=0}
                      ; - org.bytedeco.javacv.FFmpegFrameRecorder::recordImage@965 (line 1075)
                      ;   {runtime_call throw_null_pointer_exception Runtime1 stub}
  0x0000015f0e6f5020: 1c01 07e8 

  0x0000015f0e6f5024: ; ImmutableOopMap {[168]=Oop [600]=Oop [408]=Oop rdx=Oop [184]=Oop rsi=Oop [552]=Oop }
                      ;*invokevirtual time_base {reexecute=0 rethrow=0 return_oop=0}
                      ; - org.bytedeco.javacv.FFmpegFrameRecorder::recordImage@972 (line 1075)
  0x0000015f0e6f5024: 781c 0107 

  0x0000015f0e6f5028: ;   {runtime_call throw_null_pointer_exception Runtime1 stub}
  0x0000015f0e6f5028: e873 1c01 

  0x0000015f0e6f502c: ; ImmutableOopMap {[168]=Oop [600]=Oop [408]=Oop rax=Oop rdx=Oop [184]=Oop rsi=Oop [552]=Oop }
                      ;*invokevirtual time_base {reexecute=0 rethrow=0 return_oop=0}
                      ; - org.bytedeco.javacv.FFmpegFrameRecorder::recordImage@979 (line 1075)
                      ;   {runtime_call throw_null_pointer_exception Runtime1 stub}
  0x0000015f0e6f502c: 07e8 6e1c 

  0x0000015f0e6f5030: ; ImmutableOopMap {[168]=Oop [600]=Oop rdx=Oop [184]=Oop rsi=Oop [552]=Oop }
                      ;*invokevirtual dts {reexecute=0 rethrow=0 return_oop=0}
                      ; - org.bytedeco.javacv.FFmpegFrameRecorder::recordImage@993 (line 1077)
                      ;   {runtime_call throw_null_pointer_exception Runtime1 stub}
  0x0000015f0e6f5030: 0107 e869 

  0x0000015f0e6f5034: ; ImmutableOopMap {[168]=Oop [600]=Oop rdx=Oop [184]=Oop rsi=Oop [552]=Oop }
                      ;*invokevirtual dts {reexecute=0 rethrow=0 return_oop=0}
                      ; - org.bytedeco.javacv.FFmpegFrameRecorder::recordImage@1011 (line 1078)
                      ;   {runtime_call throw_null_pointer_exception Runtime1 stub}
  0x0000015f0e6f5034: 1c01 07e8 

  0x0000015f0e6f5038: ; ImmutableOopMap {[168]=Oop [600]=Oop [432]=Oop rdx=Oop [184]=Oop rsi=Oop [552]=Oop }
                      ;*invokevirtual time_base {reexecute=0 rethrow=0 return_oop=0}
                      ; - org.bytedeco.javacv.FFmpegFrameRecorder::recordImage@1018 (line 1078)
  0x0000015f0e6f5038: 641c 0107 

  0x0000015f0e6f503c: ;   {runtime_call throw_null_pointer_exception Runtime1 stub}
  0x0000015f0e6f503c: e85f 1c01 

  0x0000015f0e6f5040: ; ImmutableOopMap {[168]=Oop [600]=Oop [432]=Oop rax=Oop rdx=Oop [184]=Oop rsi=Oop [552]=Oop }
                      ;*invokevirtual time_base {reexecute=0 rethrow=0 return_oop=0}
                      ; - org.bytedeco.javacv.FFmpegFrameRecorder::recordImage@1025 (line 1078)
                      ;   {runtime_call throw_null_pointer_exception Runtime1 stub}
  0x0000015f0e6f5040: 07e8 5a1c 

  0x0000015f0e6f5044: ; ImmutableOopMap {[168]=Oop [600]=Oop rdx=Oop [184]=Oop rsi=Oop rdi=Oop [552]=Oop }
                      ;*invokevirtual index {reexecute=0 rethrow=0 return_oop=0}
                      ; - org.bytedeco.javacv.FFmpegFrameRecorder::recordImage@1043 (line 1080)
                      ;   {runtime_call throw_null_pointer_exception Runtime1 stub}
  0x0000015f0e6f5044: 0107 e855 

  0x0000015f0e6f5048: ; ImmutableOopMap {[168]=Oop [600]=Oop [184]=Oop rsi=Oop [552]=Oop }
                      ;*invokevirtual stream_index {reexecute=0 rethrow=0 return_oop=0}
                      ; - org.bytedeco.javacv.FFmpegFrameRecorder::recordImage@1046 (line 1080)
                      ;   {metadata({method} {0x0000015f7732f1b0} 'recordImage' '(IIIIII[Ljava/nio/Buffer;)Z' in 'org/bytedeco/javacv/FFmpegFrameRecorder')}
  0x0000015f0e6f5048: 1c01 0749 | baa8 f132 | 775f 0100 | 004c 8954 | 2408 48c7 | 0424 2304 

  0x0000015f0e6f5060: ;   {runtime_call counter_overflow Runtime1 stub}
  0x0000015f0e6f5060: 0000 e819 

  0x0000015f0e6f5064: ; ImmutableOopMap {[168]=Oop [600]=Oop [184]=Oop [552]=Oop }
                      ;*goto {reexecute=1 rethrow=0 return_oop=0}
                      ; - (reexecute) org.bytedeco.javacv.FFmpegFrameRecorder::recordImage@1059 (line 1083)
  0x0000015f0e6f5064: 7001 07e9 | c0ea ffff 

  0x0000015f0e6f506c: ;   {runtime_call throw_null_pointer_exception Runtime1 stub}
  0x0000015f0e6f506c: e82f 1c01 

  0x0000015f0e6f5070: ; ImmutableOopMap {[168]=Oop rdx=Oop [552]=Oop }
                      ;*invokevirtual flags {reexecute=0 rethrow=0 return_oop=0}
                      ; - org.bytedeco.javacv.FFmpegFrameRecorder::recordImage@1071 (line 1086)
                      ;   {runtime_call throw_null_pointer_exception Runtime1 stub}
  0x0000015f0e6f5070: 07e8 2a1c 

  0x0000015f0e6f5074: ; ImmutableOopMap {[168]=Oop rdx=Oop [552]=Oop }
                      ;*iaload {reexecute=0 rethrow=0 return_oop=0}
                      ; - org.bytedeco.javacv.FFmpegFrameRecorder::recordImage@1092 (line 1086)
                      ;   {runtime_call throw_null_pointer_exception Runtime1 stub}
  0x0000015f0e6f5074: 0107 e825 

  0x0000015f0e6f5078: ; ImmutableOopMap {[168]=Oop rdx=Oop [552]=Oop }
                      ;*iaload {reexecute=0 rethrow=0 return_oop=0}
                      ; - org.bytedeco.javacv.FFmpegFrameRecorder::recordImage@1092 (line 1086)
  0x0000015f0e6f5078: 1c01 0748 | c704 2400 | 0000 0048 | 8954 2408 

  0x0000015f0e6f5088: ;   {runtime_call throw_range_check_failed Runtime1 stub}
  0x0000015f0e6f5088: e813 1301 

  0x0000015f0e6f508c: ; ImmutableOopMap {[168]=Oop rdx=Oop [552]=Oop }
                      ;*iaload {reexecute=0 rethrow=0 return_oop=0}
                      ; - org.bytedeco.javacv.FFmpegFrameRecorder::recordImage@1092 (line 1086)
                      ;   {metadata(NULL)}
  0x0000015f0e6f508c: 0748 ba00 | 0000 0000 | 0000 00b8 | 000f 050a 

  0x0000015f0e6f509c: ;   {runtime_call load_klass_patching Runtime1 stub}
  0x0000015f0e6f509c: e85f 5f01 

  0x0000015f0e6f50a0: ; ImmutableOopMap {[168]=Oop [552]=Oop }
                      ;*new {reexecute=1 rethrow=0 return_oop=0}
                      ; - (reexecute) org.bytedeco.javacv.FFmpegFrameRecorder::recordImage@901 (line 1070)
  0x0000015f0e6f50a0: 07e9 b2ec 

  0x0000015f0e6f50a4: ;   {runtime_call throw_null_pointer_exception Runtime1 stub}
  0x0000015f0e6f50a4: ffff e8f5 

  0x0000015f0e6f50a8: ; ImmutableOopMap {[168]=Oop [552]=Oop }
                      ;*new {reexecute=0 rethrow=0 return_oop=0}
                      ; - org.bytedeco.javacv.FFmpegFrameRecorder::recordImage@901 (line 1070)
  0x0000015f0e6f50a8: 1b01 0748 

  0x0000015f0e6f50ac: ;   {runtime_call fast_new_instance_init_check Runtime1 stub}
  0x0000015f0e6f50ac: 8bd2 e8cd 

  0x0000015f0e6f50b0: ; ImmutableOopMap {[168]=Oop [552]=Oop }
                      ;*new {reexecute=0 rethrow=0 return_oop=0}
                      ; - org.bytedeco.javacv.FFmpegFrameRecorder::recordImage@901 (line 1070)
  0x0000015f0e6f50b0: 2a01 07e9 | 05ed ffff 

  0x0000015f0e6f50b8: ;   {metadata(NULL)}
  0x0000015f0e6f50b8: 48ba 0000 | 0000 0000 | 0000 b800 

  0x0000015f0e6f50c4: ;   {runtime_call load_klass_patching Runtime1 stub}
  0x0000015f0e6f50c4: 0f05 0ae8 

  0x0000015f0e6f50c8: ; ImmutableOopMap {[168]=Oop rax=Oop [472]=Oop [552]=Oop }
                      ;*new {reexecute=1 rethrow=0 return_oop=0}
                      ; - (reexecute) org.bytedeco.javacv.FFmpegFrameRecorder::recordImage@905 (line 1070)
  0x0000015f0e6f50c8: 345f 0107 | e9f7 ecff | ff48 8bd2 

  0x0000015f0e6f50d4: ;   {runtime_call fast_new_instance Runtime1 stub}
  0x0000015f0e6f50d4: e8a7 2701 

  0x0000015f0e6f50d8: ; ImmutableOopMap {[168]=Oop [472]=Oop [552]=Oop }
                      ;*new {reexecute=0 rethrow=0 return_oop=0}
                      ; - org.bytedeco.javacv.FFmpegFrameRecorder::recordImage@905 (line 1070)
  0x0000015f0e6f50d8: 07e9 3aed 

  0x0000015f0e6f50dc: ;   {metadata({method} {0x0000015f354253f8} '<init>' '()V' in 'java/lang/StringBuilder')}
  0x0000015f0e6f50dc: ffff 49ba | f053 4235 | 5f01 0000 | 4c89 5424 | 0848 c704 | 24ff ffff 

  0x0000015f0e6f50f4: ;   {runtime_call counter_overflow Runtime1 stub}
  0x0000015f0e6f50f4: ffe8 866f 

  0x0000015f0e6f50f8: ; ImmutableOopMap {[168]=Oop [472]=Oop rax=Oop [552]=Oop }
                      ;*synchronization entry
                      ; - java.lang.StringBuilder::<init>@-1 (line 106)
                      ; - org.bytedeco.javacv.FFmpegFrameRecorder::recordImage@909 (line 1070)
  0x0000015f0e6f50f8: 0107 e958 

  0x0000015f0e6f50fc: ;   {metadata({method} {0x0000015f35425b30} 'append' '(Ljava/lang/String;)Ljava/lang/StringBuilder;' in 'java/lang/StringBuilder')}
  0x0000015f0e6f50fc: edff ff49 | ba28 5b42 | 355f 0100 | 004c 8954 | 2408 48c7 | 0424 ffff 

  0x0000015f0e6f5114: ;   {runtime_call counter_overflow Runtime1 stub}
  0x0000015f0e6f5114: ffff e865 

  0x0000015f0e6f5118: ; ImmutableOopMap {[168]=Oop [472]=Oop [464]=Oop [552]=Oop }
                      ;*synchronization entry
                      ; - java.lang.StringBuilder::append@-1 (line 179)
                      ; - org.bytedeco.javacv.FFmpegFrameRecorder::recordImage@915 (line 1070)
  0x0000015f0e6f5118: 6f01 07e9 | a8ed ffff 

  0x0000015f0e6f5120: ;   {metadata({method} {0x0000015f35425ce8} 'append' '(I)Ljava/lang/StringBuilder;' in 'java/lang/StringBuilder')}
  0x0000015f0e6f5120: 49ba e05c | 4235 5f01 | 0000 4c89 | 5424 0848 | c704 24ff 

  0x0000015f0e6f5134: ;   {runtime_call counter_overflow Runtime1 stub}
  0x0000015f0e6f5134: ffff ffe8 

  0x0000015f0e6f5138: ; ImmutableOopMap {[168]=Oop [472]=Oop [464]=Oop [552]=Oop }
                      ;*synchronization entry
                      ; - java.lang.StringBuilder::append@-1 (line 253)
                      ; - org.bytedeco.javacv.FFmpegFrameRecorder::recordImage@920 (line 1070)
  0x0000015f0e6f5138: 446f 0107 | e9ff edff 

  0x0000015f0e6f5140: ;   {metadata({method} {0x0000015f35425b30} 'append' '(Ljava/lang/String;)Ljava/lang/StringBuilder;' in 'java/lang/StringBuilder')}
  0x0000015f0e6f5140: ff49 ba28 | 5b42 355f | 0100 004c | 8954 2408 | 48c7 0424 | ffff ffff 

  0x0000015f0e6f5158: ;   {runtime_call counter_overflow Runtime1 stub}
  0x0000015f0e6f5158: e823 6f01 

  0x0000015f0e6f515c: ; ImmutableOopMap {[168]=Oop [472]=Oop [464]=Oop [552]=Oop }
                      ;*synchronization entry
                      ; - java.lang.StringBuilder::append@-1 (line 179)
                      ; - org.bytedeco.javacv.FFmpegFrameRecorder::recordImage@926 (line 1070)
  0x0000015f0e6f515c: 07e9 56ee 

  0x0000015f0e6f5160: ;   {metadata({method} {0x0000015f35425450} 'toString' '()Ljava/lang/String;' in 'java/lang/StringBuilder')}
  0x0000015f0e6f5160: ffff 49ba | 4854 4235 | 5f01 0000 | 4c89 5424 | 0848 c704 | 24ff ffff 

  0x0000015f0e6f5178: ;   {runtime_call counter_overflow Runtime1 stub}
  0x0000015f0e6f5178: ffe8 026f 

  0x0000015f0e6f517c: ; ImmutableOopMap {[168]=Oop [472]=Oop [464]=Oop [552]=Oop }
                      ;*synchronization entry
                      ; - java.lang.StringBuilder::toString@-1 (line 453)
                      ; - org.bytedeco.javacv.FFmpegFrameRecorder::recordImage@929 (line 1070)
  0x0000015f0e6f517c: 0107 e9b0 

  0x0000015f0e6f5180: ;   {metadata({method} {0x0000015f35071800} 'isLatin1' '()Z' in 'java/lang/AbstractStringBuilder')}
  0x0000015f0e6f5180: eeff ff49 | baf8 1707 | 355f 0100 | 004c 8954 | 2408 48c7 | 0424 ffff 

  0x0000015f0e6f5198: ;   {runtime_call counter_overflow Runtime1 stub}
  0x0000015f0e6f5198: ffff e8e1 

  0x0000015f0e6f519c: ; ImmutableOopMap {[168]=Oop [472]=Oop [464]=Oop [552]=Oop }
                      ;*synchronization entry
                      ; - java.lang.AbstractStringBuilder::isLatin1@-1 (line 1677)
                      ; - java.lang.StringBuilder::toString@1 (line 453)
                      ; - org.bytedeco.javacv.FFmpegFrameRecorder::recordImage@929 (line 1070)
  0x0000015f0e6f519c: 6e01 07e9 | d6ee ffff 

  0x0000015f0e6f51a4: ;   {metadata(NULL)}
  0x0000015f0e6f51a4: 48ba 0000 | 0000 0000 | 0000 b800 

  0x0000015f0e6f51b0: ;   {runtime_call load_klass_patching Runtime1 stub}
  0x0000015f0e6f51b0: 0f05 0ae8 

  0x0000015f0e6f51b4: ; ImmutableOopMap {[168]=Oop [552]=Oop }
                      ;*new {reexecute=1 rethrow=0 return_oop=0}
                      ; - (reexecute) org.bytedeco.javacv.FFmpegFrameRecorder::recordImage@774 (line 1056)
  0x0000015f0e6f51b4: 485e 0107 | e9e3 efff 

  0x0000015f0e6f51bc: ;   {runtime_call throw_null_pointer_exception Runtime1 stub}
  0x0000015f0e6f51bc: ffe8 de1a 

  0x0000015f0e6f51c0: ; ImmutableOopMap {[168]=Oop [552]=Oop }
                      ;*new {reexecute=0 rethrow=0 return_oop=0}
                      ; - org.bytedeco.javacv.FFmpegFrameRecorder::recordImage@774 (line 1056)
  0x0000015f0e6f51c0: 0107 488b 

  0x0000015f0e6f51c4: ;   {runtime_call fast_new_instance_init_check Runtime1 stub}
  0x0000015f0e6f51c4: d2e8 b629 

  0x0000015f0e6f51c8: ; ImmutableOopMap {[168]=Oop [552]=Oop }
                      ;*new {reexecute=0 rethrow=0 return_oop=0}
                      ; - org.bytedeco.javacv.FFmpegFrameRecorder::recordImage@774 (line 1056)
  0x0000015f0e6f51c8: 0107 e936 

  0x0000015f0e6f51cc: ;   {metadata(NULL)}
  0x0000015f0e6f51cc: f0ff ff48 | ba00 0000 | 0000 0000 | 00b8 000f 

  0x0000015f0e6f51dc: ;   {runtime_call load_klass_patching Runtime1 stub}
  0x0000015f0e6f51dc: 050a e81d 

  0x0000015f0e6f51e0: ; ImmutableOopMap {[168]=Oop rax=Oop [488]=Oop [552]=Oop }
                      ;*new {reexecute=1 rethrow=0 return_oop=0}
                      ; - (reexecute) org.bytedeco.javacv.FFmpegFrameRecorder::recordImage@778 (line 1056)
  0x0000015f0e6f51e0: 5e01 07e9 | 28f0 ffff 

  0x0000015f0e6f51e8: ;   {runtime_call fast_new_instance Runtime1 stub}
  0x0000015f0e6f51e8: 488b d2e8 

  0x0000015f0e6f51ec: ; ImmutableOopMap {[168]=Oop [488]=Oop [552]=Oop }
                      ;*new {reexecute=0 rethrow=0 return_oop=0}
                      ; - org.bytedeco.javacv.FFmpegFrameRecorder::recordImage@778 (line 1056)
  0x0000015f0e6f51ec: 9026 0107 | e96b f0ff 

  0x0000015f0e6f51f4: ;   {metadata({method} {0x0000015f354253f8} '<init>' '()V' in 'java/lang/StringBuilder')}
  0x0000015f0e6f51f4: ff49 baf0 | 5342 355f | 0100 004c | 8954 2408 | 48c7 0424 | ffff ffff 

  0x0000015f0e6f520c: ;   {runtime_call counter_overflow Runtime1 stub}
  0x0000015f0e6f520c: e86f 6e01 

  0x0000015f0e6f5210: ; ImmutableOopMap {[168]=Oop [488]=Oop rax=Oop [552]=Oop }
                      ;*synchronization entry
                      ; - java.lang.StringBuilder::<init>@-1 (line 106)
                      ; - org.bytedeco.javacv.FFmpegFrameRecorder::recordImage@782 (line 1056)
  0x0000015f0e6f5210: 07e9 89f0 

  0x0000015f0e6f5214: ;   {metadata({method} {0x0000015f35425b30} 'append' '(Ljava/lang/String;)Ljava/lang/StringBuilder;' in 'java/lang/StringBuilder')}
  0x0000015f0e6f5214: ffff 49ba | 285b 4235 | 5f01 0000 | 4c89 5424 | 0848 c704 | 24ff ffff 

  0x0000015f0e6f522c: ;   {runtime_call counter_overflow Runtime1 stub}
  0x0000015f0e6f522c: ffe8 4e6e 

  0x0000015f0e6f5230: ; ImmutableOopMap {[168]=Oop [480]=Oop [488]=Oop [552]=Oop }
                      ;*synchronization entry
                      ; - java.lang.StringBuilder::append@-1 (line 179)
                      ; - org.bytedeco.javacv.FFmpegFrameRecorder::recordImage@788 (line 1056)
  0x0000015f0e6f5230: 0107 e9d9 

  0x0000015f0e6f5234: ;   {metadata({method} {0x0000015f35425ce8} 'append' '(I)Ljava/lang/StringBuilder;' in 'java/lang/StringBuilder')}
  0x0000015f0e6f5234: f0ff ff49 | bae0 5c42 | 355f 0100 | 004c 8954 | 2408 48c7 | 0424 ffff 

  0x0000015f0e6f524c: ;   {runtime_call counter_overflow Runtime1 stub}
  0x0000015f0e6f524c: ffff e82d 

  0x0000015f0e6f5250: ; ImmutableOopMap {[168]=Oop [480]=Oop [488]=Oop [552]=Oop }
                      ;*synchronization entry
                      ; - java.lang.StringBuilder::append@-1 (line 253)
                      ; - org.bytedeco.javacv.FFmpegFrameRecorder::recordImage@793 (line 1056)
  0x0000015f0e6f5250: 6e01 07e9 | 30f1 ffff 

  0x0000015f0e6f5258: ;   {metadata({method} {0x0000015f35425b30} 'append' '(Ljava/lang/String;)Ljava/lang/StringBuilder;' in 'java/lang/StringBuilder')}
  0x0000015f0e6f5258: 49ba 285b | 4235 5f01 | 0000 4c89 | 5424 0848 | c704 24ff 

  0x0000015f0e6f526c: ;   {runtime_call counter_overflow Runtime1 stub}
  0x0000015f0e6f526c: ffff ffe8 

  0x0000015f0e6f5270: ; ImmutableOopMap {[168]=Oop [480]=Oop [488]=Oop [552]=Oop }
                      ;*synchronization entry
                      ; - java.lang.StringBuilder::append@-1 (line 179)
                      ; - org.bytedeco.javacv.FFmpegFrameRecorder::recordImage@799 (line 1056)
  0x0000015f0e6f5270: 0c6e 0107 | e987 f1ff 

  0x0000015f0e6f5278: ;   {metadata({method} {0x0000015f35425450} 'toString' '()Ljava/lang/String;' in 'java/lang/StringBuilder')}
  0x0000015f0e6f5278: ff49 ba48 | 5442 355f | 0100 004c | 8954 2408 | 48c7 0424 | ffff ffff 

  0x0000015f0e6f5290: ;   {runtime_call counter_overflow Runtime1 stub}
  0x0000015f0e6f5290: e8eb 6d01 

  0x0000015f0e6f5294: ; ImmutableOopMap {[168]=Oop [480]=Oop [488]=Oop [552]=Oop }
                      ;*synchronization entry
                      ; - java.lang.StringBuilder::toString@-1 (line 453)
                      ; - org.bytedeco.javacv.FFmpegFrameRecorder::recordImage@802 (line 1056)
  0x0000015f0e6f5294: 07e9 e1f1 

  0x0000015f0e6f5298: ;   {metadata({method} {0x0000015f35071800} 'isLatin1' '()Z' in 'java/lang/AbstractStringBuilder')}
  0x0000015f0e6f5298: ffff 49ba | f817 0735 | 5f01 0000 | 4c89 5424 | 0848 c704 | 24ff ffff 

  0x0000015f0e6f52b0: ;   {runtime_call counter_overflow Runtime1 stub}
  0x0000015f0e6f52b0: ffe8 ca6d 

  0x0000015f0e6f52b4: ; ImmutableOopMap {[168]=Oop [480]=Oop [488]=Oop [552]=Oop }
                      ;*synchronization entry
                      ; - java.lang.AbstractStringBuilder::isLatin1@-1 (line 1677)
                      ; - java.lang.StringBuilder::toString@1 (line 453)
                      ; - org.bytedeco.javacv.FFmpegFrameRecorder::recordImage@802 (line 1056)
  0x0000015f0e6f52b4: 0107 e907 | f2ff ff48 | 8d84 2420 | 0200 0048 

  0x0000015f0e6f52c4: ;   {runtime_call monitorexit_nofpu Runtime1 stub}
  0x0000015f0e6f52c4: 8904 24e8 | b452 0107 | e975 f3ff 

  0x0000015f0e6f52d0: ;   {internal_word}
  0x0000015f0e6f52d0: ff49 ba54 | 466f 0e5f | 0100 004d | 8997 6003 

  0x0000015f0e6f52e0: ;   {runtime_call SafepointBlob}
  0x0000015f0e6f52e0: 0000 e919 

  0x0000015f0e6f52e4: ;   {metadata(NULL)}
  0x0000015f0e6f52e4: e1f6 0648 | ba00 0000 | 0000 0000 | 00b8 000f 

  0x0000015f0e6f52f4: ;   {runtime_call load_klass_patching Runtime1 stub}
  0x0000015f0e6f52f4: 050a e805 

  0x0000015f0e6f52f8: ; ImmutableOopMap {[168]=Oop [552]=Oop }
                      ;*new {reexecute=1 rethrow=0 return_oop=0}
                      ; - (reexecute) org.bytedeco.javacv.FFmpegFrameRecorder::recordImage@427 (line 1019)
  0x0000015f0e6f52f8: 5d01 07e9 | e8f3 ffff 

  0x0000015f0e6f5300: ;   {runtime_call throw_null_pointer_exception Runtime1 stub}
  0x0000015f0e6f5300: e89b 1901 

  0x0000015f0e6f5304: ; ImmutableOopMap {[168]=Oop [552]=Oop }
                      ;*new {reexecute=0 rethrow=0 return_oop=0}
                      ; - org.bytedeco.javacv.FFmpegFrameRecorder::recordImage@427 (line 1019)
  0x0000015f0e6f5304: 0748 8bd2 

  0x0000015f0e6f5308: ;   {runtime_call fast_new_instance_init_check Runtime1 stub}
  0x0000015f0e6f5308: e873 2801 

  0x0000015f0e6f530c: ; ImmutableOopMap {[168]=Oop [552]=Oop }
                      ;*new {reexecute=0 rethrow=0 return_oop=0}
                      ; - org.bytedeco.javacv.FFmpegFrameRecorder::recordImage@427 (line 1019)
  0x0000015f0e6f530c: 07e9 3bf4 

  0x0000015f0e6f5310: ;   {metadata(NULL)}
  0x0000015f0e6f5310: ffff 48ba | 0000 0000 | 0000 0000 | b800 0f05 

  0x0000015f0e6f5320: ;   {runtime_call load_klass_patching Runtime1 stub}
  0x0000015f0e6f5320: 0ae8 da5c 

  0x0000015f0e6f5324: ; ImmutableOopMap {[168]=Oop [552]=Oop }
                      ;*new {reexecute=1 rethrow=0 return_oop=0}
                      ; - (reexecute) org.bytedeco.javacv.FFmpegFrameRecorder::recordImage@41 (line 977)
  0x0000015f0e6f5324: 0107 e9ad 

  0x0000015f0e6f5328: ;   {runtime_call throw_null_pointer_exception Runtime1 stub}
  0x0000015f0e6f5328: f4ff ffe8 

  0x0000015f0e6f532c: ; ImmutableOopMap {[168]=Oop [552]=Oop }
                      ;*new {reexecute=0 rethrow=0 return_oop=0}
                      ; - org.bytedeco.javacv.FFmpegFrameRecorder::recordImage@41 (line 977)
  0x0000015f0e6f532c: 7019 0107 

  0x0000015f0e6f5330: ;   {runtime_call fast_new_instance_init_check Runtime1 stub}
  0x0000015f0e6f5330: 488b d2e8 

  0x0000015f0e6f5334: ; ImmutableOopMap {[168]=Oop [552]=Oop }
                      ;*new {reexecute=0 rethrow=0 return_oop=0}
                      ; - org.bytedeco.javacv.FFmpegFrameRecorder::recordImage@41 (line 977)
  0x0000015f0e6f5334: 4828 0107 | e900 f5ff 

  0x0000015f0e6f533c: ;   {metadata(NULL)}
  0x0000015f0e6f533c: ff48 ba00 | 0000 0000 | 0000 00b8 | 000f 050a 

  0x0000015f0e6f534c: ;   {runtime_call load_klass_patching Runtime1 stub}
  0x0000015f0e6f534c: e8af 5c01 

  0x0000015f0e6f5350: ; ImmutableOopMap {[168]=Oop [552]=Oop }
                      ;*new {reexecute=1 rethrow=0 return_oop=0}
                      ; - (reexecute) org.bytedeco.javacv.FFmpegFrameRecorder::recordImage@23 (line 974)
  0x0000015f0e6f5350: 07e9 32f5 

  0x0000015f0e6f5354: ;   {runtime_call throw_null_pointer_exception Runtime1 stub}
  0x0000015f0e6f5354: ffff e845 

  0x0000015f0e6f5358: ; ImmutableOopMap {[168]=Oop [552]=Oop }
                      ;*new {reexecute=0 rethrow=0 return_oop=0}
                      ; - org.bytedeco.javacv.FFmpegFrameRecorder::recordImage@23 (line 974)
  0x0000015f0e6f5358: 1901 0748 

  0x0000015f0e6f535c: ;   {runtime_call fast_new_instance_init_check Runtime1 stub}
  0x0000015f0e6f535c: 8bd2 e81d 

  0x0000015f0e6f5360: ; ImmutableOopMap {[168]=Oop [552]=Oop }
                      ;*new {reexecute=0 rethrow=0 return_oop=0}
                      ; - org.bytedeco.javacv.FFmpegFrameRecorder::recordImage@23 (line 974)
  0x0000015f0e6f5360: 2801 07e9 | 85f5 ffff 

  0x0000015f0e6f5368: ;   {runtime_call throw_null_pointer_exception Runtime1 stub}
  0x0000015f0e6f5368: e833 1901 

  0x0000015f0e6f536c: ; ImmutableOopMap {[536]=Oop rsi=Oop rax=Oop [552]=Oop }
                      ;*invokevirtual addSuppressed {reexecute=0 rethrow=0 return_oop=0}
                      ; - org.bytedeco.javacv.FFmpegFrameRecorder::recordImage@1176 (line 1088)
                      ;   {oop(NULL)}
  0x0000015f0e6f536c: 0748 be00 | 0000 0000 | 0000 00e9 | e9f5 ffff 

  0x0000015f0e6f537c: ;   {oop(NULL)}
  0x0000015f0e6f537c: 48be 0000 | 0000 0000 | 0000 e9da 

  0x0000015f0e6f5388: ;   {oop(NULL)}
  0x0000015f0e6f5388: f5ff ff48 | be00 0000 | 0000 0000 | 00e9 cbf5 

  0x0000015f0e6f5398: ;   {oop(NULL)}
  0x0000015f0e6f5398: ffff 48be | 0000 0000 | 0000 0000 | e9bc f5ff 

  0x0000015f0e6f53a8: ;   {oop(NULL)}
  0x0000015f0e6f53a8: ff48 be00 | 0000 0000 | 0000 00e9 | adf5 ffff 

  0x0000015f0e6f53b8: ;   {oop(NULL)}
  0x0000015f0e6f53b8: 48be 0000 | 0000 0000 | 0000 e99e 

  0x0000015f0e6f53c4: ;   {oop(NULL)}
  0x0000015f0e6f53c4: f5ff ff48 | be00 0000 | 0000 0000 | 00e9 8ff5 

  0x0000015f0e6f53d4: ;   {oop(NULL)}
  0x0000015f0e6f53d4: ffff 48be | 0000 0000 | 0000 0000 | e980 f5ff 

  0x0000015f0e6f53e4: ;   {oop(NULL)}
  0x0000015f0e6f53e4: ff48 be00 | 0000 0000 | 0000 00e9 | 71f5 ffff 

  0x0000015f0e6f53f4: ;   {oop(NULL)}
  0x0000015f0e6f53f4: 48be 0000 | 0000 0000 | 0000 e962 

  0x0000015f0e6f5400: ;   {oop(NULL)}
  0x0000015f0e6f5400: f5ff ff48 | be00 0000 | 0000 0000 | 00e9 53f5 

  0x0000015f0e6f5410: ;   {oop(NULL)}
  0x0000015f0e6f5410: ffff 48be | 0000 0000 | 0000 0000 | e944 f5ff 

  0x0000015f0e6f5420: ;   {oop(NULL)}
  0x0000015f0e6f5420: ff48 be00 | 0000 0000 | 0000 00e9 | 35f5 ffff 

  0x0000015f0e6f5430: ;   {oop(NULL)}
  0x0000015f0e6f5430: 48be 0000 | 0000 0000 | 0000 e926 

  0x0000015f0e6f543c: ;   {oop(NULL)}
  0x0000015f0e6f543c: f5ff ff48 | be00 0000 | 0000 0000 | 00e9 17f5 

  0x0000015f0e6f544c: ;   {oop(NULL)}
  0x0000015f0e6f544c: ffff 48be | 0000 0000 | 0000 0000 | e908 f5ff 

  0x0000015f0e6f545c: ;   {oop(NULL)}
  0x0000015f0e6f545c: ff48 be00 | 0000 0000 | 0000 00e9 | f9f4 ffff 

  0x0000015f0e6f546c: ;   {oop(NULL)}
  0x0000015f0e6f546c: 48be 0000 | 0000 0000 | 0000 e9ea 

  0x0000015f0e6f5478: ;   {oop(NULL)}
  0x0000015f0e6f5478: f4ff ff48 | be00 0000 | 0000 0000 | 00e9 dbf4 

  0x0000015f0e6f5488: ;   {oop(NULL)}
  0x0000015f0e6f5488: ffff 48be | 0000 0000 | 0000 0000 | e9cc f4ff 

  0x0000015f0e6f5498: ;   {oop(NULL)}
  0x0000015f0e6f5498: ff48 be00 | 0000 0000 | 0000 00e9 | bdf4 ffff 

  0x0000015f0e6f54a8: ;   {oop(NULL)}
  0x0000015f0e6f54a8: 48be 0000 | 0000 0000 | 0000 e9ae 

  0x0000015f0e6f54b4: ;   {oop(NULL)}
  0x0000015f0e6f54b4: f4ff ff48 | be00 0000 | 0000 0000 | 00e9 9ff4 

  0x0000015f0e6f54c4: ;   {oop(NULL)}
  0x0000015f0e6f54c4: ffff 48be | 0000 0000 | 0000 0000 | e990 f4ff 

  0x0000015f0e6f54d4: ;   {oop(NULL)}
  0x0000015f0e6f54d4: ff48 be00 | 0000 0000 | 0000 00e9 | 81f4 ffff 

  0x0000015f0e6f54e4: ;   {oop(NULL)}
  0x0000015f0e6f54e4: 48be 0000 | 0000 0000 | 0000 e972 

  0x0000015f0e6f54f0: ;   {oop(NULL)}
  0x0000015f0e6f54f0: f4ff ff48 | be00 0000 | 0000 0000 | 00e9 63f4 

  0x0000015f0e6f5500: ;   {oop(NULL)}
  0x0000015f0e6f5500: ffff 48be | 0000 0000 | 0000 0000 | e954 f4ff 

  0x0000015f0e6f5510: ;   {oop(NULL)}
  0x0000015f0e6f5510: ff48 be00 | 0000 0000 | 0000 00e9 | 45f4 ffff 

  0x0000015f0e6f5520: ;   {oop(NULL)}
  0x0000015f0e6f5520: 48be 0000 | 0000 0000 | 0000 e936 

  0x0000015f0e6f552c: ;   {oop(NULL)}
  0x0000015f0e6f552c: f4ff ff48 | be00 0000 | 0000 0000 | 00e9 27f4 

  0x0000015f0e6f553c: ;   {oop(NULL)}
  0x0000015f0e6f553c: ffff 48be | 0000 0000 | 0000 0000 | e918 f4ff 

  0x0000015f0e6f554c: ;   {oop(NULL)}
  0x0000015f0e6f554c: ff48 be00 | 0000 0000 | 0000 00e9 | 09f4 ffff 

  0x0000015f0e6f555c: ;   {oop(NULL)}
  0x0000015f0e6f555c: 48be 0000 | 0000 0000 | 0000 e9fa 

  0x0000015f0e6f5568: ;   {oop(NULL)}
  0x0000015f0e6f5568: f3ff ff48 | be00 0000 | 0000 0000 | 00e9 ebf3 

  0x0000015f0e6f5578: ;   {oop(NULL)}
  0x0000015f0e6f5578: ffff 48be | 0000 0000 | 0000 0000 | e9dc f3ff 

  0x0000015f0e6f5588: ;   {oop(NULL)}
  0x0000015f0e6f5588: ff48 be00 | 0000 0000 | 0000 00e9 | cdf3 ffff 

  0x0000015f0e6f5598: ;   {oop(NULL)}
  0x0000015f0e6f5598: 48be 0000 | 0000 0000 | 0000 e9be 

  0x0000015f0e6f55a4: ;   {oop(NULL)}
  0x0000015f0e6f55a4: f3ff ff48 | be00 0000 | 0000 0000 | 00e9 aff3 

  0x0000015f0e6f55b4: ;   {oop(NULL)}
  0x0000015f0e6f55b4: ffff 48be | 0000 0000 | 0000 0000 | e9a0 f3ff 

  0x0000015f0e6f55c4: ;   {oop(NULL)}
  0x0000015f0e6f55c4: ff48 be00 | 0000 0000 | 0000 00e9 | 91f3 ffff 

  0x0000015f0e6f55d4: ;   {oop(NULL)}
  0x0000015f0e6f55d4: 48be 0000 | 0000 0000 | 0000 e982 

  0x0000015f0e6f55e0: ;   {oop(NULL)}
  0x0000015f0e6f55e0: f3ff ff48 | be00 0000 | 0000 0000 | 00e9 73f3 

  0x0000015f0e6f55f0: ;   {oop(NULL)}
  0x0000015f0e6f55f0: ffff 48be | 0000 0000 | 0000 0000 | e964 f3ff 

  0x0000015f0e6f5600: ;   {oop(NULL)}
  0x0000015f0e6f5600: ff48 be00 | 0000 0000 | 0000 00e9 | 55f3 ffff 

  0x0000015f0e6f5610: ;   {oop(NULL)}
  0x0000015f0e6f5610: 48be 0000 | 0000 0000 | 0000 e946 

  0x0000015f0e6f561c: ;   {oop(NULL)}
  0x0000015f0e6f561c: f3ff ff48 | be00 0000 | 0000 0000 | 00e9 37f3 

  0x0000015f0e6f562c: ;   {oop(NULL)}
  0x0000015f0e6f562c: ffff 48be | 0000 0000 | 0000 0000 | e928 f3ff 

  0x0000015f0e6f563c: ;   {oop(NULL)}
  0x0000015f0e6f563c: ff48 be00 | 0000 0000 | 0000 00e9 | 19f3 ffff 

  0x0000015f0e6f564c: ;   {oop(NULL)}
  0x0000015f0e6f564c: 48be 0000 | 0000 0000 | 0000 e90a 

  0x0000015f0e6f5658: ;   {oop(NULL)}
  0x0000015f0e6f5658: f3ff ff48 | be00 0000 | 0000 0000 | 00e9 fbf2 

  0x0000015f0e6f5668: ;   {oop(NULL)}
  0x0000015f0e6f5668: ffff 48be | 0000 0000 | 0000 0000 | e9ec f2ff 

  0x0000015f0e6f5678: ;   {oop(NULL)}
  0x0000015f0e6f5678: ff48 be00 | 0000 0000 | 0000 00e9 | ddf2 ffff 

  0x0000015f0e6f5688: ;   {oop(NULL)}
  0x0000015f0e6f5688: 48be 0000 | 0000 0000 | 0000 e9ce 

  0x0000015f0e6f5694: ;   {oop(NULL)}
  0x0000015f0e6f5694: f2ff ff48 | be00 0000 | 0000 0000 | 00e9 bff2 

  0x0000015f0e6f56a4: ;   {oop(NULL)}
  0x0000015f0e6f56a4: ffff 48be | 0000 0000 | 0000 0000 | e9b0 f2ff 

  0x0000015f0e6f56b4: ;   {oop(NULL)}
  0x0000015f0e6f56b4: ff48 be00 | 0000 0000 | 0000 00e9 | a1f2 ffff 

  0x0000015f0e6f56c4: ;   {oop(NULL)}
  0x0000015f0e6f56c4: 48be 0000 | 0000 0000 | 0000 e992 

  0x0000015f0e6f56d0: ;   {oop(NULL)}
  0x0000015f0e6f56d0: f2ff ff48 | be00 0000 | 0000 0000 | 00e9 83f2 

  0x0000015f0e6f56e0: ;   {oop(NULL)}
  0x0000015f0e6f56e0: ffff 48be | 0000 0000 | 0000 0000 | e974 f2ff 

  0x0000015f0e6f56f0: ;   {oop(NULL)}
  0x0000015f0e6f56f0: ff48 be00 | 0000 0000 | 0000 00e9 | 65f2 ffff 

  0x0000015f0e6f5700: ;   {oop(NULL)}
  0x0000015f0e6f5700: 48be 0000 | 0000 0000 | 0000 e956 

  0x0000015f0e6f570c: ;   {oop(NULL)}
  0x0000015f0e6f570c: f2ff ff48 | be00 0000 | 0000 0000 | 00e9 47f2 

  0x0000015f0e6f571c: ;   {oop(NULL)}
  0x0000015f0e6f571c: ffff 48be | 0000 0000 | 0000 0000 | e938 f2ff 

  0x0000015f0e6f572c: ;   {oop(NULL)}
  0x0000015f0e6f572c: ff48 be00 | 0000 0000 | 0000 00e9 | 29f2 ffff 

  0x0000015f0e6f573c: ;   {oop(NULL)}
  0x0000015f0e6f573c: 48be 0000 | 0000 0000 | 0000 e91a 

  0x0000015f0e6f5748: ;   {oop(NULL)}
  0x0000015f0e6f5748: f2ff ff48 | be00 0000 | 0000 0000 | 00e9 0bf2 

  0x0000015f0e6f5758: ;   {oop(NULL)}
  0x0000015f0e6f5758: ffff 48be | 0000 0000 | 0000 0000 | e9fc f1ff 

  0x0000015f0e6f5768: ;   {oop(NULL)}
  0x0000015f0e6f5768: ff48 be00 | 0000 0000 | 0000 00e9 | edf1 ffff 

  0x0000015f0e6f5778: ;   {oop(NULL)}
  0x0000015f0e6f5778: 48be 0000 | 0000 0000 | 0000 e9de 

  0x0000015f0e6f5784: ;   {oop(NULL)}
  0x0000015f0e6f5784: f1ff ff48 | be00 0000 | 0000 0000 | 00e9 cff1 

  0x0000015f0e6f5794: ;   {oop(NULL)}
  0x0000015f0e6f5794: ffff 48be | 0000 0000 | 0000 0000 | e9c0 f1ff 

  0x0000015f0e6f57a4: ;   {oop(NULL)}
  0x0000015f0e6f57a4: ff48 be00 | 0000 0000 | 0000 00e9 | b1f1 ffff 

  0x0000015f0e6f57b4: ;   {oop(NULL)}
  0x0000015f0e6f57b4: 48be 0000 | 0000 0000 | 0000 e9a2 

  0x0000015f0e6f57c0: ;   {oop(NULL)}
  0x0000015f0e6f57c0: f1ff ff48 | be00 0000 | 0000 0000 | 00e9 93f1 

  0x0000015f0e6f57d0: ;   {oop(NULL)}
  0x0000015f0e6f57d0: ffff 48be | 0000 0000 | 0000 0000 | e984 f1ff 

  0x0000015f0e6f57e0: ;   {oop(NULL)}
  0x0000015f0e6f57e0: ff48 be00 | 0000 0000 | 0000 00e9 | 75f1 ffff 

  0x0000015f0e6f57f0: ;   {oop(NULL)}
  0x0000015f0e6f57f0: 48be 0000 | 0000 0000 | 0000 e966 

  0x0000015f0e6f57fc: ;   {oop(NULL)}
  0x0000015f0e6f57fc: f1ff ff48 | be00 0000 | 0000 0000 | 00e9 57f1 

  0x0000015f0e6f580c: ;   {oop(NULL)}
  0x0000015f0e6f580c: ffff 48be | 0000 0000 | 0000 0000 | e948 f1ff 

  0x0000015f0e6f581c: ;   {oop(NULL)}
  0x0000015f0e6f581c: ff48 be00 | 0000 0000 | 0000 00e9 | 39f1 ffff 

  0x0000015f0e6f582c: ;   {oop(NULL)}
  0x0000015f0e6f582c: 48be 0000 | 0000 0000 | 0000 e92a 

  0x0000015f0e6f5838: ;   {oop(NULL)}
  0x0000015f0e6f5838: f1ff ff48 | be00 0000 | 0000 0000 | 00e9 1bf1 

  0x0000015f0e6f5848: ;   {oop(NULL)}
  0x0000015f0e6f5848: ffff 48be | 0000 0000 | 0000 0000 | e90c f1ff 

  0x0000015f0e6f5858: ;   {oop(NULL)}
  0x0000015f0e6f5858: ff48 be00 | 0000 0000 | 0000 00e9 | fdf0 ffff 

  0x0000015f0e6f5868: ;   {oop(NULL)}
  0x0000015f0e6f5868: 48be 0000 | 0000 0000 | 0000 e9ee 

  0x0000015f0e6f5874: ;   {oop(NULL)}
  0x0000015f0e6f5874: f0ff ff48 | be00 0000 | 0000 0000 | 00e9 dff0 

  0x0000015f0e6f5884: ;   {oop(NULL)}
  0x0000015f0e6f5884: ffff 48be | 0000 0000 | 0000 0000 | e9d0 f0ff 

  0x0000015f0e6f5894: ;   {oop(NULL)}
  0x0000015f0e6f5894: ff48 be00 | 0000 0000 | 0000 00e9 | c1f0 ffff 

  0x0000015f0e6f58a4: ;   {oop(NULL)}
  0x0000015f0e6f58a4: 48be 0000 | 0000 0000 | 0000 e9b2 

  0x0000015f0e6f58b0: ;   {oop(NULL)}
  0x0000015f0e6f58b0: f0ff ff48 | be00 0000 | 0000 0000 | 00e9 a3f0 

  0x0000015f0e6f58c0: ;   {oop(NULL)}
  0x0000015f0e6f58c0: ffff 48be | 0000 0000 | 0000 0000 | e994 f0ff 

  0x0000015f0e6f58d0: ;   {oop(NULL)}
  0x0000015f0e6f58d0: ff48 be00 | 0000 0000 | 0000 00e9 | 85f0 ffff 

  0x0000015f0e6f58e0: ;   {oop(NULL)}
  0x0000015f0e6f58e0: 48be 0000 | 0000 0000 | 0000 e976 

  0x0000015f0e6f58ec: ;   {oop(NULL)}
  0x0000015f0e6f58ec: f0ff ff48 | be00 0000 | 0000 0000 | 00e9 67f0 

  0x0000015f0e6f58fc: ;   {oop(NULL)}
  0x0000015f0e6f58fc: ffff 48be | 0000 0000 | 0000 0000 | e958 f0ff 

  0x0000015f0e6f590c: ;   {oop(NULL)}
  0x0000015f0e6f590c: ff48 be00 | 0000 0000 | 0000 00e9 | 49f0 ffff 

  0x0000015f0e6f591c: ;   {oop(NULL)}
  0x0000015f0e6f591c: 48be 0000 | 0000 0000 | 0000 e93a 

  0x0000015f0e6f5928: ;   {oop(NULL)}
  0x0000015f0e6f5928: f0ff ff48 | be00 0000 | 0000 0000 | 00e9 2bf0 

  0x0000015f0e6f5938: ;   {oop(NULL)}
  0x0000015f0e6f5938: ffff 48be | 0000 0000 | 0000 0000 | e91c f0ff | ff48 8bb4 | 2410 0200 | 00e9 13f1 

  0x0000015f0e6f5954: ;   {oop(NULL)}
  0x0000015f0e6f5954: ffff 48be | 0000 0000 | 0000 0000 | e900 f0ff 

  0x0000015f0e6f5964: ;   {oop(NULL)}
  0x0000015f0e6f5964: ff48 be00 | 0000 0000 | 0000 00e9 | f1ef ffff 

  0x0000015f0e6f5974: ;   {oop(NULL)}
  0x0000015f0e6f5974: 48be 0000 | 0000 0000 | 0000 e9e2 

  0x0000015f0e6f5980: ;   {oop(NULL)}
  0x0000015f0e6f5980: efff ff48 | be00 0000 | 0000 0000 | 00e9 d3ef 

  0x0000015f0e6f5990: ;   {oop(NULL)}
  0x0000015f0e6f5990: ffff 48be | 0000 0000 | 0000 0000 | e9c4 efff 

  0x0000015f0e6f59a0: ;   {oop(NULL)}
  0x0000015f0e6f59a0: ff48 be00 | 0000 0000 | 0000 00e9 | b5ef ffff 

  0x0000015f0e6f59b0: ;   {oop(NULL)}
  0x0000015f0e6f59b0: 48be 0000 | 0000 0000 | 0000 e9a6 

  0x0000015f0e6f59bc: ;   {oop(NULL)}
  0x0000015f0e6f59bc: efff ff48 | be00 0000 | 0000 0000 | 00e9 97ef 

  0x0000015f0e6f59cc: ;   {oop(NULL)}
  0x0000015f0e6f59cc: ffff 48be | 0000 0000 | 0000 0000 | e988 efff 

  0x0000015f0e6f59dc: ;   {oop(NULL)}
  0x0000015f0e6f59dc: ff48 be00 | 0000 0000 | 0000 00e9 | 79ef ffff 

  0x0000015f0e6f59ec: ;   {oop(NULL)}
  0x0000015f0e6f59ec: 48be 0000 | 0000 0000 | 0000 e96a 

  0x0000015f0e6f59f8: ;   {oop(NULL)}
  0x0000015f0e6f59f8: efff ff48 | be00 0000 | 0000 0000 | 00e9 5bef 

  0x0000015f0e6f5a08: ;   {oop(NULL)}
  0x0000015f0e6f5a08: ffff 48be | 0000 0000 | 0000 0000 | e94c efff 

  0x0000015f0e6f5a18: ;   {oop(NULL)}
  0x0000015f0e6f5a18: ff48 be00 | 0000 0000 | 0000 00e9 | 3def ffff 

  0x0000015f0e6f5a28: ;   {oop(NULL)}
  0x0000015f0e6f5a28: 48be 0000 | 0000 0000 | 0000 e92e 

  0x0000015f0e6f5a34: ;   {oop(NULL)}
  0x0000015f0e6f5a34: efff ff48 | be00 0000 | 0000 0000 | 00e9 1fef 

  0x0000015f0e6f5a44: ;   {oop(NULL)}
  0x0000015f0e6f5a44: ffff 48be | 0000 0000 | 0000 0000 | e910 efff 

  0x0000015f0e6f5a54: ;   {oop(NULL)}
  0x0000015f0e6f5a54: ff48 be00 | 0000 0000 | 0000 00e9 | 01ef ffff 

  0x0000015f0e6f5a64: ;   {oop(NULL)}
  0x0000015f0e6f5a64: 48be 0000 | 0000 0000 | 0000 e9f2 

  0x0000015f0e6f5a70: ;   {oop(NULL)}
  0x0000015f0e6f5a70: eeff ff48 | be00 0000 | 0000 0000 | 00e9 e3ee 

  0x0000015f0e6f5a80: ;   {oop(NULL)}
  0x0000015f0e6f5a80: ffff 48be | 0000 0000 | 0000 0000 | e9d4 eeff 

  0x0000015f0e6f5a90: ;   {oop(NULL)}
  0x0000015f0e6f5a90: ff48 be00 | 0000 0000 | 0000 00e9 | c5ee ffff 

  0x0000015f0e6f5aa0: ;   {oop(NULL)}
  0x0000015f0e6f5aa0: 48be 0000 | 0000 0000 | 0000 e9b6 

  0x0000015f0e6f5aac: ;   {oop(NULL)}
  0x0000015f0e6f5aac: eeff ff48 | be00 0000 | 0000 0000 | 00e9 a7ee 

  0x0000015f0e6f5abc: ;   {oop(NULL)}
  0x0000015f0e6f5abc: ffff 48be | 0000 0000 | 0000 0000 | e998 eeff 

  0x0000015f0e6f5acc: ;   {oop(NULL)}
  0x0000015f0e6f5acc: ff48 be00 | 0000 0000 | 0000 00e9 | 89ee ffff 

  0x0000015f0e6f5adc: ;   {oop(NULL)}
  0x0000015f0e6f5adc: 48be 0000 | 0000 0000 | 0000 e97a 

  0x0000015f0e6f5ae8: ;   {oop(NULL)}
  0x0000015f0e6f5ae8: eeff ff48 | be00 0000 | 0000 0000 | 00e9 6bee 

  0x0000015f0e6f5af8: ;   {oop(NULL)}
  0x0000015f0e6f5af8: ffff 48be | 0000 0000 | 0000 0000 | e95c eeff 

  0x0000015f0e6f5b08: ;   {oop(NULL)}
  0x0000015f0e6f5b08: ff48 be00 | 0000 0000 | 0000 00e9 | 4dee ffff 

  0x0000015f0e6f5b18: ;   {oop(NULL)}
  0x0000015f0e6f5b18: 48be 0000 | 0000 0000 | 0000 e93e 

  0x0000015f0e6f5b24: ;   {oop(NULL)}
  0x0000015f0e6f5b24: eeff ff48 | be00 0000 | 0000 0000 | 00e9 2fee 

  0x0000015f0e6f5b34: ;   {oop(NULL)}
  0x0000015f0e6f5b34: ffff 48be | 0000 0000 | 0000 0000 | e920 eeff 

  0x0000015f0e6f5b44: ;   {oop(NULL)}
  0x0000015f0e6f5b44: ff48 be00 | 0000 0000 | 0000 00e9 | 11ee ffff 

  0x0000015f0e6f5b54: ;   {oop(NULL)}
  0x0000015f0e6f5b54: 48be 0000 | 0000 0000 | 0000 e902 

  0x0000015f0e6f5b60: ;   {oop(NULL)}
  0x0000015f0e6f5b60: eeff ff48 | be00 0000 | 0000 0000 | 00e9 f3ed 

  0x0000015f0e6f5b70: ;   {oop(NULL)}
  0x0000015f0e6f5b70: ffff 48be | 0000 0000 | 0000 0000 | e9e4 edff 

  0x0000015f0e6f5b80: ;   {oop(NULL)}
  0x0000015f0e6f5b80: ff48 be00 | 0000 0000 | 0000 00e9 | d5ed ffff 

  0x0000015f0e6f5b90: ;   {oop(NULL)}
  0x0000015f0e6f5b90: 48be 0000 | 0000 0000 | 0000 e9c6 

  0x0000015f0e6f5b9c: ;   {oop(NULL)}
  0x0000015f0e6f5b9c: edff ff48 | be00 0000 | 0000 0000 | 00e9 b7ed 

  0x0000015f0e6f5bac: ;   {oop(NULL)}
  0x0000015f0e6f5bac: ffff 48be | 0000 0000 | 0000 0000 | e9a8 edff 

  0x0000015f0e6f5bbc: ;   {oop(NULL)}
  0x0000015f0e6f5bbc: ff48 be00 | 0000 0000 | 0000 00e9 | 99ed ffff 

  0x0000015f0e6f5bcc: ;   {oop(NULL)}
  0x0000015f0e6f5bcc: 48be 0000 | 0000 0000 | 0000 e98a 

  0x0000015f0e6f5bd8: ;   {oop(NULL)}
  0x0000015f0e6f5bd8: edff ff48 | be00 0000 | 0000 0000 | 00e9 7bed 

  0x0000015f0e6f5be8: ;   {oop(NULL)}
  0x0000015f0e6f5be8: ffff 48be | 0000 0000 | 0000 0000 | e96c edff 

  0x0000015f0e6f5bf8: ;   {oop(NULL)}
  0x0000015f0e6f5bf8: ff48 be00 | 0000 0000 | 0000 00e9 | 5ded ffff 

  0x0000015f0e6f5c08: ;   {oop(NULL)}
  0x0000015f0e6f5c08: 48be 0000 | 0000 0000 | 0000 e94e 

  0x0000015f0e6f5c14: ;   {oop(NULL)}
  0x0000015f0e6f5c14: edff ff48 | be00 0000 | 0000 0000 | 00e9 3fed 

  0x0000015f0e6f5c24: ;   {oop(NULL)}
  0x0000015f0e6f5c24: ffff 48be | 0000 0000 | 0000 0000 | e930 edff 

  0x0000015f0e6f5c34: ;   {oop(NULL)}
  0x0000015f0e6f5c34: ff48 be00 | 0000 0000 | 0000 00e9 | 21ed ffff 

  0x0000015f0e6f5c44: ;   {oop(NULL)}
  0x0000015f0e6f5c44: 48be 0000 | 0000 0000 | 0000 e912 

  0x0000015f0e6f5c50: ;   {oop(NULL)}
  0x0000015f0e6f5c50: edff ff48 | be00 0000 | 0000 0000 | 00e9 03ed 

  0x0000015f0e6f5c60: ;   {oop(NULL)}
  0x0000015f0e6f5c60: ffff 48be | 0000 0000 | 0000 0000 | e9f4 ecff 

  0x0000015f0e6f5c70: ;   {oop(NULL)}
  0x0000015f0e6f5c70: ff48 be00 | 0000 0000 | 0000 00e9 | e5ec ffff 

  0x0000015f0e6f5c80: ;   {oop(NULL)}
  0x0000015f0e6f5c80: 48be 0000 | 0000 0000 | 0000 e9d6 

  0x0000015f0e6f5c8c: ;   {oop(NULL)}
  0x0000015f0e6f5c8c: ecff ff48 | be00 0000 | 0000 0000 | 00e9 c7ec 

  0x0000015f0e6f5c9c: ;   {oop(NULL)}
  0x0000015f0e6f5c9c: ffff 48be | 0000 0000 | 0000 0000 | e9b8 ecff 

  0x0000015f0e6f5cac: ;   {oop(NULL)}
  0x0000015f0e6f5cac: ff48 be00 | 0000 0000 | 0000 00e9 | a9ec ffff 

  0x0000015f0e6f5cbc: ;   {oop(NULL)}
  0x0000015f0e6f5cbc: 48be 0000 | 0000 0000 | 0000 e99a 

  0x0000015f0e6f5cc8: ;   {oop(NULL)}
  0x0000015f0e6f5cc8: ecff ff48 | be00 0000 | 0000 0000 | 00e9 8bec 

  0x0000015f0e6f5cd8: ;   {oop(NULL)}
  0x0000015f0e6f5cd8: ffff 48be | 0000 0000 | 0000 0000 | e97c ecff 

  0x0000015f0e6f5ce8: ;   {oop(NULL)}
  0x0000015f0e6f5ce8: ff48 be00 | 0000 0000 | 0000 00e9 | 6dec ffff 

  0x0000015f0e6f5cf8: ;   {oop(NULL)}
  0x0000015f0e6f5cf8: 48be 0000 | 0000 0000 | 0000 e95e 

  0x0000015f0e6f5d04: ;   {oop(NULL)}
  0x0000015f0e6f5d04: ecff ff48 | be00 0000 | 0000 0000 | 00e9 4fec 

  0x0000015f0e6f5d14: ;   {oop(NULL)}
  0x0000015f0e6f5d14: ffff 48be | 0000 0000 | 0000 0000 | e940 ecff 

  0x0000015f0e6f5d24: ;   {oop(NULL)}
  0x0000015f0e6f5d24: ff48 be00 | 0000 0000 | 0000 00e9 | 31ec ffff 

  0x0000015f0e6f5d34: ;   {oop(NULL)}
  0x0000015f0e6f5d34: 48be 0000 | 0000 0000 | 0000 e922 

  0x0000015f0e6f5d40: ;   {oop(NULL)}
  0x0000015f0e6f5d40: ecff ff48 | be00 0000 | 0000 0000 | 00e9 13ec 

  0x0000015f0e6f5d50: ;   {oop(NULL)}
  0x0000015f0e6f5d50: ffff 48be | 0000 0000 | 0000 0000 | e904 ecff 

  0x0000015f0e6f5d60: ;   {oop(NULL)}
  0x0000015f0e6f5d60: ff48 be00 | 0000 0000 | 0000 00e9 | f5eb ffff 

  0x0000015f0e6f5d70: ;   {oop(NULL)}
  0x0000015f0e6f5d70: 48be 0000 | 0000 0000 | 0000 e9e6 

  0x0000015f0e6f5d7c: ;   {oop(NULL)}
  0x0000015f0e6f5d7c: ebff ff48 | be00 0000 | 0000 0000 | 00e9 d7eb 

  0x0000015f0e6f5d8c: ;   {oop(NULL)}
  0x0000015f0e6f5d8c: ffff 48be | 0000 0000 | 0000 0000 | e9c8 ebff 

  0x0000015f0e6f5d9c: ;   {oop(NULL)}
  0x0000015f0e6f5d9c: ff48 be00 | 0000 0000 | 0000 00e9 | b9eb ffff 

  0x0000015f0e6f5dac: ;   {oop(NULL)}
  0x0000015f0e6f5dac: 48be 0000 | 0000 0000 | 0000 e9aa 

  0x0000015f0e6f5db8: ;   {oop(NULL)}
  0x0000015f0e6f5db8: ebff ff48 | be00 0000 | 0000 0000 | 00e9 9beb 

  0x0000015f0e6f5dc8: ;   {oop(NULL)}
  0x0000015f0e6f5dc8: ffff 48be | 0000 0000 | 0000 0000 | e98c ebff 

  0x0000015f0e6f5dd8: ;   {oop(NULL)}
  0x0000015f0e6f5dd8: ff48 be00 | 0000 0000 | 0000 00e9 | 7deb ffff 

  0x0000015f0e6f5de8: ;   {oop(NULL)}
  0x0000015f0e6f5de8: 48be 0000 | 0000 0000 | 0000 e96e 

  0x0000015f0e6f5df4: ;   {oop(NULL)}
  0x0000015f0e6f5df4: ebff ff48 | be00 0000 | 0000 0000 | 00e9 5feb 

  0x0000015f0e6f5e04: ;   {oop(NULL)}
  0x0000015f0e6f5e04: ffff 48be | 0000 0000 | 0000 0000 | e950 ebff 

  0x0000015f0e6f5e14: ;   {oop(NULL)}
  0x0000015f0e6f5e14: ff48 be00 | 0000 0000 | 0000 00e9 | 41eb ffff 

  0x0000015f0e6f5e24: ;   {oop(NULL)}
  0x0000015f0e6f5e24: 48be 0000 | 0000 0000 | 0000 e932 

  0x0000015f0e6f5e30: ;   {oop(NULL)}
  0x0000015f0e6f5e30: ebff ff48 | be00 0000 | 0000 0000 | 00e9 23eb | ffff 9090 | 498b 87d8 | 0300 0049 | c787 d803 
  0x0000015f0e6f5e50: 0000 0000 | 0000 49c7 | 87e0 0300 | 0000 0000 | 0048 8bd8 | 488d 8424 | 2002 0000 | 488b 3848 
  0x0000015f0e6f5e70: 85ff 0f84 | 0f00 0000 | 488b 7008 | f048 0fb1 | 3e0f 8510 | 0000 0048 | 8bc3 4881 | c440 0200 
  0x0000015f0e6f5e90: ;   {runtime_call unwind_exception Runtime1 stub}
  0x0000015f0e6f5e90: 005d e969 | 2ef8 0648 | 8d84 2420 | 0200 0048 

  0x0000015f0e6f5ea0: ;   {runtime_call monitorexit_nofpu Runtime1 stub}
  0x0000015f0e6f5ea0: 8904 24e8 | d846 0107 | ebdd f4f4 | f4f4 f4f4 | f4f4 f4f4 | f4f4 f4f4 | f4f4 f4f4 | f4f4 f4f4 
[Stub Code]
  0x0000015f0e6f5ec0: ;   {no_reloc}
  0x0000015f0e6f5ec0: 0f1f 4400 

  0x0000015f0e6f5ec4: ;   {static_stub}
  0x0000015f0e6f5ec4: 0048 bb00 | 0000 0000 

  0x0000015f0e6f5ecc: ;   {runtime_call}
  0x0000015f0e6f5ecc: 0000 00e9 | fbff ffff 

  0x0000015f0e6f5ed4: ;   {static_stub}
  0x0000015f0e6f5ed4: 9048 bb00 | 0000 0000 

  0x0000015f0e6f5edc: ;   {runtime_call}
  0x0000015f0e6f5edc: 0000 00e9 | fbff ffff 

  0x0000015f0e6f5ee4: ;   {static_stub}
  0x0000015f0e6f5ee4: 9048 bb00 | 0000 0000 

  0x0000015f0e6f5eec: ;   {runtime_call}
  0x0000015f0e6f5eec: 0000 00e9 | fbff ffff 

  0x0000015f0e6f5ef4: ;   {static_stub}
  0x0000015f0e6f5ef4: 9048 bb00 | 0000 0000 

  0x0000015f0e6f5efc: ;   {runtime_call}
  0x0000015f0e6f5efc: 0000 00e9 | fbff ffff 

  0x0000015f0e6f5f04: ;   {static_stub}
  0x0000015f0e6f5f04: 9048 bb00 | 0000 0000 

  0x0000015f0e6f5f0c: ;   {runtime_call}
  0x0000015f0e6f5f0c: 0000 00e9 | fbff ffff 

  0x0000015f0e6f5f14: ;   {static_stub}
  0x0000015f0e6f5f14: 9048 bb00 | 0000 0000 

  0x0000015f0e6f5f1c: ;   {runtime_call}
  0x0000015f0e6f5f1c: 0000 00e9 | fbff ffff 

  0x0000015f0e6f5f24: ;   {static_stub}
  0x0000015f0e6f5f24: 9048 bb00 | 0000 0000 

  0x0000015f0e6f5f2c: ;   {runtime_call}
  0x0000015f0e6f5f2c: 0000 00e9 | fbff ffff 

  0x0000015f0e6f5f34: ;   {static_stub}
  0x0000015f0e6f5f34: 9048 bb00 | 0000 0000 

  0x0000015f0e6f5f3c: ;   {runtime_call}
  0x0000015f0e6f5f3c: 0000 00e9 | fbff ffff 

  0x0000015f0e6f5f44: ;   {static_stub}
  0x0000015f0e6f5f44: 9048 bb00 | 0000 0000 

  0x0000015f0e6f5f4c: ;   {runtime_call}
  0x0000015f0e6f5f4c: 0000 00e9 | fbff ffff 

  0x0000015f0e6f5f54: ;   {static_stub}
  0x0000015f0e6f5f54: 9048 bb00 | 0000 0000 

  0x0000015f0e6f5f5c: ;   {runtime_call}
  0x0000015f0e6f5f5c: 0000 00e9 | fbff ffff 

  0x0000015f0e6f5f64: ;   {static_stub}
  0x0000015f0e6f5f64: 9048 bb00 | 0000 0000 

  0x0000015f0e6f5f6c: ;   {runtime_call}
  0x0000015f0e6f5f6c: 0000 00e9 | fbff ffff 

  0x0000015f0e6f5f74: ;   {static_stub}
  0x0000015f0e6f5f74: 9048 bb00 | 0000 0000 

  0x0000015f0e6f5f7c: ;   {runtime_call}
  0x0000015f0e6f5f7c: 0000 00e9 | fbff ffff 

  0x0000015f0e6f5f84: ;   {static_stub}
  0x0000015f0e6f5f84: 9048 bb00 | 0000 0000 

  0x0000015f0e6f5f8c: ;   {runtime_call}
  0x0000015f0e6f5f8c: 0000 00e9 | fbff ffff 

  0x0000015f0e6f5f94: ;   {static_stub}
  0x0000015f0e6f5f94: 9048 bb00 | 0000 0000 

  0x0000015f0e6f5f9c: ;   {runtime_call}
  0x0000015f0e6f5f9c: 0000 00e9 | fbff ffff 

  0x0000015f0e6f5fa4: ;   {static_stub}
  0x0000015f0e6f5fa4: 9048 bb00 | 0000 0000 

  0x0000015f0e6f5fac: ;   {runtime_call}
  0x0000015f0e6f5fac: 0000 00e9 | fbff ffff 

  0x0000015f0e6f5fb4: ;   {static_stub}
  0x0000015f0e6f5fb4: 9048 bb00 | 0000 0000 

  0x0000015f0e6f5fbc: ;   {runtime_call}
  0x0000015f0e6f5fbc: 0000 00e9 | fbff ffff 

  0x0000015f0e6f5fc4: ;   {static_stub}
  0x0000015f0e6f5fc4: 9048 bb00 | 0000 0000 

  0x0000015f0e6f5fcc: ;   {runtime_call}
  0x0000015f0e6f5fcc: 0000 00e9 | fbff ffff 

  0x0000015f0e6f5fd4: ;   {static_stub}
  0x0000015f0e6f5fd4: 9048 bb00 | 0000 0000 

  0x0000015f0e6f5fdc: ;   {runtime_call}
  0x0000015f0e6f5fdc: 0000 00e9 | fbff ffff 

  0x0000015f0e6f5fe4: ;   {static_stub}
  0x0000015f0e6f5fe4: 9048 bb00 | 0000 0000 

  0x0000015f0e6f5fec: ;   {runtime_call}
  0x0000015f0e6f5fec: 0000 00e9 | fbff ffff 

  0x0000015f0e6f5ff4: ;   {static_stub}
  0x0000015f0e6f5ff4: 9048 bb00 | 0000 0000 

  0x0000015f0e6f5ffc: ;   {runtime_call}
  0x0000015f0e6f5ffc: 0000 00e9 | fbff ffff 

  0x0000015f0e6f6004: ;   {static_stub}
  0x0000015f0e6f6004: 9048 bb00 | 0000 0000 

  0x0000015f0e6f600c: ;   {runtime_call}
  0x0000015f0e6f600c: 0000 00e9 | fbff ffff 

  0x0000015f0e6f6014: ;   {static_stub}
  0x0000015f0e6f6014: 9048 bb00 | 0000 0000 

  0x0000015f0e6f601c: ;   {runtime_call}
  0x0000015f0e6f601c: 0000 00e9 | fbff ffff 

  0x0000015f0e6f6024: ;   {static_stub}
  0x0000015f0e6f6024: 9048 bb00 | 0000 0000 

  0x0000015f0e6f602c: ;   {runtime_call}
  0x0000015f0e6f602c: 0000 00e9 | fbff ffff 

  0x0000015f0e6f6034: ;   {static_stub}
  0x0000015f0e6f6034: 9048 bb00 | 0000 0000 

  0x0000015f0e6f603c: ;   {runtime_call}
  0x0000015f0e6f603c: 0000 00e9 | fbff ffff 

  0x0000015f0e6f6044: ;   {static_stub}
  0x0000015f0e6f6044: 9048 bb00 | 0000 0000 

  0x0000015f0e6f604c: ;   {runtime_call}
  0x0000015f0e6f604c: 0000 00e9 | fbff ffff 

  0x0000015f0e6f6054: ;   {static_stub}
  0x0000015f0e6f6054: 9048 bb00 | 0000 0000 

  0x0000015f0e6f605c: ;   {runtime_call}
  0x0000015f0e6f605c: 0000 00e9 | fbff ffff 

  0x0000015f0e6f6064: ;   {static_stub}
  0x0000015f0e6f6064: 9048 bb00 | 0000 0000 

  0x0000015f0e6f606c: ;   {runtime_call}
  0x0000015f0e6f606c: 0000 00e9 | fbff ffff 

  0x0000015f0e6f6074: ;   {static_stub}
  0x0000015f0e6f6074: 9048 bb00 | 0000 0000 

  0x0000015f0e6f607c: ;   {runtime_call}
  0x0000015f0e6f607c: 0000 00e9 | fbff ffff 

  0x0000015f0e6f6084: ;   {static_stub}
  0x0000015f0e6f6084: 9048 bb00 | 0000 0000 

  0x0000015f0e6f608c: ;   {runtime_call}
  0x0000015f0e6f608c: 0000 00e9 | fbff ffff 

  0x0000015f0e6f6094: ;   {static_stub}
  0x0000015f0e6f6094: 9048 bb00 | 0000 0000 

  0x0000015f0e6f609c: ;   {runtime_call}
  0x0000015f0e6f609c: 0000 00e9 | fbff ffff 

  0x0000015f0e6f60a4: ;   {static_stub}
  0x0000015f0e6f60a4: 9048 bb00 | 0000 0000 

  0x0000015f0e6f60ac: ;   {runtime_call}
  0x0000015f0e6f60ac: 0000 00e9 | fbff ffff 

  0x0000015f0e6f60b4: ;   {static_stub}
  0x0000015f0e6f60b4: 9048 bb00 | 0000 0000 

  0x0000015f0e6f60bc: ;   {runtime_call}
  0x0000015f0e6f60bc: 0000 00e9 | fbff ffff 

  0x0000015f0e6f60c4: ;   {static_stub}
  0x0000015f0e6f60c4: 9048 bb00 | 0000 0000 

  0x0000015f0e6f60cc: ;   {runtime_call}
  0x0000015f0e6f60cc: 0000 00e9 | fbff ffff 

  0x0000015f0e6f60d4: ;   {static_stub}
  0x0000015f0e6f60d4: 9048 bb00 | 0000 0000 

  0x0000015f0e6f60dc: ;   {runtime_call}
  0x0000015f0e6f60dc: 0000 00e9 | fbff ffff 

  0x0000015f0e6f60e4: ;   {static_stub}
  0x0000015f0e6f60e4: 9048 bb00 | 0000 0000 

  0x0000015f0e6f60ec: ;   {runtime_call}
  0x0000015f0e6f60ec: 0000 00e9 | fbff ffff 

  0x0000015f0e6f60f4: ;   {static_stub}
  0x0000015f0e6f60f4: 9048 bb00 | 0000 0000 

  0x0000015f0e6f60fc: ;   {runtime_call}
  0x0000015f0e6f60fc: 0000 00e9 | fbff ffff 

  0x0000015f0e6f6104: ;   {static_stub}
  0x0000015f0e6f6104: 9048 bb00 | 0000 0000 

  0x0000015f0e6f610c: ;   {runtime_call}
  0x0000015f0e6f610c: 0000 00e9 | fbff ffff 

  0x0000015f0e6f6114: ;   {static_stub}
  0x0000015f0e6f6114: 9048 bb00 | 0000 0000 

  0x0000015f0e6f611c: ;   {runtime_call}
  0x0000015f0e6f611c: 0000 00e9 | fbff ffff 

  0x0000015f0e6f6124: ;   {static_stub}
  0x0000015f0e6f6124: 9048 bb00 | 0000 0000 

  0x0000015f0e6f612c: ;   {runtime_call}
  0x0000015f0e6f612c: 0000 00e9 | fbff ffff 

  0x0000015f0e6f6134: ;   {static_stub}
  0x0000015f0e6f6134: 9048 bb00 | 0000 0000 

  0x0000015f0e6f613c: ;   {runtime_call}
  0x0000015f0e6f613c: 0000 00e9 | fbff ffff 

  0x0000015f0e6f6144: ;   {static_stub}
  0x0000015f0e6f6144: 9048 bb00 | 0000 0000 

  0x0000015f0e6f614c: ;   {runtime_call}
  0x0000015f0e6f614c: 0000 00e9 | fbff ffff 

  0x0000015f0e6f6154: ;   {static_stub}
  0x0000015f0e6f6154: 9048 bb00 | 0000 0000 

  0x0000015f0e6f615c: ;   {runtime_call}
  0x0000015f0e6f615c: 0000 00e9 | fbff ffff 

  0x0000015f0e6f6164: ;   {static_stub}
  0x0000015f0e6f6164: 9048 bb00 | 0000 0000 

  0x0000015f0e6f616c: ;   {runtime_call}
  0x0000015f0e6f616c: 0000 00e9 | fbff ffff 

  0x0000015f0e6f6174: ;   {static_stub}
  0x0000015f0e6f6174: 9048 bb00 | 0000 0000 

  0x0000015f0e6f617c: ;   {runtime_call}
  0x0000015f0e6f617c: 0000 00e9 | fbff ffff 

  0x0000015f0e6f6184: ;   {static_stub}
  0x0000015f0e6f6184: 9048 bb00 | 0000 0000 

  0x0000015f0e6f618c: ;   {runtime_call}
  0x0000015f0e6f618c: 0000 00e9 | fbff ffff 

  0x0000015f0e6f6194: ;   {static_stub}
  0x0000015f0e6f6194: 9048 bb00 | 0000 0000 

  0x0000015f0e6f619c: ;   {runtime_call}
  0x0000015f0e6f619c: 0000 00e9 | fbff ffff 

  0x0000015f0e6f61a4: ;   {static_stub}
  0x0000015f0e6f61a4: 9048 bb00 | 0000 0000 

  0x0000015f0e6f61ac: ;   {runtime_call}
  0x0000015f0e6f61ac: 0000 00e9 | fbff ffff 

  0x0000015f0e6f61b4: ;   {static_stub}
  0x0000015f0e6f61b4: 9048 bb00 | 0000 0000 

  0x0000015f0e6f61bc: ;   {runtime_call}
  0x0000015f0e6f61bc: 0000 00e9 | fbff ffff 

  0x0000015f0e6f61c4: ;   {static_stub}
  0x0000015f0e6f61c4: 9048 bb00 | 0000 0000 

  0x0000015f0e6f61cc: ;   {runtime_call}
  0x0000015f0e6f61cc: 0000 00e9 | fbff ffff 

  0x0000015f0e6f61d4: ;   {static_stub}
  0x0000015f0e6f61d4: 9048 bb00 | 0000 0000 

  0x0000015f0e6f61dc: ;   {runtime_call}
  0x0000015f0e6f61dc: 0000 00e9 | fbff ffff 

  0x0000015f0e6f61e4: ;   {static_stub}
  0x0000015f0e6f61e4: 9048 bb00 | 0000 0000 

  0x0000015f0e6f61ec: ;   {runtime_call}
  0x0000015f0e6f61ec: 0000 00e9 | fbff ffff 

  0x0000015f0e6f61f4: ;   {static_stub}
  0x0000015f0e6f61f4: 9048 bb00 | 0000 0000 

  0x0000015f0e6f61fc: ;   {runtime_call}
  0x0000015f0e6f61fc: 0000 00e9 | fbff ffff 

  0x0000015f0e6f6204: ;   {static_stub}
  0x0000015f0e6f6204: 9048 bb00 | 0000 0000 

  0x0000015f0e6f620c: ;   {runtime_call}
  0x0000015f0e6f620c: 0000 00e9 | fbff ffff 

  0x0000015f0e6f6214: ;   {static_stub}
  0x0000015f0e6f6214: 9048 bb00 | 0000 0000 

  0x0000015f0e6f621c: ;   {runtime_call}
  0x0000015f0e6f621c: 0000 00e9 | fbff ffff 

  0x0000015f0e6f6224: ;   {static_stub}
  0x0000015f0e6f6224: 9048 bb00 | 0000 0000 

  0x0000015f0e6f622c: ;   {runtime_call}
  0x0000015f0e6f622c: 0000 00e9 | fbff ffff 

  0x0000015f0e6f6234: ;   {static_stub}
  0x0000015f0e6f6234: 9048 bb00 | 0000 0000 

  0x0000015f0e6f623c: ;   {runtime_call}
  0x0000015f0e6f623c: 0000 00e9 | fbff ffff 

  0x0000015f0e6f6244: ;   {static_stub}
  0x0000015f0e6f6244: 9048 bb00 | 0000 0000 

  0x0000015f0e6f624c: ;   {runtime_call}
  0x0000015f0e6f624c: 0000 00e9 | fbff ffff 

  0x0000015f0e6f6254: ;   {static_stub}
  0x0000015f0e6f6254: 9048 bb00 | 0000 0000 

  0x0000015f0e6f625c: ;   {runtime_call}
  0x0000015f0e6f625c: 0000 00e9 | fbff ffff 

  0x0000015f0e6f6264: ;   {static_stub}
  0x0000015f0e6f6264: 9048 bb00 | 0000 0000 

  0x0000015f0e6f626c: ;   {runtime_call}
  0x0000015f0e6f626c: 0000 00e9 | fbff ffff 

  0x0000015f0e6f6274: ;   {static_stub}
  0x0000015f0e6f6274: 9048 bb00 | 0000 0000 

  0x0000015f0e6f627c: ;   {runtime_call}
  0x0000015f0e6f627c: 0000 00e9 | fbff ffff 

  0x0000015f0e6f6284: ;   {static_stub}
  0x0000015f0e6f6284: 9048 bb00 | 0000 0000 

  0x0000015f0e6f628c: ;   {runtime_call}
  0x0000015f0e6f628c: 0000 00e9 | fbff ffff 

  0x0000015f0e6f6294: ;   {static_stub}
  0x0000015f0e6f6294: 9048 bb00 | 0000 0000 

  0x0000015f0e6f629c: ;   {runtime_call}
  0x0000015f0e6f629c: 0000 00e9 | fbff ffff 

  0x0000015f0e6f62a4: ;   {static_stub}
  0x0000015f0e6f62a4: 9048 bb00 | 0000 0000 

  0x0000015f0e6f62ac: ;   {runtime_call}
  0x0000015f0e6f62ac: 0000 00e9 | fbff ffff 

  0x0000015f0e6f62b4: ;   {static_stub}
  0x0000015f0e6f62b4: 9048 bb00 | 0000 0000 

  0x0000015f0e6f62bc: ;   {runtime_call}
  0x0000015f0e6f62bc: 0000 00e9 | fbff ffff 

  0x0000015f0e6f62c4: ;   {static_stub}
  0x0000015f0e6f62c4: 9048 bb00 | 0000 0000 

  0x0000015f0e6f62cc: ;   {runtime_call}
  0x0000015f0e6f62cc: 0000 00e9 | fbff ffff 

  0x0000015f0e6f62d4: ;   {static_stub}
  0x0000015f0e6f62d4: 9048 bb00 | 0000 0000 

  0x0000015f0e6f62dc: ;   {runtime_call}
  0x0000015f0e6f62dc: 0000 00e9 | fbff ffff 

  0x0000015f0e6f62e4: ;   {static_stub}
  0x0000015f0e6f62e4: 9048 bb00 | 0000 0000 

  0x0000015f0e6f62ec: ;   {runtime_call}
  0x0000015f0e6f62ec: 0000 00e9 | fbff ffff 

  0x0000015f0e6f62f4: ;   {static_stub}
  0x0000015f0e6f62f4: 9048 bb00 | 0000 0000 

  0x0000015f0e6f62fc: ;   {runtime_call}
  0x0000015f0e6f62fc: 0000 00e9 | fbff ffff 

  0x0000015f0e6f6304: ;   {static_stub}
  0x0000015f0e6f6304: 9048 bb00 | 0000 0000 

  0x0000015f0e6f630c: ;   {runtime_call}
  0x0000015f0e6f630c: 0000 00e9 | fbff ffff 

  0x0000015f0e6f6314: ;   {static_stub}
  0x0000015f0e6f6314: 9048 bb00 | 0000 0000 

  0x0000015f0e6f631c: ;   {runtime_call}
  0x0000015f0e6f631c: 0000 00e9 | fbff ffff 

  0x0000015f0e6f6324: ;   {static_stub}
  0x0000015f0e6f6324: 9048 bb00 | 0000 0000 

  0x0000015f0e6f632c: ;   {runtime_call}
  0x0000015f0e6f632c: 0000 00e9 | fbff ffff 

  0x0000015f0e6f6334: ;   {static_stub}
  0x0000015f0e6f6334: 9048 bb00 | 0000 0000 

  0x0000015f0e6f633c: ;   {runtime_call}
  0x0000015f0e6f633c: 0000 00e9 | fbff ffff 

  0x0000015f0e6f6344: ;   {static_stub}
  0x0000015f0e6f6344: 9048 bb00 | 0000 0000 

  0x0000015f0e6f634c: ;   {runtime_call}
  0x0000015f0e6f634c: 0000 00e9 | fbff ffff 

  0x0000015f0e6f6354: ;   {static_stub}
  0x0000015f0e6f6354: 9048 bbf0 | f332 775f 

  0x0000015f0e6f635c: ;   {runtime_call I2C/C2I adapters}
  0x0000015f0e6f635c: 0100 00e9 | fd9c f406 

  0x0000015f0e6f6364: ;   {static_stub}
  0x0000015f0e6f6364: 9048 bb00 | 0000 0000 

  0x0000015f0e6f636c: ;   {runtime_call}
  0x0000015f0e6f636c: 0000 00e9 | fbff ffff 

  0x0000015f0e6f6374: ;   {static_stub}
  0x0000015f0e6f6374: 9048 bb00 | 0000 0000 

  0x0000015f0e6f637c: ;   {runtime_call}
  0x0000015f0e6f637c: 0000 00e9 | fbff ffff 

  0x0000015f0e6f6384: ;   {static_stub}
  0x0000015f0e6f6384: 9048 bb00 | 0000 0000 

  0x0000015f0e6f638c: ;   {runtime_call}
  0x0000015f0e6f638c: 0000 00e9 | fbff ffff 

  0x0000015f0e6f6394: ;   {static_stub}
  0x0000015f0e6f6394: 9048 bb00 | 0000 0000 

  0x0000015f0e6f639c: ;   {runtime_call}
  0x0000015f0e6f639c: 0000 00e9 | fbff ffff 

  0x0000015f0e6f63a4: ;   {static_stub}
  0x0000015f0e6f63a4: 9048 bb00 | 0000 0000 

  0x0000015f0e6f63ac: ;   {runtime_call}
  0x0000015f0e6f63ac: 0000 00e9 | fbff ffff 

  0x0000015f0e6f63b4: ;   {static_stub}
  0x0000015f0e6f63b4: 9048 bb00 | 0000 0000 

  0x0000015f0e6f63bc: ;   {runtime_call}
  0x0000015f0e6f63bc: 0000 00e9 | fbff ffff 

  0x0000015f0e6f63c4: ;   {static_stub}
  0x0000015f0e6f63c4: 9048 bb00 | 0000 0000 

  0x0000015f0e6f63cc: ;   {runtime_call}
  0x0000015f0e6f63cc: 0000 00e9 | fbff ffff 

  0x0000015f0e6f63d4: ;   {static_stub}
  0x0000015f0e6f63d4: 9048 bb00 | 0000 0000 

  0x0000015f0e6f63dc: ;   {runtime_call}
  0x0000015f0e6f63dc: 0000 00e9 | fbff ffff 

  0x0000015f0e6f63e4: ;   {static_stub}
  0x0000015f0e6f63e4: 9048 bb00 | 0000 0000 

  0x0000015f0e6f63ec: ;   {runtime_call}
  0x0000015f0e6f63ec: 0000 00e9 | fbff ffff 

  0x0000015f0e6f63f4: ;   {static_stub}
  0x0000015f0e6f63f4: 9048 bb00 | 0000 0000 

  0x0000015f0e6f63fc: ;   {runtime_call}
  0x0000015f0e6f63fc: 0000 00e9 | fbff ffff 

  0x0000015f0e6f6404: ;   {static_stub}
  0x0000015f0e6f6404: 9048 bb00 | 0000 0000 

  0x0000015f0e6f640c: ;   {runtime_call}
  0x0000015f0e6f640c: 0000 00e9 | fbff ffff 

  0x0000015f0e6f6414: ;   {static_stub}
  0x0000015f0e6f6414: 9048 bb00 | 0000 0000 

  0x0000015f0e6f641c: ;   {runtime_call}
  0x0000015f0e6f641c: 0000 00e9 | fbff ffff 

  0x0000015f0e6f6424: ;   {static_stub}
  0x0000015f0e6f6424: 9048 bb00 | 0000 0000 

  0x0000015f0e6f642c: ;   {runtime_call}
  0x0000015f0e6f642c: 0000 00e9 | fbff ffff 

  0x0000015f0e6f6434: ;   {static_stub}
  0x0000015f0e6f6434: 9048 bb00 | 0000 0000 

  0x0000015f0e6f643c: ;   {runtime_call}
  0x0000015f0e6f643c: 0000 00e9 | fbff ffff 

  0x0000015f0e6f6444: ;   {static_stub}
  0x0000015f0e6f6444: 9048 bb00 | 0000 0000 

  0x0000015f0e6f644c: ;   {runtime_call}
  0x0000015f0e6f644c: 0000 00e9 | fbff ffff 

  0x0000015f0e6f6454: ;   {static_stub}
  0x0000015f0e6f6454: 9048 bb00 | 0000 0000 

  0x0000015f0e6f645c: ;   {runtime_call}
  0x0000015f0e6f645c: 0000 00e9 | fbff ffff 

  0x0000015f0e6f6464: ;   {static_stub}
  0x0000015f0e6f6464: 9048 bb00 | 0000 0000 

  0x0000015f0e6f646c: ;   {runtime_call}
  0x0000015f0e6f646c: 0000 00e9 | fbff ffff 

  0x0000015f0e6f6474: ;   {static_stub}
  0x0000015f0e6f6474: 9048 bb00 | 0000 0000 

  0x0000015f0e6f647c: ;   {runtime_call}
  0x0000015f0e6f647c: 0000 00e9 | fbff ffff 

  0x0000015f0e6f6484: ;   {static_stub}
  0x0000015f0e6f6484: 9048 bb00 | 0000 0000 

  0x0000015f0e6f648c: ;   {runtime_call}
  0x0000015f0e6f648c: 0000 00e9 | fbff ffff 

  0x0000015f0e6f6494: ;   {static_stub}
  0x0000015f0e6f6494: 9048 bb00 | 0000 0000 

  0x0000015f0e6f649c: ;   {runtime_call}
  0x0000015f0e6f649c: 0000 00e9 | fbff ffff 

  0x0000015f0e6f64a4: ;   {static_stub}
  0x0000015f0e6f64a4: 9048 bb00 | 0000 0000 

  0x0000015f0e6f64ac: ;   {runtime_call}
  0x0000015f0e6f64ac: 0000 00e9 | fbff ffff 

  0x0000015f0e6f64b4: ;   {static_stub}
  0x0000015f0e6f64b4: 9048 bb00 | 0000 0000 

  0x0000015f0e6f64bc: ;   {runtime_call}
  0x0000015f0e6f64bc: 0000 00e9 | fbff ffff 

  0x0000015f0e6f64c4: ;   {static_stub}
  0x0000015f0e6f64c4: 9048 bb00 | 0000 0000 

  0x0000015f0e6f64cc: ;   {runtime_call}
  0x0000015f0e6f64cc: 0000 00e9 | fbff ffff 

  0x0000015f0e6f64d4: ;   {static_stub}
  0x0000015f0e6f64d4: 9048 bb00 | 0000 0000 

  0x0000015f0e6f64dc: ;   {runtime_call}
  0x0000015f0e6f64dc: 0000 00e9 | fbff ffff 

  0x0000015f0e6f64e4: ;   {static_stub}
  0x0000015f0e6f64e4: 9048 bb00 | 0000 0000 

  0x0000015f0e6f64ec: ;   {runtime_call}
  0x0000015f0e6f64ec: 0000 00e9 | fbff ffff 
[Exception Handler]
  0x0000015f0e6f64f4: ;   {runtime_call handle_exception_from_callee Runtime1 stub}
  0x0000015f0e6f64f4: e887 2801 

  0x0000015f0e6f64f8: ;   {external_word}
  0x0000015f0e6f64f8: 0748 b990 | 0046 58f9 | 7f00 0048 

  0x0000015f0e6f6504: ;   {runtime_call}
  0x0000015f0e6f6504: 83e4 f049 | ba20 ea13 | 58f9 7f00 | 0041 ffd2 

  0x0000015f0e6f6514: ;   {section_word}
  0x0000015f0e6f6514: f449 ba15 | 656f 0e5f | 0100 0041 

  0x0000015f0e6f6520: ;   {runtime_call DeoptimizationBlob}
  0x0000015f0e6f6520: 52e9 7ac1 | f606 f4f4 
[/MachCode]


Compiled method (c1)   19464 3389  s    3       org.bytedeco.javacv.FFmpegFrameRecorder::record (104 bytes)
 total in heap  [0x0000015f0e54e490,0x0000015f0e54ebc0] = 1840
 relocation     [0x0000015f0e54e5e8,0x0000015f0e54e658] = 112
 main code      [0x0000015f0e54e660,0x0000015f0e54ea60] = 1024
 stub code      [0x0000015f0e54ea60,0x0000015f0e54eac8] = 104
 oops           [0x0000015f0e54eac8,0x0000015f0e54ead0] = 8
 metadata       [0x0000015f0e54ead0,0x0000015f0e54eae0] = 16
 scopes data    [0x0000015f0e54eae0,0x0000015f0e54eb28] = 72
 scopes pcs     [0x0000015f0e54eb28,0x0000015f0e54eba8] = 128
 dependencies   [0x0000015f0e54eba8,0x0000015f0e54ebb0] = 8
 nul chk table  [0x0000015f0e54ebb0,0x0000015f0e54ebc0] = 16

[Constant Pool (empty)]

[MachCode]
[Entry Point]
  # {method} {0x0000015f7732f148} 'record' '(Lorg/bytedeco/javacv/Frame;I)V' in 'org/bytedeco/javacv/FFmpegFrameRecorder'
  # this:     rdx:rdx   = 'org/bytedeco/javacv/FFmpegFrameRecorder'
  # parm0:    r8:r8     = 'org/bytedeco/javacv/Frame'
  # parm1:    r9        = int
  #           [sp+0x90]  (sp of caller)
  0x0000015f0e54e660: 448b 5208 | 49bb 0000 | 0035 5f01 | 0000 4d03 | d34c 3bd0 

  0x0000015f0e54e674: ;   {runtime_call ic_miss_stub}
  0x0000015f0e54e674: 0f85 06e4 | 1007 660f | 1f44 0000 
[Verified Entry Point]
  0x0000015f0e54e680: 8984 2400 | 90ff ff55 | 4881 ec80 | 0000 0048 | 8954 2450 | 4c89 4424 | 5849 8bd9 | 4c8d 4c24 
  0x0000015f0e54e6a0: 6049 8951 | 0848 8b02 | 4883 c801 | 4989 01f0 | 4c0f b10a | 0f84 1300 | 0000 482b | c448 81e0 
  0x0000015f0e54e6c0: 07f0 ffff | 4989 010f | 85c5 0200 

  0x0000015f0e54e6cc: ;   {metadata(method data for {method} {0x0000015f7732f148} 'record' '(Lorg/bytedeco/javacv/Frame;I)V' in 'org/bytedeco/javacv/FFmpegFrameRecorder')}
  0x0000015f0e54e6cc: 0049 b9a0 | e44b 775f | 0100 0041 | 8bb9 cc00 | 0000 83c7 | 0241 89b9 | cc00 0000 | 81e7 fe07 
  0x0000015f0e54e6ec: 0000 83ff | 000f 84ae | 0200 0049 

  0x0000015f0e54e6f8: ;   {metadata(method data for {method} {0x0000015f7732f148} 'record' '(Lorg/bytedeco/javacv/Frame;I)V' in 'org/bytedeco/javacv/FFmpegFrameRecorder')}
  0x0000015f0e54e6f8: 83f8 0049 | b9a0 e44b | 775f 0100 | 0048 bf10 | 0100 0000 | 0000 000f | 840a 0000 | 0048 bf20 
  0x0000015f0e54e718: 0100 0000 | 0000 0049 | 8b34 3948 | 8d76 0149 | 8934 390f | 84c4 0100 | 0041 8b40 | 3848 c1e0 
  0x0000015f0e54e738: 0348 83f8 

  0x0000015f0e54e73c: ;   {metadata(method data for {method} {0x0000015f7732f148} 'record' '(Lorg/bytedeco/javacv/Frame;I)V' in 'org/bytedeco/javacv/FFmpegFrameRecorder')}
  0x0000015f0e54e73c: 0049 b9a0 | e44b 775f | 0100 0048 | bf30 0100 | 0000 0000 | 000f 850a | 0000 0048 | bf40 0100 
  0x0000015f0e54e75c: 0000 0000 | 0049 8b34 | 3948 8d76 | 0149 8934 | 390f 8542 | 0000 0045 | 8b48 3c49 | c1e1 0349 
  0x0000015f0e54e77c: ;   {metadata(method data for {method} {0x0000015f7732f148} 'record' '(Lorg/bytedeco/javacv/Frame;I)V' in 'org/bytedeco/javacv/FFmpegFrameRecorder')}
  0x0000015f0e54e77c: 83f9 0049 | b9a0 e44b | 775f 0100 | 0048 bf60 | 0100 0000 | 0000 000f | 840a 0000 | 0048 bf50 
  0x0000015f0e54e79c: 0100 0000 | 0000 0049 | 8b34 3948 | 8d76 0149 | 8934 390f | 8440 0100 | 0048 83f8 

  0x0000015f0e54e7b8: ;   {metadata(method data for {method} {0x0000015f7732f148} 'record' '(Lorg/bytedeco/javacv/Frame;I)V' in 'org/bytedeco/javacv/FFmpegFrameRecorder')}
  0x0000015f0e54e7b8: 0049 b9a0 | e44b 775f | 0100 0048 | bff8 0100 | 0000 0000 | 000f 840a | 0000 0048 | bf08 0200 
  0x0000015f0e54e7d8: 0000 0000 | 0049 8b34 | 3948 8d76 | 0149 8934 | 390f 8471 | 0000 0045 | 8b48 0c41 | 8b78 1841 
  0x0000015f0e54e7f8: 8b70 1c41 | 8b48 2045 | 8b58 244c 

  0x0000015f0e54e804: ;   {metadata(method data for {method} {0x0000015f7732f148} 'record' '(Lorg/bytedeco/javacv/Frame;I)V' in 'org/bytedeco/javacv/FFmpegFrameRecorder')}
  0x0000015f0e54e804: 8bea 49be | a0e4 4b77 | 5f01 0000 

  0x0000015f0e54e810: ;   {metadata('org/bytedeco/javacv/FFmpegFrameRecorder')}
  0x0000015f0e54e810: 49ba 9092 | 2436 5f01 | 0000 4d89 | 9628 0200 | 0049 8386 | 3002 0000 | 014d 8bc1 | 4c8b cf48 
  0x0000015f0e54e830: 8bfe 488b | f149 8bcb | 891c 2448 | 8944 2408 | 488b 5c24 | 5048 8bd3 | 0f1f 8000 

  0x0000015f0e54e84c: ;   {optimized virtual_call}
  0x0000015f0e54e84c: 0000 00e8 

  0x0000015f0e54e850: ; ImmutableOopMap {[88]=Oop [80]=Oop [104]=Oop }
                      ;*invokevirtual recordImage {reexecute=0 rethrow=0 return_oop=0}
                      ; - org.bytedeco.javacv.FFmpegFrameRecorder::record@70 (line 961)
  0x0000015f0e54e850: cc24 1a00 | 83e0 014c | 8b44 2458 | 4188 4036 | 418b 783c | 48c1 e703 | 4883 ff00 

  0x0000015f0e54e86c: ;   {metadata(method data for {method} {0x0000015f7732f148} 'record' '(Lorg/bytedeco/javacv/Frame;I)V' in 'org/bytedeco/javacv/FFmpegFrameRecorder')}
  0x0000015f0e54e86c: 49b9 a0e4 | 4b77 5f01 | 0000 48ba | 5002 0000 | 0000 0000 | 0f84 0a00 | 0000 48ba | 6002 0000 
  0x0000015f0e54e88c: 0000 0000 | 498b 3411 | 488d 7601 | 4989 3411 | 0f84 ba00 | 0000 458b | 4828 418b | 502c 488b 
  0x0000015f0e54e8ac: ;   {metadata(method data for {method} {0x0000015f7732f148} 'record' '(Lorg/bytedeco/javacv/Frame;I)V' in 'org/bytedeco/javacv/FFmpegFrameRecorder')}
  0x0000015f0e54e8ac: 7424 5048 | bba0 e44b | 775f 0100 

  0x0000015f0e54e8b8: ;   {metadata('org/bytedeco/javacv/FFmpegFrameRecorder')}
  0x0000015f0e54e8b8: 0049 ba90 | 9224 365f | 0100 004c | 8993 8002 | 0000 4883 | 8388 0200 | 0001 4d8b | c14c 8bca 
  0x0000015f0e54e8d8: 488b 5424 

  0x0000015f0e54e8dc: ;   {optimized virtual_call}
  0x0000015f0e54e8dc: 5066 90e8 

  0x0000015f0e54e8e0: ; ImmutableOopMap {[88]=Oop [104]=Oop }
                      ;*invokevirtual recordSamples {reexecute=0 rethrow=0 return_oop=0}
                      ; - org.bytedeco.javacv.FFmpegFrameRecorder::record@97 (line 965)
  0x0000015f0e54e8e0: 9ce4 1007 | 83e0 014c | 8b44 2458 | 4188 4036 | e967 0000 | 004c 8bc2 

  0x0000015f0e54e8f8: ;   {metadata(method data for {method} {0x0000015f7732f148} 'record' '(Lorg/bytedeco/javacv/Frame;I)V' in 'org/bytedeco/javacv/FFmpegFrameRecorder')}
  0x0000015f0e54e8f8: 49b9 a0e4 | 4b77 5f01 

  0x0000015f0e54e900: ;   {metadata('org/bytedeco/javacv/FFmpegFrameRecorder')}
  0x0000015f0e54e900: 0000 49ba | 9092 2436 | 5f01 0000 | 4d89 91b8 | 0100 0049 | 8381 c001 | 0000 0141 | b800 0000 
  0x0000015f0e54e920: 0041 b900 | 0000 00bf | 0000 0000 | be00 0000 | 00b9 0000 | 0000 891c | 244d 33d2 | 4c89 5424 
  0x0000015f0e54e940: 0866 0f1f 

  0x0000015f0e54e944: ;   {optimized virtual_call}
  0x0000015f0e54e944: 4400 00e8 

  0x0000015f0e54e948: ; ImmutableOopMap {[104]=Oop }
                      ;*invokevirtual recordImage {reexecute=0 rethrow=0 return_oop=0}
                      ; - org.bytedeco.javacv.FFmpegFrameRecorder::record@29 (line 958)
  0x0000015f0e54e948: 34e4 1007 

  0x0000015f0e54e94c: ;   {metadata(method data for {method} {0x0000015f7732f148} 'record' '(Lorg/bytedeco/javacv/Frame;I)V' in 'org/bytedeco/javacv/FFmpegFrameRecorder')}
  0x0000015f0e54e94c: 48b8 a0e4 | 4b77 5f01 | 0000 ff80 | e001 0000 | 488d 4424 | 6048 8b30 | 4885 f60f | 840f 0000 
  0x0000015f0e54e96c: 0048 8b78 | 08f0 480f | b137 0f85 | 4f00 0000 | 4881 c480 | 0000 005d 

  0x0000015f0e54e984: ;   {poll_return}
  0x0000015f0e54e984: 493b a748 | 0300 000f | 874a 0000 | 00c3 4889 | 5424 084c 

  0x0000015f0e54e998: ;   {runtime_call monitorenter_nofpu Runtime1 stub}
  0x0000015f0e54e998: 890c 24e8 

  0x0000015f0e54e99c: ; ImmutableOopMap {rdx=Oop [80]=Oop r8=Oop [88]=Oop [104]=Oop }
                      ;*synchronization entry
                      ; - org.bytedeco.javacv.FFmpegFrameRecorder::record@-1 (line 957)
  0x0000015f0e54e99c: e0b5 1b07 | e928 fdff 

  0x0000015f0e54e9a4: ;   {metadata({method} {0x0000015f7732f148} 'record' '(Lorg/bytedeco/javacv/Frame;I)V' in 'org/bytedeco/javacv/FFmpegFrameRecorder')}
  0x0000015f0e54e9a4: ff49 ba40 | f132 775f | 0100 004c | 8954 2408 | 48c7 0424 | ffff ffff 

  0x0000015f0e54e9bc: ;   {runtime_call counter_overflow Runtime1 stub}
  0x0000015f0e54e9bc: e8bf d61b 

  0x0000015f0e54e9c0: ; ImmutableOopMap {rdx=Oop [80]=Oop r8=Oop [88]=Oop [104]=Oop }
                      ;*synchronization entry
                      ; - org.bytedeco.javacv.FFmpegFrameRecorder::record@-1 (line 957)
  0x0000015f0e54e9c0: 07e9 31fd 

  0x0000015f0e54e9c4: ;   {runtime_call throw_null_pointer_exception Runtime1 stub}
  0x0000015f0e54e9c4: ffff e8d5 

  0x0000015f0e54e9c8: ; ImmutableOopMap {rdx=Oop [80]=Oop r8=Oop [88]=Oop [104]=Oop }
                      ;*getfield image {reexecute=1 rethrow=0 return_oop=0}
                      ; - (reexecute) org.bytedeco.javacv.FFmpegFrameRecorder::record@5 (line 957)
  0x0000015f0e54e9c8: 821b 0748 | 8d44 2460 | 4889 0424 

  0x0000015f0e54e9d4: ;   {runtime_call monitorexit_nofpu Runtime1 stub}
  0x0000015f0e54e9d4: e8a7 bb1b 

  0x0000015f0e54e9d8: ;   {internal_word}
  0x0000015f0e54e9d8: 07eb a149 | ba84 e954 | 0e5f 0100 | 004d 8997 | 6003 0000 

  0x0000015f0e54e9ec: ;   {runtime_call SafepointBlob}
  0x0000015f0e54e9ec: e90f 4a11 | 0790 9049 | 8b87 d803 | 0000 49c7 | 87d8 0300 | 0000 0000 | 0049 c787 | e003 0000 
  0x0000015f0e54ea0c: 0000 0000 | 488b d848 | 8d44 2460 | 488b 3848 | 85ff 0f84 | 0f00 0000 | 488b 7008 | f048 0fb1 
  0x0000015f0e54ea2c: 3e0f 8510 | 0000 0048 | 8bc3 4881 | c480 0000 

  0x0000015f0e54ea3c: ;   {runtime_call unwind_exception Runtime1 stub}
  0x0000015f0e54ea3c: 005d e9bd | a212 0748 | 8d44 2460 | 4889 0424 

  0x0000015f0e54ea4c: ;   {runtime_call monitorexit_nofpu Runtime1 stub}
  0x0000015f0e54ea4c: e82f bb1b | 07eb e0f4 | f4f4 f4f4 | f4f4 f4f4 | f4f4 f4f4 
[Stub Code]
  0x0000015f0e54ea60: ;   {no_reloc}
  0x0000015f0e54ea60: 0f1f 4400 

  0x0000015f0e54ea64: ;   {static_stub}
  0x0000015f0e54ea64: 0048 bb00 | 0000 0000 

  0x0000015f0e54ea6c: ;   {runtime_call}
  0x0000015f0e54ea6c: 0000 00e9 | fbff ffff 

  0x0000015f0e54ea74: ;   {static_stub}
  0x0000015f0e54ea74: 9048 bb00 | 0000 0000 

  0x0000015f0e54ea7c: ;   {runtime_call}
  0x0000015f0e54ea7c: 0000 00e9 | fbff ffff 

  0x0000015f0e54ea84: ;   {static_stub}
  0x0000015f0e54ea84: 9048 bb00 | 0000 0000 

  0x0000015f0e54ea8c: ;   {runtime_call}
  0x0000015f0e54ea8c: 0000 00e9 | fbff ffff 
[Exception Handler]
  0x0000015f0e54ea94: ;   {runtime_call handle_exception_from_callee Runtime1 stub}
  0x0000015f0e54ea94: e8e7 a21b 

  0x0000015f0e54ea98: ;   {external_word}
  0x0000015f0e54ea98: 0748 b990 | 0046 58f9 | 7f00 0048 

  0x0000015f0e54eaa4: ;   {runtime_call}
  0x0000015f0e54eaa4: 83e4 f049 | ba20 ea13 | 58f9 7f00 | 0041 ffd2 

  0x0000015f0e54eab4: ;   {section_word}
  0x0000015f0e54eab4: f449 bab5 | ea54 0e5f | 0100 0041 

  0x0000015f0e54eac0: ;   {runtime_call DeoptimizationBlob}
  0x0000015f0e54eac0: 52e9 da3b | 1107 f4f4 
[/MachCode]


---------------  P R O C E S S  ---------------

Threads class SMR info:
_java_thread_list=0x0000015f7af670d0, length=87, elements={
0x0000015f04e5eaf0, 0x0000015f312be720, 0x0000015f312c1a70, 0x0000015f312e07a0,
0x0000015f312e0d70, 0x0000015f312e1eb0, 0x0000015f34144f30, 0x0000015f34166360,
0x0000015f3417a160, 0x0000015f3417a770, 0x0000015f34140810, 0x0000015f7a7bcb30,
0x0000015f7a71be90, 0x0000015f348eb160, 0x0000015f000a7b30, 0x0000015f030b9820,
0x0000015f017d5520, 0x0000015f00e88810, 0x0000015f00e88300, 0x0000015f00e85570,
0x0000015f00e85a80, 0x0000015f00e878e0, 0x0000015f00e85060, 0x0000015f00e86ec0,
0x0000015f00e85f90, 0x0000015f00e869b0, 0x0000015f00e87df0, 0x0000015f00e864a0,
0x0000015f00e873d0, 0x0000015f7af4ed00, 0x0000015f7af51580, 0x0000015f7af51070,
0x0000015f7af50650, 0x0000015f7af50140, 0x0000015f7af51a90, 0x0000015f7af4f210,
0x0000015f7af51fa0, 0x0000015f7af4f720, 0x0000015f7af4e7f0, 0x0000015f7af524b0,
0x0000015f7af4fc30, 0x0000015f7af529c0, 0x0000015f7af52ed0, 0x0000015f7af533e0,
0x0000015f7af538f0, 0x0000015f7af53e00, 0x0000015f7af54310, 0x0000015f7af50b60,
0x0000015f7af55750, 0x0000015f7af54820, 0x0000015f7af55240, 0x0000015f7af54d30,
0x0000015f7af55c60, 0x0000015f7af56170, 0x0000015f7cb1d2e0, 0x0000015f7cb1bea0,
0x0000015f7cb1dd00, 0x0000015f7cb1ec30, 0x0000015f7cb1e720, 0x0000015f7cb1e210,
0x0000015f7cb1c8c0, 0x0000015f7cb1d7f0, 0x0000015f7cb1b480, 0x0000015f7cb1f140,
0x0000015f7cb1b990, 0x0000015f7cb1f650, 0x0000015f7cb1fb60, 0x0000015f7cb1c3b0,
0x0000015f7cb20070, 0x0000015f7cb20580, 0x0000015f7cb1cdd0, 0x0000015f7cb20a90,
0x0000015f7cb228f0, 0x0000015f7cb214b0, 0x0000015f7cb20fa0, 0x0000015f7cb223e0,
0x0000015f7cb22e00, 0x0000015f7cb21ed0, 0x0000015f7cb219c0, 0x0000015f0287bc10,
0x0000015f0287b700, 0x0000015f02879390, 0x0000015f0287a2c0, 0x0000015f0287b1f0,
0x0000015f028798a0, 0x0000015f0287a7d0, 0x0000015f0287ace0
}

Java Threads: ( => current thread )
  0x0000015f04e5eaf0 JavaThread "main" [_thread_blocked, id=23184, stack(0x0000001de2300000,0x0000001de2400000)]
  0x0000015f312be720 JavaThread "Reference Handler" daemon [_thread_blocked, id=26976, stack(0x0000001de2a00000,0x0000001de2b00000)]
  0x0000015f312c1a70 JavaThread "Finalizer" daemon [_thread_blocked, id=28572, stack(0x0000001de2b00000,0x0000001de2c00000)]
  0x0000015f312e07a0 JavaThread "Signal Dispatcher" daemon [_thread_blocked, id=20796, stack(0x0000001de2c00000,0x0000001de2d00000)]
  0x0000015f312e0d70 JavaThread "Attach Listener" daemon [_thread_blocked, id=10168, stack(0x0000001de2d00000,0x0000001de2e00000)]
  0x0000015f312e1eb0 JavaThread "Service Thread" daemon [_thread_blocked, id=25956, stack(0x0000001de2e00000,0x0000001de2f00000)]
  0x0000015f34144f30 JavaThread "Monitor Deflation Thread" daemon [_thread_blocked, id=18540, stack(0x0000001de2f00000,0x0000001de3000000)]
  0x0000015f34166360 JavaThread "C2 CompilerThread0" daemon [_thread_blocked, id=29000, stack(0x0000001de3000000,0x0000001de3100000)]
  0x0000015f3417a160 JavaThread "C1 CompilerThread0" daemon [_thread_blocked, id=19064, stack(0x0000001de3100000,0x0000001de3200000)]
  0x0000015f3417a770 JavaThread "Sweeper thread" daemon [_thread_blocked, id=21088, stack(0x0000001de3200000,0x0000001de3300000)]
  0x0000015f34140810 JavaThread "Common-Cleaner" daemon [_thread_blocked, id=13580, stack(0x0000001de3300000,0x0000001de3400000)]
  0x0000015f7a7bcb30 JavaThread "Monitor Ctrl-Break" daemon [_thread_in_native, id=22280, stack(0x0000001de3800000,0x0000001de3900000)]
  0x0000015f7a71be90 JavaThread "Notification Thread" daemon [_thread_blocked, id=22956, stack(0x0000001de3900000,0x0000001de3a00000)]
  0x0000015f348eb160 JavaThread "JavaCPP Deallocator" daemon [_thread_blocked, id=25036, stack(0x0000001de3b00000,0x0000001de3c00000)]
  0x0000015f000a7b30 JavaThread "grpc-nio-worker-ELG-1-1" daemon [_thread_in_native, id=17420, stack(0x0000001de5d00000,0x0000001de5e00000)]
  0x0000015f030b9820 JavaThread "grpc-default-executor-0" daemon [_thread_blocked, id=17436, stack(0x0000001de5e00000,0x0000001de5f00000)]
  0x0000015f017d5520 JavaThread "grpc-default-executor-1" daemon [_thread_blocked, id=22024, stack(0x0000001de4a00000,0x0000001de4b00000)]
  0x0000015f00e88810 JavaThread "grpc-default-executor-2" daemon [_thread_blocked, id=3164, stack(0x0000001de5f00000,0x0000001de6000000)]
  0x0000015f00e88300 JavaThread "grpc-nio-worker-ELG-1-2" daemon [_thread_in_native, id=29452, stack(0x0000001de7e00000,0x0000001de7f00000)]
  0x0000015f00e85570 JavaThread "Thread-0" [_thread_in_native, id=21172, stack(0x0000001de3700000,0x0000001de3800000)]
  0x0000015f00e85a80 JavaThread "Thread-1" [_thread_blocked, id=29312, stack(0x0000001de4700000,0x0000001de4800000)]
  0x0000015f00e878e0 JavaThread "Thread-2" [_thread_blocked, id=26192, stack(0x0000001de8500000,0x0000001de8600000)]
=>0x0000015f00e85060 JavaThread "Thread-3" [_thread_in_native, id=28840, stack(0x0000001de8600000,0x0000001de8700000)]
  0x0000015f00e86ec0 JavaThread "pool-2-thread-1" [_thread_blocked, id=24648, stack(0x0000001de8700000,0x0000001de8800000)]
  0x0000015f00e85f90 JavaThread "pool-2-thread-2" [_thread_blocked, id=28824, stack(0x0000001de8800000,0x0000001de8900000)]
  0x0000015f00e869b0 JavaThread "pool-2-thread-3" [_thread_blocked, id=18028, stack(0x0000001de8900000,0x0000001de8a00000)]
  0x0000015f00e87df0 JavaThread "pool-2-thread-4" [_thread_blocked, id=22216, stack(0x0000001de8a00000,0x0000001de8b00000)]
  0x0000015f00e864a0 JavaThread "pool-2-thread-5" [_thread_blocked, id=23076, stack(0x0000001de8b00000,0x0000001de8c00000)]
  0x0000015f00e873d0 JavaThread "pool-2-thread-6" [_thread_blocked, id=25560, stack(0x0000001de8c00000,0x0000001de8d00000)]
  0x0000015f7af4ed00 JavaThread "pool-2-thread-7" [_thread_blocked, id=1832, stack(0x0000001de8d00000,0x0000001de8e00000)]
  0x0000015f7af51580 JavaThread "pool-2-thread-8" [_thread_blocked, id=24408, stack(0x0000001de8e00000,0x0000001de8f00000)]
  0x0000015f7af51070 JavaThread "pool-2-thread-9" [_thread_blocked, id=28372, stack(0x0000001de8f00000,0x0000001de9000000)]
  0x0000015f7af50650 JavaThread "pool-2-thread-10" [_thread_blocked, id=29152, stack(0x0000001de9000000,0x0000001de9100000)]
  0x0000015f7af50140 JavaThread "pool-2-thread-11" [_thread_blocked, id=25992, stack(0x0000001de9100000,0x0000001de9200000)]
  0x0000015f7af51a90 JavaThread "pool-2-thread-12" [_thread_blocked, id=27364, stack(0x0000001de9200000,0x0000001de9300000)]
  0x0000015f7af4f210 JavaThread "pool-2-thread-13" [_thread_blocked, id=29156, stack(0x0000001de9300000,0x0000001de9400000)]
  0x0000015f7af51fa0 JavaThread "pool-2-thread-14" [_thread_blocked, id=8660, stack(0x0000001de9400000,0x0000001de9500000)]
  0x0000015f7af4f720 JavaThread "pool-2-thread-15" [_thread_blocked, id=25528, stack(0x0000001de9500000,0x0000001de9600000)]
  0x0000015f7af4e7f0 JavaThread "pool-2-thread-16" [_thread_blocked, id=6904, stack(0x0000001de9600000,0x0000001de9700000)]
  0x0000015f7af524b0 JavaThread "pool-2-thread-17" [_thread_blocked, id=22140, stack(0x0000001de9700000,0x0000001de9800000)]
  0x0000015f7af4fc30 JavaThread "pool-2-thread-18" [_thread_blocked, id=5608, stack(0x0000001de9800000,0x0000001de9900000)]
  0x0000015f7af529c0 JavaThread "pool-2-thread-19" [_thread_blocked, id=14292, stack(0x0000001de9900000,0x0000001de9a00000)]
  0x0000015f7af52ed0 JavaThread "pool-2-thread-20" [_thread_blocked, id=24244, stack(0x0000001dea100000,0x0000001dea200000)]
  0x0000015f7af533e0 JavaThread "pool-2-thread-21" [_thread_blocked, id=25720, stack(0x0000001dea200000,0x0000001dea300000)]
  0x0000015f7af538f0 JavaThread "pool-2-thread-22" [_thread_blocked, id=14960, stack(0x0000001dea300000,0x0000001dea400000)]
  0x0000015f7af53e00 JavaThread "pool-2-thread-23" [_thread_blocked, id=26012, stack(0x0000001dea400000,0x0000001dea500000)]
  0x0000015f7af54310 JavaThread "pool-2-thread-24" [_thread_blocked, id=18052, stack(0x0000001dea500000,0x0000001dea600000)]
  0x0000015f7af50b60 JavaThread "pool-2-thread-25" [_thread_blocked, id=4000, stack(0x0000001dea600000,0x0000001dea700000)]
  0x0000015f7af55750 JavaThread "pool-2-thread-26" [_thread_blocked, id=21320, stack(0x0000001dea700000,0x0000001dea800000)]
  0x0000015f7af54820 JavaThread "pool-2-thread-27" [_thread_blocked, id=18564, stack(0x0000001dea800000,0x0000001dea900000)]
  0x0000015f7af55240 JavaThread "pool-2-thread-28" [_thread_blocked, id=18296, stack(0x0000001dea900000,0x0000001deaa00000)]
  0x0000015f7af54d30 JavaThread "pool-2-thread-29" [_thread_blocked, id=25172, stack(0x0000001deaa00000,0x0000001deab00000)]
  0x0000015f7af55c60 JavaThread "pool-2-thread-30" [_thread_blocked, id=21104, stack(0x0000001deab00000,0x0000001deac00000)]
  0x0000015f7af56170 JavaThread "pool-2-thread-31" [_thread_blocked, id=20872, stack(0x0000001deac00000,0x0000001dead00000)]
  0x0000015f7cb1d2e0 JavaThread "pool-2-thread-32" [_thread_blocked, id=24196, stack(0x0000001dead00000,0x0000001deae00000)]
  0x0000015f7cb1bea0 JavaThread "pool-3-thread-1" [_thread_blocked, id=18976, stack(0x0000001deae00000,0x0000001deaf00000)]
  0x0000015f7cb1dd00 JavaThread "pool-3-thread-2" [_thread_blocked, id=3040, stack(0x0000001deaf00000,0x0000001deb000000)]
  0x0000015f7cb1ec30 JavaThread "pool-3-thread-3" [_thread_blocked, id=21736, stack(0x0000001deb000000,0x0000001deb100000)]
  0x0000015f7cb1e720 JavaThread "pool-3-thread-4" [_thread_blocked, id=30580, stack(0x0000001deb100000,0x0000001deb200000)]
  0x0000015f7cb1e210 JavaThread "pool-3-thread-5" [_thread_blocked, id=29328, stack(0x0000001deb200000,0x0000001deb300000)]
  0x0000015f7cb1c8c0 JavaThread "pool-3-thread-6" [_thread_blocked, id=3136, stack(0x0000001deb300000,0x0000001deb400000)]
  0x0000015f7cb1d7f0 JavaThread "pool-3-thread-7" [_thread_blocked, id=28792, stack(0x0000001deb400000,0x0000001deb500000)]
  0x0000015f7cb1b480 JavaThread "pool-3-thread-8" [_thread_blocked, id=21672, stack(0x0000001deb500000,0x0000001deb600000)]
  0x0000015f7cb1f140 JavaThread "pool-3-thread-9" [_thread_blocked, id=27352, stack(0x0000001deb600000,0x0000001deb700000)]
  0x0000015f7cb1b990 JavaThread "pool-3-thread-10" [_thread_blocked, id=15368, stack(0x0000001deb700000,0x0000001deb800000)]
  0x0000015f7cb1f650 JavaThread "pool-3-thread-11" [_thread_blocked, id=23500, stack(0x0000001deb800000,0x0000001deb900000)]
  0x0000015f7cb1fb60 JavaThread "pool-3-thread-12" [_thread_blocked, id=20148, stack(0x0000001deb900000,0x0000001deba00000)]
  0x0000015f7cb1c3b0 JavaThread "pool-3-thread-13" [_thread_blocked, id=14184, stack(0x0000001deba00000,0x0000001debb00000)]
  0x0000015f7cb20070 JavaThread "pool-3-thread-14" [_thread_blocked, id=29912, stack(0x0000001debb00000,0x0000001debc00000)]
  0x0000015f7cb20580 JavaThread "pool-3-thread-15" [_thread_blocked, id=18120, stack(0x0000001debc00000,0x0000001debd00000)]
  0x0000015f7cb1cdd0 JavaThread "pool-3-thread-16" [_thread_blocked, id=25064, stack(0x0000001debd00000,0x0000001debe00000)]
  0x0000015f7cb20a90 JavaThread "pool-3-thread-17" [_thread_blocked, id=12852, stack(0x0000001debe00000,0x0000001debf00000)]
  0x0000015f7cb228f0 JavaThread "pool-3-thread-18" [_thread_blocked, id=29084, stack(0x0000001debf00000,0x0000001dec000000)]
  0x0000015f7cb214b0 JavaThread "pool-3-thread-19" [_thread_blocked, id=29836, stack(0x0000001dec000000,0x0000001dec100000)]
  0x0000015f7cb20fa0 JavaThread "pool-3-thread-20" [_thread_blocked, id=13648, stack(0x0000001dec100000,0x0000001dec200000)]
  0x0000015f7cb223e0 JavaThread "pool-3-thread-21" [_thread_blocked, id=19160, stack(0x0000001dec200000,0x0000001dec300000)]
  0x0000015f7cb22e00 JavaThread "pool-3-thread-22" [_thread_blocked, id=27976, stack(0x0000001dec300000,0x0000001dec400000)]
  0x0000015f7cb21ed0 JavaThread "pool-3-thread-23" [_thread_blocked, id=29904, stack(0x0000001dec400000,0x0000001dec500000)]
  0x0000015f7cb219c0 JavaThread "pool-3-thread-24" [_thread_blocked, id=17956, stack(0x0000001dec500000,0x0000001dec600000)]
  0x0000015f0287bc10 JavaThread "pool-3-thread-25" [_thread_blocked, id=24584, stack(0x0000001dec600000,0x0000001dec700000)]
  0x0000015f0287b700 JavaThread "pool-3-thread-26" [_thread_blocked, id=24732, stack(0x0000001dec700000,0x0000001dec800000)]
  0x0000015f02879390 JavaThread "pool-3-thread-27" [_thread_blocked, id=29720, stack(0x0000001dec800000,0x0000001dec900000)]
  0x0000015f0287a2c0 JavaThread "pool-3-thread-28" [_thread_blocked, id=13912, stack(0x0000001dec900000,0x0000001deca00000)]
  0x0000015f0287b1f0 JavaThread "pool-3-thread-29" [_thread_blocked, id=26984, stack(0x0000001deca00000,0x0000001decb00000)]
  0x0000015f028798a0 JavaThread "pool-3-thread-30" [_thread_blocked, id=2880, stack(0x0000001decb00000,0x0000001decc00000)]
  0x0000015f0287a7d0 JavaThread "pool-3-thread-31" [_thread_blocked, id=15364, stack(0x0000001decc00000,0x0000001decd00000)]
  0x0000015f0287ace0 JavaThread "pool-3-thread-32" [_thread_blocked, id=10832, stack(0x0000001decd00000,0x0000001dece00000)]

Other Threads:
  0x0000015f312ba110 VMThread "VM Thread" [stack: 0x0000001de2900000,0x0000001de2a00000] [id=30144]
  0x0000015f7a1c67b0 WatcherThread [stack: 0x0000001de3a00000,0x0000001de3b00000] [id=28732]
  0x0000015f31130c90 GCTaskThread "GC Thread#0" [stack: 0x0000001de2400000,0x0000001de2500000] [id=29176]
  0x0000015f7a59c4e0 GCTaskThread "GC Thread#1" [stack: 0x0000001de3c00000,0x0000001de3d00000] [id=28768]
  0x0000015f7ae3f550 GCTaskThread "GC Thread#2" [stack: 0x0000001de3d00000,0x0000001de3e00000] [id=28048]
  0x0000015f7ae3f810 GCTaskThread "GC Thread#3" [stack: 0x0000001de3e00000,0x0000001de3f00000] [id=30552]
  0x0000015f7ae3fad0 GCTaskThread "GC Thread#4" [stack: 0x0000001de3f00000,0x0000001de4000000] [id=24876]
  0x0000015f7ab5dc90 GCTaskThread "GC Thread#5" [stack: 0x0000001de4000000,0x0000001de4100000] [id=29980]
  0x0000015f7a5545f0 GCTaskThread "GC Thread#6" [stack: 0x0000001de4100000,0x0000001de4200000] [id=17412]
  0x0000015f7a023080 GCTaskThread "GC Thread#7" [stack: 0x0000001de4200000,0x0000001de4300000] [id=18080]
  0x0000015f7a4c8900 GCTaskThread "GC Thread#8" [stack: 0x0000001de4300000,0x0000001de4400000] [id=5348]
  0x0000015f3477b540 GCTaskThread "GC Thread#9" [stack: 0x0000001de4400000,0x0000001de4500000] [id=24428]
  0x0000015f3477b800 GCTaskThread "GC Thread#10" [stack: 0x0000001de4500000,0x0000001de4600000] [id=28860]
  0x0000015f7a576f00 GCTaskThread "GC Thread#11" [stack: 0x0000001de4600000,0x0000001de4700000] [id=25408]
  0x0000015f0279ccb0 GCTaskThread "GC Thread#12" [stack: 0x0000001de4b00000,0x0000001de4c00000] [id=23940]
  0x0000015f0697bcb0 ConcurrentGCThread "G1 Main Marker" [stack: 0x0000001de2500000,0x0000001de2600000] [id=19068]
  0x0000015f0697e0e0 ConcurrentGCThread "G1 Conc#0" [stack: 0x0000001de2600000,0x0000001de2700000] [id=6076]
  0x0000015f7bcb37e0 ConcurrentGCThread "G1 Conc#1" [stack: 0x0000001de4800000,0x0000001de4900000] [id=30248]
  0x0000015f7bcb2ce0 ConcurrentGCThread "G1 Conc#2" [stack: 0x0000001de4900000,0x0000001de4a00000] [id=24936]
  0x0000015f311f5490 ConcurrentGCThread "G1 Refine#0" [stack: 0x0000001de2700000,0x0000001de2800000] [id=14612]
  0x0000015f311f5780 ConcurrentGCThread "G1 Service" [stack: 0x0000001de2800000,0x0000001de2900000] [id=30196]

Threads with active compile tasks:

VM state: not at safepoint (normal execution)

VM Mutex/Monitor currently owned by a thread: None

Heap address: 0x0000000602400000, size: 8156 MB, Compressed Oops mode: Zero based, Oop shift amount: 3

CDS archive(s) mapped at: [0x0000015f35000000-0x0000015f35bd0000-0x0000015f35bd0000), size 12386304, SharedBaseAddress: 0x0000015f35000000, ArchiveRelocationMode: 1.
Compressed class space mapped at: 0x0000015f36000000-0x0000015f76000000, reserved size: 1073741824
Narrow klass base: 0x0000015f35000000, Narrow klass shift: 0, Narrow klass range: 0x100000000

GC Precious Log:
 CPUs: 16 total, 16 available
 Memory: 32620M
 Large Page Support: Disabled
 NUMA Support: Disabled
 Compressed Oops: Enabled (Zero based)
 Heap Region Size: 4M
 Heap Min Capacity: 8M
 Heap Initial Capacity: 512M
 Heap Max Capacity: 8156M
 Pre-touch: Disabled
 Parallel Workers: 13
 Concurrent Workers: 3
 Concurrent Refinement Workers: 13
 Periodic GC: Disabled

Heap:
 garbage-first heap   total 81920K, used 22705K [0x0000000602400000, 0x0000000800000000)
  region size 4096K, 4 young (16384K), 1 survivors (4096K)
 Metaspace       used 23787K, committed 24000K, reserved 1114112K
  class space    used 2224K, committed 2368K, reserved 1048576K

Heap Regions: E=young(eden), S=young(survivor), O=old, HS=humongous(starts), HC=humongous(continues), CS=collection set, F=free, OA=open archive, CA=closed archive, TAMS=top-at-mark-start (previous, next)
|   0|0x0000000602400000, 0x0000000602800000, 0x0000000602800000|100%| O|  |TAMS 0x0000000602800000, 0x0000000602400000| Untracked 
|   1|0x0000000602800000, 0x0000000602c00000, 0x0000000602c00000|100%| O|  |TAMS 0x0000000602c00000, 0x0000000602800000| Untracked 
|   2|0x0000000602c00000, 0x0000000602f8b400, 0x0000000603000000| 88%| O|  |TAMS 0x0000000602f8b400, 0x0000000602c00000| Untracked 
|   3|0x0000000603000000, 0x000000060332bc00, 0x0000000603400000| 79%| O|  |TAMS 0x0000000603000000, 0x0000000603000000| Untracked 
|   4|0x0000000603400000, 0x0000000603400000, 0x0000000603800000|  0%| F|  |TAMS 0x0000000603400000, 0x0000000603400000| Untracked 
|   5|0x0000000603800000, 0x0000000603800000, 0x0000000603c00000|  0%| F|  |TAMS 0x0000000603800000, 0x0000000603800000| Untracked 
|   6|0x0000000603c00000, 0x0000000603c00000, 0x0000000604000000|  0%| F|  |TAMS 0x0000000603c00000, 0x0000000603c00000| Untracked 
|   7|0x0000000604000000, 0x0000000604000000, 0x0000000604400000|  0%| F|  |TAMS 0x0000000604000000, 0x0000000604000000| Untracked 
|   8|0x0000000604400000, 0x0000000604775798, 0x0000000604800000| 86%| S|CS|TAMS 0x0000000604400000, 0x0000000604400000| Complete 
|   9|0x0000000604800000, 0x0000000604800000, 0x0000000604c00000|  0%| F|  |TAMS 0x0000000604800000, 0x0000000604800000| Untracked 
|  10|0x0000000604c00000, 0x0000000604c00000, 0x0000000605000000|  0%| F|  |TAMS 0x0000000604c00000, 0x0000000604c00000| Untracked 
|  11|0x0000000605000000, 0x0000000605000000, 0x0000000605400000|  0%| F|  |TAMS 0x0000000605000000, 0x0000000605000000| Untracked 
|  12|0x0000000605400000, 0x0000000605400000, 0x0000000605800000|  0%| F|  |TAMS 0x0000000605400000, 0x0000000605400000| Untracked 
|  13|0x0000000605800000, 0x0000000605800000, 0x0000000605c00000|  0%| F|  |TAMS 0x0000000605800000, 0x0000000605800000| Untracked 
|  14|0x0000000605c00000, 0x0000000605c00000, 0x0000000606000000|  0%| F|  |TAMS 0x0000000605c00000, 0x0000000605c00000| Untracked 
|  15|0x0000000606000000, 0x0000000606000000, 0x0000000606400000|  0%| F|  |TAMS 0x0000000606000000, 0x0000000606000000| Untracked 
|  16|0x0000000606400000, 0x0000000606400000, 0x0000000606800000|  0%| F|  |TAMS 0x0000000606400000, 0x0000000606400000| Untracked 
| 109|0x000000061d800000, 0x000000061da01d28, 0x000000061dc00000| 50%| E|  |TAMS 0x000000061d800000, 0x000000061d800000| Complete 
| 110|0x000000061dc00000, 0x000000061e000000, 0x000000061e000000|100%| E|  |TAMS 0x000000061dc00000, 0x000000061dc00000| Complete 
| 127|0x0000000622000000, 0x0000000622400000, 0x0000000622400000|100%| E|CS|TAMS 0x0000000622000000, 0x0000000622000000| Complete 

Card table byte_map: [0x0000015f1f160000,0x0000015f20150000] _byte_map_base: 0x0000015f1c14e000

Marking Bits (Prev, Next): (CMBitMap*) 0x0000015f0696b390, (CMBitMap*) 0x0000015f0696b350
 Prev Bits: [0x0000015f290b0000, 0x0000015f31020000)
 Next Bits: [0x0000015f21140000, 0x0000015f290b0000)

Polling page: 0x0000015f050c0000

Metaspace:

Usage:
  Non-class:     21.06 MB used.
      Class:      2.17 MB used.
       Both:     23.23 MB used.

Virtual space:
  Non-class space:       64.00 MB reserved,      21.12 MB ( 33%) committed,  1 nodes.
      Class space:        1.00 GB reserved,       2.31 MB ( <1%) committed,  1 nodes.
             Both:        1.06 GB reserved,      23.44 MB (  2%) committed. 

Chunk freelists:
   Non-Class:  10.14 MB
       Class:  13.59 MB
        Both:  23.73 MB

MaxMetaspaceSize: unlimited
CompressedClassSpaceSize: 1.00 GB
Initial GC threshold: 21.00 MB
Current GC threshold: 35.12 MB
CDS: on
MetaspaceReclaimPolicy: balanced
 - commit_granule_bytes: 65536.
 - commit_granule_words: 8192.
 - virtual_space_node_default_size: 8388608.
 - enlarge_chunks_in_place: 1.
 - new_chunks_are_fully_committed: 0.
 - uncommit_free_chunks: 1.
 - use_allocation_guard: 0.
 - handle_deallocations: 1.


Internal statistics:

num_allocs_failed_limit: 3.
num_arena_births: 124.
num_arena_deaths: 0.
num_vsnodes_births: 2.
num_vsnodes_deaths: 0.
num_space_committed: 373.
num_space_uncommitted: 0.
num_chunks_returned_to_freelist: 3.
num_chunks_taken_from_freelist: 772.
num_chunk_merges: 3.
num_chunk_splits: 662.
num_chunks_enlarged: 595.
num_inconsistent_stats: 0.

CodeHeap 'non-profiled nmethods': size=119168Kb used=1563Kb max_used=2295Kb free=117604Kb
 bounds [0x0000015f15d60000, 0x0000015f15fd0000, 0x0000015f1d1c0000]
CodeHeap 'profiled nmethods': size=119104Kb used=6400Kb max_used=6966Kb free=112703Kb
 bounds [0x0000015f0e1c0000, 0x0000015f0e890000, 0x0000015f15610000]
CodeHeap 'non-nmethods': size=7488Kb used=1716Kb max_used=3437Kb free=5771Kb
 bounds [0x0000015f15610000, 0x0000015f15980000, 0x0000015f15d60000]
 total_blobs=4289 nmethods=3172 adapters=1029
 compilation: enabled
              stopped_count=0, restarted_count=0
 full_count=0

Compilation events (20 events):
Event: 18.169 Thread 0x0000015f34166360 3632       4       java.nio.MappedByteBuffer::rewind (5 bytes)
Event: 18.169 Thread 0x0000015f34166360 nmethod 3632 0x0000015f15d91590 code [0x0000015f15d91700, 0x0000015f15d91798]
Event: 18.379 Thread 0x0000015f3417a160 3633       3       java.util.concurrent.ConcurrentSkipListMap::addCount (35 bytes)
Event: 18.380 Thread 0x0000015f3417a160 nmethod 3633 0x0000015f0e2a6a90 code [0x0000015f0e2a6d20, 0x0000015f0e2a7a08]
Event: 18.541 Thread 0x0000015f3417a160 3634   !   3       io.grpc.netty.shaded.io.netty.buffer.CompositeByteBuf::addComponent0 (152 bytes)
Event: 18.542 Thread 0x0000015f3417a160 nmethod 3634 0x0000015f0e2a5490 code [0x0000015f0e2a5720, 0x0000015f0e2a62b8]
Event: 18.543 Thread 0x0000015f34166360 3635       4       java.nio.HeapByteBuffer::byteOffset (7 bytes)
Event: 18.544 Thread 0x0000015f34166360 nmethod 3635 0x0000015f15d91290 code [0x0000015f15d91400, 0x0000015f15d91478]
Event: 18.558 Thread 0x0000015f3417a160 3636       3       io.grpc.netty.shaded.io.netty.buffer.CompositeByteBuf::checkForOverflow (53 bytes)
Event: 18.558 Thread 0x0000015f3417a160 nmethod 3636 0x0000015f0e45c410 code [0x0000015f0e45c6a0, 0x0000015f0e45cf78]
Event: 18.558 Thread 0x0000015f3417a160 3637       3       io.grpc.netty.shaded.io.netty.buffer.CompositeByteBuf::readerIndex (8 bytes)
Event: 18.558 Thread 0x0000015f3417a160 nmethod 3637 0x0000015f0e45be90 code [0x0000015f0e45c040, 0x0000015f0e45c2d8]
Event: 18.694 Thread 0x0000015f34166360 3638       4       io.grpc.netty.shaded.io.netty.util.concurrent.FastThreadLocalThread::threadLocalMap (40 bytes)
Event: 18.695 Thread 0x0000015f34166360 nmethod 3638 0x0000015f15d90f90 code [0x0000015f15d91100, 0x0000015f15d911b8]
Event: 18.699 Thread 0x0000015f3417a160 3639       3       io.grpc.netty.shaded.io.netty.buffer.CompositeByteBuf::_getUnsignedMedium (89 bytes)
Event: 18.699 Thread 0x0000015f3417a160 nmethod 3639 0x0000015f0e45b190 code [0x0000015f0e45b3c0, 0x0000015f0e45bc68]
Event: 18.701 Thread 0x0000015f3417a160 3640       3       io.grpc.netty.shaded.io.netty.channel.ChannelOutboundBuffer::fireChannelWritabilityChanged (64 bytes)
Event: 18.702 Thread 0x0000015f3417a160 nmethod 3640 0x0000015f0e459e10 code [0x0000015f0e45a080, 0x0000015f0e45ad68]
Event: 18.874 Thread 0x0000015f3417a160 3641       3       io.grpc.netty.shaded.io.netty.buffer.CompositeByteBuf::readerIndex (6 bytes)
Event: 18.874 Thread 0x0000015f3417a160 nmethod 3641 0x0000015f0e459a10 code [0x0000015f0e459bc0, 0x0000015f0e459d88]

GC Heap History (16 events):
Event: 0.627 GC heap before
{Heap before GC invocations=0 (full 0):
 garbage-first heap   total 524288K, used 20480K [0x0000000602400000, 0x0000000800000000)
  region size 4096K, 6 young (24576K), 0 survivors (0K)
 Metaspace       used 1821K, committed 1920K, reserved 1114112K
  class space    used 139K, committed 192K, reserved 1048576K
}
Event: 0.630 GC heap after
{Heap after GC invocations=1 (full 0):
 garbage-first heap   total 524288K, used 11670K [0x0000000602400000, 0x0000000800000000)
  region size 4096K, 1 young (4096K), 1 survivors (4096K)
 Metaspace       used 1821K, committed 1920K, reserved 1114112K
  class space    used 139K, committed 192K, reserved 1048576K
}
Event: 0.950 GC heap before
{Heap before GC invocations=1 (full 0):
 garbage-first heap   total 524288K, used 32150K [0x0000000602400000, 0x0000000800000000)
  region size 4096K, 6 young (24576K), 1 survivors (4096K)
 Metaspace       used 2557K, committed 2624K, reserved 1114112K
  class space    used 174K, committed 192K, reserved 1048576K
}
Event: 0.952 GC heap after
{Heap after GC invocations=2 (full 0):
 garbage-first heap   total 524288K, used 12080K [0x0000000602400000, 0x0000000800000000)
  region size 4096K, 1 young (4096K), 1 survivors (4096K)
 Metaspace       used 2557K, committed 2624K, reserved 1114112K
  class space    used 174K, committed 192K, reserved 1048576K
}
Event: 2.122 GC heap before
{Heap before GC invocations=2 (full 0):
 garbage-first heap   total 524288K, used 77616K [0x0000000602400000, 0x0000000800000000)
  region size 4096K, 17 young (69632K), 1 survivors (4096K)
 Metaspace       used 10555K, committed 10752K, reserved 1114112K
  class space    used 1204K, committed 1280K, reserved 1048576K
}
Event: 2.124 GC heap after
{Heap after GC invocations=3 (full 0):
 garbage-first heap   total 524288K, used 15197K [0x0000000602400000, 0x0000000800000000)
  region size 4096K, 1 young (4096K), 1 survivors (4096K)
 Metaspace       used 10555K, committed 10752K, reserved 1114112K
  class space    used 1204K, committed 1280K, reserved 1048576K
}
Event: 2.637 GC heap before
{Heap before GC invocations=3 (full 0):
 garbage-first heap   total 524288K, used 125789K [0x0000000602400000, 0x0000000800000000)
  region size 4096K, 28 young (114688K), 1 survivors (4096K)
 Metaspace       used 20050K, committed 20224K, reserved 1114112K
  class space    used 1882K, committed 1984K, reserved 1048576K
}
Event: 2.640 GC heap after
{Heap after GC invocations=4 (full 0):
 garbage-first heap   total 524288K, used 17627K [0x0000000602400000, 0x0000000800000000)
  region size 4096K, 2 young (8192K), 2 survivors (8192K)
 Metaspace       used 20050K, committed 20224K, reserved 1114112K
  class space    used 1882K, committed 1984K, reserved 1048576K
}
Event: 2.922 GC heap before
{Heap before GC invocations=4 (full 0):
 garbage-first heap   total 524288K, used 83163K [0x0000000602400000, 0x0000000800000000)
  region size 4096K, 19 young (77824K), 2 survivors (8192K)
 Metaspace       used 21376K, committed 21504K, reserved 1114112K
  class space    used 2079K, committed 2176K, reserved 1048576K
}
Event: 2.924 GC heap after
{Heap after GC invocations=5 (full 0):
 garbage-first heap   total 524288K, used 17929K [0x0000000602400000, 0x0000000800000000)
  region size 4096K, 2 young (8192K), 2 survivors (8192K)
 Metaspace       used 21376K, committed 21504K, reserved 1114112K
  class space    used 2079K, committed 2176K, reserved 1048576K
}
Event: 3.934 GC heap before
{Heap before GC invocations=6 (full 0):
 garbage-first heap   total 81920K, used 58889K [0x0000000602400000, 0x0000000800000000)
  region size 4096K, 13 young (53248K), 2 survivors (8192K)
 Metaspace       used 22266K, committed 22464K, reserved 1114112K
  class space    used 2158K, committed 2240K, reserved 1048576K
}
Event: 3.938 GC heap after
{Heap after GC invocations=7 (full 0):
 garbage-first heap   total 81920K, used 18332K [0x0000000602400000, 0x0000000800000000)
  region size 4096K, 2 young (8192K), 2 survivors (8192K)
 Metaspace       used 22266K, committed 22464K, reserved 1114112K
  class space    used 2158K, committed 2240K, reserved 1048576K
}
Event: 5.907 GC heap before
{Heap before GC invocations=7 (full 0):
 garbage-first heap   total 81920K, used 55196K [0x0000000602400000, 0x0000000800000000)
  region size 4096K, 12 young (49152K), 2 survivors (8192K)
 Metaspace       used 23455K, committed 23616K, reserved 1114112K
  class space    used 2220K, committed 2304K, reserved 1048576K
}
Event: 5.910 GC heap after
{Heap after GC invocations=8 (full 0):
 garbage-first heap   total 81920K, used 18646K [0x0000000602400000, 0x0000000800000000)
  region size 4096K, 1 young (4096K), 1 survivors (4096K)
 Metaspace       used 23455K, committed 23616K, reserved 1114112K
  class space    used 2220K, committed 2304K, reserved 1048576K
}
Event: 17.206 GC heap before
{Heap before GC invocations=8 (full 0):
 garbage-first heap   total 81920K, used 55510K [0x0000000602400000, 0x0000000800000000)
  region size 4096K, 11 young (45056K), 1 survivors (4096K)
 Metaspace       used 23786K, committed 24000K, reserved 1114112K
  class space    used 2224K, committed 2368K, reserved 1048576K
}
Event: 17.208 GC heap after
{Heap after GC invocations=9 (full 0):
 garbage-first heap   total 81920K, used 18609K [0x0000000602400000, 0x0000000800000000)
  region size 4096K, 1 young (4096K), 1 survivors (4096K)
 Metaspace       used 23786K, committed 24000K, reserved 1114112K
  class space    used 2224K, committed 2368K, reserved 1048576K
}

Deoptimization events (20 events):
Event: 8.721 Thread 0x0000015f00e85060 DEOPT PACKING pc=0x0000015f15dcc53c sp=0x0000001de86ff010
Event: 8.721 Thread 0x0000015f00e85060 DEOPT UNPACKING pc=0x0000015f156623a3 sp=0x0000001de86fef80 mode 2
Event: 16.717 Thread 0x0000015f00e88300 DEOPT PACKING pc=0x0000015f0e273074 sp=0x0000001de7efeb70
Event: 16.717 Thread 0x0000015f00e88300 DEOPT UNPACKING pc=0x0000015f15662b43 sp=0x0000001de7efdff8 mode 0
Event: 16.717 Thread 0x0000015f00e88300 Uncommon trap: trap_request=0xffffffde fr.pc=0x0000015f15d9c0ec relative=0x000000000000006c
Event: 16.717 Thread 0x0000015f00e88300 Uncommon trap: reason=class_check action=maybe_recompile pc=0x0000015f15d9c0ec method=io.grpc.netty.shaded.io.grpc.netty.NettyReadableBuffer.readableBytes()I @ 4 c2
Event: 16.717 Thread 0x0000015f00e88300 DEOPT PACKING pc=0x0000015f15d9c0ec sp=0x0000001de7efe290
Event: 16.717 Thread 0x0000015f00e88300 DEOPT UNPACKING pc=0x0000015f156623a3 sp=0x0000001de7efe218 mode 2
Event: 16.717 Thread 0x0000015f00e88300 Uncommon trap: trap_request=0xffffffde fr.pc=0x0000015f15d9c0ec relative=0x000000000000006c
Event: 16.717 Thread 0x0000015f00e88300 Uncommon trap: reason=class_check action=maybe_recompile pc=0x0000015f15d9c0ec method=io.grpc.netty.shaded.io.grpc.netty.NettyReadableBuffer.readableBytes()I @ 4 c2
Event: 16.717 Thread 0x0000015f00e88300 DEOPT PACKING pc=0x0000015f15d9c0ec sp=0x0000001de7efe0b0
Event: 16.717 Thread 0x0000015f00e88300 DEOPT UNPACKING pc=0x0000015f156623a3 sp=0x0000001de7efe038 mode 2
Event: 16.717 Thread 0x0000015f00e88300 Uncommon trap: trap_request=0xffffffde fr.pc=0x0000015f15d9c0ec relative=0x000000000000006c
Event: 16.717 Thread 0x0000015f00e88300 Uncommon trap: reason=class_check action=maybe_recompile pc=0x0000015f15d9c0ec method=io.grpc.netty.shaded.io.grpc.netty.NettyReadableBuffer.readableBytes()I @ 4 c2
Event: 16.717 Thread 0x0000015f00e88300 DEOPT PACKING pc=0x0000015f15d9c0ec sp=0x0000001de7efdcf0
Event: 16.717 Thread 0x0000015f00e88300 DEOPT UNPACKING pc=0x0000015f156623a3 sp=0x0000001de7efdc78 mode 2
Event: 16.717 Thread 0x0000015f00e88300 Uncommon trap: trap_request=0xffffffde fr.pc=0x0000015f15d9c0ec relative=0x000000000000006c
Event: 16.717 Thread 0x0000015f00e88300 Uncommon trap: reason=class_check action=maybe_recompile pc=0x0000015f15d9c0ec method=io.grpc.netty.shaded.io.grpc.netty.NettyReadableBuffer.readableBytes()I @ 4 c2
Event: 16.717 Thread 0x0000015f00e88300 DEOPT PACKING pc=0x0000015f15d9c0ec sp=0x0000001de7efdd40
Event: 16.717 Thread 0x0000015f00e88300 DEOPT UNPACKING pc=0x0000015f156623a3 sp=0x0000001de7efdcc8 mode 2

Classes unloaded (0 events):
No events

Classes redefined (0 events):
No events

Internal exceptions (20 events):
Event: 0.581 Thread 0x0000015f04e5eaf0 Exception <a 'java/lang/IncompatibleClassChangeError'{0x0000000620ea1480}: Found class java.lang.Object, but interface was expected> (0x0000000620ea1480) 
thrown [s\open\src\hotspot\share\interpreter\linkResolver.cpp, line 826]
Event: 0.582 Thread 0x0000015f04e5eaf0 Exception <a 'java/lang/NoSuchMethodError'{0x0000000620ea4470}: 'void java.lang.invoke.DirectMethodHandle$Holder.invokeStaticInit(java.lang.Object, java.lang.Object)'> (0x0000000620ea4470) 
thrown [s\open\src\hotspot\share\interpreter\linkResolver.cpp, line 759]
Event: 0.583 Thread 0x0000015f04e5eaf0 Exception <a 'java/lang/NoSuchMethodError'{0x0000000620eaa220}: 'int java.lang.invoke.DirectMethodHandle$Holder.invokeStaticInit(java.lang.Object, java.lang.Object)'> (0x0000000620eaa220) 
thrown [s\open\src\hotspot\share\interpreter\linkResolver.cpp, line 759]
Event: 1.224 Thread 0x0000015f04e5eaf0 Implicit null exception at 0x0000015f15e2cda5 to 0x0000015f15e35964
Event: 1.684 Thread 0x0000015f04e5eaf0 Exception <a 'java/lang/NoSuchMethodError'{0x000000061ff9e130}: 'java.lang.Object java.lang.invoke.DirectMethodHandle$Holder.invokeSpecial(java.lang.Object, java.lang.Object, java.lang.Object, long, java.lang.Object)'> (0x000000061ff9e130) 
thrown [s\open\src\hotspot\share\interpreter\linkResolver.cpp, line 759]
Event: 1.684 Thread 0x0000015f04e5eaf0 Exception <a 'java/lang/NoSuchMethodError'{0x000000061ffa1d00}: 'java.lang.Object java.lang.invoke.Invokers$Holder.linkToTargetMethod(java.lang.Object, long, java.lang.Object, java.lang.Object)'> (0x000000061ffa1d00) 
thrown [s\open\src\hotspot\share\interpreter\linkResolver.cpp, line 759]
Event: 1.694 Thread 0x0000015f04e5eaf0 Exception <a 'java/lang/ClassNotFoundException'{0x000000061ffdc7b0}: javax/smartcardio/CardPermission> (0x000000061ffdc7b0) 
thrown [s\open\src\hotspot\share\classfile\systemDictionary.cpp, line 256]
Event: 1.697 Thread 0x0000015f04e5eaf0 Exception <a 'java/io/FileNotFoundException'{0x000000061ffeacf8}> (0x000000061ffeacf8) 
thrown [s\open\src\hotspot\share\prims\jni.cpp, line 516]
Event: 1.716 Thread 0x0000015f04e5eaf0 Implicit null exception at 0x0000015f15da3ede to 0x0000015f15da48ec
Event: 1.716 Thread 0x0000015f04e5eaf0 Implicit null exception at 0x0000015f15dfa90f to 0x0000015f15dfa989
Event: 1.837 Thread 0x0000015f04e5eaf0 Exception <a 'java/lang/NoSuchMethodError'{0x000000061f215848}: 'java.lang.Object java.lang.invoke.DirectMethodHandle$Holder.invokeStaticInit(java.lang.Object, int, int, int, int)'> (0x000000061f215848) 
thrown [s\open\src\hotspot\share\interpreter\linkResolver.cpp, line 759]
Event: 1.937 Thread 0x0000015f04e5eaf0 Exception <a 'java/lang/NoSuchMethodError'{0x000000061f36c2f0}: 'java.lang.Object java.lang.invoke.DirectMethodHandle$Holder.invokeStaticInit(java.lang.Object, java.lang.Object, int, int, int, int)'> (0x000000061f36c2f0) 
thrown [s\open\src\hotspot\share\interpreter\linkResolver.cpp, line 759]
Event: 1.956 Thread 0x0000015f04e5eaf0 Exception <a 'java/lang/UnsatisfiedLinkError'{0x000000061ec083b0}: 'int io.grpc.netty.shaded.io.netty.channel.epoll.Native.offsetofEpollData()'> (0x000000061ec083b0) 
thrown [s\open\src\hotspot\share\prims\nativeLookup.cpp, line 543]
Event: 1.956 Thread 0x0000015f04e5eaf0 Exception <a 'java/lang/ExceptionInInitializerError'{0x000000061ec0abf8}> (0x000000061ec0abf8) 
thrown [s\open\src\hotspot\share\oops\instanceKlass.cpp, line 1221]
Event: 2.390 Thread 0x0000015f030b9820 Exception <a 'java/lang/NoSuchMethodError'{0x000000061f73d018}: 'java.lang.Object java.lang.invoke.DirectMethodHandle$Holder.invokeStatic(java.lang.Object, java.lang.Object, long, java.lang.Object)'> (0x000000061f73d018) 
thrown [s\open\src\hotspot\share\interpreter\linkResolver.cpp, line 759]
Event: 2.390 Thread 0x0000015f030b9820 Exception <a 'java/lang/NoSuchMethodError'{0x000000061f740ab0}: 'java.lang.Object java.lang.invoke.DirectMethodHandle$Holder.invokeStaticInit(java.lang.Object, java.lang.Object, long, java.lang.Object)'> (0x000000061f740ab0) 
thrown [s\open\src\hotspot\share\interpreter\linkResolver.cpp, line 759]
Event: 2.391 Thread 0x0000015f030b9820 Exception <a 'java/lang/NoSuchMethodError'{0x000000061f7470b0}: 'java.lang.Object java.lang.invoke.DirectMethodHandle$Holder.newInvokeSpecial(java.lang.Object, java.lang.Object, long)'> (0x000000061f7470b0) 
thrown [s\open\src\hotspot\share\interpreter\linkResolver.cpp, line 759]
Event: 2.391 Thread 0x0000015f030b9820 Exception <a 'java/lang/NoSuchMethodError'{0x000000061f74ac20}: 'java.lang.Object java.lang.invoke.Invokers$Holder.linkToTargetMethod(java.lang.Object, long, java.lang.Object)'> (0x000000061f74ac20) 
thrown [s\open\src\hotspot\share\interpreter\linkResolver.cpp, line 759]
Event: 3.814 Thread 0x0000015f00e85a80 Exception <a 'java/lang/NoSuchMethodError'{0x000000060677c2d8}: 'void java.lang.invoke.DirectMethodHandle$Holder.invokeSpecial(java.lang.Object, java.lang.Object, java.lang.Object)'> (0x000000060677c2d8) 
thrown [s\open\src\hotspot\share\interpreter\linkResolver.cpp, line 759]
Event: 3.996 Thread 0x0000015f00e878e0 Exception <a 'java/lang/NoSuchMethodError'{0x000000061d870410}: 'java.lang.Object java.lang.invoke.DirectMethodHandle$Holder.newInvokeSpecial(java.lang.Object, java.lang.Object, int, int)'> (0x000000061d870410) 
thrown [s\open\src\hotspot\share\interpreter\linkResolver.cpp, line 759]

VM Operations (20 events):
Event: 9.924 Executing VM operation: Cleanup
Event: 9.924 Executing VM operation: Cleanup done
Event: 10.927 Executing VM operation: Cleanup
Event: 10.927 Executing VM operation: Cleanup done
Event: 11.931 Executing VM operation: Cleanup
Event: 11.931 Executing VM operation: Cleanup done
Event: 12.940 Executing VM operation: Cleanup
Event: 12.940 Executing VM operation: Cleanup done
Event: 13.954 Executing VM operation: Cleanup
Event: 13.954 Executing VM operation: Cleanup done
Event: 14.961 Executing VM operation: Cleanup
Event: 14.961 Executing VM operation: Cleanup done
Event: 15.967 Executing VM operation: Cleanup
Event: 15.967 Executing VM operation: Cleanup done
Event: 16.717 Executing VM operation: HandshakeAllThreads
Event: 16.717 Executing VM operation: HandshakeAllThreads done
Event: 17.206 Executing VM operation: G1CollectForAllocation
Event: 17.208 Executing VM operation: G1CollectForAllocation done
Event: 18.222 Executing VM operation: Cleanup
Event: 18.222 Executing VM operation: Cleanup done

Events (20 events):
Event: 5.696 Thread 0x0000015f3417a770 flushing nmethod 0x0000015f0e71d710
Event: 5.696 Thread 0x0000015f3417a770 flushing nmethod 0x0000015f0e71da90
Event: 5.696 Thread 0x0000015f3417a770 flushing nmethod 0x0000015f0e71fb90
Event: 5.696 Thread 0x0000015f3417a770 flushing nmethod 0x0000015f0e720310
Event: 5.696 Thread 0x0000015f3417a770 flushing nmethod 0x0000015f0e72b290
Event: 5.696 Thread 0x0000015f3417a770 flushing nmethod 0x0000015f0e72ca10
Event: 5.696 Thread 0x0000015f3417a770 flushing nmethod 0x0000015f0e763c90
Event: 8.721 loading class jdk/internal/math/FormattedFloatingDecimal$Form
Event: 8.721 loading class jdk/internal/math/FormattedFloatingDecimal$Form done
Event: 8.721 loading class jdk/internal/math/FormattedFloatingDecimal
Event: 8.722 loading class jdk/internal/math/FormattedFloatingDecimal done
Event: 8.722 loading class jdk/internal/math/FormattedFloatingDecimal$1
Event: 8.722 loading class jdk/internal/math/FormattedFloatingDecimal$1 done
Event: 8.722 loading class jdk/internal/math/FDBigInteger
Event: 8.722 loading class jdk/internal/math/FDBigInteger done
Event: 8.722 loading class jdk/internal/math/FormattedFloatingDecimal$2
Event: 8.723 loading class jdk/internal/math/FormattedFloatingDecimal$2 done
Event: 11.037 Thread 0x0000015f343b6010 Thread exited: 0x0000015f343b6010
Event: 11.207 Thread 0x0000015f343a1310 Thread exited: 0x0000015f343a1310
Event: 18.169 Thread 0x0000015f343a0df0 Thread exited: 0x0000015f343a0df0


Dynamic libraries:
0x00007ff712bb0000 - 0x00007ff712bc0000 	C:\Program Files\Java\jdk-17\bin\java.exe
0x00007ff996f80000 - 0x00007ff9971e3000 	C:\WINDOWS\SYSTEM32\ntdll.dll
0x00007ff996420000 - 0x00007ff9964e7000 	C:\WINDOWS\System32\KERNEL32.DLL
0x00007ff994440000 - 0x00007ff994809000 	C:\WINDOWS\System32\KERNELBASE.dll
0x00007ff994810000 - 0x00007ff99495c000 	C:\WINDOWS\System32\ucrtbase.dll
0x00007ff9752c0000 - 0x00007ff9752d9000 	C:\Program Files\Java\jdk-17\bin\jli.dll
0x00007ff981e90000 - 0x00007ff981eab000 	C:\Program Files\Java\jdk-17\bin\VCRUNTIME140.dll
0x00007ff995ab0000 - 0x00007ff995b63000 	C:\WINDOWS\System32\ADVAPI32.dll
0x00007ff996bf0000 - 0x00007ff996c99000 	C:\WINDOWS\System32\msvcrt.dll
0x00007ff996b40000 - 0x00007ff996be6000 	C:\WINDOWS\System32\sechost.dll
0x00007ff996ca0000 - 0x00007ff996db6000 	C:\WINDOWS\System32\RPCRT4.dll
0x00007ff9958a0000 - 0x00007ff995a6a000 	C:\WINDOWS\System32\USER32.dll
0x00007ff994b70000 - 0x00007ff994b97000 	C:\WINDOWS\System32\win32u.dll
0x00007ff976df0000 - 0x00007ff977080000 	C:\WINDOWS\WinSxS\amd64_microsoft.windows.common-controls_6595b64144ccf1df_6.0.26100.3281_none_3e0eb006e32ea907\COMCTL32.dll
0x00007ff996570000 - 0x00007ff99659a000 	C:\WINDOWS\System32\GDI32.dll
0x00007ff994ba0000 - 0x00007ff994cd1000 	C:\WINDOWS\System32\gdi32full.dll
0x00007ff994210000 - 0x00007ff9942b3000 	C:\WINDOWS\System32\msvcp_win.dll
0x00007ff98c0a0000 - 0x00007ff98c0ab000 	C:\WINDOWS\SYSTEM32\VERSION.dll
0x00007ff995a70000 - 0x00007ff995a9f000 	C:\WINDOWS\System32\IMM32.DLL
0x00007ff981e80000 - 0x00007ff981e8c000 	C:\Program Files\Java\jdk-17\bin\vcruntime140_1.dll
0x00007ff96a5b0000 - 0x00007ff96a63e000 	C:\Program Files\Java\jdk-17\bin\msvcp140.dll
0x00007ff957b90000 - 0x00007ff958771000 	C:\Program Files\Java\jdk-17\bin\server\jvm.dll
0x00007ff996f30000 - 0x00007ff996f38000 	C:\WINDOWS\System32\PSAPI.DLL
0x00007ff98c060000 - 0x00007ff98c096000 	C:\WINDOWS\SYSTEM32\WINMM.dll
0x00007ff97a380000 - 0x00007ff97a38a000 	C:\WINDOWS\SYSTEM32\WSOCK32.dll
0x00007ff9964f0000 - 0x00007ff996564000 	C:\WINDOWS\System32\WS2_32.dll
0x00007ff992ec0000 - 0x00007ff992eda000 	C:\WINDOWS\SYSTEM32\kernel.appcore.dll
0x00007ff9746b0000 - 0x00007ff9746ba000 	C:\Program Files\Java\jdk-17\bin\jimage.dll
0x00007ff9810f0000 - 0x00007ff981331000 	C:\WINDOWS\SYSTEM32\DBGHELP.DLL
0x00007ff996090000 - 0x00007ff996412000 	C:\WINDOWS\System32\combase.dll
0x00007ff996960000 - 0x00007ff996a36000 	C:\WINDOWS\System32\OLEAUT32.dll
0x00007ff96b6d0000 - 0x00007ff96b709000 	C:\WINDOWS\SYSTEM32\dbgcore.DLL
0x00007ff994ad0000 - 0x00007ff994b69000 	C:\WINDOWS\System32\bcryptPrimitives.dll
0x00007ff981ec0000 - 0x00007ff981ece000 	C:\Program Files\Java\jdk-17\bin\instrument.dll
0x00007ff974680000 - 0x00007ff9746a5000 	C:\Program Files\Java\jdk-17\bin\java.dll
0x00007ff96a4d0000 - 0x00007ff96a5a7000 	C:\Program Files\Java\jdk-17\bin\jsvml.dll
0x00007ff9950b0000 - 0x00007ff9957cc000 	C:\WINDOWS\System32\SHELL32.dll
0x00007ff994960000 - 0x00007ff994ac8000 	C:\WINDOWS\System32\wintypes.dll
0x00007ff991d70000 - 0x00007ff9925b6000 	C:\WINDOWS\SYSTEM32\windows.storage.dll
0x00007ff994ea0000 - 0x00007ff994f8d000 	C:\WINDOWS\System32\SHCORE.dll
0x00007ff994da0000 - 0x00007ff994dfd000 	C:\WINDOWS\System32\shlwapi.dll
0x00007ff994020000 - 0x00007ff99404f000 	C:\WINDOWS\SYSTEM32\profapi.dll
0x00007ff957b70000 - 0x00007ff957b88000 	C:\Program Files\Java\jdk-17\bin\zip.dll
0x00007ff968010000 - 0x00007ff968029000 	C:\Program Files\Java\jdk-17\bin\net.dll
0x00007ff98d160000 - 0x00007ff98d27e000 	C:\WINDOWS\SYSTEM32\WINHTTP.dll
0x00007ff9933c0000 - 0x00007ff99342a000 	C:\WINDOWS\system32\mswsock.dll
0x00007ff95bfd0000 - 0x00007ff95bfe6000 	C:\Program Files\Java\jdk-17\bin\nio.dll
0x00007ff97e0f0000 - 0x00007ff97e10a000 	D:\Program Files\JetBrains\IntelliJ IDEA 2023.2.5\bin\breakgen64.dll
0x0000015f069c0000 - 0x0000015f069c4000 	C:\Users\70852\.javacpp\cache\javacpp-1.5.7-windows-x86_64.jar\org\bytedeco\javacpp\windows-x86_64\api-ms-win-crt-locale-l1-1-0.dll
0x0000015f069d0000 - 0x0000015f069d5000 	C:\Users\70852\.javacpp\cache\javacpp-1.5.7-windows-x86_64.jar\org\bytedeco\javacpp\windows-x86_64\api-ms-win-crt-string-l1-1-0.dll
0x0000015f34d30000 - 0x0000015f34d35000 	C:\Users\70852\.javacpp\cache\javacpp-1.5.7-windows-x86_64.jar\org\bytedeco\javacpp\windows-x86_64\api-ms-win-crt-stdio-l1-1-0.dll
0x0000015f34d40000 - 0x0000015f34d46000 	C:\Users\70852\.javacpp\cache\javacpp-1.5.7-windows-x86_64.jar\org\bytedeco\javacpp\windows-x86_64\api-ms-win-crt-math-l1-1-0.dll
0x0000015f34d50000 - 0x0000015f34d54000 	C:\Users\70852\.javacpp\cache\javacpp-1.5.7-windows-x86_64.jar\org\bytedeco\javacpp\windows-x86_64\api-ms-win-crt-heap-l1-1-0.dll
0x0000015f34e60000 - 0x0000015f34e65000 	C:\Users\70852\.javacpp\cache\javacpp-1.5.7-windows-x86_64.jar\org\bytedeco\javacpp\windows-x86_64\api-ms-win-crt-runtime-l1-1-0.dll
0x0000015f34e70000 - 0x0000015f34e75000 	C:\Users\70852\.javacpp\cache\javacpp-1.5.7-windows-x86_64.jar\org\bytedeco\javacpp\windows-x86_64\api-ms-win-crt-convert-l1-1-0.dll
0x0000015f34e80000 - 0x0000015f34e84000 	C:\Users\70852\.javacpp\cache\javacpp-1.5.7-windows-x86_64.jar\org\bytedeco\javacpp\windows-x86_64\api-ms-win-crt-environment-l1-1-0.dll
0x0000015f34e90000 - 0x0000015f34e94000 	C:\Users\70852\.javacpp\cache\javacpp-1.5.7-windows-x86_64.jar\org\bytedeco\javacpp\windows-x86_64\api-ms-win-crt-time-l1-1-0.dll
0x0000015f34ea0000 - 0x0000015f34ea4000 	C:\Users\70852\.javacpp\cache\javacpp-1.5.7-windows-x86_64.jar\org\bytedeco\javacpp\windows-x86_64\api-ms-win-crt-filesystem-l1-1-0.dll
0x0000015f34eb0000 - 0x0000015f34eb4000 	C:\Users\70852\.javacpp\cache\javacpp-1.5.7-windows-x86_64.jar\org\bytedeco\javacpp\windows-x86_64\api-ms-win-crt-utility-l1-1-0.dll
0x0000015f34ec0000 - 0x0000015f34ec6000 	C:\Users\70852\.javacpp\cache\javacpp-1.5.7-windows-x86_64.jar\org\bytedeco\javacpp\windows-x86_64\api-ms-win-crt-multibyte-l1-1-0.dll
0x0000015f34ed0000 - 0x0000015f34ed4000 	C:\Users\70852\.javacpp\cache\javacpp-1.5.7-windows-x86_64.jar\org\bytedeco\javacpp\windows-x86_64\api-ms-win-crt-conio-l1-1-0.dll
0x0000015f34ee0000 - 0x0000015f34ef1000 	C:\Users\70852\.javacpp\cache\javacpp-1.5.7-windows-x86_64.jar\org\bytedeco\javacpp\windows-x86_64\api-ms-win-crt-private-l1-1-0.dll
0x0000015f34f00000 - 0x0000015f34f04000 	C:\Users\70852\.javacpp\cache\javacpp-1.5.7-windows-x86_64.jar\org\bytedeco\javacpp\windows-x86_64\api-ms-win-crt-process-l1-1-0.dll
0x0000015f34f10000 - 0x0000015f34f14000 	C:\Users\70852\.javacpp\cache\javacpp-1.5.7-windows-x86_64.jar\org\bytedeco\javacpp\windows-x86_64\api-ms-win-core-console-l1-2-0.dll
0x0000015f34f20000 - 0x0000015f34f24000 	C:\Users\70852\.javacpp\cache\javacpp-1.5.7-windows-x86_64.jar\org\bytedeco\javacpp\windows-x86_64\api-ms-win-core-string-l1-1-0.dll
0x0000015f34f30000 - 0x0000015f34f34000 	C:\Users\70852\.javacpp\cache\javacpp-1.5.7-windows-x86_64.jar\org\bytedeco\javacpp\windows-x86_64\api-ms-win-core-errorhandling-l1-1-0.dll
0x0000015f34f40000 - 0x0000015f34f44000 	C:\Users\70852\.javacpp\cache\javacpp-1.5.7-windows-x86_64.jar\org\bytedeco\javacpp\windows-x86_64\api-ms-win-core-timezone-l1-1-0.dll
0x0000015f34f50000 - 0x0000015f34f55000 	C:\Users\70852\.javacpp\cache\javacpp-1.5.7-windows-x86_64.jar\org\bytedeco\javacpp\windows-x86_64\api-ms-win-core-file-l1-1-0.dll
0x0000015f34f60000 - 0x0000015f34f64000 	C:\Users\70852\.javacpp\cache\javacpp-1.5.7-windows-x86_64.jar\org\bytedeco\javacpp\windows-x86_64\api-ms-win-core-namedpipe-l1-1-0.dll
0x0000015f34f70000 - 0x0000015f34f74000 	C:\Users\70852\.javacpp\cache\javacpp-1.5.7-windows-x86_64.jar\org\bytedeco\javacpp\windows-x86_64\api-ms-win-core-handle-l1-1-0.dll
0x0000015f34f80000 - 0x0000015f34f84000 	C:\Users\70852\.javacpp\cache\javacpp-1.5.7-windows-x86_64.jar\org\bytedeco\javacpp\windows-x86_64\api-ms-win-core-file-l2-1-0.dll
0x0000015f34f90000 - 0x0000015f34f94000 	C:\Users\70852\.javacpp\cache\javacpp-1.5.7-windows-x86_64.jar\org\bytedeco\javacpp\windows-x86_64\api-ms-win-core-heap-l1-1-0.dll
0x0000015f34fa0000 - 0x0000015f34fa4000 	C:\Users\70852\.javacpp\cache\javacpp-1.5.7-windows-x86_64.jar\org\bytedeco\javacpp\windows-x86_64\api-ms-win-core-libraryloader-l1-1-0.dll
0x0000015f34fb0000 - 0x0000015f34fb4000 	C:\Users\70852\.javacpp\cache\javacpp-1.5.7-windows-x86_64.jar\org\bytedeco\javacpp\windows-x86_64\api-ms-win-core-synch-l1-1-0.dll
0x0000015f34fc0000 - 0x0000015f34fc4000 	C:\Users\70852\.javacpp\cache\javacpp-1.5.7-windows-x86_64.jar\org\bytedeco\javacpp\windows-x86_64\api-ms-win-core-processthreads-l1-1-0.dll
0x0000015f34fd0000 - 0x0000015f34fd4000 	C:\Users\70852\.javacpp\cache\javacpp-1.5.7-windows-x86_64.jar\org\bytedeco\javacpp\windows-x86_64\api-ms-win-core-processenvironment-l1-1-0.dll
0x0000015f34fe0000 - 0x0000015f34fe4000 	C:\Users\70852\.javacpp\cache\javacpp-1.5.7-windows-x86_64.jar\org\bytedeco\javacpp\windows-x86_64\api-ms-win-core-datetime-l1-1-0.dll
0x0000015f34ff0000 - 0x0000015f34ff4000 	C:\Users\70852\.javacpp\cache\javacpp-1.5.7-windows-x86_64.jar\org\bytedeco\javacpp\windows-x86_64\api-ms-win-core-localization-l1-2-0.dll
0x0000015f7e060000 - 0x0000015f7e064000 	C:\Users\70852\.javacpp\cache\javacpp-1.5.7-windows-x86_64.jar\org\bytedeco\javacpp\windows-x86_64\api-ms-win-core-sysinfo-l1-1-0.dll
0x0000015f7df40000 - 0x0000015f7df44000 	C:\Users\70852\.javacpp\cache\javacpp-1.5.7-windows-x86_64.jar\org\bytedeco\javacpp\windows-x86_64\api-ms-win-core-synch-l1-2-0.dll
0x0000015f7df50000 - 0x0000015f7df54000 	C:\Users\70852\.javacpp\cache\javacpp-1.5.7-windows-x86_64.jar\org\bytedeco\javacpp\windows-x86_64\api-ms-win-core-console-l1-1-0.dll
0x0000015f7df60000 - 0x0000015f7df64000 	C:\Users\70852\.javacpp\cache\javacpp-1.5.7-windows-x86_64.jar\org\bytedeco\javacpp\windows-x86_64\api-ms-win-core-debug-l1-1-0.dll
0x0000015f7df70000 - 0x0000015f7df74000 	C:\Users\70852\.javacpp\cache\javacpp-1.5.7-windows-x86_64.jar\org\bytedeco\javacpp\windows-x86_64\api-ms-win-core-rtlsupport-l1-1-0.dll
0x0000015f7df80000 - 0x0000015f7df84000 	C:\Users\70852\.javacpp\cache\javacpp-1.5.7-windows-x86_64.jar\org\bytedeco\javacpp\windows-x86_64\api-ms-win-core-processthreads-l1-1-1.dll
0x0000015f7df90000 - 0x0000015f7df94000 	C:\Users\70852\.javacpp\cache\javacpp-1.5.7-windows-x86_64.jar\org\bytedeco\javacpp\windows-x86_64\api-ms-win-core-file-l1-2-0.dll
0x0000015f7dfa0000 - 0x0000015f7dfa4000 	C:\Users\70852\.javacpp\cache\javacpp-1.5.7-windows-x86_64.jar\org\bytedeco\javacpp\windows-x86_64\api-ms-win-core-profile-l1-1-0.dll
0x0000015f7dfb0000 - 0x0000015f7dfb4000 	C:\Users\70852\.javacpp\cache\javacpp-1.5.7-windows-x86_64.jar\org\bytedeco\javacpp\windows-x86_64\api-ms-win-core-memory-l1-1-0.dll
0x0000015f7dfc0000 - 0x0000015f7dfc4000 	C:\Users\70852\.javacpp\cache\javacpp-1.5.7-windows-x86_64.jar\org\bytedeco\javacpp\windows-x86_64\api-ms-win-core-util-l1-1-0.dll
0x0000015f7dfd0000 - 0x0000015f7dfd4000 	C:\Users\70852\.javacpp\cache\javacpp-1.5.7-windows-x86_64.jar\org\bytedeco\javacpp\windows-x86_64\api-ms-win-core-interlocked-l1-1-0.dll
0x00007ff961b00000 - 0x00007ff961c11000 	C:\Users\70852\.javacpp\cache\javacpp-1.5.7-windows-x86_64.jar\org\bytedeco\javacpp\windows-x86_64\ucrtbase.dll
0x00007ff98c5f0000 - 0x00007ff98c60b000 	C:\Users\70852\.javacpp\cache\javacpp-1.5.7-windows-x86_64.jar\org\bytedeco\javacpp\windows-x86_64\vcruntime140.dll
0x00007ff98ea60000 - 0x00007ff98ea6c000 	C:\Users\70852\.javacpp\cache\javacpp-1.5.7-windows-x86_64.jar\org\bytedeco\javacpp\windows-x86_64\vcruntime140_1.dll
0x00007ff965600000 - 0x00007ff96568d000 	C:\Users\70852\.javacpp\cache\javacpp-1.5.7-windows-x86_64.jar\org\bytedeco\javacpp\windows-x86_64\msvcp140.dll
0x00007ff9843f0000 - 0x00007ff9843f9000 	C:\Users\70852\.javacpp\cache\javacpp-1.5.7-windows-x86_64.jar\org\bytedeco\javacpp\windows-x86_64\msvcp140_1.dll
0x00007ff966670000 - 0x00007ff9666be000 	C:\Users\70852\.javacpp\cache\javacpp-1.5.7-windows-x86_64.jar\org\bytedeco\javacpp\windows-x86_64\concrt140.dll
0x00007ff969f90000 - 0x00007ff969fc1000 	C:\Users\70852\.javacpp\cache\javacpp-1.5.7-windows-x86_64.jar\org\bytedeco\javacpp\windows-x86_64\vcomp140.dll
0x00007ff9843e0000 - 0x00007ff9843ee000 	C:\Users\70852\.javacpp\cache\javacpp-1.5.7-windows-x86_64.jar\org\bytedeco\javacpp\windows-x86_64\jnijavacpp.dll
0x00007ff93ce90000 - 0x00007ff93d08b000 	C:\Users\70852\.javacpp\cache\ffmpeg-5.0-1.5.7-windows-x86_64.jar\org\bytedeco\ffmpeg\windows-x86_64\avutil-57.dll
0x00007ff9965a0000 - 0x00007ff996735000 	C:\WINDOWS\System32\ole32.dll
0x00007ff993880000 - 0x00007ff9938a6000 	C:\WINDOWS\SYSTEM32\bcrypt.dll
0x000000006fe00000 - 0x000000006ff13000 	C:\Users\70852\.javacpp\cache\ffmpeg-5.0-1.5.7-windows-x86_64.jar\org\bytedeco\ffmpeg\windows-x86_64\jniavutil.dll
0x00007ff97d5e0000 - 0x00007ff97d606000 	C:\Users\70852\.javacpp\cache\ffmpeg-5.0-1.5.7-windows-x86_64.jar\org\bytedeco\ffmpeg\windows-x86_64\swresample-4.dll
0x0000000070080000 - 0x00000000700b5000 	C:\Users\70852\.javacpp\cache\ffmpeg-5.0-1.5.7-windows-x86_64.jar\org\bytedeco\ffmpeg\windows-x86_64\jniswresample.dll
0x00007ff8d06f0000 - 0x00007ff8d1f96000 	C:\Users\70852\.javacpp\cache\ffmpeg-5.0-1.5.7-windows-x86_64.jar\org\bytedeco\ffmpeg\windows-x86_64\avcodec-59.dll
0x00007ff98c790000 - 0x00007ff98c99d000 	C:\WINDOWS\SYSTEM32\MFPlat.DLL
0x00007ff98c590000 - 0x00007ff98c5d3000 	C:\WINDOWS\SYSTEM32\RTWorkQ.DLL
0x000000006a1c0000 - 0x000000006a299000 	C:\Users\70852\.javacpp\cache\ffmpeg-5.0-1.5.7-windows-x86_64.jar\org\bytedeco\ffmpeg\windows-x86_64\jniavcodec.dll
0x00007ff902a60000 - 0x00007ff90328d000 	C:\Users\70852\.javacpp\cache\ffmpeg-5.0-1.5.7-windows-x86_64.jar\org\bytedeco\ffmpeg\windows-x86_64\avformat-59.dll
0x00007ff9942c0000 - 0x00007ff994437000 	C:\WINDOWS\System32\CRYPT32.dll
0x00007ff9935f0000 - 0x00007ff9935fc000 	C:\WINDOWS\SYSTEM32\CRYPTBASE.DLL
0x000000006abc0000 - 0x000000006ac77000 	C:\Users\70852\.javacpp\cache\ffmpeg-5.0-1.5.7-windows-x86_64.jar\org\bytedeco\ffmpeg\windows-x86_64\jniavformat.dll
0x00007ff9910b0000 - 0x00007ff9910c8000 	C:\WINDOWS\system32\napinsp.dll
0x00007ff9929a0000 - 0x00007ff992ac5000 	C:\WINDOWS\SYSTEM32\DNSAPI.dll
0x00007ff9928b0000 - 0x00007ff9928e3000 	C:\WINDOWS\SYSTEM32\IPHLPAPI.DLL
0x00007ff996f20000 - 0x00007ff996f2a000 	C:\WINDOWS\System32\NSI.dll
0x00007ff98ee60000 - 0x00007ff98ee72000 	C:\WINDOWS\System32\winrnr.dll
0x00007ff970510000 - 0x00007ff970532000 	C:\WINDOWS\system32\nlansp_c.dll
0x00007ff96d530000 - 0x00007ff96d546000 	C:\WINDOWS\system32\wshbth.dll
0x00007ff981ed0000 - 0x00007ff981ede000 	C:\Program Files\Java\jdk-17\bin\sunmscapi.dll
0x00007ff993840000 - 0x00007ff993870000 	C:\WINDOWS\SYSTEM32\ncrypt.dll
0x00007ff9937f0000 - 0x00007ff99382f000 	C:\WINDOWS\SYSTEM32\NTASN1.dll
0x00007ff96bed0000 - 0x00007ff96bed8000 	C:\WINDOWS\system32\wshunix.dll
0x00007ff993700000 - 0x00007ff99371c000 	C:\WINDOWS\SYSTEM32\CRYPTSP.dll
0x00007ff992e20000 - 0x00007ff992e5a000 	C:\WINDOWS\system32\rsaenh.dll
0x00007ff993460000 - 0x00007ff99348b000 	C:\WINDOWS\SYSTEM32\USERENV.dll
0x00007ff98d7f0000 - 0x00007ff98d80f000 	C:\WINDOWS\SYSTEM32\dhcpcsvc6.DLL
0x00007ff98cb10000 - 0x00007ff98cb35000 	C:\WINDOWS\SYSTEM32\dhcpcsvc.DLL
0x00007ff983ba0000 - 0x00007ff983bab000 	C:\Windows\System32\rasadhlp.dll

dbghelp: loaded successfully - version: 4.0.5 - missing functions: none
symbol engine: initialized successfully - sym options: 0x614 - pdb path: .;C:\Program Files\Java\jdk-17\bin;C:\WINDOWS\SYSTEM32;C:\WINDOWS\WinSxS\amd64_microsoft.windows.common-controls_6595b64144ccf1df_6.0.26100.3281_none_3e0eb006e32ea907;C:\Program Files\Java\jdk-17\bin\server;D:\Program Files\JetBrains\IntelliJ IDEA 2023.2.5\bin;C:\Users\70852\.javacpp\cache\javacpp-1.5.7-windows-x86_64.jar\org\bytedeco\javacpp\windows-x86_64;C:\Users\70852\.javacpp\cache\ffmpeg-5.0-1.5.7-windows-x86_64.jar\org\bytedeco\ffmpeg\windows-x86_64;C:\Users\70852\.javacpp\cache\openblas-0.3.19-1.5.7-windows-x86_64.jar\org\bytedeco\openblas\windows-x86_64;C:\Users\70852\.javacpp\cache\opencv-4.5.5-1.5.7-windows-x86_64.jar\org\bytedeco\opencv\windows-x86_64;C:\WINDOWS\System32\DriverStore\FileRepository\u0390730.inf_amd64_637bea92f0f35c6a\B385477

VM Arguments:
jvm_args: -javaagent:D:\Program Files\JetBrains\IntelliJ IDEA 2023.2.5\lib\idea_rt.jar=15004:D:\Program Files\JetBrains\IntelliJ IDEA 2023.2.5\bin -Dfile.encoding=GBK 
java_command: com.saigou.Processor
java_class_path (initial): C:\Users\70852\Desktop\ide\houduan\pandaSystem\analyzer-server-10001\target\classes;C:\Users\70852\.m2\repository\org\bytedeco\javacv-platform\1.5.7\javacv-platform-1.5.7.jar;C:\Users\70852\.m2\repository\org\bytedeco\javacv\1.5.7\javacv-1.5.7.jar;C:\Users\70852\.m2\repository\org\bytedeco\javacpp\1.5.7\javacpp-1.5.7.jar;C:\Users\70852\.m2\repository\org\bytedeco\openblas\0.3.19-1.5.7\openblas-0.3.19-1.5.7.jar;C:\Users\70852\.m2\repository\org\bytedeco\opencv\4.5.5-1.5.7\opencv-4.5.5-1.5.7.jar;C:\Users\70852\.m2\repository\org\bytedeco\ffmpeg\5.0-1.5.7\ffmpeg-5.0-1.5.7.jar;C:\Users\70852\.m2\repository\org\bytedeco\flycapture\2.13.3.31-1.5.7\flycapture-2.13.3.31-1.5.7.jar;C:\Users\70852\.m2\repository\org\bytedeco\libdc1394\2.2.6-1.5.7\libdc1394-2.2.6-1.5.7.jar;C:\Users\70852\.m2\repository\org\bytedeco\libfreenect\0.5.7-1.5.7\libfreenect-0.5.7-1.5.7.jar;C:\Users\70852\.m2\repository\org\bytedeco\libfreenect2\0.2.0-1.5.7\libfreenect2-0.2.0-1.5.7.jar;C:\Users\70852\.m2\repository\org\bytedeco\librealsense\1.12.4-1.5.7\librealsense-1.12.4-1.5.7.jar;C:\Users\70852\.m2\repository\org\bytedeco\librealsense2\2.50.0-1.5.7\librealsense2-2.50.0-1.5.7.jar;C:\Users\70852\.m2\repository\org\bytedeco\videoinput\0.200-1.5.7\videoinput-0.200-1.5.7.jar;C:\Users\70852\.m2\repository\org\bytedeco\artoolkitplus\2.3.1-1.5.7\artoolkitplus-2.3.1-1.5.7.jar;C:\Users\70852\.m2\repository\org\bytedeco\flandmark\1.07-1.5.7\flandmark-1.07-1.5.7.jar;C:\Users\70852\.m2\repository\org\bytedeco\leptonica\1.82.0-1.5.7\leptonica-1.82.0-1.5.7.jar;C:\Users\70852\.m2\repository\org\bytedeco\tesseract\5.0.1-1.5.7\tesseract-5.0.1-1.5.7.jar;C:\Users\70852\.m2\repository\org\bytedeco\openblas-platform\0.3.19-1.5.7\openblas-platform-0.3.19-1.5.7.jar;C:\Users\70852\.m2\repository\org\bytedeco\javacpp-platform\1.5.7\javacpp-platform-1.5.7.jar;C:\Users\70852\.m2\repository\org\bytedeco\javacpp\1.5.7\javacpp-1.5.7-android-arm.jar;C:\Users\70852\.m2\repository\org\bytedeco\javacpp\1.
Launcher Type: SUN_STANDARD

[Global flags]
     intx CICompilerCount                          = 12                                        {product} {ergonomic}
     uint ConcGCThreads                            = 3                                         {product} {ergonomic}
     uint G1ConcRefinementThreads                  = 13                                        {product} {ergonomic}
   size_t G1HeapRegionSize                         = 4194304                                   {product} {ergonomic}
    uintx GCDrainStackTargetSize                   = 64                                        {product} {ergonomic}
   size_t InitialHeapSize                          = 536870912                                 {product} {ergonomic}
   size_t MarkStackSize                            = 4194304                                   {product} {ergonomic}
   size_t MaxHeapSize                              = 8552185856                                {product} {ergonomic}
   size_t MaxNewSize                               = 5129633792                                {product} {ergonomic}
   size_t MinHeapDeltaBytes                        = 4194304                                   {product} {ergonomic}
   size_t MinHeapSize                              = 8388608                                   {product} {ergonomic}
    uintx NonNMethodCodeHeapSize                   = 7602480                                {pd product} {ergonomic}
    uintx NonProfiledCodeHeapSize                  = 122027880                              {pd product} {ergonomic}
    uintx ProfiledCodeHeapSize                     = 122027880                              {pd product} {ergonomic}
    uintx ReservedCodeCacheSize                    = 251658240                              {pd product} {ergonomic}
     bool SegmentedCodeCache                       = true                                      {product} {ergonomic}
   size_t SoftMaxHeapSize                          = 8552185856                             {manageable} {ergonomic}
     bool UseCompressedClassPointers               = true                           {product lp64_product} {ergonomic}
     bool UseCompressedOops                        = true                           {product lp64_product} {ergonomic}
     bool UseG1GC                                  = true                                      {product} {ergonomic}
     bool UseLargePagesIndividualAllocation        = false                                  {pd product} {ergonomic}

Logging:
Log output configuration:
 #0: stdout all=warning uptime,level,tags
 #1: stderr all=off uptime,level,tags

Environment Variables:
PATH=C:\Program Files\ImageMagick-7.1.1-Q16-HDRI;C:\Python312\Scripts\;C:\Python312\;C:\Program Files\Common Files\Oracle\Java\javapath;C:\WINDOWS\system32;C:\WINDOWS;C:\WINDOWS\System32\Wbem;C:\WINDOWS\System32\WindowsPowerShell\v1.0\;C:\WINDOWS\System32\OpenSSH\;D:\ProgramData\anaconda3\Library\bin;D:\ProgramData\anaconda3\Library;D:\ProgramData\anaconda3\Library\usr\bin;D:\ProgramData\anaconda3;D:\ProgramData\anaconda3\Scripts;D:\ProgramData\anaconda3\Library\mingw-w64\bin;C:\ProgramData\chocolatey\bin;C:\Program Files\dotnet\;C:\Program Files (x86)\Windows Kits\10\Windows Performance Toolkit\;C:\Users\70852\AppData\Roaming\nvm;D:\Program Files\nodejs;C:\Program Files\nodejs\;C:\Program Files\Git\cmd;C:\Users\70852\AppData\Local\Microsoft\WindowsApps;D:\Program Files\JetBrains\PyCharm 2023.2.4\bin;D:\Program Files\JetBrains\IntelliJ IDEA 2023.2.5\bin;D:\ProgramData\anaconda3\Library\bin;D:\ProgramData\anaconda3;D:\ProgramData\anaconda3\Scripts;D:\ProgramData\anaconda3\Library\usr\bin;D:\ProgramData\anaconda3\Library\mingw-w64\bin;C:\Users\70852\.dotnet\tools;D:\Program Files (x86)\Microsoft VS Code\bin;C:\Users\70852\AppData\Roaming\nvm;D:\Program Files\nodejs;C:\Users\70852\AppData\Local\Programs\Fiddler;D:\Program Files (x86)\vcpkg;C:\Program Files\platform-tools;C:\Users\70852\AppData\Roaming\npm;%USERPROFILE%\AppData\Local\Microsoft\WindowsApps;
USERNAME=70852
OS=Windows_NT
PROCESSOR_IDENTIFIER=AMD64 Family 25 Model 80 Stepping 0, AuthenticAMD



---------------  S Y S T E M  ---------------

OS:
 Windows 11 , 64 bit Build 26100 (10.0.26100.3094)
OS uptime: 3 days 0:50 hours
Hyper-V role detected

CPU: total 16 (initial active 16) (16 cores per cpu, 2 threads per core) family 25 model 80 stepping 0 microcode 0xa50000c, cx8, cmov, fxsr, ht, mmx, 3dnowpref, sse, sse2, sse3, ssse3, sse4a, sse4.1, sse4.2, popcnt, lzcnt, tsc, tscinvbit, avx, avx2, aes, erms, clmul, bmi1, bmi2, adx, sha, fma, vzeroupper, clflush, clflushopt, hv

Memory: 4k page, system-wide physical 32620M (14383M free)
TotalPageFile size 38252M (AvailPageFile size 6980M)
current process WorkingSet (physical memory assigned to process): 2735M, peak: 8455M
current process commit charge ("private bytes"): 6656M, peak: 12392M

vm_info: Java HotSpot(TM) 64-Bit Server VM (17.0.9+11-LTS-201) for windows-amd64 JRE (17.0.9+11-LTS-201), built on Oct 10 2023 23:16:06 by "mach5one" with MS VC++ 17.1 (VS2022)

END.
