#
# A fatal error has been detected by the Java Runtime Environment:
#
#  SIGSEGV (0xb) at pc=0x000076e8cd4380f0, pid=21180, tid=21667
#
# JRE version: OpenJDK Runtime Environment Corretto-17.0.14.7.1 (17.0.14+7) (build 17.0.14+7-LTS)
# Java VM: OpenJDK 64-Bit Server VM Corretto-17.0.14.7.1 (17.0.14+7-LTS, mixed mode, emulated-client, sharing, tiered, compressed oops, compressed class ptrs, g1 gc, linux-amd64)
# Problematic frame:
# v  ~StubRoutines::jlong_disjoint_arraycopy
#
# Core dump will be written. Default location: Core dumps may be processed with "/usr/share/apport/apport -p%p -s%s -c%c -d%d -P%P -u%u -g%g -- %E" (or dumping to /media/pan/95C15E65414BD009/ubuntu/houduan/pandaSystem/core.21180)
#
# If you would like to submit a bug report, please visit:
#   https://github.com/corretto/corretto-17/issues/
#

---------------  S U M M A R Y ------------

Command Line: -Xms4g -Xmx4g -XX:NewRatio=2 -XX:SurvivorRatio=6 -XX:MaxTenuringThreshold=15 -XX:TargetSurvivorRatio=70 -XX:+UseG1GC -XX:TieredStopAtLevel=1 -Dspring.output.ansi.enabled=always -Dcom.sun.management.jmxremote -Dspring.jmx.enabled=true -Dspring.liveBeansView.mbeanDomain -Dspring.application.admin.enabled=true -Dmanagement.endpoints.jmx.exposure.include=* -javaagent:/opt/idea/lib/idea_rt.jar=40031:/opt/idea/bin -Dfile.encoding=UTF-8 com.saigou.analyzerServer

Host: AMD Ryzen 7 5800H with Radeon Graphics, 16 cores, 27G, Ubuntu 22.04.5 LTS
Time: Fri Mar 28 15:49:08 2025 CST elapsed time: 89.854855 seconds (0d 0h 1m 29s)

---------------  T H R E A D  ---------------

Current thread (0x000076e65db13600):  JavaThread "Thread-12" daemon [_thread_in_vm, id=21667, stack(0x000076e858000000,0x000076e858100000)]

Stack: [0x000076e858000000,0x000076e858100000],  sp=0x000076e8580fe370,  free space=1016k
Native frames: (J=compiled Java code, j=interpreted, Vv=VM code, C=native code)
v  ~StubRoutines::jlong_disjoint_arraycopy
V  [libjvm.so+0xf18837]  Unsafe_CopyMemory0+0xe7
J 431  jdk.internal.misc.Unsafe.copyMemory0(Ljava/lang/Object;JLjava/lang/Object;JJ)V java.base@17.0.14 (0 bytes) @ 0x000076e8cd73d28c [0x000076e8cd73d1a0+0x00000000000000ec]
J 585 c1 jdk.internal.misc.Unsafe.copyMemory(Ljava/lang/Object;JLjava/lang/Object;JJ)V java.base@17.0.14 (33 bytes) @ 0x000076e8cda3d064 [0x000076e8cda3cdc0+0x00000000000002a4]
J 6776 c1 java.nio.ByteBuffer.putBuffer(ILjava/nio/ByteBuffer;II)V java.base@17.0.14 (142 bytes) @ 0x000076e8cd8d64cc [0x000076e8cd8d62a0+0x000000000000022c]
J 6775 c1 java.nio.ByteBuffer.put(Ljava/nio/ByteBuffer;)Ljava/nio/ByteBuffer; java.base@17.0.14 (124 bytes) @ 0x000076e8cd8d6d7c [0x000076e8cd8d6ca0+0x00000000000000dc]
J 7866 c1 org.bytedeco.javacv.Frame.cloneBufferArray([Ljava/nio/Buffer;[Ljava/nio/Buffer;)Lorg/bytedeco/javacpp/Pointer; (621 bytes) @ 0x000076e8ce3cc2dc [0x000076e8ce3cc040+0x000000000000029c]
J 7865 c1 org.bytedeco.javacv.Frame.clone()Lorg/bytedeco/javacv/Frame; (244 bytes) @ 0x000076e8ce3ca04c [0x000076e8ce3c9d40+0x000000000000030c]
J 7864 c1 com.saigou.util.Utils.createDeepCopy(Lorg/bytedeco/javacv/Frame;)Lorg/bytedeco/javacv/Frame; (15 bytes) @ 0x000076e8ce3c99bc [0x000076e8ce3c9940+0x000000000000007c]
j  com.saigou.thread.PullStreamThread.run()V+39
v  ~StubRoutines::call_stub
V  [libjvm.so+0x85aed4]  JavaCalls::call_helper(JavaValue*, methodHandle const&, JavaCallArguments*, JavaThread*)+0x334
V  [libjvm.so+0x85c9bc]  JavaCalls::call_virtual(JavaValue*, Handle, Klass*, Symbol*, Symbol*, JavaThread*)+0x20c
V  [libjvm.so+0x91ce50]  thread_entry(JavaThread*, JavaThread*)+0x70
V  [libjvm.so+0xee3e37]  JavaThread::run()+0x127
V  [libjvm.so+0xee6f61]  Thread::call_run()+0xa1
V  [libjvm.so+0xc54d33]  thread_native_entry(Thread*)+0xe3

Java frames: (J=compiled Java code, j=interpreted, Vv=VM code)
J 431  jdk.internal.misc.Unsafe.copyMemory0(Ljava/lang/Object;JLjava/lang/Object;JJ)V java.base@17.0.14 (0 bytes) @ 0x000076e8cd73d20f [0x000076e8cd73d1a0+0x000000000000006f]
J 585 c1 jdk.internal.misc.Unsafe.copyMemory(Ljava/lang/Object;JLjava/lang/Object;JJ)V java.base@17.0.14 (33 bytes) @ 0x000076e8cda3d064 [0x000076e8cda3cdc0+0x00000000000002a4]
J 6776 c1 java.nio.ByteBuffer.putBuffer(ILjava/nio/ByteBuffer;II)V java.base@17.0.14 (142 bytes) @ 0x000076e8cd8d64cc [0x000076e8cd8d62a0+0x000000000000022c]
J 6775 c1 java.nio.ByteBuffer.put(Ljava/nio/ByteBuffer;)Ljava/nio/ByteBuffer; java.base@17.0.14 (124 bytes) @ 0x000076e8cd8d6d7c [0x000076e8cd8d6ca0+0x00000000000000dc]
J 7866 c1 org.bytedeco.javacv.Frame.cloneBufferArray([Ljava/nio/Buffer;[Ljava/nio/Buffer;)Lorg/bytedeco/javacpp/Pointer; (621 bytes) @ 0x000076e8ce3cc2dc [0x000076e8ce3cc040+0x000000000000029c]
J 7865 c1 org.bytedeco.javacv.Frame.clone()Lorg/bytedeco/javacv/Frame; (244 bytes) @ 0x000076e8ce3ca04c [0x000076e8ce3c9d40+0x000000000000030c]
J 7864 c1 com.saigou.util.Utils.createDeepCopy(Lorg/bytedeco/javacv/Frame;)Lorg/bytedeco/javacv/Frame; (15 bytes) @ 0x000076e8ce3c99bc [0x000076e8ce3c9940+0x000000000000007c]
j  com.saigou.thread.PullStreamThread.run()V+39
v  ~StubRoutines::call_stub

siginfo: si_signo: 11 (SIGSEGV), si_code: 1 (SEGV_MAPERR), si_addr: 0x000076e7e3a0a000

Registers:
RAX=0x000076e7e3feec40, RBX=0x000076e65db13600, RCX=0x000076e4563c3058, RDX=0xfffffffffff43680
RSP=0x000076e8580fe370, RBP=0x000076e8580fe370, RSI=0x000076e455dd4460, RDI=0x000076e7e3feec38
R8 =0x0000000000000000, R9 =0x000076e455dd4460, R10=0x000076e8cd73d20f, R11=0x000076e867000000
R12=0x0000000000000000, R13=0x0000000000000000, R14=0x000076e7e3a00040, R15=0x000076e455dd4460
RIP=0x000076e8cd4380f0, EFLAGS=0x0000000000010292, CSGSFS=0x002b000000000033, ERR=0x0000000000000004
  TRAPNO=0x000000000000000e


Register to memory mapping:

RAX=0x000076e7e3feec40 is an unknown value
RBX=0x000076e65db13600 is a thread
RCX=0x000076e4563c3058 points into unknown readable memory: 0x0000000000000000 | 00 00 00 00 00 00 00 00
RDX=0xfffffffffff43680 is an unknown value
RSP=0x000076e8580fe370 is pointing into the stack for thread: 0x000076e65db13600
RBP=0x000076e8580fe370 is pointing into the stack for thread: 0x000076e65db13600
RSI=0x000076e455dd4460 points into unknown readable memory: 0xaea6acada5acada5 | a5 ad ac a5 ad ac a6 ae
RDI=0x000076e7e3feec38 is an unknown value
R8 =0x0 is NULL
R9 =0x000076e455dd4460 points into unknown readable memory: 0xaea6acada5acada5 | a5 ad ac a5 ad ac a6 ae
R10=0x000076e8cd73d20f is at entry_point+111 in (nmethod*)0x000076e8cd73d010
Compiled method (n/a)   89857  431     n 0       jdk.internal.misc.Unsafe::copyMemory0 (native)
 total in heap  [0x000076e8cd73d010,0x000076e8cd73d390] = 896
 relocation     [0x000076e8cd73d170,0x000076e8cd73d1a0] = 48
 main code      [0x000076e8cd73d1a0,0x000076e8cd73d390] = 496
R11=0x000076e867000000 is pointing into metadata
R12=0x0 is NULL
R13=0x0 is NULL
R14=0x000076e7e3a00040 is an unknown value
R15=0x000076e455dd4460 points into unknown readable memory: 0xaea6acada5acada5 | a5 ad ac a5 ad ac a6 ae


Top of Stack: (sp=0x000076e8580fe370)
0x000076e8580fe370:   000076e8580fe3b0 000076e8dfb18837
0x000076e8580fe380:   000076e65db13600 000076e455dd4460
0x000076e8580fe390:   0000000000000000 00000007fec86070
0x000076e8580fe3a0:   000076e8580fe9f8 000076e65db13600
0x000076e8580fe3b0:   000076e8580fe400 000076e8cd73d28c
0x000076e8580fe3c0:   00000000005eec00 00000007acc48620
0x000076e8580fe3d0:   0000000000000000 0000000800000004
0x000076e8580fe3e0:   0000000000000000 0000000000000000
0x000076e8580fe3f0:   000000000000157c 6dad9a6aad4a8500
0x000076e8580fe400:   000076e8580fe9d0 000076e8cda3d064
0x000076e8580fe410:   000076e8d8a72ca8 000076e8580fe518
0x000076e8580fe420:   000076e5d40016c0 000076e65db13600
0x000076e8580fe430:   000076e8580fe500 000076e8df4f90e4
0x000076e8580fe440:   000076e838373390 000076e838373768
0x000076e8580fe450:   00000000000003d8 000076e8e06a1969
0x000076e8580fe460:   000076e80000000e 000076e5fec86070
0x000076e8580fe470:   000076e65db13600 0000000000000000
0x000076e8580fe480:   000076e5d4e47c70 000076e8580fe560
0x000076e8580fe490:   000076e8e00d8078 000076e86745e5b8
0x000076e8580fe4a0:   000076e80000000e 000000000000157c
0x000076e8580fe4b0:   000076e8580fe370 0000003000000028
0x000076e8580fe4c0:   000076e8580fe5f0 000076e8580fe530
0x000076e8580fe4d0:   000076e86745db00 0000000000000000
0x000076e8580fe4e0:   000076e7e3a00040 00000007acc48620
0x000076e8580fe4f0:   0000000000000000 000076e455dd4460
0x000076e8580fe500:   00000000005eec00 000076e8df500411
0x000076e8580fe510:   000076e8580fe5d0 0000003000000018
0x000076e8580fe520:   000076e8580fe5f0 000076e8580fe530
0x000076e8580fe530:   000076e8580fe9d0 000076e8cd8d64cc
0x000076e8580fe540:   000076e65db13600 000076e455dd4460
0x000076e8580fe550:   00000000005eec00 00000007fec86040
0x000076e8580fe560:   000076e8e00d8090 000076e86745db98 

Instructions: (pc=0x000076e8cd4380f0)
0x000076e8cd437ff0:   ea 04 7f 10 c5 fe 6f 44 d7 e8 c5 fe 7f 44 d6 e8
0x000076e8cd438000:   48 83 c2 04 c5 fd ef c0 c5 f5 ef c9 48 83 ea 04
0x000076e8cd438010:   7c 8a eb 97 66 0f 1f 44 00 00 66 0f 1f 44 00 00
0x000076e8cd438020:   55 48 8b ec 48 3b f7 48 8d 04 97 0f 86 53 ff ff
0x000076e8cd438030:   ff 48 3b f0 0f 83 4a ff ff ff 48 8b ca 48 d1 ea
0x000076e8cd438040:   f7 c1 01 00 00 00 0f 84 3a 00 00 00 8b 44 8f fc
0x000076e8cd438050:   89 44 8e fc e9 2d 00 00 00 48 8b 44 d7 f8 48 89
0x000076e8cd438060:   44 d6 f8 48 ff ca 75 f1 48 33 c0 c5 f8 77 c9 c3
0x000076e8cd438070:   c5 fe 6f 44 d7 20 c5 fe 7f 44 d6 20 c5 fe 6f 0c
0x000076e8cd438080:   d7 c5 fe 7f 0c d6 48 83 ea 08 7d e4 48 83 c2 04
0x000076e8cd438090:   7c 0e c5 fe 6f 04 d7 c5 fe 7f 04 d6 48 83 ea 04
0x000076e8cd4380a0:   c5 fd ef c0 c5 f5 ef c9 48 83 c2 04 7f ab 48 33
0x000076e8cd4380b0:   c0 c5 f8 77 c9 c3 66 66 0f 1f 84 00 00 00 00 00
0x000076e8cd4380c0:   55 48 8b ec 48 8d 7c d7 f8 48 8d 4c d6 f8 48 f7
0x000076e8cd4380d0:   da e9 32 00 00 00 48 8b 44 d7 08 48 89 44 d1 08
0x000076e8cd4380e0:   48 ff c2 75 f1 48 33 c0 c5 f8 77 c9 c3 66 66 90
0x000076e8cd4380f0:   c5 fe 6f 44 d7 c8 c5 fe 7f 44 d1 c8 c5 fe 6f 4c
0x000076e8cd438100:   d7 e8 c5 fe 7f 4c d1 e8 48 83 c2 08 7e e2 48 83
0x000076e8cd438110:   ea 04 7f 10 c5 fe 6f 44 d7 e8 c5 fe 7f 44 d1 e8
0x000076e8cd438120:   48 83 c2 04 c5 fd ef c0 c5 f5 ef c9 48 83 ea 04
0x000076e8cd438130:   7c a4 c5 f8 77 48 33 c0 c9 c3 66 0f 1f 44 00 00
0x000076e8cd438140:   55 48 8b ec 48 3b f7 48 8d 04 d7 0f 86 73 ff ff
0x000076e8cd438150:   ff 48 3b f0 0f 83 6a ff ff ff e9 37 00 00 00 48
0x000076e8cd438160:   8b 44 d7 f8 48 89 44 d6 f8 48 ff ca 75 f1 48 33
0x000076e8cd438170:   c0 c5 f8 77 c9 c3 66 66 0f 1f 84 00 00 00 00 00
0x000076e8cd438180:   c5 fe 6f 44 d7 20 c5 fe 7f 44 d6 20 c5 fe 6f 0c
0x000076e8cd438190:   d7 c5 fe 7f 0c d6 48 83 ea 08 7d e4 48 83 c2 04
0x000076e8cd4381a0:   7c 0e c5 fe 6f 04 d7 c5 fe 7f 04 d6 48 83 ea 04
0x000076e8cd4381b0:   c5 fd ef c0 c5 f5 ef c9 48 83 c2 04 7f a1 c5 f8
0x000076e8cd4381c0:   77 48 33 c0 c9 c3 66 66 66 0f 1f 84 00 00 00 00
0x000076e8cd4381d0:   00 0f 1f 84 00 00 00 00 00 0f 1f 80 00 00 00 00
0x000076e8cd4381e0:   55 48 8b ec 4c 8b de 41 80 7f 38 00 0f 84 cb 00 


Stack slot to memory mapping:
stack at sp + 0 slots: 0x000076e8580fe3b0 is pointing into the stack for thread: 0x000076e65db13600
stack at sp + 1 slots: 0x000076e8dfb18837: <offset 0x0000000000f18837> in /home/pan/.jdks/corretto-17.0.14/lib/server/libjvm.so at 0x000076e8dec00000
stack at sp + 2 slots: 0x000076e65db13600 is a thread
stack at sp + 3 slots: 0x000076e455dd4460 points into unknown readable memory: 0xaea6acada5acada5 | a5 ad ac a5 ad ac a6 ae
stack at sp + 4 slots: 0x0 is NULL
stack at sp + 5 slots: 0x00000007fec86070 is an oop: java.nio.DirectByteBuffer 
{0x00000007fec86070} - klass: 'java/nio/DirectByteBuffer'
 - ---- fields (total size 8 words):
 - private 'mark' 'I' @12  -1 (ffffffff)
 - 'address' 'J' @16  130723065185376 (55dd4460 76e4)
 - private 'position' 'I' @24  0
 - private 'limit' 'I' @28  6220800 (5eec00)
 - private 'capacity' 'I' @32  6220800 (5eec00)
 - final 'segment' 'Ljdk/internal/access/foreign/MemorySegmentProxy;' @36  NULL (0)
 - final 'offset' 'I' @40  0
 - 'isReadOnly' 'Z' @44  false
 - 'bigEndian' 'Z' @45  false
 - 'nativeByteOrder' 'Z' @46  true
 - final 'hb' '[B' @48  NULL (0)
 - private final 'isSync' 'Z' @47  false
 - private final 'fd' 'Ljava/io/FileDescriptor;' @52  NULL (0)
 - private final 'att' 'Ljava/lang/Object;' @56  NULL (0)
 - private final 'cleaner' 'Ljdk/internal/ref/Cleaner;' @60  NULL (0)
stack at sp + 6 slots: 0x000076e8580fe9f8 is pointing into the stack for thread: 0x000076e65db13600
stack at sp + 7 slots: 0x000076e65db13600 is a thread

StubRoutines::jlong_disjoint_arraycopy [0x000076e8cd4380c0, 0x000076e8cd43813a] (122 bytes)
[MachCode]
  0x000076e8cd4380c0: 5548 8bec | 488d 7cd7 | f848 8d4c | d6f8 48f7 | dae9 3200 | 0000 488b | 44d7 0848 | 8944 d108 
  0x000076e8cd4380e0: 48ff c275 | f148 33c0 | c5f8 77c9 | c366 6690 | c5fe 6f44 | d7c8 c5fe | 7f44 d1c8 | c5fe 6f4c 
  0x000076e8cd438100: d7e8 c5fe | 7f4c d1e8 | 4883 c208 | 7ee2 4883 | ea04 7f10 | c5fe 6f44 | d7e8 c5fe | 7f44 d1e8 
  0x000076e8cd438120: 4883 c204 | c5fd efc0 | c5f5 efc9 | 4883 ea04 | 7ca4 c5f8 | 7748 33c0 | 
[/MachCode]

Compiled method (n/a)   89861  431     n 0       jdk.internal.misc.Unsafe::copyMemory0 (native)
 total in heap  [0x000076e8cd73d010,0x000076e8cd73d390] = 896
 relocation     [0x000076e8cd73d170,0x000076e8cd73d1a0] = 48
 main code      [0x000076e8cd73d1a0,0x000076e8cd73d390] = 496

[Constant Pool (empty)]

[MachCode]
[Entry Point]
  # {method} {0x000076e867415418} 'copyMemory0' '(Ljava/lang/Object;JLjava/lang/Object;JJ)V' in 'jdk/internal/misc/Unsafe'
  # this:     rsi:rsi   = 'jdk/internal/misc/Unsafe'
  # parm0:    rdx:rdx   = 'java/lang/Object'
  # parm1:    rcx:rcx   = long
  # parm2:    r8:r8     = 'java/lang/Object'
  # parm3:    r9:r9     = long
  # parm4:    rdi:rdi   = long
  #           [sp+0x50]  (sp of caller)
  0x000076e8cd73d1a0: 448b 5608 | 49bb 0000 | 0067 e876 | 0000 4d03 | d349 3bc2 | 0f84 0600 

  0x000076e8cd73d1b8: ;   {runtime_call ic_miss_stub}
  0x000076e8cd73d1b8: 0000 e9c1 | 3bd1 ff90 
[Verified Entry Point]
  0x000076e8cd73d1c0: 8984 2400 | c0fe ff55 | 488b ec48 | 83ec 4048 | 893c 244c | 8944 2420 | 4983 f800 | 4c8d 4424 
  0x000076e8cd73d1e0: 204c 0f44 | 4424 2048 | 8954 2410 | 4883 fa00 | 488d 5424 | 1048 0f44 | 5424 1048 | 8974 2408 
  0x000076e8cd73d200: 4883 fe00 | 488d 7424 | 0848 0f44 | 7424 08c5 

  0x000076e8cd73d210: ;   {internal_word}
  0x000076e8cd73d210: f877 49ba | 0fd2 73cd | e876 0000 | 4d89 9798 | 0200 0049 | 89a7 9002 

  0x000076e8cd73d228: ;   {external_word}
  0x000076e8cd73d228: 0000 803d | 14ff a812 | 000f 843e | 0000 0056 | 5251 4150 

  0x000076e8cd73d23c: ;   {metadata({method} {0x000076e867415418} 'copyMemory0' '(Ljava/lang/Object;JLjava/lang/Object;JJ)V' in 'jdk/internal/misc/Unsafe')}
  0x000076e8cd73d23c: 4151 48be | 1854 4167 | e876 0000 | 498b fff7 | c40f 0000 | 000f 8412 | 0000 0048 

  0x000076e8cd73d258: ;   {runtime_call SharedRuntime::dtrace_method_entry(JavaThread*, Method*)}
  0x000076e8cd73d258: 83ec 08e8 | f0eb 1d12 | 4883 c408 | e905 0000 

  0x000076e8cd73d268: ;   {runtime_call SharedRuntime::dtrace_method_entry(JavaThread*, Method*)}
  0x000076e8cd73d268: 00e8 e2eb | 1d12 4159 | 4158 595a | 5e49 8dbf | b002 0000 | 41c7 8740 | 0300 0004 

  0x000076e8cd73d284: ;   {runtime_call Unsafe_CopyMemory0}
  0x000076e8cd73d284: 0000 00e8 | c4b4 3d12 | c5f8 7741 | c787 4003 | 0000 0500 | 0000 f083 | 4424 c000 | 493b af48 
  0x000076e8cd73d2a4: 0300 000f | 8711 0000 | 0041 81bf | 3003 0000 | 0000 0000 | 0f84 1c00 | 0000 c5f8 | 7749 8bff 
  0x000076e8cd73d2c4: 4c8b e448 | 83ec 0048 

  0x000076e8cd73d2cc: ;   {runtime_call JavaThread::check_special_condition_for_native_trans(JavaThread*)}
  0x000076e8cd73d2cc: 83e4 f0e8 | acbd 3a12 | 498b e44d | 33e4 41c7 | 8740 0300 | 0008 0000 | 0041 81bf | b003 0000 
  0x000076e8cd73d2ec: 0200 0000 | 0f84 7c00 

  0x000076e8cd73d2f4: ;   {external_word}
  0x000076e8cd73d2f4: 0000 803d | 48fe a812 | 000f 8430 

  0x000076e8cd73d300: ;   {metadata({method} {0x000076e867415418} 'copyMemory0' '(Ljava/lang/Object;JLjava/lang/Object;JJ)V' in 'jdk/internal/misc/Unsafe')}
  0x000076e8cd73d300: 0000 0048 | be18 5441 | 67e8 7600 | 0049 8bff | f7c4 0f00 | 0000 0f84 | 1200 0000 | 4883 ec08 
  0x000076e8cd73d320: ;   {runtime_call SharedRuntime::dtrace_method_exit(JavaThread*, Method*)}
  0x000076e8cd73d320: e83b eb1d | 1248 83c4 | 08e9 0500 

  0x000076e8cd73d32c: ;   {runtime_call SharedRuntime::dtrace_method_exit(JavaThread*, Method*)}
  0x000076e8cd73d32c: 0000 e82d | eb1d 1249 | c787 9002 | 0000 0000 | 0000 49c7 | 8798 0200 | 0000 0000 | 00c5 f877 
  0x000076e8cd73d34c: 498b 8fd8 | 0000 00c7 | 8100 0100 | 0000 0000 | 00c9 4981 | 7f08 0000 | 0000 0f85 | 0100 0000 
  0x000076e8cd73d36c: ;   {runtime_call StubRoutines (1)}
  0x000076e8cd73d36c: c3e9 8e38 | ccff c5f8 | 774c 8be4 | 4883 ec00 | 4883 e4f0 

  0x000076e8cd73d380: ;   {runtime_call SharedRuntime::reguard_yellow_pages()}
  0x000076e8cd73d380: e84b f91d | 1249 8be4 | 4d33 e4e9 | 66ff ffff 
[/MachCode]


Compiled method (c1)   89865  585       1       jdk.internal.misc.Unsafe::copyMemory (33 bytes)
 total in heap  [0x000076e8cda3cb90,0x000076e8cda3d648] = 2744
 relocation     [0x000076e8cda3ccf0,0x000076e8cda3cdb0] = 192
 main code      [0x000076e8cda3cdc0,0x000076e8cda3d200] = 1088
 stub code      [0x000076e8cda3d200,0x000076e8cda3d2d0] = 208
 metadata       [0x000076e8cda3d2d0,0x000076e8cda3d308] = 56
 scopes data    [0x000076e8cda3d308,0x000076e8cda3d4c8] = 448
 scopes pcs     [0x000076e8cda3d4c8,0x000076e8cda3d608] = 320
 dependencies   [0x000076e8cda3d608,0x000076e8cda3d610] = 8
 nul chk table  [0x000076e8cda3d610,0x000076e8cda3d648] = 56

[Constant Pool (empty)]

[MachCode]
[Entry Point]
  # {method} {0x000076e867419b88} 'copyMemory' '(Ljava/lang/Object;JLjava/lang/Object;JJ)V' in 'jdk/internal/misc/Unsafe'
  # this:     rsi:rsi   = 'jdk/internal/misc/Unsafe'
  # parm0:    rdx:rdx   = 'java/lang/Object'
  # parm1:    rcx:rcx   = long
  # parm2:    r8:r8     = 'java/lang/Object'
  # parm3:    r9:r9     = long
  # parm4:    rdi:rdi   = long
  #           [sp+0x130]  (sp of caller)
  0x000076e8cda3cdc0: 448b 5608 | 49bb 0000 | 0067 e876 | 0000 4d03 | d34c 3bd0 

  0x000076e8cda3cdd4: ;   {runtime_call ic_miss_stub}
  0x000076e8cda3cdd4: 0f85 a63f | a1ff 660f | 1f44 0000 
[Verified Entry Point]
  0x000076e8cda3cde0: 8984 2400 | c0fe ff55 | 4881 ec20 | 0100 0048 | 89b4 24d8 | 0000 0048 | 8994 24c8 | 0000 0048 
  0x000076e8cda3ce00: 898c 24d0 | 0000 004c | 8984 24e0 | 0000 004c | 898c 24e8 | 0000 0048 | 89bc 24f0 | 0000 0048 
  0x000076e8cda3ce20: 8bd7 488b | c648 8bf0 | 0f1f 8000 

  0x000076e8cda3ce2c: ;   {optimized virtual_call}
  0x000076e8cda3ce2c: 0000 00e8 

  0x000076e8cda3ce30: ; ImmutableOopMap {[216]=Oop [200]=Oop [224]=Oop }
                      ;*invokevirtual checkSize {reexecute=0 rethrow=0 return_oop=0}
                      ; - jdk.internal.misc.Unsafe::copyMemoryChecks@3 (line 831)
                      ; - jdk.internal.misc.Unsafe::copyMemory@9 (line 800)
  0x000076e8cda3ce30: 2c31 d3ff | 488b 9424 | c800 0000 | 4883 fa00 | 0f85 1b00 | 0000 488b | 9424 d000 | 0000 488b 
  0x000076e8cda3ce50: b424 d800 

  0x000076e8cda3ce54: ;   {optimized virtual_call}
  0x000076e8cda3ce54: 0000 90e8 

  0x000076e8cda3ce58: ; ImmutableOopMap {[216]=Oop [224]=Oop [200]=Oop }
                      ;*invokevirtual checkNativeAddress {reexecute=0 rethrow=0 return_oop=0}
                      ; - jdk.internal.misc.Unsafe::checkPointer@6 (line 544)
                      ; - jdk.internal.misc.Unsafe::checkPrimitivePointer@3 (line 575)
                      ; - jdk.internal.misc.Unsafe::copyMemoryChecks@9 (line 832)
                      ; - jdk.internal.misc.Unsafe::copyMemory@9 (line 800)
  0x000076e8cda3ce58: e464 4100 | e923 0000 | 0048 8b94 | 24c8 0000 | 0048 8b8c | 24d0 0000 | 0048 8bb4 | 24d8 0000 
  0x000076e8cda3ce78: 0066 0f1f 

  0x000076e8cda3ce7c: ;   {optimized virtual_call}
  0x000076e8cda3ce7c: 4400 00e8 

  0x000076e8cda3ce80: ; ImmutableOopMap {[216]=Oop [224]=Oop [200]=Oop }
                      ;*invokevirtual checkOffset {reexecute=0 rethrow=0 return_oop=0}
                      ; - jdk.internal.misc.Unsafe::checkPointer@15 (line 546)
                      ; - jdk.internal.misc.Unsafe::checkPrimitivePointer@3 (line 575)
                      ; - jdk.internal.misc.Unsafe::copyMemoryChecks@9 (line 832)
                      ; - jdk.internal.misc.Unsafe::copyMemory@9 (line 800)
  0x000076e8cda3ce80: dce0 ffff | 488b 9424 | c800 0000 | 4883 fa00 | 0f84 8000 | 0000 8b72 | 0849 ba00 | 0000 67e8 
  0x000076e8cda3cea0: 7600 0049 | 03f2 488b | 7670 488b | 3e48 3b07 | 488b f748 | 89bc 24f8 | 0000 000f 

  0x000076e8cda3cebc: ;   {optimized virtual_call}
  0x000076e8cda3cebc: 1f40 00e8 

  0x000076e8cda3cec0: ; ImmutableOopMap {[216]=Oop [224]=Oop [248]=Oop [200]=Oop }
                      ;*invokevirtual isArray {reexecute=0 rethrow=0 return_oop=0}
                      ; - java.lang.Class::getComponentType@1 (line 1227)
                      ; - jdk.internal.misc.Unsafe::checkPrimitiveArray@1 (line 558)
                      ; - jdk.internal.misc.Unsafe::checkPrimitivePointer@15 (line 579)
                      ; - jdk.internal.misc.Unsafe::copyMemoryChecks@9 (line 832)
                      ; - jdk.internal.misc.Unsafe::copyMemory@9 (line 800)
  0x000076e8cda3cec0: fc4f c9ff | 83f8 000f | 8414 0000 | 0048 8bbc | 24f8 0000 | 008b 5740 | 48c1 e203 | e90a 0000 
  0x000076e8cda3cee0: ;   {oop(NULL)}
  0x000076e8cda3cee0: 0048 ba00 | 0000 0000 | 0000 0048 | 83fa 000f | 84fc 0100 | 0048 8b52 | 1048 83fa | 00ba 0000 
  0x000076e8cda3cf00: 0000 0f85 | 0500 0000 | ba01 0000 | 0083 fa00 | 0f84 db01 | 0000 4c8b | 8424 e000 | 0000 4983 
  0x000076e8cda3cf20: f800 0f85 | 2100 0000 | 488b 9424 | e800 0000 | 488b b424 | d800 0000 | 0f1f 8000 

  0x000076e8cda3cf3c: ;   {optimized virtual_call}
  0x000076e8cda3cf3c: 0000 00e8 

  0x000076e8cda3cf40: ; ImmutableOopMap {[216]=Oop [200]=Oop [224]=Oop }
                      ;*invokevirtual checkNativeAddress {reexecute=0 rethrow=0 return_oop=0}
                      ; - jdk.internal.misc.Unsafe::checkPointer@6 (line 544)
                      ; - jdk.internal.misc.Unsafe::checkPrimitivePointer@3 (line 575)
                      ; - jdk.internal.misc.Unsafe::copyMemoryChecks@17 (line 833)
                      ; - jdk.internal.misc.Unsafe::copyMemory@9 (line 800)
  0x000076e8cda3cf40: fc63 4100 | e923 0000 | 0048 8b94 | 24e0 0000 | 0048 8b8c | 24e8 0000 | 0048 8bb4 | 24d8 0000 
  0x000076e8cda3cf60: 0066 0f1f 

  0x000076e8cda3cf64: ;   {optimized virtual_call}
  0x000076e8cda3cf64: 4400 00e8 

  0x000076e8cda3cf68: ; ImmutableOopMap {[216]=Oop [200]=Oop [224]=Oop }
                      ;*invokevirtual checkOffset {reexecute=0 rethrow=0 return_oop=0}
                      ; - jdk.internal.misc.Unsafe::checkPointer@15 (line 546)
                      ; - jdk.internal.misc.Unsafe::checkPrimitivePointer@3 (line 575)
                      ; - jdk.internal.misc.Unsafe::copyMemoryChecks@17 (line 833)
                      ; - jdk.internal.misc.Unsafe::copyMemory@9 (line 800)
  0x000076e8cda3cf68: f4df ffff | 4c8b 8424 | e000 0000 | 4983 f800 | 0f84 8000 | 0000 418b | 7008 49ba | 0000 0067 
  0x000076e8cda3cf88: e876 0000 | 4903 f248 | 8b76 7048 | 8b3e 483b | 0748 8bf7 | 4889 bc24 | 0001 0000 

  0x000076e8cda3cfa4: ;   {optimized virtual_call}
  0x000076e8cda3cfa4: 6666 90e8 

  0x000076e8cda3cfa8: ; ImmutableOopMap {[216]=Oop [200]=Oop [256]=Oop [224]=Oop }
                      ;*invokevirtual isArray {reexecute=0 rethrow=0 return_oop=0}
                      ; - java.lang.Class::getComponentType@1 (line 1227)
                      ; - jdk.internal.misc.Unsafe::checkPrimitiveArray@1 (line 558)
                      ; - jdk.internal.misc.Unsafe::checkPrimitivePointer@15 (line 579)
                      ; - jdk.internal.misc.Unsafe::copyMemoryChecks@17 (line 833)
                      ; - jdk.internal.misc.Unsafe::copyMemory@9 (line 800)
  0x000076e8cda3cfa8: 144f c9ff | 83f8 000f | 8414 0000 | 0048 8bbc | 2400 0100 | 008b 5740 | 48c1 e203 | e90a 0000 
  0x000076e8cda3cfc8: ;   {oop(NULL)}
  0x000076e8cda3cfc8: 0048 ba00 | 0000 0000 | 0000 0048 | 83fa 000f | 849d 0000 | 0048 8b52 | 1048 83fa | 00ba 0000 
  0x000076e8cda3cfe8: 0000 0f85 | 0500 0000 | ba01 0000 | 0083 fa00 | 0f84 7c00 | 0000 48c7 | c200 0000 | 0048 8bbc 
  0x000076e8cda3d008: 24f0 0000 | 0048 3bfa | 0f85 1600 | 0000 4881 | c420 0100 

  0x000076e8cda3d01c: ;   {poll_return}
  0x000076e8cda3d01c: 005d 493b | a748 0300 | 000f 875c | 0100 00c3 | 488b 9424 | c800 0000 | 488b 8c24 | d000 0000 
  0x000076e8cda3d03c: 4c8b 8424 | e000 0000 | 4c8b 8c24 | e800 0000 | 488b bc24 | f000 0000 | 488b b424 | d800 0000 
  0x000076e8cda3d05c: ;   {optimized virtual_call}
  0x000076e8cda3d05c: 6666 90e8 

  0x000076e8cda3d060: ; ImmutableOopMap {}
                      ;*invokevirtual copyMemory0 {reexecute=0 rethrow=0 return_oop=0}
                      ; - jdk.internal.misc.Unsafe::copyMemory@29 (line 806)
  0x000076e8cda3d060: 5c01 d0ff | 4881 c420 | 0100 005d 

  0x000076e8cda3d06c: ;   {poll_return}
  0x000076e8cda3d06c: 493b a748 | 0300 000f | 8724 0100 

  0x000076e8cda3d078: ;   {metadata('java/lang/IllegalArgumentException')}
  0x000076e8cda3d078: 00c3 48ba | e89c 0467 | e876 0000 | 498b 8708 | 0100 0048 | 8d78 2849 | 3bbf 1801 | 0000 0f87 
  0x000076e8cda3d098: 1701 0000 | 4989 bf08 | 0100 0048 | c700 0100 | 0000 488b | ca49 ba00 | 0000 67e8 | 7600 0049 
  0x000076e8cda3d0b8: 2bca 8948 | 0848 33c9 | 8948 0c48 | 33c9 4889 | 4810 4889 | 4818 4889 | 4820 488b | f048 8984 
  0x000076e8cda3d0d8: 2408 0100 

  0x000076e8cda3d0dc: ;   {optimized virtual_call}
  0x000076e8cda3d0dc: 0066 90e8 

  0x000076e8cda3d0e0: ; ImmutableOopMap {[216]=Oop [200]=Oop [224]=Oop [264]=Oop }
                      ;*invokespecial <init> {reexecute=0 rethrow=0 return_oop=0}
                      ; - jdk.internal.misc.Unsafe::invalidInput@4 (line 440)
                      ; - jdk.internal.misc.Unsafe::checkPrimitiveArray@17 (line 560)
                      ; - jdk.internal.misc.Unsafe::checkPrimitivePointer@15 (line 579)
                      ; - jdk.internal.misc.Unsafe::copyMemoryChecks@17 (line 833)
                      ; - jdk.internal.misc.Unsafe::copyMemory@9 (line 800)
  0x000076e8cda3d0e0: 9c3f a1ff | 488b 8424 | 0801 0000 | e9fb 0000 

  0x000076e8cda3d0f0: ;   {metadata('java/lang/IllegalArgumentException')}
  0x000076e8cda3d0f0: 0048 bae8 | 9c04 67e8 | 7600 0049 | 8b87 0801 | 0000 488d | 7828 493b | bf18 0100 | 000f 87ad 
  0x000076e8cda3d110: 0000 0049 | 89bf 0801 | 0000 48c7 | 0001 0000 | 0048 8bca | 49ba 0000 | 0067 e876 | 0000 492b 
  0x000076e8cda3d130: ca89 4808 | 4833 c989 | 480c 4833 | c948 8948 | 1048 8948 | 1848 8948 | 2048 8bf0 | 4889 8424 
  0x000076e8cda3d150: 1001 0000 

  0x000076e8cda3d154: ;   {optimized virtual_call}
  0x000076e8cda3d154: 6666 90e8 

  0x000076e8cda3d158: ; ImmutableOopMap {[272]=Oop [216]=Oop [200]=Oop [224]=Oop }
                      ;*invokespecial <init> {reexecute=0 rethrow=0 return_oop=0}
                      ; - jdk.internal.misc.Unsafe::invalidInput@4 (line 440)
                      ; - jdk.internal.misc.Unsafe::checkPrimitiveArray@17 (line 560)
                      ; - jdk.internal.misc.Unsafe::checkPrimitivePointer@15 (line 579)
                      ; - jdk.internal.misc.Unsafe::copyMemoryChecks@9 (line 832)
                      ; - jdk.internal.misc.Unsafe::copyMemory@9 (line 800)
  0x000076e8cda3d158: 243f a1ff | 488b 8424 | 1001 0000 | e983 0000 

  0x000076e8cda3d168: ;   {runtime_call throw_null_pointer_exception Runtime1 stub}
  0x000076e8cda3d168: 00e8 b22c 

  0x000076e8cda3d16c: ; ImmutableOopMap {[216]=Oop [224]=Oop rdx=Oop [200]=Oop }
                      ;*invokevirtual getClass {reexecute=0 rethrow=0 return_oop=0}
                      ; - jdk.internal.misc.Unsafe::checkPrimitivePointer@12 (line 579)
                      ; - jdk.internal.misc.Unsafe::copyMemoryChecks@9 (line 832)
                      ; - jdk.internal.misc.Unsafe::copyMemory@9 (line 800)
                      ;   {runtime_call throw_null_pointer_exception Runtime1 stub}
  0x000076e8cda3d16c: abff e8ad 

  0x000076e8cda3d170: ; ImmutableOopMap {[216]=Oop [224]=Oop rdx=Oop [200]=Oop rdi=Oop }
                      ;*invokevirtual getComponentType {reexecute=0 rethrow=0 return_oop=0}
                      ; - jdk.internal.misc.Unsafe::checkPrimitiveArray@1 (line 558)
                      ; - jdk.internal.misc.Unsafe::checkPrimitivePointer@15 (line 579)
                      ; - jdk.internal.misc.Unsafe::copyMemoryChecks@9 (line 832)
                      ; - jdk.internal.misc.Unsafe::copyMemory@9 (line 800)
                      ;   {runtime_call throw_null_pointer_exception Runtime1 stub}
  0x000076e8cda3d170: 2cab ffe8 

  0x000076e8cda3d174: ; ImmutableOopMap {[216]=Oop [224]=Oop [200]=Oop }
                      ;*invokevirtual isPrimitive {reexecute=0 rethrow=0 return_oop=0}
                      ; - jdk.internal.misc.Unsafe::checkPrimitiveArray@10 (line 559)
                      ; - jdk.internal.misc.Unsafe::checkPrimitivePointer@15 (line 579)
                      ; - jdk.internal.misc.Unsafe::copyMemoryChecks@9 (line 832)
                      ; - jdk.internal.misc.Unsafe::copyMemory@9 (line 800)
  0x000076e8cda3d174: a82c abff 

  0x000076e8cda3d178: ;   {runtime_call throw_null_pointer_exception Runtime1 stub}
  0x000076e8cda3d178: e8a3 2cab 

  0x000076e8cda3d17c: ; ImmutableOopMap {[216]=Oop [200]=Oop r8=Oop [224]=Oop }
                      ;*invokevirtual getClass {reexecute=0 rethrow=0 return_oop=0}
                      ; - jdk.internal.misc.Unsafe::checkPrimitivePointer@12 (line 579)
                      ; - jdk.internal.misc.Unsafe::copyMemoryChecks@17 (line 833)
                      ; - jdk.internal.misc.Unsafe::copyMemory@9 (line 800)
                      ;   {runtime_call throw_null_pointer_exception Runtime1 stub}
  0x000076e8cda3d17c: ffe8 9e2c 

  0x000076e8cda3d180: ; ImmutableOopMap {[216]=Oop [200]=Oop r8=Oop [224]=Oop rdi=Oop }
                      ;*invokevirtual getComponentType {reexecute=0 rethrow=0 return_oop=0}
                      ; - jdk.internal.misc.Unsafe::checkPrimitiveArray@1 (line 558)
                      ; - jdk.internal.misc.Unsafe::checkPrimitivePointer@15 (line 579)
                      ; - jdk.internal.misc.Unsafe::copyMemoryChecks@17 (line 833)
                      ; - jdk.internal.misc.Unsafe::copyMemory@9 (line 800)
                      ;   {runtime_call throw_null_pointer_exception Runtime1 stub}
  0x000076e8cda3d180: abff e899 

  0x000076e8cda3d184: ; ImmutableOopMap {[216]=Oop [200]=Oop [224]=Oop }
                      ;*invokevirtual isPrimitive {reexecute=0 rethrow=0 return_oop=0}
                      ; - jdk.internal.misc.Unsafe::checkPrimitiveArray@10 (line 559)
                      ; - jdk.internal.misc.Unsafe::checkPrimitivePointer@15 (line 579)
                      ; - jdk.internal.misc.Unsafe::copyMemoryChecks@17 (line 833)
                      ; - jdk.internal.misc.Unsafe::copyMemory@9 (line 800)
                      ;   {internal_word}
  0x000076e8cda3d184: 2cab ff49 | ba1e d0a3 | cde8 7600 | 004d 8997 | 6003 0000 

  0x000076e8cda3d198: ;   {runtime_call SafepointBlob}
  0x000076e8cda3d198: e963 a5a1 

  0x000076e8cda3d19c: ;   {internal_word}
  0x000076e8cda3d19c: ff49 ba6c | d0a3 cde8 | 7600 004d | 8997 6003 

  0x000076e8cda3d1ac: ;   {runtime_call SafepointBlob}
  0x000076e8cda3d1ac: 0000 e94d | a5a1 ff48 

  0x000076e8cda3d1b4: ;   {runtime_call fast_new_instance Runtime1 stub}
  0x000076e8cda3d1b4: 8bd2 e845 

  0x000076e8cda3d1b8: ; ImmutableOopMap {[216]=Oop [200]=Oop [224]=Oop }
                      ;*new {reexecute=0 rethrow=0 return_oop=0}
                      ; - jdk.internal.misc.Unsafe::invalidInput@0 (line 440)
                      ; - jdk.internal.misc.Unsafe::checkPrimitiveArray@17 (line 560)
                      ; - jdk.internal.misc.Unsafe::checkPrimitivePointer@15 (line 579)
                      ; - jdk.internal.misc.Unsafe::copyMemoryChecks@17 (line 833)
                      ; - jdk.internal.misc.Unsafe::copyMemory@9 (line 800)
  0x000076e8cda3d1b8: 35ab ffe9 | 12ff ffff 

  0x000076e8cda3d1c0: ;   {runtime_call fast_new_instance Runtime1 stub}
  0x000076e8cda3d1c0: 488b d2e8 

  0x000076e8cda3d1c4: ; ImmutableOopMap {[224]=Oop [200]=Oop [216]=Oop }
                      ;*new {reexecute=0 rethrow=0 return_oop=0}
                      ; - jdk.internal.misc.Unsafe::invalidInput@0 (line 440)
                      ; - jdk.internal.misc.Unsafe::checkPrimitiveArray@17 (line 560)
                      ; - jdk.internal.misc.Unsafe::checkPrimitivePointer@15 (line 579)
                      ; - jdk.internal.misc.Unsafe::copyMemoryChecks@9 (line 832)
                      ; - jdk.internal.misc.Unsafe::copyMemory@9 (line 800)
  0x000076e8cda3d1c4: 3835 abff | e97c ffff | ff90 9049 | 8b87 d803 | 0000 49c7 | 87d8 0300 | 0000 0000 | 0049 c787 
  0x000076e8cda3d1e4: e003 0000 | 0000 0000 | 4881 c420 | 0100 005d 

  0x000076e8cda3d1f4: ;   {runtime_call unwind_exception Runtime1 stub}
  0x000076e8cda3d1f4: e907 1dab | fff4 f4f4 | f4f4 f4f4 
[Stub Code]
  0x000076e8cda3d200: ;   {no_reloc}
  0x000076e8cda3d200: 0f1f 4400 

  0x000076e8cda3d204: ;   {static_stub}
  0x000076e8cda3d204: 0048 bb00 | 0000 0000 

  0x000076e8cda3d20c: ;   {runtime_call}
  0x000076e8cda3d20c: 0000 00e9 | fbff ffff 

  0x000076e8cda3d214: ;   {static_stub}
  0x000076e8cda3d214: 9048 bb80 | 9541 67e8 

  0x000076e8cda3d21c: ;   {runtime_call I2C/C2I adapters}
  0x000076e8cda3d21c: 7600 00e9 | b9b0 a1ff 

  0x000076e8cda3d224: ;   {static_stub}
  0x000076e8cda3d224: 9048 bb00 | 0000 0000 

  0x000076e8cda3d22c: ;   {runtime_call}
  0x000076e8cda3d22c: 0000 00e9 | fbff ffff 

  0x000076e8cda3d234: ;   {static_stub}
  0x000076e8cda3d234: 9048 bb00 | 0000 0000 

  0x000076e8cda3d23c: ;   {runtime_call}
  0x000076e8cda3d23c: 0000 00e9 | fbff ffff 

  0x000076e8cda3d244: ;   {static_stub}
  0x000076e8cda3d244: 9048 bb80 | 9541 67e8 

  0x000076e8cda3d24c: ;   {runtime_call I2C/C2I adapters}
  0x000076e8cda3d24c: 7600 00e9 | 89b0 a1ff 

  0x000076e8cda3d254: ;   {static_stub}
  0x000076e8cda3d254: 9048 bb00 | 0000 0000 

  0x000076e8cda3d25c: ;   {runtime_call}
  0x000076e8cda3d25c: 0000 00e9 | fbff ffff 

  0x000076e8cda3d264: ;   {static_stub}
  0x000076e8cda3d264: 9048 bb00 | 0000 0000 

  0x000076e8cda3d26c: ;   {runtime_call}
  0x000076e8cda3d26c: 0000 00e9 | fbff ffff 

  0x000076e8cda3d274: ;   {static_stub}
  0x000076e8cda3d274: 9048 bb00 | 0000 0000 

  0x000076e8cda3d27c: ;   {runtime_call}
  0x000076e8cda3d27c: 0000 00e9 | fbff ffff 

  0x000076e8cda3d284: ;   {static_stub}
  0x000076e8cda3d284: 9048 bb00 | 0000 0000 

  0x000076e8cda3d28c: ;   {runtime_call}
  0x000076e8cda3d28c: 0000 00e9 | fbff ffff 

  0x000076e8cda3d294: ;   {static_stub}
  0x000076e8cda3d294: 9048 bb00 | 0000 0000 

  0x000076e8cda3d29c: ;   {runtime_call}
  0x000076e8cda3d29c: 0000 00e9 | fbff ffff 
[Exception Handler]
  0x000076e8cda3d2a4: ;   {runtime_call handle_exception_from_callee Runtime1 stub}
  0x000076e8cda3d2a4: e857 52ab 

  0x000076e8cda3d2a8: ;   {external_word}
  0x000076e8cda3d2a8: ff48 bf32 | 65c1 dfe8 | 7600 0048 

  0x000076e8cda3d2b4: ;   {runtime_call MacroAssembler::debug64(char*, long, long*)}
  0x000076e8cda3d2b4: 83e4 f0e8 | 0467 cd11 

  0x000076e8cda3d2bc: ;   {section_word}
  0x000076e8cda3d2bc: f449 babd | d2a3 cde8 | 7600 0041 

  0x000076e8cda3d2c8: ;   {runtime_call DeoptimizationBlob}
  0x000076e8cda3d2c8: 52e9 d296 | a1ff f4f4 
[/MachCode]


---------------  P R O C E S S  ---------------

Threads class SMR info:
_java_thread_list=0x000076e5a49e8620, length=96, elements={
0x000076e8d8a6e3f0, 0x000076e8d8a6f7e0, 0x000076e8d8a74fa0, 0x000076e8d8a76360,
0x000076e8d8a77780, 0x000076e8d8a78d80, 0x000076e8d8a7a1f0, 0x000076e8d8a86c00,
0x000076e8d9a44a70, 0x000076e8d9a457f0, 0x000076e8d9b4f3c0, 0x000076e848000ff0,
0x000076e7e8001650, 0x000076e7d00121a0, 0x000076e8da735280, 0x000076e7dc2ee240,
0x000076e8da736420, 0x000076e8da78de70, 0x000076e8da8100e0, 0x000076e7e80026a0,
0x000076e8dac10100, 0x000076e8dae26910, 0x000076e8dae27390, 0x000076e8dae28050,
0x000076e8dae28c00, 0x000076e8dae297b0, 0x000076e8dae2a740, 0x000076e8dae2b890,
0x000076e8dae2cc70, 0x000076e8dae2ddd0, 0x000076e8dae2ee00, 0x000076e8dae31dc0,
0x000076e8dae38290, 0x000076e8dae44850, 0x000076e8dae54280, 0x000076e8dae56230,
0x000076e8dae71c20, 0x000076e8dae73ce0, 0x000076e8dae9ac00, 0x000076e8dae9b9b0,
0x000076e8dae9e9c0, 0x000076e8db0bef50, 0x000076e5ec0ca970, 0x000076e8d80355d0,
0x000076e65d79f540, 0x000076e65d7a1750, 0x000076e820027bf0, 0x000076e5c0005e60,
0x000076e820158b20, 0x000076e64d458c60, 0x000076e820161680, 0x000076e65db13600,
0x000076e65db142b0, 0x000076e5e400a7d0, 0x000076e5e400bd30, 0x000076e64d7c21f0,
0x000076e64d7c2fd0, 0x000076e64d7c4040, 0x000076e64d7c50c0, 0x000076e5e4010bc0,
0x000076e4cc000ff0, 0x000076e5e4011da0, 0x000076e4cc17eca0, 0x000076e4cc17ffe0,
0x000076e5e4013030, 0x000076e4cc181280, 0x000076e82016a1a0, 0x000076e5e40142d0,
0x000076e82016aeb0, 0x000076e82016bf40, 0x000076e4cc003c70, 0x000076e5e40155a0,
0x000076e82016c810, 0x000076e82016dbc0, 0x000076e4cc004970, 0x000076e5e4016890,
0x000076e82016eec0, 0x000076e5c8001470, 0x000076e5e4017ba0, 0x000076e4cc005c80,
0x000076e5c80026a0, 0x000076e5c80039e0, 0x000076e5c8005140, 0x000076e5e4018ed0,
0x000076e5c8006490, 0x000076e5c8007820, 0x000076e5c8008b80, 0x000076e5c8009ef0,
0x000076e5c800b290, 0x000076e5c800c890, 0x000076e5c800e000, 0x000076e5d822ba40,
0x000076e5d82285c0, 0x000076e8380a49b0, 0x000076e5d822cbd0, 0x000076e5d821bc50
}

Java Threads: ( => current thread )
  0x000076e8d8a6e3f0 JavaThread "Reference Handler" daemon [_thread_blocked, id=21201, stack(0x000076e8c40ee000,0x000076e8c41ee000)]
  0x000076e8d8a6f7e0 JavaThread "Finalizer" daemon [_thread_blocked, id=21202, stack(0x000076e8bdf00000,0x000076e8be000000)]
  0x000076e8d8a74fa0 JavaThread "Signal Dispatcher" daemon [_thread_blocked, id=21203, stack(0x000076e8bde00000,0x000076e8bdf00000)]
  0x000076e8d8a76360 JavaThread "Service Thread" daemon [_thread_blocked, id=21204, stack(0x000076e8bdd00000,0x000076e8bde00000)]
  0x000076e8d8a77780 JavaThread "Monitor Deflation Thread" daemon [_thread_blocked, id=21205, stack(0x000076e8bd900000,0x000076e8bda00000)]
  0x000076e8d8a78d80 JavaThread "C1 CompilerThread0" daemon [_thread_blocked, id=21206, stack(0x000076e8bcf00000,0x000076e8bd000000)]
  0x000076e8d8a7a1f0 JavaThread "Sweeper thread" daemon [_thread_blocked, id=21207, stack(0x000076e8bce00000,0x000076e8bcf00000)]
  0x000076e8d8a86c00 JavaThread "Common-Cleaner" daemon [_thread_blocked, id=21211, stack(0x000076e8bca00000,0x000076e8bcb00000)]
  0x000076e8d9a44a70 JavaThread "Monitor Ctrl-Break" daemon [_thread_in_native, id=21219, stack(0x000076e8bc100000,0x000076e8bc200000)]
  0x000076e8d9a457f0 JavaThread "Notification Thread" daemon [_thread_blocked, id=21220, stack(0x000076e8bc000000,0x000076e8bc100000)]
  0x000076e8d9b4f3c0 JavaThread "RMI TCP Accept-0" daemon [_thread_in_native, id=21222, stack(0x000076e8b3f00000,0x000076e8b4000000)]
  0x000076e848000ff0 JavaThread "Attach Listener" daemon [_thread_blocked, id=21265, stack(0x000076e8b3900000,0x000076e8b3a00000)]
  0x000076e7e8001650 JavaThread "RMI TCP Connection(idle)" daemon [_thread_blocked, id=21268, stack(0x000076e8b3800000,0x000076e8b3900000)]
  0x000076e7d00121a0 JavaThread "RMI Scheduler(0)" daemon [_thread_blocked, id=21269, stack(0x000076e8b3700000,0x000076e8b3800000)]
  0x000076e8da735280 JavaThread "Catalina-utility-1" [_thread_blocked, id=21300, stack(0x000076e8b3cff000,0x000076e8b3dff000)]
  0x000076e7dc2ee240 JavaThread "Catalina-utility-2" [_thread_blocked, id=21301, stack(0x000076e8b3300000,0x000076e8b3400000)]
  0x000076e8da736420 JavaThread "container-0" [_thread_blocked, id=21302, stack(0x000076e8b17fd000,0x000076e8b18fd000)]
  0x000076e8da78de70 JavaThread "commons-pool-evictor" daemon [_thread_blocked, id=21303, stack(0x000076e8b16fd000,0x000076e8b17fd000)]
  0x000076e8da8100e0 JavaThread "JavaCPP Deallocator" daemon [_thread_blocked, id=21304, stack(0x000076e8b15fd000,0x000076e8b16fd000)]
  0x000076e7e80026a0 JavaThread "RMI TCP Connection(idle)" daemon [_thread_blocked, id=21342, stack(0x000076e8bc200000,0x000076e8bc300000)]
  0x000076e8dac10100 JavaThread "spring.cloud.inetutils" daemon [_thread_blocked, id=21354, stack(0x000076e8bc300000,0x000076e8bc400000)]
  0x000076e8dae26910 JavaThread "http-nio-10001-exec-1" daemon [_thread_blocked, id=21367, stack(0x000076e8b14fd000,0x000076e8b15fd000)]
  0x000076e8dae27390 JavaThread "http-nio-10001-exec-2" daemon [_thread_blocked, id=21368, stack(0x000076e8b1100000,0x000076e8b1200000)]
  0x000076e8dae28050 JavaThread "http-nio-10001-exec-3" daemon [_thread_blocked, id=21369, stack(0x000076e8b1000000,0x000076e8b1100000)]
  0x000076e8dae28c00 JavaThread "http-nio-10001-exec-4" daemon [_thread_blocked, id=21370, stack(0x000076e8b0f00000,0x000076e8b1000000)]
  0x000076e8dae297b0 JavaThread "http-nio-10001-exec-5" daemon [_thread_blocked, id=21371, stack(0x000076e8b0b00000,0x000076e8b0c00000)]
  0x000076e8dae2a740 JavaThread "http-nio-10001-exec-6" daemon [_thread_blocked, id=21372, stack(0x000076e8b0a00000,0x000076e8b0b00000)]
  0x000076e8dae2b890 JavaThread "http-nio-10001-exec-7" daemon [_thread_blocked, id=21373, stack(0x000076e8b0900000,0x000076e8b0a00000)]
  0x000076e8dae2cc70 JavaThread "http-nio-10001-exec-8" daemon [_thread_blocked, id=21374, stack(0x000076e8b0100000,0x000076e8b0200000)]
  0x000076e8dae2ddd0 JavaThread "http-nio-10001-exec-9" daemon [_thread_blocked, id=21375, stack(0x000076e8b0000000,0x000076e8b0100000)]
  0x000076e8dae2ee00 JavaThread "http-nio-10001-exec-10" daemon [_thread_blocked, id=21376, stack(0x000076e862f00000,0x000076e863000000)]
  0x000076e8dae31dc0 JavaThread "http-nio-10001-Poller" daemon [_thread_in_native, id=21377, stack(0x000076e862e00000,0x000076e862f00000)]
  0x000076e8dae38290 JavaThread "http-nio-10001-Acceptor" daemon [_thread_in_native, id=21378, stack(0x000076e862d00000,0x000076e862e00000)]
  0x000076e8dae44850 JavaThread "nacos.publisher-com.alibaba.nacos.common.notify.SlowEvent" daemon [_thread_blocked, id=21379, stack(0x000076e862700000,0x000076e862800000)]
  0x000076e8dae54280 JavaThread "nacos.publisher-com.alibaba.nacos.client.naming.event.InstancesChangeEvent" daemon [_thread_blocked, id=21380, stack(0x000076e860700000,0x000076e860800000)]
  0x000076e8dae56230 JavaThread "com.alibaba.nacos.naming.failover" daemon [_thread_blocked, id=21381, stack(0x000076e860100000,0x000076e860200000)]
  0x000076e8dae71c20 JavaThread "com.alibaba.nacos.client.auth.ram.identify.watcher.0" daemon [_thread_blocked, id=21382, stack(0x000076e860000000,0x000076e860100000)]
  0x000076e8dae73ce0 JavaThread "com.alibaba.nacos.client.naming.security" daemon [_thread_blocked, id=21383, stack(0x000076e85bf00000,0x000076e85c000000)]
  0x000076e8dae9ac00 JavaThread "com.alibaba.nacos.client.naming.grpc.redo.0" daemon [_thread_blocked, id=21384, stack(0x000076e85b500000,0x000076e85b600000)]
  0x000076e8dae9b9b0 JavaThread "com.alibaba.nacos.client.remote.worker" daemon [_thread_blocked, id=21385, stack(0x000076e85ab00000,0x000076e85ac00000)]
  0x000076e8dae9e9c0 JavaThread "com.alibaba.nacos.client.remote.worker" daemon [_thread_blocked, id=21386, stack(0x000076e85a100000,0x000076e85a200000)]
  0x000076e8db0bef50 JavaThread "grpc-nio-worker-ELG-1-1" daemon [_thread_in_native, id=21389, stack(0x000076e859700000,0x000076e859800000)]
  0x000076e5ec0ca970 JavaThread "grpc-nio-worker-ELG-1-2" daemon [_thread_in_native, id=21393, stack(0x000076e858100000,0x000076e858200000)]
  0x000076e8d80355d0 JavaThread "DestroyJavaVM" [_thread_blocked, id=21181, stack(0x000076e8e0c52000,0x000076e8e0d52000)]
  0x000076e65d79f540 JavaThread "grpc-default-worker-ELG-1-1" daemon [_thread_in_native, id=21641, stack(0x000076e8bc900000,0x000076e8bca00000)]
  0x000076e65d7a1750 JavaThread "grpc-default-executor-0" daemon [_thread_blocked, id=21642, stack(0x000076e8bcb00000,0x000076e8bcc00000)]
  0x000076e820027bf0 JavaThread "grpc-default-executor-1" daemon [_thread_blocked, id=21643, stack(0x000076e84eb00000,0x000076e84ec00000)]
  0x000076e5c0005e60 JavaThread "grpc-default-executor-2" daemon [_thread_blocked, id=21644, stack(0x000076e84f500000,0x000076e84f600000)]
  0x000076e820158b20 JavaThread "grpc-default-worker-ELG-1-2" daemon [_thread_in_native, id=21645, stack(0x000076e84ff00000,0x000076e850000000)]
  0x000076e64d458c60 JavaThread "grpc-default-worker-ELG-1-3" daemon [_thread_in_native, id=21663, stack(0x000076e8bc700000,0x000076e8bc800000)]
  0x000076e820161680 JavaThread "grpc-default-worker-ELG-1-4" daemon [_thread_in_native, id=21664, stack(0x000076e8bc800000,0x000076e8bc900000)]
=>0x000076e65db13600 JavaThread "Thread-12" daemon [_thread_in_vm, id=21667, stack(0x000076e858000000,0x000076e858100000)]
  0x000076e65db142b0 JavaThread "Thread-15" daemon [_thread_blocked, id=21669, stack(0x000076e858200000,0x000076e858300000)]
  0x000076e5e400a7d0 JavaThread "pool-2-thread-1" [_thread_blocked, id=21672, stack(0x000076e843500000,0x000076e843600000)]
  0x000076e5e400bd30 JavaThread "pool-2-thread-2" [_thread_blocked, id=21688, stack(0x000076e842100000,0x000076e842200000)]
  0x000076e64d7c21f0 JavaThread "Thread-13" daemon [_thread_in_native, id=21690, stack(0x000076e840100000,0x000076e840200000)]
  0x000076e64d7c2fd0 JavaThread "Thread-17" daemon [_thread_blocked, id=21691, stack(0x000076e840000000,0x000076e840100000)]
  0x000076e64d7c4040 JavaThread "Thread-18" daemon [_thread_blocked, id=21692, stack(0x000076e837f00000,0x000076e838000000)]
  0x000076e64d7c50c0 JavaThread "Thread-19" daemon [_thread_in_native, id=21693, stack(0x000076e837500000,0x000076e837600000)]
  0x000076e5e4010bc0 JavaThread "pool-2-thread-3" [_thread_blocked, id=21694, stack(0x000076e836b00000,0x000076e836c00000)]
  0x000076e4cc000ff0 JavaThread "pool-2-thread-4" [_thread_blocked, id=21697, stack(0x000076e836100000,0x000076e836200000)]
  0x000076e5e4011da0 JavaThread "pool-2-thread-5" [_thread_blocked, id=21698, stack(0x000076e835700000,0x000076e835800000)]
  0x000076e4cc17eca0 JavaThread "pool-2-thread-6" [_thread_blocked, id=21699, stack(0x000076e834d00000,0x000076e834e00000)]
  0x000076e4cc17ffe0 JavaThread "pool-2-thread-7" [_thread_blocked, id=21700, stack(0x000076e834300000,0x000076e834400000)]
  0x000076e5e4013030 JavaThread "pool-2-thread-8" [_thread_blocked, id=21701, stack(0x000076e834200000,0x000076e834300000)]
  0x000076e4cc181280 JavaThread "pool-2-thread-9" [_thread_blocked, id=21702, stack(0x000076e834100000,0x000076e834200000)]
  0x000076e82016a1a0 JavaThread "pool-3-thread-1" [_thread_blocked, id=21703, stack(0x000076e834000000,0x000076e834100000)]
  0x000076e5e40142d0 JavaThread "pool-2-thread-10" [_thread_blocked, id=21706, stack(0x000076e82ab00000,0x000076e82ac00000)]
  0x000076e82016aeb0 JavaThread "pool-3-thread-2" [_thread_blocked, id=21711, stack(0x000076e82a100000,0x000076e82a200000)]
  0x000076e82016bf40 JavaThread "pool-3-thread-3" [_thread_blocked, id=21716, stack(0x000076e8bcc00000,0x000076e8bcd00000)]
  0x000076e4cc003c70 JavaThread "pool-2-thread-11" [_thread_blocked, id=21717, stack(0x000076e84e100000,0x000076e84e200000)]
  0x000076e5e40155a0 JavaThread "pool-2-thread-12" [_thread_blocked, id=21721, stack(0x000076e828200000,0x000076e828300000)]
  0x000076e82016c810 JavaThread "pool-3-thread-4" [_thread_blocked, id=21724, stack(0x000076e828100000,0x000076e828200000)]
  0x000076e82016dbc0 JavaThread "pool-3-thread-5" [_thread_blocked, id=21725, stack(0x000076e828000000,0x000076e828100000)]
  0x000076e4cc004970 JavaThread "pool-2-thread-13" [_thread_blocked, id=21726, stack(0x000076e81ff00000,0x000076e820000000)]
  0x000076e5e4016890 JavaThread "pool-2-thread-14" [_thread_blocked, id=21727, stack(0x000076e81f500000,0x000076e81f600000)]
  0x000076e82016eec0 JavaThread "pool-3-thread-6" [_thread_blocked, id=21728, stack(0x000076e81eb00000,0x000076e81ec00000)]
  0x000076e5c8001470 JavaThread "pool-3-thread-7" [_thread_blocked, id=21731, stack(0x000076e81e100000,0x000076e81e200000)]
  0x000076e5e4017ba0 JavaThread "pool-2-thread-15" [_thread_blocked, id=21732, stack(0x000076e81c900000,0x000076e81ca00000)]
  0x000076e4cc005c80 JavaThread "pool-2-thread-16" [_thread_blocked, id=21733, stack(0x000076e81c100000,0x000076e81c200000)]
  0x000076e5c80026a0 JavaThread "pool-3-thread-8" [_thread_blocked, id=21735, stack(0x000076e81c000000,0x000076e81c100000)]
  0x000076e5c80039e0 JavaThread "pool-3-thread-9" [_thread_blocked, id=21736, stack(0x000076e813f00000,0x000076e814000000)]
  0x000076e5c8005140 JavaThread "pool-3-thread-10" [_thread_blocked, id=21739, stack(0x000076e813e00000,0x000076e813f00000)]
  0x000076e5e4018ed0 JavaThread "pool-2-thread-17" [_thread_blocked, id=21740, stack(0x000076e813d00000,0x000076e813e00000)]
  0x000076e5c8006490 JavaThread "pool-3-thread-11" [_thread_blocked, id=21741, stack(0x000076e813900000,0x000076e813a00000)]
  0x000076e5c8007820 JavaThread "pool-3-thread-12" [_thread_blocked, id=21742, stack(0x000076e813800000,0x000076e813900000)]
  0x000076e5c8008b80 JavaThread "pool-3-thread-13" [_thread_blocked, id=21743, stack(0x000076e813700000,0x000076e813800000)]
  0x000076e5c8009ef0 JavaThread "pool-3-thread-14" [_thread_blocked, id=21744, stack(0x000076e813300000,0x000076e813400000)]
  0x000076e5c800b290 JavaThread "pool-3-thread-15" [_thread_blocked, id=21745, stack(0x000076e813200000,0x000076e813300000)]
  0x000076e5c800c890 JavaThread "pool-3-thread-16" [_thread_blocked, id=21747, stack(0x000076e813100000,0x000076e813200000)]
  0x000076e5c800e000 JavaThread "pool-3-thread-17" [_thread_blocked, id=21750, stack(0x000076e812d00000,0x000076e812e00000)]
  0x000076e5d822ba40 JavaThread "nacos-grpc-client-executor-scnu.saigou.work-37" daemon [_thread_blocked, id=21836, stack(0x000076e828d00000,0x000076e828e00000)]
  0x000076e5d82285c0 JavaThread "nacos-grpc-client-executor-scnu.saigou.work-38" daemon [_thread_blocked, id=21837, stack(0x000076e828300000,0x000076e828400000)]
  0x000076e8380a49b0 JavaThread "C1 CompilerThread1" daemon [_thread_blocked, id=21847, stack(0x000076e843f00000,0x000076e844000000)]
  0x000076e5d822cbd0 JavaThread "nacos-grpc-client-executor-scnu.saigou.work-39" daemon [_thread_blocked, id=21858, stack(0x000076e82bf00000,0x000076e82c000000)]
  0x000076e5d821bc50 JavaThread "nacos-grpc-client-executor-scnu.saigou.work-40" daemon [_thread_blocked, id=21859, stack(0x000076e829700000,0x000076e829800000)]

Other Threads:
  0x000076e8d8a6a320 VMThread "VM Thread" [stack: 0x000076e8c41ef000,0x000076e8c42ef000] [id=21200]
  0x000076e8d8037e50 WatcherThread [stack: 0x000076e8b3e00000,0x000076e8b3f00000] [id=21223]
  0x000076e8d80a3070 GCTaskThread "GC Thread#0" [stack: 0x000076e8dc100000,0x000076e8dc200000] [id=21183]
  0x000076e85c006e90 GCTaskThread "GC Thread#1" [stack: 0x000076e8b3200000,0x000076e8b3300000] [id=21272]
  0x000076e85c0075a0 GCTaskThread "GC Thread#2" [stack: 0x000076e8b30ff000,0x000076e8b31ff000] [id=21273]
  0x000076e85c007df0 GCTaskThread "GC Thread#3" [stack: 0x000076e8b2d00000,0x000076e8b2e00000] [id=21274]
  0x000076e85c008800 GCTaskThread "GC Thread#4" [stack: 0x000076e8b2bff000,0x000076e8b2cff000] [id=21275]
  0x000076e85c009210 GCTaskThread "GC Thread#5" [stack: 0x000076e8b2afe000,0x000076e8b2bfe000] [id=21276]
  0x000076e85c009c50 GCTaskThread "GC Thread#6" [stack: 0x000076e8b2700000,0x000076e8b2800000] [id=21277]
  0x000076e85c00a690 GCTaskThread "GC Thread#7" [stack: 0x000076e8b25ff000,0x000076e8b26ff000] [id=21278]
  0x000076e85c00b0d0 GCTaskThread "GC Thread#8" [stack: 0x000076e8b24fe000,0x000076e8b25fe000] [id=21279]
  0x000076e85c00bf00 GCTaskThread "GC Thread#9" [stack: 0x000076e8b2100000,0x000076e8b2200000] [id=21280]
  0x000076e85c00cd30 GCTaskThread "GC Thread#10" [stack: 0x000076e8b1fff000,0x000076e8b20ff000] [id=21281]
  0x000076e85c00db60 GCTaskThread "GC Thread#11" [stack: 0x000076e8b1efe000,0x000076e8b1ffe000] [id=21282]
  0x000076e85c00e9d0 GCTaskThread "GC Thread#12" [stack: 0x000076e8b1b00000,0x000076e8b1c00000] [id=21283]
  0x000076e8d80b4620 ConcurrentGCThread "G1 Main Marker" [stack: 0x000076e8c5300000,0x000076e8c5400000] [id=21184]
  0x000076e8d80b5590 ConcurrentGCThread "G1 Conc#0" [stack: 0x000076e8c51ff000,0x000076e8c52ff000] [id=21185]
  0x000076e8b8000eb0 ConcurrentGCThread "G1 Conc#1" [stack: 0x000076e8b19ff000,0x000076e8b1aff000] [id=21284]
  0x000076e8b8001cf0 ConcurrentGCThread "G1 Conc#2" [stack: 0x000076e8b18fe000,0x000076e8b19fe000] [id=21285]
  0x000076e8d8a3e0e0 ConcurrentGCThread "G1 Refine#0" [stack: 0x000076e8c43f1000,0x000076e8c44f1000] [id=21195]
  0x000076e8d8a3efe0 ConcurrentGCThread "G1 Service" [stack: 0x000076e8c42f0000,0x000076e8c43f0000] [id=21196]

Threads with active compile tasks:

VM state: not at safepoint (normal execution)

VM Mutex/Monitor currently owned by a thread: None

Heap address: 0x0000000700000000, size: 4096 MB, Compressed Oops mode: Zero based, Oop shift amount: 3

CDS archive(s) mapped at: [0x000076e867000000-0x000076e867bc9000-0x000076e867bc9000), size 12357632, SharedBaseAddress: 0x000076e867000000, ArchiveRelocationMode: 1.
Compressed class space mapped at: 0x000076e868000000-0x000076e8a8000000, reserved size: 1073741824
Narrow klass base: 0x000076e867000000, Narrow klass shift: 0, Narrow klass range: 0x100000000

GC Precious Log:
 CPUs: 16 total, 16 available
 Memory: 27913M
 Large Page Support: Disabled
 NUMA Support: Disabled
 Compressed Oops: Enabled (Zero based)
 Heap Region Size: 2M
 Heap Min Capacity: 4G
 Heap Initial Capacity: 4G
 Heap Max Capacity: 4G
 Pre-touch: Disabled
 Parallel Workers: 13
 Concurrent Workers: 3
 Concurrent Refinement Workers: 13
 Periodic GC: Disabled

Heap:
 garbage-first heap   total 4194304K, used 398224K [0x0000000700000000, 0x0000000800000000)
  region size 2048K, 163 young (333824K), 0 survivors (0K)
 Metaspace       used 87251K, committed 87872K, reserved 1179648K
  class space    used 11183K, committed 11520K, reserved 1048576K

Heap Regions: E=young(eden), S=young(survivor), O=old, HS=humongous(starts), HC=humongous(continues), CS=collection set, F=free, OA=open archive, CA=closed archive, TAMS=top-at-mark-start (previous, next)
|   0|0x0000000700000000, 0x00000007001fffc8, 0x0000000700200000| 99%| O|  |TAMS 0x0000000700000000, 0x0000000700000000| Untracked 
|   1|0x0000000700200000, 0x00000007003fffe0, 0x0000000700400000| 99%| O|  |TAMS 0x0000000700200000, 0x0000000700200000| Untracked 
|   2|0x0000000700400000, 0x00000007005fffc8, 0x0000000700600000| 99%| O|  |TAMS 0x0000000700400000, 0x0000000700400000| Untracked 
|   3|0x0000000700600000, 0x00000007007ffff0, 0x0000000700800000| 99%| O|  |TAMS 0x0000000700600000, 0x0000000700600000| Untracked 
|   4|0x0000000700800000, 0x0000000700a00000, 0x0000000700a00000|100%| O|  |TAMS 0x0000000700800000, 0x0000000700800000| Untracked 
|   5|0x0000000700a00000, 0x0000000700bed098, 0x0000000700c00000| 96%| O|  |TAMS 0x0000000700bed098, 0x0000000700a00000| Untracked 
|   6|0x0000000700c00000, 0x0000000700e00000, 0x0000000700e00000|100%| O|  |TAMS 0x0000000700c00000, 0x0000000700c00000| Untracked 
|   7|0x0000000700e00000, 0x0000000700ffffe8, 0x0000000701000000| 99%| O|  |TAMS 0x0000000700e00000, 0x0000000700e00000| Untracked 
|   8|0x0000000701000000, 0x00000007011fffc0, 0x0000000701200000| 99%| O|  |TAMS 0x0000000701000000, 0x0000000701000000| Untracked 
|   9|0x0000000701200000, 0x00000007013fffc8, 0x0000000701400000| 99%| O|  |TAMS 0x0000000701200000, 0x0000000701200000| Untracked 
|  10|0x0000000701400000, 0x00000007015ffff0, 0x0000000701600000| 99%| O|  |TAMS 0x0000000701400000, 0x0000000701400000| Untracked 
|  11|0x0000000701600000, 0x00000007017ffff0, 0x0000000701800000| 99%| O|  |TAMS 0x0000000701600000, 0x0000000701600000| Untracked 
|  12|0x0000000701800000, 0x00000007019fffd0, 0x0000000701a00000| 99%| O|  |TAMS 0x0000000701800000, 0x0000000701800000| Untracked 
|  13|0x0000000701a00000, 0x0000000701bffff0, 0x0000000701c00000| 99%| O|  |TAMS 0x0000000701a00000, 0x0000000701a00000| Untracked 
|  14|0x0000000701c00000, 0x0000000701dba140, 0x0000000701e00000| 86%| O|  |TAMS 0x0000000701c00000, 0x0000000701c00000| Untracked 
|  15|0x0000000701e00000, 0x0000000701eefe28, 0x0000000702000000| 46%| O|  |TAMS 0x0000000701e00000, 0x0000000701e00000| Untracked 
|  16|0x0000000702000000, 0x0000000702000000, 0x0000000702200000|  0%| F|  |TAMS 0x0000000702000000, 0x0000000702000000| Untracked 
|  17|0x0000000702200000, 0x00000007023a8510, 0x0000000702400000| 82%| O|  |TAMS 0x0000000702200000, 0x0000000702200000| Untracked 
|  18|0x0000000702400000, 0x0000000702400000, 0x0000000702600000|  0%| F|  |TAMS 0x0000000702400000, 0x0000000702400000| Untracked 
|  19|0x0000000702600000, 0x0000000702600000, 0x0000000702800000|  0%| F|  |TAMS 0x0000000702600000, 0x0000000702600000| Untracked 
|  20|0x0000000702800000, 0x000000070293c6b8, 0x0000000702a00000| 61%| O|  |TAMS 0x0000000702800000, 0x0000000702800000| Untracked 
|  21|0x0000000702a00000, 0x0000000702a00000, 0x0000000702c00000|  0%| F|  |TAMS 0x0000000702a00000, 0x0000000702a00000| Untracked 
|  22|0x0000000702c00000, 0x0000000702c00000, 0x0000000702e00000|  0%| F|  |TAMS 0x0000000702c00000, 0x0000000702c00000| Untracked 
|  23|0x0000000702e00000, 0x0000000702e00000, 0x0000000703000000|  0%| F|  |TAMS 0x0000000702e00000, 0x0000000702e00000| Untracked 
|  24|0x0000000703000000, 0x0000000703070f88, 0x0000000703200000| 22%| O|  |TAMS 0x0000000703000000, 0x0000000703000000| Untracked 
|  25|0x0000000703200000, 0x0000000703200000, 0x0000000703400000|  0%| F|  |TAMS 0x0000000703200000, 0x0000000703200000| Untracked 
|  26|0x0000000703400000, 0x0000000703444a90, 0x0000000703600000| 13%| O|  |TAMS 0x0000000703400000, 0x0000000703400000| Untracked 
|  27|0x0000000703600000, 0x0000000703600000, 0x0000000703800000|  0%| F|  |TAMS 0x0000000703600000, 0x0000000703600000| Untracked 
|  28|0x0000000703800000, 0x0000000703800000, 0x0000000703a00000|  0%| F|  |TAMS 0x0000000703800000, 0x0000000703800000| Untracked 
|  29|0x0000000703a00000, 0x0000000703a229c8, 0x0000000703c00000|  6%| O|  |TAMS 0x0000000703a00000, 0x0000000703a00000| Untracked 
|  30|0x0000000703c00000, 0x0000000703c00000, 0x0000000703e00000|  0%| F|  |TAMS 0x0000000703c00000, 0x0000000703c00000| Untracked 
|  31|0x0000000703e00000, 0x0000000703e00000, 0x0000000704000000|  0%| F|  |TAMS 0x0000000703e00000, 0x0000000703e00000| Untracked 
|  32|0x0000000704000000, 0x0000000704000000, 0x0000000704200000|  0%| F|  |TAMS 0x0000000704000000, 0x0000000704000000| Untracked 
|  33|0x0000000704200000, 0x0000000704200000, 0x0000000704400000|  0%| F|  |TAMS 0x0000000704200000, 0x0000000704200000| Untracked 
|  34|0x0000000704400000, 0x0000000704400000, 0x0000000704600000|  0%| F|  |TAMS 0x0000000704400000, 0x0000000704400000| Untracked 
|  35|0x0000000704600000, 0x0000000704600000, 0x0000000704800000|  0%| F|  |TAMS 0x0000000704600000, 0x0000000704600000| Untracked 
|  36|0x0000000704800000, 0x0000000704800000, 0x0000000704a00000|  0%| F|  |TAMS 0x0000000704800000, 0x0000000704800000| Untracked 
|  37|0x0000000704a00000, 0x0000000704a00000, 0x0000000704c00000|  0%| F|  |TAMS 0x0000000704a00000, 0x0000000704a00000| Untracked 
|  38|0x0000000704c00000, 0x0000000704c00000, 0x0000000704e00000|  0%| F|  |TAMS 0x0000000704c00000, 0x0000000704c00000| Untracked 
|  39|0x0000000704e00000, 0x0000000704e00000, 0x0000000705000000|  0%| F|  |TAMS 0x0000000704e00000, 0x0000000704e00000| Untracked 
|  40|0x0000000705000000, 0x000000070507aae0, 0x0000000705200000| 23%| O|  |TAMS 0x0000000705000000, 0x0000000705000000| Untracked 
|  41|0x0000000705200000, 0x0000000705200000, 0x0000000705400000|  0%| F|  |TAMS 0x0000000705200000, 0x0000000705200000| Untracked 
|  42|0x0000000705400000, 0x0000000705400000, 0x0000000705600000|  0%| F|  |TAMS 0x0000000705400000, 0x0000000705400000| Untracked 
|  43|0x0000000705600000, 0x0000000705600000, 0x0000000705800000|  0%| F|  |TAMS 0x0000000705600000, 0x0000000705600000| Untracked 
|  44|0x0000000705800000, 0x0000000705800000, 0x0000000705a00000|  0%| F|  |TAMS 0x0000000705800000, 0x0000000705800000| Untracked 
|  45|0x0000000705a00000, 0x0000000705a00000, 0x0000000705c00000|  0%| F|  |TAMS 0x0000000705a00000, 0x0000000705a00000| Untracked 
|  46|0x0000000705c00000, 0x0000000705c00000, 0x0000000705e00000|  0%| F|  |TAMS 0x0000000705c00000, 0x0000000705c00000| Untracked 
|  47|0x0000000705e00000, 0x0000000705e00000, 0x0000000706000000|  0%| F|  |TAMS 0x0000000705e00000, 0x0000000705e00000| Untracked 
|  48|0x0000000706000000, 0x0000000706000000, 0x0000000706200000|  0%| F|  |TAMS 0x0000000706000000, 0x0000000706000000| Untracked 
|  49|0x0000000706200000, 0x0000000706200000, 0x0000000706400000|  0%| F|  |TAMS 0x0000000706200000, 0x0000000706200000| Untracked 
|  50|0x0000000706400000, 0x0000000706400000, 0x0000000706600000|  0%| F|  |TAMS 0x0000000706400000, 0x0000000706400000| Untracked 
|  51|0x0000000706600000, 0x0000000706600000, 0x0000000706800000|  0%| F|  |TAMS 0x0000000706600000, 0x0000000706600000| Untracked 
|  52|0x0000000706800000, 0x0000000706800000, 0x0000000706a00000|  0%| F|  |TAMS 0x0000000706800000, 0x0000000706800000| Untracked 
|  53|0x0000000706a00000, 0x0000000706a00000, 0x0000000706c00000|  0%| F|  |TAMS 0x0000000706a00000, 0x0000000706a00000| Untracked 
|  54|0x0000000706c00000, 0x0000000706c00000, 0x0000000706e00000|  0%| F|  |TAMS 0x0000000706c00000, 0x0000000706c00000| Untracked 
|  55|0x0000000706e00000, 0x0000000706e00000, 0x0000000707000000|  0%| F|  |TAMS 0x0000000706e00000, 0x0000000706e00000| Untracked 
|  56|0x0000000707000000, 0x0000000707000000, 0x0000000707200000|  0%| F|  |TAMS 0x0000000707000000, 0x0000000707000000| Untracked 
|  57|0x0000000707200000, 0x0000000707200000, 0x0000000707400000|  0%| F|  |TAMS 0x0000000707200000, 0x0000000707200000| Untracked 
|  58|0x0000000707400000, 0x0000000707400000, 0x0000000707600000|  0%| F|  |TAMS 0x0000000707400000, 0x0000000707400000| Untracked 
|  59|0x0000000707600000, 0x0000000707600000, 0x0000000707800000|  0%| F|  |TAMS 0x0000000707600000, 0x0000000707600000| Untracked 
|  60|0x0000000707800000, 0x0000000707800000, 0x0000000707a00000|  0%| F|  |TAMS 0x0000000707800000, 0x0000000707800000| Untracked 
|  61|0x0000000707a00000, 0x0000000707a00000, 0x0000000707c00000|  0%| F|  |TAMS 0x0000000707a00000, 0x0000000707a00000| Untracked 
|  62|0x0000000707c00000, 0x0000000707c00000, 0x0000000707e00000|  0%| F|  |TAMS 0x0000000707c00000, 0x0000000707c00000| Untracked 
|  63|0x0000000707e00000, 0x0000000707e00000, 0x0000000708000000|  0%| F|  |TAMS 0x0000000707e00000, 0x0000000707e00000| Untracked 
|  64|0x0000000708000000, 0x0000000708000000, 0x0000000708200000|  0%| F|  |TAMS 0x0000000708000000, 0x0000000708000000| Untracked 
|  65|0x0000000708200000, 0x0000000708200000, 0x0000000708400000|  0%| F|  |TAMS 0x0000000708200000, 0x0000000708200000| Untracked 
|  66|0x0000000708400000, 0x0000000708400000, 0x0000000708600000|  0%| F|  |TAMS 0x0000000708400000, 0x0000000708400000| Untracked 
|  67|0x0000000708600000, 0x0000000708600000, 0x0000000708800000|  0%| F|  |TAMS 0x0000000708600000, 0x0000000708600000| Untracked 
|  68|0x0000000708800000, 0x0000000708800000, 0x0000000708a00000|  0%| F|  |TAMS 0x0000000708800000, 0x0000000708800000| Untracked 
|  69|0x0000000708a00000, 0x0000000708a00000, 0x0000000708c00000|  0%| F|  |TAMS 0x0000000708a00000, 0x0000000708a00000| Untracked 
|  70|0x0000000708c00000, 0x0000000708c00000, 0x0000000708e00000|  0%| F|  |TAMS 0x0000000708c00000, 0x0000000708c00000| Untracked 
|  71|0x0000000708e00000, 0x0000000708e00000, 0x0000000709000000|  0%| F|  |TAMS 0x0000000708e00000, 0x0000000708e00000| Untracked 
|  72|0x0000000709000000, 0x0000000709000000, 0x0000000709200000|  0%| F|  |TAMS 0x0000000709000000, 0x0000000709000000| Untracked 
|  73|0x0000000709200000, 0x0000000709200000, 0x0000000709400000|  0%| F|  |TAMS 0x0000000709200000, 0x0000000709200000| Untracked 
|  74|0x0000000709400000, 0x0000000709400000, 0x0000000709600000|  0%| F|  |TAMS 0x0000000709400000, 0x0000000709400000| Untracked 
|  75|0x0000000709600000, 0x0000000709600000, 0x0000000709800000|  0%| F|  |TAMS 0x0000000709600000, 0x0000000709600000| Untracked 
|  76|0x0000000709800000, 0x0000000709800000, 0x0000000709a00000|  0%| F|  |TAMS 0x0000000709800000, 0x0000000709800000| Untracked 
|  77|0x0000000709a00000, 0x0000000709a00000, 0x0000000709c00000|  0%| F|  |TAMS 0x0000000709a00000, 0x0000000709a00000| Untracked 
|  78|0x0000000709c00000, 0x0000000709c00000, 0x0000000709e00000|  0%| F|  |TAMS 0x0000000709c00000, 0x0000000709c00000| Untracked 
|  79|0x0000000709e00000, 0x0000000709e00000, 0x000000070a000000|  0%| F|  |TAMS 0x0000000709e00000, 0x0000000709e00000| Untracked 
|  80|0x000000070a000000, 0x000000070a000000, 0x000000070a200000|  0%| F|  |TAMS 0x000000070a000000, 0x000000070a000000| Untracked 
|  81|0x000000070a200000, 0x000000070a200000, 0x000000070a400000|  0%| F|  |TAMS 0x000000070a200000, 0x000000070a200000| Untracked 
|  82|0x000000070a400000, 0x000000070a400000, 0x000000070a600000|  0%| F|  |TAMS 0x000000070a400000, 0x000000070a400000| Untracked 
|  83|0x000000070a600000, 0x000000070a600000, 0x000000070a800000|  0%| F|  |TAMS 0x000000070a600000, 0x000000070a600000| Untracked 
|  84|0x000000070a800000, 0x000000070a800000, 0x000000070aa00000|  0%| F|  |TAMS 0x000000070a800000, 0x000000070a800000| Untracked 
|  85|0x000000070aa00000, 0x000000070aa00000, 0x000000070ac00000|  0%| F|  |TAMS 0x000000070aa00000, 0x000000070aa00000| Untracked 
|  86|0x000000070ac00000, 0x000000070ac00000, 0x000000070ae00000|  0%| F|  |TAMS 0x000000070ac00000, 0x000000070ac00000| Untracked 
|  87|0x000000070ae00000, 0x000000070ae00000, 0x000000070b000000|  0%| F|  |TAMS 0x000000070ae00000, 0x000000070ae00000| Untracked 
|  88|0x000000070b000000, 0x000000070b000000, 0x000000070b200000|  0%| F|  |TAMS 0x000000070b000000, 0x000000070b000000| Untracked 
|  89|0x000000070b200000, 0x000000070b200000, 0x000000070b400000|  0%| F|  |TAMS 0x000000070b200000, 0x000000070b200000| Untracked 
|  90|0x000000070b400000, 0x000000070b400000, 0x000000070b600000|  0%| F|  |TAMS 0x000000070b400000, 0x000000070b400000| Untracked 
|  91|0x000000070b600000, 0x000000070b600000, 0x000000070b800000|  0%| F|  |TAMS 0x000000070b600000, 0x000000070b600000| Untracked 
|  92|0x000000070b800000, 0x000000070b800000, 0x000000070ba00000|  0%| F|  |TAMS 0x000000070b800000, 0x000000070b800000| Untracked 
|  93|0x000000070ba00000, 0x000000070ba00000, 0x000000070bc00000|  0%| F|  |TAMS 0x000000070ba00000, 0x000000070ba00000| Untracked 
|  94|0x000000070bc00000, 0x000000070bc00000, 0x000000070be00000|  0%| F|  |TAMS 0x000000070bc00000, 0x000000070bc00000| Untracked 
|  95|0x000000070be00000, 0x000000070be00000, 0x000000070c000000|  0%| F|  |TAMS 0x000000070be00000, 0x000000070be00000| Untracked 
|  96|0x000000070c000000, 0x000000070c000000, 0x000000070c200000|  0%| F|  |TAMS 0x000000070c000000, 0x000000070c000000| Untracked 
|  97|0x000000070c200000, 0x000000070c200000, 0x000000070c400000|  0%| F|  |TAMS 0x000000070c200000, 0x000000070c200000| Untracked 
|  98|0x000000070c400000, 0x000000070c400000, 0x000000070c600000|  0%| F|  |TAMS 0x000000070c400000, 0x000000070c400000| Untracked 
|  99|0x000000070c600000, 0x000000070c600000, 0x000000070c800000|  0%| F|  |TAMS 0x000000070c600000, 0x000000070c600000| Untracked 
| 100|0x000000070c800000, 0x000000070c800000, 0x000000070ca00000|  0%| F|  |TAMS 0x000000070c800000, 0x000000070c800000| Untracked 
| 101|0x000000070ca00000, 0x000000070ca00000, 0x000000070cc00000|  0%| F|  |TAMS 0x000000070ca00000, 0x000000070ca00000| Untracked 
| 102|0x000000070cc00000, 0x000000070cc00000, 0x000000070ce00000|  0%| F|  |TAMS 0x000000070cc00000, 0x000000070cc00000| Untracked 
| 103|0x000000070ce00000, 0x000000070ce00000, 0x000000070d000000|  0%| F|  |TAMS 0x000000070ce00000, 0x000000070ce00000| Untracked 
| 104|0x000000070d000000, 0x000000070d000000, 0x000000070d200000|  0%| F|  |TAMS 0x000000070d000000, 0x000000070d000000| Untracked 
| 105|0x000000070d200000, 0x000000070d200000, 0x000000070d400000|  0%| F|  |TAMS 0x000000070d200000, 0x000000070d200000| Untracked 
| 106|0x000000070d400000, 0x000000070d553680, 0x000000070d600000| 66%| O|  |TAMS 0x000000070d400000, 0x000000070d400000| Untracked 
| 107|0x000000070d600000, 0x000000070d600000, 0x000000070d800000|  0%| F|  |TAMS 0x000000070d600000, 0x000000070d600000| Untracked 
| 108|0x000000070d800000, 0x000000070d800000, 0x000000070da00000|  0%| F|  |TAMS 0x000000070d800000, 0x000000070d800000| Untracked 
| 109|0x000000070da00000, 0x000000070da00000, 0x000000070dc00000|  0%| F|  |TAMS 0x000000070da00000, 0x000000070da00000| Untracked 
| 110|0x000000070dc00000, 0x000000070dc00000, 0x000000070de00000|  0%| F|  |TAMS 0x000000070dc00000, 0x000000070dc00000| Untracked 
| 111|0x000000070de00000, 0x000000070de00000, 0x000000070e000000|  0%| F|  |TAMS 0x000000070de00000, 0x000000070de00000| Untracked 
| 112|0x000000070e000000, 0x000000070e000000, 0x000000070e200000|  0%| F|  |TAMS 0x000000070e000000, 0x000000070e000000| Untracked 
| 113|0x000000070e200000, 0x000000070e200000, 0x000000070e400000|  0%| F|  |TAMS 0x000000070e200000, 0x000000070e200000| Untracked 
| 114|0x000000070e400000, 0x000000070e400000, 0x000000070e600000|  0%| F|  |TAMS 0x000000070e400000, 0x000000070e400000| Untracked 
| 115|0x000000070e600000, 0x000000070e600000, 0x000000070e800000|  0%| F|  |TAMS 0x000000070e600000, 0x000000070e600000| Untracked 
| 116|0x000000070e800000, 0x000000070e800000, 0x000000070ea00000|  0%| F|  |TAMS 0x000000070e800000, 0x000000070e800000| Untracked 
| 117|0x000000070ea00000, 0x000000070ea00000, 0x000000070ec00000|  0%| F|  |TAMS 0x000000070ea00000, 0x000000070ea00000| Untracked 
| 118|0x000000070ec00000, 0x000000070ec00000, 0x000000070ee00000|  0%| F|  |TAMS 0x000000070ec00000, 0x000000070ec00000| Untracked 
| 119|0x000000070ee00000, 0x000000070ee00000, 0x000000070f000000|  0%| F|  |TAMS 0x000000070ee00000, 0x000000070ee00000| Untracked 
| 120|0x000000070f000000, 0x000000070f000000, 0x000000070f200000|  0%| F|  |TAMS 0x000000070f000000, 0x000000070f000000| Untracked 
| 121|0x000000070f200000, 0x000000070f200000, 0x000000070f400000|  0%| F|  |TAMS 0x000000070f200000, 0x000000070f200000| Untracked 
| 122|0x000000070f400000, 0x000000070f400000, 0x000000070f600000|  0%| F|  |TAMS 0x000000070f400000, 0x000000070f400000| Untracked 
| 123|0x000000070f600000, 0x000000070f600000, 0x000000070f800000|  0%| F|  |TAMS 0x000000070f600000, 0x000000070f600000| Untracked 
| 124|0x000000070f800000, 0x000000070f800000, 0x000000070fa00000|  0%| F|  |TAMS 0x000000070f800000, 0x000000070f800000| Untracked 
| 125|0x000000070fa00000, 0x000000070fa00000, 0x000000070fc00000|  0%| F|  |TAMS 0x000000070fa00000, 0x000000070fa00000| Untracked 
| 126|0x000000070fc00000, 0x000000070fc00000, 0x000000070fe00000|  0%| F|  |TAMS 0x000000070fc00000, 0x000000070fc00000| Untracked 
| 127|0x000000070fe00000, 0x000000070fe00000, 0x0000000710000000|  0%| F|  |TAMS 0x000000070fe00000, 0x000000070fe00000| Untracked 
| 128|0x0000000710000000, 0x0000000710000000, 0x0000000710200000|  0%| F|  |TAMS 0x0000000710000000, 0x0000000710000000| Untracked 
| 129|0x0000000710200000, 0x0000000710200000, 0x0000000710400000|  0%| F|  |TAMS 0x0000000710200000, 0x0000000710200000| Untracked 
| 130|0x0000000710400000, 0x0000000710400000, 0x0000000710600000|  0%| F|  |TAMS 0x0000000710400000, 0x0000000710400000| Untracked 
| 131|0x0000000710600000, 0x0000000710600000, 0x0000000710800000|  0%| F|  |TAMS 0x0000000710600000, 0x0000000710600000| Untracked 
| 132|0x0000000710800000, 0x0000000710800000, 0x0000000710a00000|  0%| F|  |TAMS 0x0000000710800000, 0x0000000710800000| Untracked 
| 133|0x0000000710a00000, 0x0000000710a00000, 0x0000000710c00000|  0%| F|  |TAMS 0x0000000710a00000, 0x0000000710a00000| Untracked 
| 134|0x0000000710c00000, 0x0000000710c00000, 0x0000000710e00000|  0%| F|  |TAMS 0x0000000710c00000, 0x0000000710c00000| Untracked 
| 135|0x0000000710e00000, 0x0000000710e00000, 0x0000000711000000|  0%| F|  |TAMS 0x0000000710e00000, 0x0000000710e00000| Untracked 
| 136|0x0000000711000000, 0x0000000711000000, 0x0000000711200000|  0%| F|  |TAMS 0x0000000711000000, 0x0000000711000000| Untracked 
| 137|0x0000000711200000, 0x0000000711200000, 0x0000000711400000|  0%| F|  |TAMS 0x0000000711200000, 0x0000000711200000| Untracked 
| 138|0x0000000711400000, 0x0000000711400000, 0x0000000711600000|  0%| F|  |TAMS 0x0000000711400000, 0x0000000711400000| Untracked 
| 139|0x0000000711600000, 0x0000000711600000, 0x0000000711800000|  0%| F|  |TAMS 0x0000000711600000, 0x0000000711600000| Untracked 
| 140|0x0000000711800000, 0x0000000711800000, 0x0000000711a00000|  0%| F|  |TAMS 0x0000000711800000, 0x0000000711800000| Untracked 
| 141|0x0000000711a00000, 0x0000000711a00000, 0x0000000711c00000|  0%| F|  |TAMS 0x0000000711a00000, 0x0000000711a00000| Untracked 
| 142|0x0000000711c00000, 0x0000000711c00000, 0x0000000711e00000|  0%| F|  |TAMS 0x0000000711c00000, 0x0000000711c00000| Untracked 
| 143|0x0000000711e00000, 0x0000000711e00000, 0x0000000712000000|  0%| F|  |TAMS 0x0000000711e00000, 0x0000000711e00000| Untracked 
| 144|0x0000000712000000, 0x0000000712000000, 0x0000000712200000|  0%| F|  |TAMS 0x0000000712000000, 0x0000000712000000| Untracked 
| 145|0x0000000712200000, 0x0000000712200000, 0x0000000712400000|  0%| F|  |TAMS 0x0000000712200000, 0x0000000712200000| Untracked 
| 146|0x0000000712400000, 0x0000000712400000, 0x0000000712600000|  0%| F|  |TAMS 0x0000000712400000, 0x0000000712400000| Untracked 
| 147|0x0000000712600000, 0x0000000712600000, 0x0000000712800000|  0%| F|  |TAMS 0x0000000712600000, 0x0000000712600000| Untracked 
| 148|0x0000000712800000, 0x0000000712800000, 0x0000000712a00000|  0%| F|  |TAMS 0x0000000712800000, 0x0000000712800000| Untracked 
| 149|0x0000000712a00000, 0x0000000712a00000, 0x0000000712c00000|  0%| F|  |TAMS 0x0000000712a00000, 0x0000000712a00000| Untracked 
| 150|0x0000000712c00000, 0x0000000712c00000, 0x0000000712e00000|  0%| F|  |TAMS 0x0000000712c00000, 0x0000000712c00000| Untracked 
| 151|0x0000000712e00000, 0x0000000712e00000, 0x0000000713000000|  0%| F|  |TAMS 0x0000000712e00000, 0x0000000712e00000| Untracked 
| 152|0x0000000713000000, 0x0000000713000000, 0x0000000713200000|  0%| F|  |TAMS 0x0000000713000000, 0x0000000713000000| Untracked 
| 153|0x0000000713200000, 0x0000000713200000, 0x0000000713400000|  0%| F|  |TAMS 0x0000000713200000, 0x0000000713200000| Untracked 
| 154|0x0000000713400000, 0x0000000713400000, 0x0000000713600000|  0%| F|  |TAMS 0x0000000713400000, 0x0000000713400000| Untracked 
| 155|0x0000000713600000, 0x0000000713600000, 0x0000000713800000|  0%| F|  |TAMS 0x0000000713600000, 0x0000000713600000| Untracked 
| 156|0x0000000713800000, 0x0000000713800000, 0x0000000713a00000|  0%| F|  |TAMS 0x0000000713800000, 0x0000000713800000| Untracked 
| 157|0x0000000713a00000, 0x0000000713a00000, 0x0000000713c00000|  0%| F|  |TAMS 0x0000000713a00000, 0x0000000713a00000| Untracked 
| 158|0x0000000713c00000, 0x0000000713c00000, 0x0000000713e00000|  0%| F|  |TAMS 0x0000000713c00000, 0x0000000713c00000| Untracked 
| 159|0x0000000713e00000, 0x0000000713e00000, 0x0000000714000000|  0%| F|  |TAMS 0x0000000713e00000, 0x0000000713e00000| Untracked 
| 160|0x0000000714000000, 0x0000000714000000, 0x0000000714200000|  0%| F|  |TAMS 0x0000000714000000, 0x0000000714000000| Untracked 
| 161|0x0000000714200000, 0x0000000714200000, 0x0000000714400000|  0%| F|  |TAMS 0x0000000714200000, 0x0000000714200000| Untracked 
| 162|0x0000000714400000, 0x0000000714400000, 0x0000000714600000|  0%| F|  |TAMS 0x0000000714400000, 0x0000000714400000| Untracked 
| 163|0x0000000714600000, 0x0000000714600000, 0x0000000714800000|  0%| F|  |TAMS 0x0000000714600000, 0x0000000714600000| Untracked 
| 164|0x0000000714800000, 0x0000000714800000, 0x0000000714a00000|  0%| F|  |TAMS 0x0000000714800000, 0x0000000714800000| Untracked 
| 165|0x0000000714a00000, 0x0000000714a00000, 0x0000000714c00000|  0%| F|  |TAMS 0x0000000714a00000, 0x0000000714a00000| Untracked 
| 166|0x0000000714c00000, 0x0000000714c00000, 0x0000000714e00000|  0%| F|  |TAMS 0x0000000714c00000, 0x0000000714c00000| Untracked 
| 167|0x0000000714e00000, 0x0000000714e00000, 0x0000000715000000|  0%| F|  |TAMS 0x0000000714e00000, 0x0000000714e00000| Untracked 
| 168|0x0000000715000000, 0x0000000715000000, 0x0000000715200000|  0%| F|  |TAMS 0x0000000715000000, 0x0000000715000000| Untracked 
| 169|0x0000000715200000, 0x0000000715200000, 0x0000000715400000|  0%| F|  |TAMS 0x0000000715200000, 0x0000000715200000| Untracked 
| 170|0x0000000715400000, 0x0000000715400000, 0x0000000715600000|  0%| F|  |TAMS 0x0000000715400000, 0x0000000715400000| Untracked 
| 171|0x0000000715600000, 0x0000000715600000, 0x0000000715800000|  0%| F|  |TAMS 0x0000000715600000, 0x0000000715600000| Untracked 
| 172|0x0000000715800000, 0x0000000715800000, 0x0000000715a00000|  0%| F|  |TAMS 0x0000000715800000, 0x0000000715800000| Untracked 
| 173|0x0000000715a00000, 0x0000000715a00000, 0x0000000715c00000|  0%| F|  |TAMS 0x0000000715a00000, 0x0000000715a00000| Untracked 
| 174|0x0000000715c00000, 0x0000000715c00000, 0x0000000715e00000|  0%| F|  |TAMS 0x0000000715c00000, 0x0000000715c00000| Untracked 
| 175|0x0000000715e00000, 0x0000000715e00000, 0x0000000716000000|  0%| F|  |TAMS 0x0000000715e00000, 0x0000000715e00000| Untracked 
| 176|0x0000000716000000, 0x0000000716000000, 0x0000000716200000|  0%| F|  |TAMS 0x0000000716000000, 0x0000000716000000| Untracked 
| 177|0x0000000716200000, 0x0000000716200000, 0x0000000716400000|  0%| F|  |TAMS 0x0000000716200000, 0x0000000716200000| Untracked 
| 178|0x0000000716400000, 0x0000000716400000, 0x0000000716600000|  0%| F|  |TAMS 0x0000000716400000, 0x0000000716400000| Untracked 
| 179|0x0000000716600000, 0x0000000716600000, 0x0000000716800000|  0%| F|  |TAMS 0x0000000716600000, 0x0000000716600000| Untracked 
| 180|0x0000000716800000, 0x0000000716800000, 0x0000000716a00000|  0%| F|  |TAMS 0x0000000716800000, 0x0000000716800000| Untracked 
| 181|0x0000000716a00000, 0x0000000716a00000, 0x0000000716c00000|  0%| F|  |TAMS 0x0000000716a00000, 0x0000000716a00000| Untracked 
| 182|0x0000000716c00000, 0x0000000716c00000, 0x0000000716e00000|  0%| F|  |TAMS 0x0000000716c00000, 0x0000000716c00000| Untracked 
| 183|0x0000000716e00000, 0x0000000716ed8f98, 0x0000000717000000| 42%| O|  |TAMS 0x0000000716e00000, 0x0000000716e00000| Untracked 
| 184|0x0000000717000000, 0x0000000717000000, 0x0000000717200000|  0%| F|  |TAMS 0x0000000717000000, 0x0000000717000000| Untracked 
| 185|0x0000000717200000, 0x0000000717200000, 0x0000000717400000|  0%| F|  |TAMS 0x0000000717200000, 0x0000000717200000| Untracked 
| 186|0x0000000717400000, 0x0000000717400000, 0x0000000717600000|  0%| F|  |TAMS 0x0000000717400000, 0x0000000717400000| Untracked 
| 187|0x0000000717600000, 0x0000000717600000, 0x0000000717800000|  0%| F|  |TAMS 0x0000000717600000, 0x0000000717600000| Untracked 
| 188|0x0000000717800000, 0x0000000717800000, 0x0000000717a00000|  0%| F|  |TAMS 0x0000000717800000, 0x0000000717800000| Untracked 
| 189|0x0000000717a00000, 0x0000000717a00000, 0x0000000717c00000|  0%| F|  |TAMS 0x0000000717a00000, 0x0000000717a00000| Untracked 
| 190|0x0000000717c00000, 0x0000000717c00000, 0x0000000717e00000|  0%| F|  |TAMS 0x0000000717c00000, 0x0000000717c00000| Untracked 
| 191|0x0000000717e00000, 0x0000000717e00000, 0x0000000718000000|  0%| F|  |TAMS 0x0000000717e00000, 0x0000000717e00000| Untracked 
| 192|0x0000000718000000, 0x0000000718000000, 0x0000000718200000|  0%| F|  |TAMS 0x0000000718000000, 0x0000000718000000| Untracked 
| 193|0x0000000718200000, 0x0000000718200000, 0x0000000718400000|  0%| F|  |TAMS 0x0000000718200000, 0x0000000718200000| Untracked 
| 194|0x0000000718400000, 0x0000000718400000, 0x0000000718600000|  0%| F|  |TAMS 0x0000000718400000, 0x0000000718400000| Untracked 
| 195|0x0000000718600000, 0x0000000718600000, 0x0000000718800000|  0%| F|  |TAMS 0x0000000718600000, 0x0000000718600000| Untracked 
| 196|0x0000000718800000, 0x0000000718800000, 0x0000000718a00000|  0%| F|  |TAMS 0x0000000718800000, 0x0000000718800000| Untracked 
| 197|0x0000000718a00000, 0x0000000718a00000, 0x0000000718c00000|  0%| F|  |TAMS 0x0000000718a00000, 0x0000000718a00000| Untracked 
| 198|0x0000000718c00000, 0x0000000718c00000, 0x0000000718e00000|  0%| F|  |TAMS 0x0000000718c00000, 0x0000000718c00000| Untracked 
| 199|0x0000000718e00000, 0x0000000718e00000, 0x0000000719000000|  0%| F|  |TAMS 0x0000000718e00000, 0x0000000718e00000| Untracked 
| 200|0x0000000719000000, 0x0000000719000000, 0x0000000719200000|  0%| F|  |TAMS 0x0000000719000000, 0x0000000719000000| Untracked 
| 201|0x0000000719200000, 0x0000000719200000, 0x0000000719400000|  0%| F|  |TAMS 0x0000000719200000, 0x0000000719200000| Untracked 
| 202|0x0000000719400000, 0x0000000719400000, 0x0000000719600000|  0%| F|  |TAMS 0x0000000719400000, 0x0000000719400000| Untracked 
| 203|0x0000000719600000, 0x0000000719600000, 0x0000000719800000|  0%| F|  |TAMS 0x0000000719600000, 0x0000000719600000| Untracked 
| 204|0x0000000719800000, 0x0000000719800000, 0x0000000719a00000|  0%| F|  |TAMS 0x0000000719800000, 0x0000000719800000| Untracked 
| 205|0x0000000719a00000, 0x0000000719a00000, 0x0000000719c00000|  0%| F|  |TAMS 0x0000000719a00000, 0x0000000719a00000| Untracked 
| 206|0x0000000719c00000, 0x0000000719c00000, 0x0000000719e00000|  0%| F|  |TAMS 0x0000000719c00000, 0x0000000719c00000| Untracked 
| 207|0x0000000719e00000, 0x0000000719e00000, 0x000000071a000000|  0%| F|  |TAMS 0x0000000719e00000, 0x0000000719e00000| Untracked 
| 208|0x000000071a000000, 0x000000071a000000, 0x000000071a200000|  0%| F|  |TAMS 0x000000071a000000, 0x000000071a000000| Untracked 
| 209|0x000000071a200000, 0x000000071a200000, 0x000000071a400000|  0%| F|  |TAMS 0x000000071a200000, 0x000000071a200000| Untracked 
| 210|0x000000071a400000, 0x000000071a400000, 0x000000071a600000|  0%| F|  |TAMS 0x000000071a400000, 0x000000071a400000| Untracked 
| 211|0x000000071a600000, 0x000000071a600000, 0x000000071a800000|  0%| F|  |TAMS 0x000000071a600000, 0x000000071a600000| Untracked 
| 212|0x000000071a800000, 0x000000071a800000, 0x000000071aa00000|  0%| F|  |TAMS 0x000000071a800000, 0x000000071a800000| Untracked 
| 213|0x000000071aa00000, 0x000000071aa00000, 0x000000071ac00000|  0%| F|  |TAMS 0x000000071aa00000, 0x000000071aa00000| Untracked 
| 214|0x000000071ac00000, 0x000000071ac00000, 0x000000071ae00000|  0%| F|  |TAMS 0x000000071ac00000, 0x000000071ac00000| Untracked 
| 215|0x000000071ae00000, 0x000000071ae00000, 0x000000071b000000|  0%| F|  |TAMS 0x000000071ae00000, 0x000000071ae00000| Untracked 
| 216|0x000000071b000000, 0x000000071b000000, 0x000000071b200000|  0%| F|  |TAMS 0x000000071b000000, 0x000000071b000000| Untracked 
| 217|0x000000071b200000, 0x000000071b200000, 0x000000071b400000|  0%| F|  |TAMS 0x000000071b200000, 0x000000071b200000| Untracked 
| 218|0x000000071b400000, 0x000000071b400000, 0x000000071b600000|  0%| F|  |TAMS 0x000000071b400000, 0x000000071b400000| Untracked 
| 219|0x000000071b600000, 0x000000071b600000, 0x000000071b800000|  0%| F|  |TAMS 0x000000071b600000, 0x000000071b600000| Untracked 
| 220|0x000000071b800000, 0x000000071b800000, 0x000000071ba00000|  0%| F|  |TAMS 0x000000071b800000, 0x000000071b800000| Untracked 
| 221|0x000000071ba00000, 0x000000071ba00000, 0x000000071bc00000|  0%| F|  |TAMS 0x000000071ba00000, 0x000000071ba00000| Untracked 
| 222|0x000000071bc00000, 0x000000071bc00000, 0x000000071be00000|  0%| F|  |TAMS 0x000000071bc00000, 0x000000071bc00000| Untracked 
| 223|0x000000071be00000, 0x000000071be00000, 0x000000071c000000|  0%| F|  |TAMS 0x000000071be00000, 0x000000071be00000| Untracked 
| 224|0x000000071c000000, 0x000000071c000000, 0x000000071c200000|  0%| F|  |TAMS 0x000000071c000000, 0x000000071c000000| Untracked 
| 225|0x000000071c200000, 0x000000071c200000, 0x000000071c400000|  0%| F|  |TAMS 0x000000071c200000, 0x000000071c200000| Untracked 
| 226|0x000000071c400000, 0x000000071c400000, 0x000000071c600000|  0%| F|  |TAMS 0x000000071c400000, 0x000000071c400000| Untracked 
| 227|0x000000071c600000, 0x000000071c600000, 0x000000071c800000|  0%| F|  |TAMS 0x000000071c600000, 0x000000071c600000| Untracked 
| 228|0x000000071c800000, 0x000000071c800000, 0x000000071ca00000|  0%| F|  |TAMS 0x000000071c800000, 0x000000071c800000| Untracked 
| 229|0x000000071ca00000, 0x000000071ca00000, 0x000000071cc00000|  0%| F|  |TAMS 0x000000071ca00000, 0x000000071ca00000| Untracked 
| 230|0x000000071cc00000, 0x000000071cc00000, 0x000000071ce00000|  0%| F|  |TAMS 0x000000071cc00000, 0x000000071cc00000| Untracked 
| 231|0x000000071ce00000, 0x000000071ce00000, 0x000000071d000000|  0%| F|  |TAMS 0x000000071ce00000, 0x000000071ce00000| Untracked 
| 232|0x000000071d000000, 0x000000071d000000, 0x000000071d200000|  0%| F|  |TAMS 0x000000071d000000, 0x000000071d000000| Untracked 
| 233|0x000000071d200000, 0x000000071d200000, 0x000000071d400000|  0%| F|  |TAMS 0x000000071d200000, 0x000000071d200000| Untracked 
| 234|0x000000071d400000, 0x000000071d400000, 0x000000071d600000|  0%| F|  |TAMS 0x000000071d400000, 0x000000071d400000| Untracked 
| 235|0x000000071d600000, 0x000000071d600000, 0x000000071d800000|  0%| F|  |TAMS 0x000000071d600000, 0x000000071d600000| Untracked 
| 236|0x000000071d800000, 0x000000071d800000, 0x000000071da00000|  0%| F|  |TAMS 0x000000071d800000, 0x000000071d800000| Untracked 
| 237|0x000000071da00000, 0x000000071da00000, 0x000000071dc00000|  0%| F|  |TAMS 0x000000071da00000, 0x000000071da00000| Untracked 
| 238|0x000000071dc00000, 0x000000071dc00000, 0x000000071de00000|  0%| F|  |TAMS 0x000000071dc00000, 0x000000071dc00000| Untracked 
| 239|0x000000071de00000, 0x000000071de00000, 0x000000071e000000|  0%| F|  |TAMS 0x000000071de00000, 0x000000071de00000| Untracked 
| 240|0x000000071e000000, 0x000000071e000000, 0x000000071e200000|  0%| F|  |TAMS 0x000000071e000000, 0x000000071e000000| Untracked 
| 241|0x000000071e200000, 0x000000071e200000, 0x000000071e400000|  0%| F|  |TAMS 0x000000071e200000, 0x000000071e200000| Untracked 
| 242|0x000000071e400000, 0x000000071e400000, 0x000000071e600000|  0%| F|  |TAMS 0x000000071e400000, 0x000000071e400000| Untracked 
| 243|0x000000071e600000, 0x000000071e600000, 0x000000071e800000|  0%| F|  |TAMS 0x000000071e600000, 0x000000071e600000| Untracked 
| 244|0x000000071e800000, 0x000000071e800000, 0x000000071ea00000|  0%| F|  |TAMS 0x000000071e800000, 0x000000071e800000| Untracked 
| 245|0x000000071ea00000, 0x000000071ea00000, 0x000000071ec00000|  0%| F|  |TAMS 0x000000071ea00000, 0x000000071ea00000| Untracked 
| 246|0x000000071ec00000, 0x000000071ec00000, 0x000000071ee00000|  0%| F|  |TAMS 0x000000071ec00000, 0x000000071ec00000| Untracked 
| 247|0x000000071ee00000, 0x000000071ee00000, 0x000000071f000000|  0%| F|  |TAMS 0x000000071ee00000, 0x000000071ee00000| Untracked 
| 248|0x000000071f000000, 0x000000071f000000, 0x000000071f200000|  0%| F|  |TAMS 0x000000071f000000, 0x000000071f000000| Untracked 
| 249|0x000000071f200000, 0x000000071f200000, 0x000000071f400000|  0%| F|  |TAMS 0x000000071f200000, 0x000000071f200000| Untracked 
| 250|0x000000071f400000, 0x000000071f400000, 0x000000071f600000|  0%| F|  |TAMS 0x000000071f400000, 0x000000071f400000| Untracked 
| 251|0x000000071f600000, 0x000000071f600000, 0x000000071f800000|  0%| F|  |TAMS 0x000000071f600000, 0x000000071f600000| Untracked 
| 252|0x000000071f800000, 0x000000071f800000, 0x000000071fa00000|  0%| F|  |TAMS 0x000000071f800000, 0x000000071f800000| Untracked 
| 253|0x000000071fa00000, 0x000000071fa00000, 0x000000071fc00000|  0%| F|  |TAMS 0x000000071fa00000, 0x000000071fa00000| Untracked 
| 254|0x000000071fc00000, 0x000000071fc00000, 0x000000071fe00000|  0%| F|  |TAMS 0x000000071fc00000, 0x000000071fc00000| Untracked 
| 255|0x000000071fe00000, 0x000000071fe00000, 0x0000000720000000|  0%| F|  |TAMS 0x000000071fe00000, 0x000000071fe00000| Untracked 
| 256|0x0000000720000000, 0x0000000720000000, 0x0000000720200000|  0%| F|  |TAMS 0x0000000720000000, 0x0000000720000000| Untracked 
| 257|0x0000000720200000, 0x0000000720200000, 0x0000000720400000|  0%| F|  |TAMS 0x0000000720200000, 0x0000000720200000| Untracked 
| 258|0x0000000720400000, 0x0000000720400000, 0x0000000720600000|  0%| F|  |TAMS 0x0000000720400000, 0x0000000720400000| Untracked 
| 259|0x0000000720600000, 0x0000000720600000, 0x0000000720800000|  0%| F|  |TAMS 0x0000000720600000, 0x0000000720600000| Untracked 
| 260|0x0000000720800000, 0x0000000720800000, 0x0000000720a00000|  0%| F|  |TAMS 0x0000000720800000, 0x0000000720800000| Untracked 
| 261|0x0000000720a00000, 0x0000000720a00000, 0x0000000720c00000|  0%| F|  |TAMS 0x0000000720a00000, 0x0000000720a00000| Untracked 
| 262|0x0000000720c00000, 0x0000000720c00000, 0x0000000720e00000|  0%| F|  |TAMS 0x0000000720c00000, 0x0000000720c00000| Untracked 
| 263|0x0000000720e00000, 0x0000000720e00000, 0x0000000721000000|  0%| F|  |TAMS 0x0000000720e00000, 0x0000000720e00000| Untracked 
| 264|0x0000000721000000, 0x0000000721000000, 0x0000000721200000|  0%| F|  |TAMS 0x0000000721000000, 0x0000000721000000| Untracked 
| 265|0x0000000721200000, 0x0000000721200000, 0x0000000721400000|  0%| F|  |TAMS 0x0000000721200000, 0x0000000721200000| Untracked 
| 266|0x0000000721400000, 0x0000000721400000, 0x0000000721600000|  0%| F|  |TAMS 0x0000000721400000, 0x0000000721400000| Untracked 
| 267|0x0000000721600000, 0x0000000721600000, 0x0000000721800000|  0%| F|  |TAMS 0x0000000721600000, 0x0000000721600000| Untracked 
| 268|0x0000000721800000, 0x0000000721800000, 0x0000000721a00000|  0%| F|  |TAMS 0x0000000721800000, 0x0000000721800000| Untracked 
| 269|0x0000000721a00000, 0x0000000721a00000, 0x0000000721c00000|  0%| F|  |TAMS 0x0000000721a00000, 0x0000000721a00000| Untracked 
| 270|0x0000000721c00000, 0x0000000721c00000, 0x0000000721e00000|  0%| F|  |TAMS 0x0000000721c00000, 0x0000000721c00000| Untracked 
| 271|0x0000000721e00000, 0x0000000721e00000, 0x0000000722000000|  0%| F|  |TAMS 0x0000000721e00000, 0x0000000721e00000| Untracked 
| 272|0x0000000722000000, 0x0000000722000000, 0x0000000722200000|  0%| F|  |TAMS 0x0000000722000000, 0x0000000722000000| Untracked 
| 273|0x0000000722200000, 0x0000000722200000, 0x0000000722400000|  0%| F|  |TAMS 0x0000000722200000, 0x0000000722200000| Untracked 
| 274|0x0000000722400000, 0x0000000722400000, 0x0000000722600000|  0%| F|  |TAMS 0x0000000722400000, 0x0000000722400000| Untracked 
| 275|0x0000000722600000, 0x0000000722600000, 0x0000000722800000|  0%| F|  |TAMS 0x0000000722600000, 0x0000000722600000| Untracked 
| 276|0x0000000722800000, 0x0000000722800000, 0x0000000722a00000|  0%| F|  |TAMS 0x0000000722800000, 0x0000000722800000| Untracked 
| 277|0x0000000722a00000, 0x0000000722a00000, 0x0000000722c00000|  0%| F|  |TAMS 0x0000000722a00000, 0x0000000722a00000| Untracked 
| 278|0x0000000722c00000, 0x0000000722c00000, 0x0000000722e00000|  0%| F|  |TAMS 0x0000000722c00000, 0x0000000722c00000| Untracked 
| 279|0x0000000722e00000, 0x0000000722e00000, 0x0000000723000000|  0%| F|  |TAMS 0x0000000722e00000, 0x0000000722e00000| Untracked 
| 280|0x0000000723000000, 0x0000000723000000, 0x0000000723200000|  0%| F|  |TAMS 0x0000000723000000, 0x0000000723000000| Untracked 
| 281|0x0000000723200000, 0x0000000723200000, 0x0000000723400000|  0%| F|  |TAMS 0x0000000723200000, 0x0000000723200000| Untracked 
| 282|0x0000000723400000, 0x0000000723400000, 0x0000000723600000|  0%| F|  |TAMS 0x0000000723400000, 0x0000000723400000| Untracked 
| 283|0x0000000723600000, 0x0000000723600000, 0x0000000723800000|  0%| F|  |TAMS 0x0000000723600000, 0x0000000723600000| Untracked 
| 284|0x0000000723800000, 0x0000000723800000, 0x0000000723a00000|  0%| F|  |TAMS 0x0000000723800000, 0x0000000723800000| Untracked 
| 285|0x0000000723a00000, 0x0000000723a00000, 0x0000000723c00000|  0%| F|  |TAMS 0x0000000723a00000, 0x0000000723a00000| Untracked 
| 286|0x0000000723c00000, 0x0000000723c00000, 0x0000000723e00000|  0%| F|  |TAMS 0x0000000723c00000, 0x0000000723c00000| Untracked 
| 287|0x0000000723e00000, 0x0000000723e00000, 0x0000000724000000|  0%| F|  |TAMS 0x0000000723e00000, 0x0000000723e00000| Untracked 
| 288|0x0000000724000000, 0x0000000724000000, 0x0000000724200000|  0%| F|  |TAMS 0x0000000724000000, 0x0000000724000000| Untracked 
| 289|0x0000000724200000, 0x0000000724200000, 0x0000000724400000|  0%| F|  |TAMS 0x0000000724200000, 0x0000000724200000| Untracked 
| 290|0x0000000724400000, 0x0000000724400000, 0x0000000724600000|  0%| F|  |TAMS 0x0000000724400000, 0x0000000724400000| Untracked 
| 291|0x0000000724600000, 0x0000000724600000, 0x0000000724800000|  0%| F|  |TAMS 0x0000000724600000, 0x0000000724600000| Untracked 
| 292|0x0000000724800000, 0x0000000724800000, 0x0000000724a00000|  0%| F|  |TAMS 0x0000000724800000, 0x0000000724800000| Untracked 
| 293|0x0000000724a00000, 0x0000000724a00000, 0x0000000724c00000|  0%| F|  |TAMS 0x0000000724a00000, 0x0000000724a00000| Untracked 
| 294|0x0000000724c00000, 0x0000000724c00000, 0x0000000724e00000|  0%| F|  |TAMS 0x0000000724c00000, 0x0000000724c00000| Untracked 
| 295|0x0000000724e00000, 0x0000000724f36228, 0x0000000725000000| 60%| O|  |TAMS 0x0000000724e00000, 0x0000000724e00000| Untracked 
| 296|0x0000000725000000, 0x0000000725000000, 0x0000000725200000|  0%| F|  |TAMS 0x0000000725000000, 0x0000000725000000| Untracked 
| 297|0x0000000725200000, 0x0000000725200000, 0x0000000725400000|  0%| F|  |TAMS 0x0000000725200000, 0x0000000725200000| Untracked 
| 298|0x0000000725400000, 0x0000000725400000, 0x0000000725600000|  0%| F|  |TAMS 0x0000000725400000, 0x0000000725400000| Untracked 
| 299|0x0000000725600000, 0x0000000725600000, 0x0000000725800000|  0%| F|  |TAMS 0x0000000725600000, 0x0000000725600000| Untracked 
| 300|0x0000000725800000, 0x0000000725800000, 0x0000000725a00000|  0%| F|  |TAMS 0x0000000725800000, 0x0000000725800000| Untracked 
| 301|0x0000000725a00000, 0x0000000725a00000, 0x0000000725c00000|  0%| F|  |TAMS 0x0000000725a00000, 0x0000000725a00000| Untracked 
| 302|0x0000000725c00000, 0x0000000725c00000, 0x0000000725e00000|  0%| F|  |TAMS 0x0000000725c00000, 0x0000000725c00000| Untracked 
| 303|0x0000000725e00000, 0x0000000725e00000, 0x0000000726000000|  0%| F|  |TAMS 0x0000000725e00000, 0x0000000725e00000| Untracked 
| 304|0x0000000726000000, 0x0000000726000000, 0x0000000726200000|  0%| F|  |TAMS 0x0000000726000000, 0x0000000726000000| Untracked 
| 305|0x0000000726200000, 0x0000000726200000, 0x0000000726400000|  0%| F|  |TAMS 0x0000000726200000, 0x0000000726200000| Untracked 
| 306|0x0000000726400000, 0x0000000726400000, 0x0000000726600000|  0%| F|  |TAMS 0x0000000726400000, 0x0000000726400000| Untracked 
| 307|0x0000000726600000, 0x0000000726600000, 0x0000000726800000|  0%| F|  |TAMS 0x0000000726600000, 0x0000000726600000| Untracked 
| 308|0x0000000726800000, 0x0000000726800000, 0x0000000726a00000|  0%| F|  |TAMS 0x0000000726800000, 0x0000000726800000| Untracked 
| 309|0x0000000726a00000, 0x0000000726a00000, 0x0000000726c00000|  0%| F|  |TAMS 0x0000000726a00000, 0x0000000726a00000| Untracked 
| 310|0x0000000726c00000, 0x0000000726c00000, 0x0000000726e00000|  0%| F|  |TAMS 0x0000000726c00000, 0x0000000726c00000| Untracked 
| 311|0x0000000726e00000, 0x0000000726e00000, 0x0000000727000000|  0%| F|  |TAMS 0x0000000726e00000, 0x0000000726e00000| Untracked 
| 312|0x0000000727000000, 0x0000000727000000, 0x0000000727200000|  0%| F|  |TAMS 0x0000000727000000, 0x0000000727000000| Untracked 
| 313|0x0000000727200000, 0x0000000727200000, 0x0000000727400000|  0%| F|  |TAMS 0x0000000727200000, 0x0000000727200000| Untracked 
| 314|0x0000000727400000, 0x0000000727400000, 0x0000000727600000|  0%| F|  |TAMS 0x0000000727400000, 0x0000000727400000| Untracked 
| 315|0x0000000727600000, 0x0000000727600000, 0x0000000727800000|  0%| F|  |TAMS 0x0000000727600000, 0x0000000727600000| Untracked 
| 316|0x0000000727800000, 0x0000000727800000, 0x0000000727a00000|  0%| F|  |TAMS 0x0000000727800000, 0x0000000727800000| Untracked 
| 317|0x0000000727a00000, 0x0000000727a00000, 0x0000000727c00000|  0%| F|  |TAMS 0x0000000727a00000, 0x0000000727a00000| Untracked 
| 318|0x0000000727c00000, 0x0000000727c00000, 0x0000000727e00000|  0%| F|  |TAMS 0x0000000727c00000, 0x0000000727c00000| Untracked 
| 319|0x0000000727e00000, 0x0000000727e00000, 0x0000000728000000|  0%| F|  |TAMS 0x0000000727e00000, 0x0000000727e00000| Untracked 
| 320|0x0000000728000000, 0x0000000728000000, 0x0000000728200000|  0%| F|  |TAMS 0x0000000728000000, 0x0000000728000000| Untracked 
| 321|0x0000000728200000, 0x0000000728200000, 0x0000000728400000|  0%| F|  |TAMS 0x0000000728200000, 0x0000000728200000| Untracked 
| 322|0x0000000728400000, 0x0000000728400000, 0x0000000728600000|  0%| F|  |TAMS 0x0000000728400000, 0x0000000728400000| Untracked 
| 323|0x0000000728600000, 0x0000000728600000, 0x0000000728800000|  0%| F|  |TAMS 0x0000000728600000, 0x0000000728600000| Untracked 
| 324|0x0000000728800000, 0x0000000728800000, 0x0000000728a00000|  0%| F|  |TAMS 0x0000000728800000, 0x0000000728800000| Untracked 
| 325|0x0000000728a00000, 0x0000000728a00000, 0x0000000728c00000|  0%| F|  |TAMS 0x0000000728a00000, 0x0000000728a00000| Untracked 
| 326|0x0000000728c00000, 0x0000000728c00000, 0x0000000728e00000|  0%| F|  |TAMS 0x0000000728c00000, 0x0000000728c00000| Untracked 
| 327|0x0000000728e00000, 0x0000000728e00000, 0x0000000729000000|  0%| F|  |TAMS 0x0000000728e00000, 0x0000000728e00000| Untracked 
| 328|0x0000000729000000, 0x0000000729000000, 0x0000000729200000|  0%| F|  |TAMS 0x0000000729000000, 0x0000000729000000| Untracked 
| 329|0x0000000729200000, 0x0000000729200000, 0x0000000729400000|  0%| F|  |TAMS 0x0000000729200000, 0x0000000729200000| Untracked 
| 330|0x0000000729400000, 0x0000000729400000, 0x0000000729600000|  0%| F|  |TAMS 0x0000000729400000, 0x0000000729400000| Untracked 
| 331|0x0000000729600000, 0x0000000729600000, 0x0000000729800000|  0%| F|  |TAMS 0x0000000729600000, 0x0000000729600000| Untracked 
| 332|0x0000000729800000, 0x0000000729800000, 0x0000000729a00000|  0%| F|  |TAMS 0x0000000729800000, 0x0000000729800000| Untracked 
| 333|0x0000000729a00000, 0x0000000729a00000, 0x0000000729c00000|  0%| F|  |TAMS 0x0000000729a00000, 0x0000000729a00000| Untracked 
| 334|0x0000000729c00000, 0x0000000729c00000, 0x0000000729e00000|  0%| F|  |TAMS 0x0000000729c00000, 0x0000000729c00000| Untracked 
| 335|0x0000000729e00000, 0x0000000729e00000, 0x000000072a000000|  0%| F|  |TAMS 0x0000000729e00000, 0x0000000729e00000| Untracked 
| 336|0x000000072a000000, 0x000000072a000000, 0x000000072a200000|  0%| F|  |TAMS 0x000000072a000000, 0x000000072a000000| Untracked 
| 337|0x000000072a200000, 0x000000072a200000, 0x000000072a400000|  0%| F|  |TAMS 0x000000072a200000, 0x000000072a200000| Untracked 
| 338|0x000000072a400000, 0x000000072a400000, 0x000000072a600000|  0%| F|  |TAMS 0x000000072a400000, 0x000000072a400000| Untracked 
| 339|0x000000072a600000, 0x000000072a600000, 0x000000072a800000|  0%| F|  |TAMS 0x000000072a600000, 0x000000072a600000| Untracked 
| 340|0x000000072a800000, 0x000000072a800000, 0x000000072aa00000|  0%| F|  |TAMS 0x000000072a800000, 0x000000072a800000| Untracked 
| 341|0x000000072aa00000, 0x000000072aa00000, 0x000000072ac00000|  0%| F|  |TAMS 0x000000072aa00000, 0x000000072aa00000| Untracked 
| 342|0x000000072ac00000, 0x000000072ac00000, 0x000000072ae00000|  0%| F|  |TAMS 0x000000072ac00000, 0x000000072ac00000| Untracked 
| 343|0x000000072ae00000, 0x000000072ae00000, 0x000000072b000000|  0%| F|  |TAMS 0x000000072ae00000, 0x000000072ae00000| Untracked 
| 344|0x000000072b000000, 0x000000072b000000, 0x000000072b200000|  0%| F|  |TAMS 0x000000072b000000, 0x000000072b000000| Untracked 
| 345|0x000000072b200000, 0x000000072b200000, 0x000000072b400000|  0%| F|  |TAMS 0x000000072b200000, 0x000000072b200000| Untracked 
| 346|0x000000072b400000, 0x000000072b400000, 0x000000072b600000|  0%| F|  |TAMS 0x000000072b400000, 0x000000072b400000| Untracked 
| 347|0x000000072b600000, 0x000000072b600000, 0x000000072b800000|  0%| F|  |TAMS 0x000000072b600000, 0x000000072b600000| Untracked 
| 348|0x000000072b800000, 0x000000072b800000, 0x000000072ba00000|  0%| F|  |TAMS 0x000000072b800000, 0x000000072b800000| Untracked 
| 349|0x000000072ba00000, 0x000000072ba00000, 0x000000072bc00000|  0%| F|  |TAMS 0x000000072ba00000, 0x000000072ba00000| Untracked 
| 350|0x000000072bc00000, 0x000000072bc00000, 0x000000072be00000|  0%| F|  |TAMS 0x000000072bc00000, 0x000000072bc00000| Untracked 
| 351|0x000000072be00000, 0x000000072be00000, 0x000000072c000000|  0%| F|  |TAMS 0x000000072be00000, 0x000000072be00000| Untracked 
| 352|0x000000072c000000, 0x000000072c000000, 0x000000072c200000|  0%| F|  |TAMS 0x000000072c000000, 0x000000072c000000| Untracked 
| 353|0x000000072c200000, 0x000000072c200000, 0x000000072c400000|  0%| F|  |TAMS 0x000000072c200000, 0x000000072c200000| Untracked 
| 354|0x000000072c400000, 0x000000072c400000, 0x000000072c600000|  0%| F|  |TAMS 0x000000072c400000, 0x000000072c400000| Untracked 
| 355|0x000000072c600000, 0x000000072c600000, 0x000000072c800000|  0%| F|  |TAMS 0x000000072c600000, 0x000000072c600000| Untracked 
| 356|0x000000072c800000, 0x000000072c800000, 0x000000072ca00000|  0%| F|  |TAMS 0x000000072c800000, 0x000000072c800000| Untracked 
| 357|0x000000072ca00000, 0x000000072ca00000, 0x000000072cc00000|  0%| F|  |TAMS 0x000000072ca00000, 0x000000072ca00000| Untracked 
| 358|0x000000072cc00000, 0x000000072cc00000, 0x000000072ce00000|  0%| F|  |TAMS 0x000000072cc00000, 0x000000072cc00000| Untracked 
| 359|0x000000072ce00000, 0x000000072ce00000, 0x000000072d000000|  0%| F|  |TAMS 0x000000072ce00000, 0x000000072ce00000| Untracked 
| 360|0x000000072d000000, 0x000000072d000000, 0x000000072d200000|  0%| F|  |TAMS 0x000000072d000000, 0x000000072d000000| Untracked 
| 361|0x000000072d200000, 0x000000072d200000, 0x000000072d400000|  0%| F|  |TAMS 0x000000072d200000, 0x000000072d200000| Untracked 
| 362|0x000000072d400000, 0x000000072d400000, 0x000000072d600000|  0%| F|  |TAMS 0x000000072d400000, 0x000000072d400000| Untracked 
| 363|0x000000072d600000, 0x000000072d600000, 0x000000072d800000|  0%| F|  |TAMS 0x000000072d600000, 0x000000072d600000| Untracked 
| 364|0x000000072d800000, 0x000000072d800000, 0x000000072da00000|  0%| F|  |TAMS 0x000000072d800000, 0x000000072d800000| Untracked 
| 365|0x000000072da00000, 0x000000072da00000, 0x000000072dc00000|  0%| F|  |TAMS 0x000000072da00000, 0x000000072da00000| Untracked 
| 366|0x000000072dc00000, 0x000000072dc00000, 0x000000072de00000|  0%| F|  |TAMS 0x000000072dc00000, 0x000000072dc00000| Untracked 
| 367|0x000000072de00000, 0x000000072de00000, 0x000000072e000000|  0%| F|  |TAMS 0x000000072de00000, 0x000000072de00000| Untracked 
| 368|0x000000072e000000, 0x000000072e000000, 0x000000072e200000|  0%| F|  |TAMS 0x000000072e000000, 0x000000072e000000| Untracked 
| 369|0x000000072e200000, 0x000000072e200000, 0x000000072e400000|  0%| F|  |TAMS 0x000000072e200000, 0x000000072e200000| Untracked 
| 370|0x000000072e400000, 0x000000072e400000, 0x000000072e600000|  0%| F|  |TAMS 0x000000072e400000, 0x000000072e400000| Untracked 
| 371|0x000000072e600000, 0x000000072e600000, 0x000000072e800000|  0%| F|  |TAMS 0x000000072e600000, 0x000000072e600000| Untracked 
| 372|0x000000072e800000, 0x000000072e800000, 0x000000072ea00000|  0%| F|  |TAMS 0x000000072e800000, 0x000000072e800000| Untracked 
| 373|0x000000072ea00000, 0x000000072ea00000, 0x000000072ec00000|  0%| F|  |TAMS 0x000000072ea00000, 0x000000072ea00000| Untracked 
| 374|0x000000072ec00000, 0x000000072ec00000, 0x000000072ee00000|  0%| F|  |TAMS 0x000000072ec00000, 0x000000072ec00000| Untracked 
| 375|0x000000072ee00000, 0x000000072ee00000, 0x000000072f000000|  0%| F|  |TAMS 0x000000072ee00000, 0x000000072ee00000| Untracked 
| 376|0x000000072f000000, 0x000000072f000000, 0x000000072f200000|  0%| F|  |TAMS 0x000000072f000000, 0x000000072f000000| Untracked 
| 377|0x000000072f200000, 0x000000072f200000, 0x000000072f400000|  0%| F|  |TAMS 0x000000072f200000, 0x000000072f200000| Untracked 
| 378|0x000000072f400000, 0x000000072f400000, 0x000000072f600000|  0%| F|  |TAMS 0x000000072f400000, 0x000000072f400000| Untracked 
| 379|0x000000072f600000, 0x000000072f600000, 0x000000072f800000|  0%| F|  |TAMS 0x000000072f600000, 0x000000072f600000| Untracked 
| 380|0x000000072f800000, 0x000000072f800000, 0x000000072fa00000|  0%| F|  |TAMS 0x000000072f800000, 0x000000072f800000| Untracked 
| 381|0x000000072fa00000, 0x000000072fa00000, 0x000000072fc00000|  0%| F|  |TAMS 0x000000072fa00000, 0x000000072fa00000| Untracked 
| 382|0x000000072fc00000, 0x000000072fc00000, 0x000000072fe00000|  0%| F|  |TAMS 0x000000072fc00000, 0x000000072fc00000| Untracked 
| 383|0x000000072fe00000, 0x000000072fe00000, 0x0000000730000000|  0%| F|  |TAMS 0x000000072fe00000, 0x000000072fe00000| Untracked 
| 384|0x0000000730000000, 0x0000000730000000, 0x0000000730200000|  0%| F|  |TAMS 0x0000000730000000, 0x0000000730000000| Untracked 
| 385|0x0000000730200000, 0x0000000730200000, 0x0000000730400000|  0%| F|  |TAMS 0x0000000730200000, 0x0000000730200000| Untracked 
| 386|0x0000000730400000, 0x0000000730400000, 0x0000000730600000|  0%| F|  |TAMS 0x0000000730400000, 0x0000000730400000| Untracked 
| 387|0x0000000730600000, 0x0000000730600000, 0x0000000730800000|  0%| F|  |TAMS 0x0000000730600000, 0x0000000730600000| Untracked 
| 388|0x0000000730800000, 0x0000000730800000, 0x0000000730a00000|  0%| F|  |TAMS 0x0000000730800000, 0x0000000730800000| Untracked 
| 389|0x0000000730a00000, 0x0000000730a00000, 0x0000000730c00000|  0%| F|  |TAMS 0x0000000730a00000, 0x0000000730a00000| Untracked 
| 390|0x0000000730c00000, 0x0000000730c00000, 0x0000000730e00000|  0%| F|  |TAMS 0x0000000730c00000, 0x0000000730c00000| Untracked 
| 391|0x0000000730e00000, 0x0000000730e00000, 0x0000000731000000|  0%| F|  |TAMS 0x0000000730e00000, 0x0000000730e00000| Untracked 
| 392|0x0000000731000000, 0x0000000731000000, 0x0000000731200000|  0%| F|  |TAMS 0x0000000731000000, 0x0000000731000000| Untracked 
| 393|0x0000000731200000, 0x0000000731200000, 0x0000000731400000|  0%| F|  |TAMS 0x0000000731200000, 0x0000000731200000| Untracked 
| 394|0x0000000731400000, 0x0000000731400000, 0x0000000731600000|  0%| F|  |TAMS 0x0000000731400000, 0x0000000731400000| Untracked 
| 395|0x0000000731600000, 0x0000000731600000, 0x0000000731800000|  0%| F|  |TAMS 0x0000000731600000, 0x0000000731600000| Untracked 
| 396|0x0000000731800000, 0x0000000731800000, 0x0000000731a00000|  0%| F|  |TAMS 0x0000000731800000, 0x0000000731800000| Untracked 
| 397|0x0000000731a00000, 0x0000000731a00000, 0x0000000731c00000|  0%| F|  |TAMS 0x0000000731a00000, 0x0000000731a00000| Untracked 
| 398|0x0000000731c00000, 0x0000000731c00000, 0x0000000731e00000|  0%| F|  |TAMS 0x0000000731c00000, 0x0000000731c00000| Untracked 
| 399|0x0000000731e00000, 0x0000000731e00000, 0x0000000732000000|  0%| F|  |TAMS 0x0000000731e00000, 0x0000000731e00000| Untracked 
| 400|0x0000000732000000, 0x0000000732000000, 0x0000000732200000|  0%| F|  |TAMS 0x0000000732000000, 0x0000000732000000| Untracked 
| 401|0x0000000732200000, 0x0000000732200000, 0x0000000732400000|  0%| F|  |TAMS 0x0000000732200000, 0x0000000732200000| Untracked 
| 402|0x0000000732400000, 0x0000000732400000, 0x0000000732600000|  0%| F|  |TAMS 0x0000000732400000, 0x0000000732400000| Untracked 
| 403|0x0000000732600000, 0x0000000732600000, 0x0000000732800000|  0%| F|  |TAMS 0x0000000732600000, 0x0000000732600000| Untracked 
| 404|0x0000000732800000, 0x0000000732800000, 0x0000000732a00000|  0%| F|  |TAMS 0x0000000732800000, 0x0000000732800000| Untracked 
| 405|0x0000000732a00000, 0x0000000732a00000, 0x0000000732c00000|  0%| F|  |TAMS 0x0000000732a00000, 0x0000000732a00000| Untracked 
| 406|0x0000000732c00000, 0x0000000732c00000, 0x0000000732e00000|  0%| F|  |TAMS 0x0000000732c00000, 0x0000000732c00000| Untracked 
| 407|0x0000000732e00000, 0x0000000732e00000, 0x0000000733000000|  0%| F|  |TAMS 0x0000000732e00000, 0x0000000732e00000| Untracked 
| 408|0x0000000733000000, 0x0000000733000000, 0x0000000733200000|  0%| F|  |TAMS 0x0000000733000000, 0x0000000733000000| Untracked 
| 409|0x0000000733200000, 0x0000000733200000, 0x0000000733400000|  0%| F|  |TAMS 0x0000000733200000, 0x0000000733200000| Untracked 
| 410|0x0000000733400000, 0x0000000733400000, 0x0000000733600000|  0%| F|  |TAMS 0x0000000733400000, 0x0000000733400000| Untracked 
| 411|0x0000000733600000, 0x0000000733600000, 0x0000000733800000|  0%| F|  |TAMS 0x0000000733600000, 0x0000000733600000| Untracked 
| 412|0x0000000733800000, 0x0000000733800000, 0x0000000733a00000|  0%| F|  |TAMS 0x0000000733800000, 0x0000000733800000| Untracked 
| 413|0x0000000733a00000, 0x0000000733a00000, 0x0000000733c00000|  0%| F|  |TAMS 0x0000000733a00000, 0x0000000733a00000| Untracked 
| 414|0x0000000733c00000, 0x0000000733c00000, 0x0000000733e00000|  0%| F|  |TAMS 0x0000000733c00000, 0x0000000733c00000| Untracked 
| 415|0x0000000733e00000, 0x0000000733e00000, 0x0000000734000000|  0%| F|  |TAMS 0x0000000733e00000, 0x0000000733e00000| Untracked 
| 416|0x0000000734000000, 0x0000000734000000, 0x0000000734200000|  0%| F|  |TAMS 0x0000000734000000, 0x0000000734000000| Untracked 
| 417|0x0000000734200000, 0x0000000734200000, 0x0000000734400000|  0%| F|  |TAMS 0x0000000734200000, 0x0000000734200000| Untracked 
| 418|0x0000000734400000, 0x0000000734400000, 0x0000000734600000|  0%| F|  |TAMS 0x0000000734400000, 0x0000000734400000| Untracked 
| 419|0x0000000734600000, 0x0000000734600000, 0x0000000734800000|  0%| F|  |TAMS 0x0000000734600000, 0x0000000734600000| Untracked 
| 420|0x0000000734800000, 0x0000000734800000, 0x0000000734a00000|  0%| F|  |TAMS 0x0000000734800000, 0x0000000734800000| Untracked 
| 421|0x0000000734a00000, 0x0000000734a00000, 0x0000000734c00000|  0%| F|  |TAMS 0x0000000734a00000, 0x0000000734a00000| Untracked 
| 422|0x0000000734c00000, 0x0000000734c00000, 0x0000000734e00000|  0%| F|  |TAMS 0x0000000734c00000, 0x0000000734c00000| Untracked 
| 423|0x0000000734e00000, 0x0000000734e00000, 0x0000000735000000|  0%| F|  |TAMS 0x0000000734e00000, 0x0000000734e00000| Untracked 
| 424|0x0000000735000000, 0x0000000735000000, 0x0000000735200000|  0%| F|  |TAMS 0x0000000735000000, 0x0000000735000000| Untracked 
| 425|0x0000000735200000, 0x0000000735200000, 0x0000000735400000|  0%| F|  |TAMS 0x0000000735200000, 0x0000000735200000| Untracked 
| 426|0x0000000735400000, 0x0000000735400000, 0x0000000735600000|  0%| F|  |TAMS 0x0000000735400000, 0x0000000735400000| Untracked 
| 427|0x0000000735600000, 0x0000000735600000, 0x0000000735800000|  0%| F|  |TAMS 0x0000000735600000, 0x0000000735600000| Untracked 
| 428|0x0000000735800000, 0x0000000735800000, 0x0000000735a00000|  0%| F|  |TAMS 0x0000000735800000, 0x0000000735800000| Untracked 
| 429|0x0000000735a00000, 0x0000000735a00000, 0x0000000735c00000|  0%| F|  |TAMS 0x0000000735a00000, 0x0000000735a00000| Untracked 
| 430|0x0000000735c00000, 0x0000000735c00000, 0x0000000735e00000|  0%| F|  |TAMS 0x0000000735c00000, 0x0000000735c00000| Untracked 
| 431|0x0000000735e00000, 0x0000000735e00000, 0x0000000736000000|  0%| F|  |TAMS 0x0000000735e00000, 0x0000000735e00000| Untracked 
| 432|0x0000000736000000, 0x0000000736000000, 0x0000000736200000|  0%| F|  |TAMS 0x0000000736000000, 0x0000000736000000| Untracked 
| 433|0x0000000736200000, 0x0000000736200000, 0x0000000736400000|  0%| F|  |TAMS 0x0000000736200000, 0x0000000736200000| Untracked 
| 434|0x0000000736400000, 0x0000000736400000, 0x0000000736600000|  0%| F|  |TAMS 0x0000000736400000, 0x0000000736400000| Untracked 
| 435|0x0000000736600000, 0x0000000736600000, 0x0000000736800000|  0%| F|  |TAMS 0x0000000736600000, 0x0000000736600000| Untracked 
| 436|0x0000000736800000, 0x0000000736800000, 0x0000000736a00000|  0%| F|  |TAMS 0x0000000736800000, 0x0000000736800000| Untracked 
| 437|0x0000000736a00000, 0x0000000736a00000, 0x0000000736c00000|  0%| F|  |TAMS 0x0000000736a00000, 0x0000000736a00000| Untracked 
| 438|0x0000000736c00000, 0x0000000736c00000, 0x0000000736e00000|  0%| F|  |TAMS 0x0000000736c00000, 0x0000000736c00000| Untracked 
| 439|0x0000000736e00000, 0x0000000736e00000, 0x0000000737000000|  0%| F|  |TAMS 0x0000000736e00000, 0x0000000736e00000| Untracked 
| 440|0x0000000737000000, 0x0000000737000000, 0x0000000737200000|  0%| F|  |TAMS 0x0000000737000000, 0x0000000737000000| Untracked 
| 441|0x0000000737200000, 0x0000000737200000, 0x0000000737400000|  0%| F|  |TAMS 0x0000000737200000, 0x0000000737200000| Untracked 
| 442|0x0000000737400000, 0x0000000737400000, 0x0000000737600000|  0%| F|  |TAMS 0x0000000737400000, 0x0000000737400000| Untracked 
| 443|0x0000000737600000, 0x0000000737600000, 0x0000000737800000|  0%| F|  |TAMS 0x0000000737600000, 0x0000000737600000| Untracked 
| 444|0x0000000737800000, 0x0000000737800000, 0x0000000737a00000|  0%| F|  |TAMS 0x0000000737800000, 0x0000000737800000| Untracked 
| 445|0x0000000737a00000, 0x0000000737a00000, 0x0000000737c00000|  0%| F|  |TAMS 0x0000000737a00000, 0x0000000737a00000| Untracked 
| 446|0x0000000737c00000, 0x0000000737c00000, 0x0000000737e00000|  0%| F|  |TAMS 0x0000000737c00000, 0x0000000737c00000| Untracked 
| 447|0x0000000737e00000, 0x0000000737e00000, 0x0000000738000000|  0%| F|  |TAMS 0x0000000737e00000, 0x0000000737e00000| Untracked 
| 448|0x0000000738000000, 0x0000000738000000, 0x0000000738200000|  0%| F|  |TAMS 0x0000000738000000, 0x0000000738000000| Untracked 
| 449|0x0000000738200000, 0x0000000738200000, 0x0000000738400000|  0%| F|  |TAMS 0x0000000738200000, 0x0000000738200000| Untracked 
| 450|0x0000000738400000, 0x0000000738400000, 0x0000000738600000|  0%| F|  |TAMS 0x0000000738400000, 0x0000000738400000| Untracked 
| 451|0x0000000738600000, 0x0000000738600000, 0x0000000738800000|  0%| F|  |TAMS 0x0000000738600000, 0x0000000738600000| Untracked 
| 452|0x0000000738800000, 0x0000000738800000, 0x0000000738a00000|  0%| F|  |TAMS 0x0000000738800000, 0x0000000738800000| Untracked 
| 453|0x0000000738a00000, 0x0000000738a00000, 0x0000000738c00000|  0%| F|  |TAMS 0x0000000738a00000, 0x0000000738a00000| Untracked 
| 454|0x0000000738c00000, 0x0000000738c00000, 0x0000000738e00000|  0%| F|  |TAMS 0x0000000738c00000, 0x0000000738c00000| Untracked 
| 455|0x0000000738e00000, 0x0000000738e00000, 0x0000000739000000|  0%| F|  |TAMS 0x0000000738e00000, 0x0000000738e00000| Untracked 
| 456|0x0000000739000000, 0x0000000739000000, 0x0000000739200000|  0%| F|  |TAMS 0x0000000739000000, 0x0000000739000000| Untracked 
| 457|0x0000000739200000, 0x0000000739200000, 0x0000000739400000|  0%| F|  |TAMS 0x0000000739200000, 0x0000000739200000| Untracked 
| 458|0x0000000739400000, 0x0000000739400000, 0x0000000739600000|  0%| F|  |TAMS 0x0000000739400000, 0x0000000739400000| Untracked 
| 459|0x0000000739600000, 0x0000000739600000, 0x0000000739800000|  0%| F|  |TAMS 0x0000000739600000, 0x0000000739600000| Untracked 
| 460|0x0000000739800000, 0x0000000739800000, 0x0000000739a00000|  0%| F|  |TAMS 0x0000000739800000, 0x0000000739800000| Untracked 
| 461|0x0000000739a00000, 0x0000000739a00000, 0x0000000739c00000|  0%| F|  |TAMS 0x0000000739a00000, 0x0000000739a00000| Untracked 
| 462|0x0000000739c00000, 0x0000000739c00000, 0x0000000739e00000|  0%| F|  |TAMS 0x0000000739c00000, 0x0000000739c00000| Untracked 
| 463|0x0000000739e00000, 0x0000000739e00000, 0x000000073a000000|  0%| F|  |TAMS 0x0000000739e00000, 0x0000000739e00000| Untracked 
| 464|0x000000073a000000, 0x000000073a000000, 0x000000073a200000|  0%| F|  |TAMS 0x000000073a000000, 0x000000073a000000| Untracked 
| 465|0x000000073a200000, 0x000000073a200000, 0x000000073a400000|  0%| F|  |TAMS 0x000000073a200000, 0x000000073a200000| Untracked 
| 466|0x000000073a400000, 0x000000073a400000, 0x000000073a600000|  0%| F|  |TAMS 0x000000073a400000, 0x000000073a400000| Untracked 
| 467|0x000000073a600000, 0x000000073a600000, 0x000000073a800000|  0%| F|  |TAMS 0x000000073a600000, 0x000000073a600000| Untracked 
| 468|0x000000073a800000, 0x000000073a800000, 0x000000073aa00000|  0%| F|  |TAMS 0x000000073a800000, 0x000000073a800000| Untracked 
| 469|0x000000073aa00000, 0x000000073aa00000, 0x000000073ac00000|  0%| F|  |TAMS 0x000000073aa00000, 0x000000073aa00000| Untracked 
| 470|0x000000073ac00000, 0x000000073ac00000, 0x000000073ae00000|  0%| F|  |TAMS 0x000000073ac00000, 0x000000073ac00000| Untracked 
| 471|0x000000073ae00000, 0x000000073ae00000, 0x000000073b000000|  0%| F|  |TAMS 0x000000073ae00000, 0x000000073ae00000| Untracked 
| 472|0x000000073b000000, 0x000000073b000000, 0x000000073b200000|  0%| F|  |TAMS 0x000000073b000000, 0x000000073b000000| Untracked 
| 473|0x000000073b200000, 0x000000073b200000, 0x000000073b400000|  0%| F|  |TAMS 0x000000073b200000, 0x000000073b200000| Untracked 
| 474|0x000000073b400000, 0x000000073b400000, 0x000000073b600000|  0%| F|  |TAMS 0x000000073b400000, 0x000000073b400000| Untracked 
| 475|0x000000073b600000, 0x000000073b600000, 0x000000073b800000|  0%| F|  |TAMS 0x000000073b600000, 0x000000073b600000| Untracked 
| 476|0x000000073b800000, 0x000000073b800000, 0x000000073ba00000|  0%| F|  |TAMS 0x000000073b800000, 0x000000073b800000| Untracked 
| 477|0x000000073ba00000, 0x000000073ba00000, 0x000000073bc00000|  0%| F|  |TAMS 0x000000073ba00000, 0x000000073ba00000| Untracked 
| 478|0x000000073bc00000, 0x000000073bc00000, 0x000000073be00000|  0%| F|  |TAMS 0x000000073bc00000, 0x000000073bc00000| Untracked 
| 479|0x000000073be00000, 0x000000073be00000, 0x000000073c000000|  0%| F|  |TAMS 0x000000073be00000, 0x000000073be00000| Untracked 
| 480|0x000000073c000000, 0x000000073c000000, 0x000000073c200000|  0%| F|  |TAMS 0x000000073c000000, 0x000000073c000000| Untracked 
| 481|0x000000073c200000, 0x000000073c200000, 0x000000073c400000|  0%| F|  |TAMS 0x000000073c200000, 0x000000073c200000| Untracked 
| 482|0x000000073c400000, 0x000000073c400000, 0x000000073c600000|  0%| F|  |TAMS 0x000000073c400000, 0x000000073c400000| Untracked 
| 483|0x000000073c600000, 0x000000073c600000, 0x000000073c800000|  0%| F|  |TAMS 0x000000073c600000, 0x000000073c600000| Untracked 
| 484|0x000000073c800000, 0x000000073c800000, 0x000000073ca00000|  0%| F|  |TAMS 0x000000073c800000, 0x000000073c800000| Untracked 
| 485|0x000000073ca00000, 0x000000073ca00000, 0x000000073cc00000|  0%| F|  |TAMS 0x000000073ca00000, 0x000000073ca00000| Untracked 
| 486|0x000000073cc00000, 0x000000073cc00000, 0x000000073ce00000|  0%| F|  |TAMS 0x000000073cc00000, 0x000000073cc00000| Untracked 
| 487|0x000000073ce00000, 0x000000073ce00000, 0x000000073d000000|  0%| F|  |TAMS 0x000000073ce00000, 0x000000073ce00000| Untracked 
| 488|0x000000073d000000, 0x000000073d000000, 0x000000073d200000|  0%| F|  |TAMS 0x000000073d000000, 0x000000073d000000| Untracked 
| 489|0x000000073d200000, 0x000000073d200000, 0x000000073d400000|  0%| F|  |TAMS 0x000000073d200000, 0x000000073d200000| Untracked 
| 490|0x000000073d400000, 0x000000073d54f298, 0x000000073d600000| 65%| O|  |TAMS 0x000000073d400000, 0x000000073d400000| Untracked 
| 491|0x000000073d600000, 0x000000073d600000, 0x000000073d800000|  0%| F|  |TAMS 0x000000073d600000, 0x000000073d600000| Untracked 
| 492|0x000000073d800000, 0x000000073d800000, 0x000000073da00000|  0%| F|  |TAMS 0x000000073d800000, 0x000000073d800000| Untracked 
| 493|0x000000073da00000, 0x000000073da00000, 0x000000073dc00000|  0%| F|  |TAMS 0x000000073da00000, 0x000000073da00000| Untracked 
| 494|0x000000073dc00000, 0x000000073dc00000, 0x000000073de00000|  0%| F|  |TAMS 0x000000073dc00000, 0x000000073dc00000| Untracked 
| 495|0x000000073de00000, 0x000000073de00000, 0x000000073e000000|  0%| F|  |TAMS 0x000000073de00000, 0x000000073de00000| Untracked 
| 496|0x000000073e000000, 0x000000073e000000, 0x000000073e200000|  0%| F|  |TAMS 0x000000073e000000, 0x000000073e000000| Untracked 
| 497|0x000000073e200000, 0x000000073e200000, 0x000000073e400000|  0%| F|  |TAMS 0x000000073e200000, 0x000000073e200000| Untracked 
| 498|0x000000073e400000, 0x000000073e400000, 0x000000073e600000|  0%| F|  |TAMS 0x000000073e400000, 0x000000073e400000| Untracked 
| 499|0x000000073e600000, 0x000000073e600000, 0x000000073e800000|  0%| F|  |TAMS 0x000000073e600000, 0x000000073e600000| Untracked 
| 500|0x000000073e800000, 0x000000073e800000, 0x000000073ea00000|  0%| F|  |TAMS 0x000000073e800000, 0x000000073e800000| Untracked 
| 501|0x000000073ea00000, 0x000000073ea00000, 0x000000073ec00000|  0%| F|  |TAMS 0x000000073ea00000, 0x000000073ea00000| Untracked 
| 502|0x000000073ec00000, 0x000000073ec00000, 0x000000073ee00000|  0%| F|  |TAMS 0x000000073ec00000, 0x000000073ec00000| Untracked 
| 503|0x000000073ee00000, 0x000000073ee00000, 0x000000073f000000|  0%| F|  |TAMS 0x000000073ee00000, 0x000000073ee00000| Untracked 
| 504|0x000000073f000000, 0x000000073f000000, 0x000000073f200000|  0%| F|  |TAMS 0x000000073f000000, 0x000000073f000000| Untracked 
| 505|0x000000073f200000, 0x000000073f200000, 0x000000073f400000|  0%| F|  |TAMS 0x000000073f200000, 0x000000073f200000| Untracked 
| 506|0x000000073f400000, 0x000000073f400000, 0x000000073f600000|  0%| F|  |TAMS 0x000000073f400000, 0x000000073f400000| Untracked 
| 507|0x000000073f600000, 0x000000073f600000, 0x000000073f800000|  0%| F|  |TAMS 0x000000073f600000, 0x000000073f600000| Untracked 
| 508|0x000000073f800000, 0x000000073f800000, 0x000000073fa00000|  0%| F|  |TAMS 0x000000073f800000, 0x000000073f800000| Untracked 
| 509|0x000000073fa00000, 0x000000073fb77cf0, 0x000000073fc00000| 73%| O|  |TAMS 0x000000073fa00000, 0x000000073fa00000| Untracked 
| 510|0x000000073fc00000, 0x000000073fc00000, 0x000000073fe00000|  0%| F|  |TAMS 0x000000073fc00000, 0x000000073fc00000| Untracked 
| 511|0x000000073fe00000, 0x000000073fe00000, 0x0000000740000000|  0%| F|  |TAMS 0x000000073fe00000, 0x000000073fe00000| Untracked 
| 512|0x0000000740000000, 0x0000000740000000, 0x0000000740200000|  0%| F|  |TAMS 0x0000000740000000, 0x0000000740000000| Untracked 
| 513|0x0000000740200000, 0x0000000740200000, 0x0000000740400000|  0%| F|  |TAMS 0x0000000740200000, 0x0000000740200000| Untracked 
| 514|0x0000000740400000, 0x0000000740400000, 0x0000000740600000|  0%| F|  |TAMS 0x0000000740400000, 0x0000000740400000| Untracked 
| 515|0x0000000740600000, 0x0000000740600000, 0x0000000740800000|  0%| F|  |TAMS 0x0000000740600000, 0x0000000740600000| Untracked 
| 516|0x0000000740800000, 0x0000000740800000, 0x0000000740a00000|  0%| F|  |TAMS 0x0000000740800000, 0x0000000740800000| Untracked 
| 517|0x0000000740a00000, 0x0000000740a00000, 0x0000000740c00000|  0%| F|  |TAMS 0x0000000740a00000, 0x0000000740a00000| Untracked 
| 518|0x0000000740c00000, 0x0000000740c00000, 0x0000000740e00000|  0%| F|  |TAMS 0x0000000740c00000, 0x0000000740c00000| Untracked 
| 519|0x0000000740e00000, 0x0000000740e00000, 0x0000000741000000|  0%| F|  |TAMS 0x0000000740e00000, 0x0000000740e00000| Untracked 
| 520|0x0000000741000000, 0x0000000741000000, 0x0000000741200000|  0%| F|  |TAMS 0x0000000741000000, 0x0000000741000000| Untracked 
| 521|0x0000000741200000, 0x0000000741200000, 0x0000000741400000|  0%| F|  |TAMS 0x0000000741200000, 0x0000000741200000| Untracked 
| 522|0x0000000741400000, 0x0000000741400000, 0x0000000741600000|  0%| F|  |TAMS 0x0000000741400000, 0x0000000741400000| Untracked 
| 523|0x0000000741600000, 0x0000000741600000, 0x0000000741800000|  0%| F|  |TAMS 0x0000000741600000, 0x0000000741600000| Untracked 
| 524|0x0000000741800000, 0x0000000741800000, 0x0000000741a00000|  0%| F|  |TAMS 0x0000000741800000, 0x0000000741800000| Untracked 
| 525|0x0000000741a00000, 0x0000000741a00000, 0x0000000741c00000|  0%| F|  |TAMS 0x0000000741a00000, 0x0000000741a00000| Untracked 
| 526|0x0000000741c00000, 0x0000000741c00000, 0x0000000741e00000|  0%| F|  |TAMS 0x0000000741c00000, 0x0000000741c00000| Untracked 
| 527|0x0000000741e00000, 0x0000000741e00000, 0x0000000742000000|  0%| F|  |TAMS 0x0000000741e00000, 0x0000000741e00000| Untracked 
| 528|0x0000000742000000, 0x0000000742000000, 0x0000000742200000|  0%| F|  |TAMS 0x0000000742000000, 0x0000000742000000| Untracked 
| 529|0x0000000742200000, 0x0000000742200000, 0x0000000742400000|  0%| F|  |TAMS 0x0000000742200000, 0x0000000742200000| Untracked 
| 530|0x0000000742400000, 0x0000000742400000, 0x0000000742600000|  0%| F|  |TAMS 0x0000000742400000, 0x0000000742400000| Untracked 
| 531|0x0000000742600000, 0x0000000742600000, 0x0000000742800000|  0%| F|  |TAMS 0x0000000742600000, 0x0000000742600000| Untracked 
| 532|0x0000000742800000, 0x0000000742800000, 0x0000000742a00000|  0%| F|  |TAMS 0x0000000742800000, 0x0000000742800000| Untracked 
| 533|0x0000000742a00000, 0x0000000742a00000, 0x0000000742c00000|  0%| F|  |TAMS 0x0000000742a00000, 0x0000000742a00000| Untracked 
| 534|0x0000000742c00000, 0x0000000742c00000, 0x0000000742e00000|  0%| F|  |TAMS 0x0000000742c00000, 0x0000000742c00000| Untracked 
| 535|0x0000000742e00000, 0x0000000742e00000, 0x0000000743000000|  0%| F|  |TAMS 0x0000000742e00000, 0x0000000742e00000| Untracked 
| 536|0x0000000743000000, 0x0000000743000000, 0x0000000743200000|  0%| F|  |TAMS 0x0000000743000000, 0x0000000743000000| Untracked 
| 537|0x0000000743200000, 0x0000000743200000, 0x0000000743400000|  0%| F|  |TAMS 0x0000000743200000, 0x0000000743200000| Untracked 
| 538|0x0000000743400000, 0x0000000743400000, 0x0000000743600000|  0%| F|  |TAMS 0x0000000743400000, 0x0000000743400000| Untracked 
| 539|0x0000000743600000, 0x0000000743600000, 0x0000000743800000|  0%| F|  |TAMS 0x0000000743600000, 0x0000000743600000| Untracked 
| 540|0x0000000743800000, 0x0000000743800000, 0x0000000743a00000|  0%| F|  |TAMS 0x0000000743800000, 0x0000000743800000| Untracked 
| 541|0x0000000743a00000, 0x0000000743a00000, 0x0000000743c00000|  0%| F|  |TAMS 0x0000000743a00000, 0x0000000743a00000| Untracked 
| 542|0x0000000743c00000, 0x0000000743c00000, 0x0000000743e00000|  0%| F|  |TAMS 0x0000000743c00000, 0x0000000743c00000| Untracked 
| 543|0x0000000743e00000, 0x0000000743e00000, 0x0000000744000000|  0%| F|  |TAMS 0x0000000743e00000, 0x0000000743e00000| Untracked 
| 544|0x0000000744000000, 0x0000000744000000, 0x0000000744200000|  0%| F|  |TAMS 0x0000000744000000, 0x0000000744000000| Untracked 
| 545|0x0000000744200000, 0x0000000744200000, 0x0000000744400000|  0%| F|  |TAMS 0x0000000744200000, 0x0000000744200000| Untracked 
| 546|0x0000000744400000, 0x0000000744400000, 0x0000000744600000|  0%| F|  |TAMS 0x0000000744400000, 0x0000000744400000| Untracked 
| 547|0x0000000744600000, 0x0000000744600000, 0x0000000744800000|  0%| F|  |TAMS 0x0000000744600000, 0x0000000744600000| Untracked 
| 548|0x0000000744800000, 0x0000000744800000, 0x0000000744a00000|  0%| F|  |TAMS 0x0000000744800000, 0x0000000744800000| Untracked 
| 549|0x0000000744a00000, 0x0000000744a00000, 0x0000000744c00000|  0%| F|  |TAMS 0x0000000744a00000, 0x0000000744a00000| Untracked 
| 550|0x0000000744c00000, 0x0000000744c00000, 0x0000000744e00000|  0%| F|  |TAMS 0x0000000744c00000, 0x0000000744c00000| Untracked 
| 551|0x0000000744e00000, 0x0000000744e00000, 0x0000000745000000|  0%| F|  |TAMS 0x0000000744e00000, 0x0000000744e00000| Untracked 
| 552|0x0000000745000000, 0x0000000745000000, 0x0000000745200000|  0%| F|  |TAMS 0x0000000745000000, 0x0000000745000000| Untracked 
| 553|0x0000000745200000, 0x0000000745200000, 0x0000000745400000|  0%| F|  |TAMS 0x0000000745200000, 0x0000000745200000| Untracked 
| 554|0x0000000745400000, 0x0000000745400000, 0x0000000745600000|  0%| F|  |TAMS 0x0000000745400000, 0x0000000745400000| Untracked 
| 555|0x0000000745600000, 0x0000000745600000, 0x0000000745800000|  0%| F|  |TAMS 0x0000000745600000, 0x0000000745600000| Untracked 
| 556|0x0000000745800000, 0x0000000745800000, 0x0000000745a00000|  0%| F|  |TAMS 0x0000000745800000, 0x0000000745800000| Untracked 
| 557|0x0000000745a00000, 0x0000000745a00000, 0x0000000745c00000|  0%| F|  |TAMS 0x0000000745a00000, 0x0000000745a00000| Untracked 
| 558|0x0000000745c00000, 0x0000000745c00000, 0x0000000745e00000|  0%| F|  |TAMS 0x0000000745c00000, 0x0000000745c00000| Untracked 
| 559|0x0000000745e00000, 0x0000000745e00000, 0x0000000746000000|  0%| F|  |TAMS 0x0000000745e00000, 0x0000000745e00000| Untracked 
| 560|0x0000000746000000, 0x0000000746000000, 0x0000000746200000|  0%| F|  |TAMS 0x0000000746000000, 0x0000000746000000| Untracked 
| 561|0x0000000746200000, 0x0000000746200000, 0x0000000746400000|  0%| F|  |TAMS 0x0000000746200000, 0x0000000746200000| Untracked 
| 562|0x0000000746400000, 0x0000000746400000, 0x0000000746600000|  0%| F|  |TAMS 0x0000000746400000, 0x0000000746400000| Untracked 
| 563|0x0000000746600000, 0x0000000746600000, 0x0000000746800000|  0%| F|  |TAMS 0x0000000746600000, 0x0000000746600000| Untracked 
| 564|0x0000000746800000, 0x0000000746800000, 0x0000000746a00000|  0%| F|  |TAMS 0x0000000746800000, 0x0000000746800000| Untracked 
| 565|0x0000000746a00000, 0x0000000746a00000, 0x0000000746c00000|  0%| F|  |TAMS 0x0000000746a00000, 0x0000000746a00000| Untracked 
| 566|0x0000000746c00000, 0x0000000746c00000, 0x0000000746e00000|  0%| F|  |TAMS 0x0000000746c00000, 0x0000000746c00000| Untracked 
| 567|0x0000000746e00000, 0x0000000746e00000, 0x0000000747000000|  0%| F|  |TAMS 0x0000000746e00000, 0x0000000746e00000| Untracked 
| 568|0x0000000747000000, 0x0000000747000000, 0x0000000747200000|  0%| F|  |TAMS 0x0000000747000000, 0x0000000747000000| Untracked 
| 569|0x0000000747200000, 0x0000000747200000, 0x0000000747400000|  0%| F|  |TAMS 0x0000000747200000, 0x0000000747200000| Untracked 
| 570|0x0000000747400000, 0x0000000747400000, 0x0000000747600000|  0%| F|  |TAMS 0x0000000747400000, 0x0000000747400000| Untracked 
| 571|0x0000000747600000, 0x0000000747600000, 0x0000000747800000|  0%| F|  |TAMS 0x0000000747600000, 0x0000000747600000| Untracked 
| 572|0x0000000747800000, 0x0000000747800000, 0x0000000747a00000|  0%| F|  |TAMS 0x0000000747800000, 0x0000000747800000| Untracked 
| 573|0x0000000747a00000, 0x0000000747a00000, 0x0000000747c00000|  0%| F|  |TAMS 0x0000000747a00000, 0x0000000747a00000| Untracked 
| 574|0x0000000747c00000, 0x0000000747c00000, 0x0000000747e00000|  0%| F|  |TAMS 0x0000000747c00000, 0x0000000747c00000| Untracked 
| 575|0x0000000747e00000, 0x0000000747e00000, 0x0000000748000000|  0%| F|  |TAMS 0x0000000747e00000, 0x0000000747e00000| Untracked 
| 576|0x0000000748000000, 0x0000000748000000, 0x0000000748200000|  0%| F|  |TAMS 0x0000000748000000, 0x0000000748000000| Untracked 
| 577|0x0000000748200000, 0x0000000748200000, 0x0000000748400000|  0%| F|  |TAMS 0x0000000748200000, 0x0000000748200000| Untracked 
| 578|0x0000000748400000, 0x0000000748400000, 0x0000000748600000|  0%| F|  |TAMS 0x0000000748400000, 0x0000000748400000| Untracked 
| 579|0x0000000748600000, 0x0000000748600000, 0x0000000748800000|  0%| F|  |TAMS 0x0000000748600000, 0x0000000748600000| Untracked 
| 580|0x0000000748800000, 0x0000000748800000, 0x0000000748a00000|  0%| F|  |TAMS 0x0000000748800000, 0x0000000748800000| Untracked 
| 581|0x0000000748a00000, 0x0000000748a00000, 0x0000000748c00000|  0%| F|  |TAMS 0x0000000748a00000, 0x0000000748a00000| Untracked 
| 582|0x0000000748c00000, 0x0000000748c00000, 0x0000000748e00000|  0%| F|  |TAMS 0x0000000748c00000, 0x0000000748c00000| Untracked 
| 583|0x0000000748e00000, 0x0000000748e00000, 0x0000000749000000|  0%| F|  |TAMS 0x0000000748e00000, 0x0000000748e00000| Untracked 
| 584|0x0000000749000000, 0x0000000749000000, 0x0000000749200000|  0%| F|  |TAMS 0x0000000749000000, 0x0000000749000000| Untracked 
| 585|0x0000000749200000, 0x0000000749200000, 0x0000000749400000|  0%| F|  |TAMS 0x0000000749200000, 0x0000000749200000| Untracked 
| 586|0x0000000749400000, 0x0000000749400000, 0x0000000749600000|  0%| F|  |TAMS 0x0000000749400000, 0x0000000749400000| Untracked 
| 587|0x0000000749600000, 0x0000000749600000, 0x0000000749800000|  0%| F|  |TAMS 0x0000000749600000, 0x0000000749600000| Untracked 
| 588|0x0000000749800000, 0x0000000749800000, 0x0000000749a00000|  0%| F|  |TAMS 0x0000000749800000, 0x0000000749800000| Untracked 
| 589|0x0000000749a00000, 0x0000000749a00000, 0x0000000749c00000|  0%| F|  |TAMS 0x0000000749a00000, 0x0000000749a00000| Untracked 
| 590|0x0000000749c00000, 0x0000000749c00000, 0x0000000749e00000|  0%| F|  |TAMS 0x0000000749c00000, 0x0000000749c00000| Untracked 
| 591|0x0000000749e00000, 0x0000000749e00000, 0x000000074a000000|  0%| F|  |TAMS 0x0000000749e00000, 0x0000000749e00000| Untracked 
| 592|0x000000074a000000, 0x000000074a000000, 0x000000074a200000|  0%| F|  |TAMS 0x000000074a000000, 0x000000074a000000| Untracked 
| 593|0x000000074a200000, 0x000000074a200000, 0x000000074a400000|  0%| F|  |TAMS 0x000000074a200000, 0x000000074a200000| Untracked 
| 594|0x000000074a400000, 0x000000074a400000, 0x000000074a600000|  0%| F|  |TAMS 0x000000074a400000, 0x000000074a400000| Untracked 
| 595|0x000000074a600000, 0x000000074a600000, 0x000000074a800000|  0%| F|  |TAMS 0x000000074a600000, 0x000000074a600000| Untracked 
| 596|0x000000074a800000, 0x000000074a800000, 0x000000074aa00000|  0%| F|  |TAMS 0x000000074a800000, 0x000000074a800000| Untracked 
| 597|0x000000074aa00000, 0x000000074aa00000, 0x000000074ac00000|  0%| F|  |TAMS 0x000000074aa00000, 0x000000074aa00000| Untracked 
| 598|0x000000074ac00000, 0x000000074ac00000, 0x000000074ae00000|  0%| F|  |TAMS 0x000000074ac00000, 0x000000074ac00000| Untracked 
| 599|0x000000074ae00000, 0x000000074ae00000, 0x000000074b000000|  0%| F|  |TAMS 0x000000074ae00000, 0x000000074ae00000| Untracked 
| 600|0x000000074b000000, 0x000000074b000000, 0x000000074b200000|  0%| F|  |TAMS 0x000000074b000000, 0x000000074b000000| Untracked 
| 601|0x000000074b200000, 0x000000074b200000, 0x000000074b400000|  0%| F|  |TAMS 0x000000074b200000, 0x000000074b200000| Untracked 
| 602|0x000000074b400000, 0x000000074b400000, 0x000000074b600000|  0%| F|  |TAMS 0x000000074b400000, 0x000000074b400000| Untracked 
| 603|0x000000074b600000, 0x000000074b600000, 0x000000074b800000|  0%| F|  |TAMS 0x000000074b600000, 0x000000074b600000| Untracked 
| 604|0x000000074b800000, 0x000000074b800000, 0x000000074ba00000|  0%| F|  |TAMS 0x000000074b800000, 0x000000074b800000| Untracked 
| 605|0x000000074ba00000, 0x000000074ba00000, 0x000000074bc00000|  0%| F|  |TAMS 0x000000074ba00000, 0x000000074ba00000| Untracked 
| 606|0x000000074bc00000, 0x000000074bc00000, 0x000000074be00000|  0%| F|  |TAMS 0x000000074bc00000, 0x000000074bc00000| Untracked 
| 607|0x000000074be00000, 0x000000074be00000, 0x000000074c000000|  0%| F|  |TAMS 0x000000074be00000, 0x000000074be00000| Untracked 
| 608|0x000000074c000000, 0x000000074c000000, 0x000000074c200000|  0%| F|  |TAMS 0x000000074c000000, 0x000000074c000000| Untracked 
| 609|0x000000074c200000, 0x000000074c200000, 0x000000074c400000|  0%| F|  |TAMS 0x000000074c200000, 0x000000074c200000| Untracked 
| 610|0x000000074c400000, 0x000000074c400000, 0x000000074c600000|  0%| F|  |TAMS 0x000000074c400000, 0x000000074c400000| Untracked 
| 611|0x000000074c600000, 0x000000074c600000, 0x000000074c800000|  0%| F|  |TAMS 0x000000074c600000, 0x000000074c600000| Untracked 
| 612|0x000000074c800000, 0x000000074c800000, 0x000000074ca00000|  0%| F|  |TAMS 0x000000074c800000, 0x000000074c800000| Untracked 
| 613|0x000000074ca00000, 0x000000074ca00000, 0x000000074cc00000|  0%| F|  |TAMS 0x000000074ca00000, 0x000000074ca00000| Untracked 
| 614|0x000000074cc00000, 0x000000074cc00000, 0x000000074ce00000|  0%| F|  |TAMS 0x000000074cc00000, 0x000000074cc00000| Untracked 
| 615|0x000000074ce00000, 0x000000074ce00000, 0x000000074d000000|  0%| F|  |TAMS 0x000000074ce00000, 0x000000074ce00000| Untracked 
| 616|0x000000074d000000, 0x000000074d000000, 0x000000074d200000|  0%| F|  |TAMS 0x000000074d000000, 0x000000074d000000| Untracked 
| 617|0x000000074d200000, 0x000000074d200000, 0x000000074d400000|  0%| F|  |TAMS 0x000000074d200000, 0x000000074d200000| Untracked 
| 618|0x000000074d400000, 0x000000074d400000, 0x000000074d600000|  0%| F|  |TAMS 0x000000074d400000, 0x000000074d400000| Untracked 
| 619|0x000000074d600000, 0x000000074d600000, 0x000000074d800000|  0%| F|  |TAMS 0x000000074d600000, 0x000000074d600000| Untracked 
| 620|0x000000074d800000, 0x000000074d800000, 0x000000074da00000|  0%| F|  |TAMS 0x000000074d800000, 0x000000074d800000| Untracked 
| 621|0x000000074da00000, 0x000000074da00000, 0x000000074dc00000|  0%| F|  |TAMS 0x000000074da00000, 0x000000074da00000| Untracked 
| 622|0x000000074dc00000, 0x000000074dc00000, 0x000000074de00000|  0%| F|  |TAMS 0x000000074dc00000, 0x000000074dc00000| Untracked 
| 623|0x000000074de00000, 0x000000074de00000, 0x000000074e000000|  0%| F|  |TAMS 0x000000074de00000, 0x000000074de00000| Untracked 
| 624|0x000000074e000000, 0x000000074e000000, 0x000000074e200000|  0%| F|  |TAMS 0x000000074e000000, 0x000000074e000000| Untracked 
| 625|0x000000074e200000, 0x000000074e200000, 0x000000074e400000|  0%| F|  |TAMS 0x000000074e200000, 0x000000074e200000| Untracked 
| 626|0x000000074e400000, 0x000000074e400000, 0x000000074e600000|  0%| F|  |TAMS 0x000000074e400000, 0x000000074e400000| Untracked 
| 627|0x000000074e600000, 0x000000074e600000, 0x000000074e800000|  0%| F|  |TAMS 0x000000074e600000, 0x000000074e600000| Untracked 
| 628|0x000000074e800000, 0x000000074e800000, 0x000000074ea00000|  0%| F|  |TAMS 0x000000074e800000, 0x000000074e800000| Untracked 
| 629|0x000000074ea00000, 0x000000074ea00000, 0x000000074ec00000|  0%| F|  |TAMS 0x000000074ea00000, 0x000000074ea00000| Untracked 
| 630|0x000000074ec00000, 0x000000074ec00000, 0x000000074ee00000|  0%| F|  |TAMS 0x000000074ec00000, 0x000000074ec00000| Untracked 
| 631|0x000000074ee00000, 0x000000074ee00000, 0x000000074f000000|  0%| F|  |TAMS 0x000000074ee00000, 0x000000074ee00000| Untracked 
| 632|0x000000074f000000, 0x000000074f000000, 0x000000074f200000|  0%| F|  |TAMS 0x000000074f000000, 0x000000074f000000| Untracked 
| 633|0x000000074f200000, 0x000000074f200000, 0x000000074f400000|  0%| F|  |TAMS 0x000000074f200000, 0x000000074f200000| Untracked 
| 634|0x000000074f400000, 0x000000074f400000, 0x000000074f600000|  0%| F|  |TAMS 0x000000074f400000, 0x000000074f400000| Untracked 
| 635|0x000000074f600000, 0x000000074f600000, 0x000000074f800000|  0%| F|  |TAMS 0x000000074f600000, 0x000000074f600000| Untracked 
| 636|0x000000074f800000, 0x000000074f800000, 0x000000074fa00000|  0%| F|  |TAMS 0x000000074f800000, 0x000000074f800000| Untracked 
| 637|0x000000074fa00000, 0x000000074fa00000, 0x000000074fc00000|  0%| F|  |TAMS 0x000000074fa00000, 0x000000074fa00000| Untracked 
| 638|0x000000074fc00000, 0x000000074fc00000, 0x000000074fe00000|  0%| F|  |TAMS 0x000000074fc00000, 0x000000074fc00000| Untracked 
| 639|0x000000074fe00000, 0x000000074fe00000, 0x0000000750000000|  0%| F|  |TAMS 0x000000074fe00000, 0x000000074fe00000| Untracked 
| 640|0x0000000750000000, 0x0000000750000000, 0x0000000750200000|  0%| F|  |TAMS 0x0000000750000000, 0x0000000750000000| Untracked 
| 641|0x0000000750200000, 0x0000000750200000, 0x0000000750400000|  0%| F|  |TAMS 0x0000000750200000, 0x0000000750200000| Untracked 
| 642|0x0000000750400000, 0x0000000750400000, 0x0000000750600000|  0%| F|  |TAMS 0x0000000750400000, 0x0000000750400000| Untracked 
| 643|0x0000000750600000, 0x0000000750600000, 0x0000000750800000|  0%| F|  |TAMS 0x0000000750600000, 0x0000000750600000| Untracked 
| 644|0x0000000750800000, 0x0000000750800000, 0x0000000750a00000|  0%| F|  |TAMS 0x0000000750800000, 0x0000000750800000| Untracked 
| 645|0x0000000750a00000, 0x0000000750a00000, 0x0000000750c00000|  0%| F|  |TAMS 0x0000000750a00000, 0x0000000750a00000| Untracked 
| 646|0x0000000750c00000, 0x0000000750c00000, 0x0000000750e00000|  0%| F|  |TAMS 0x0000000750c00000, 0x0000000750c00000| Untracked 
| 647|0x0000000750e00000, 0x0000000750e00000, 0x0000000751000000|  0%| F|  |TAMS 0x0000000750e00000, 0x0000000750e00000| Untracked 
| 648|0x0000000751000000, 0x0000000751000000, 0x0000000751200000|  0%| F|  |TAMS 0x0000000751000000, 0x0000000751000000| Untracked 
| 649|0x0000000751200000, 0x0000000751200000, 0x0000000751400000|  0%| F|  |TAMS 0x0000000751200000, 0x0000000751200000| Untracked 
| 650|0x0000000751400000, 0x0000000751400000, 0x0000000751600000|  0%| F|  |TAMS 0x0000000751400000, 0x0000000751400000| Untracked 
| 651|0x0000000751600000, 0x0000000751600000, 0x0000000751800000|  0%| F|  |TAMS 0x0000000751600000, 0x0000000751600000| Untracked 
| 652|0x0000000751800000, 0x0000000751800000, 0x0000000751a00000|  0%| F|  |TAMS 0x0000000751800000, 0x0000000751800000| Untracked 
| 653|0x0000000751a00000, 0x0000000751a00000, 0x0000000751c00000|  0%| F|  |TAMS 0x0000000751a00000, 0x0000000751a00000| Untracked 
| 654|0x0000000751c00000, 0x0000000751c00000, 0x0000000751e00000|  0%| F|  |TAMS 0x0000000751c00000, 0x0000000751c00000| Untracked 
| 655|0x0000000751e00000, 0x0000000751e00000, 0x0000000752000000|  0%| F|  |TAMS 0x0000000751e00000, 0x0000000751e00000| Untracked 
| 656|0x0000000752000000, 0x0000000752000000, 0x0000000752200000|  0%| F|  |TAMS 0x0000000752000000, 0x0000000752000000| Untracked 
| 657|0x0000000752200000, 0x0000000752200000, 0x0000000752400000|  0%| F|  |TAMS 0x0000000752200000, 0x0000000752200000| Untracked 
| 658|0x0000000752400000, 0x0000000752400000, 0x0000000752600000|  0%| F|  |TAMS 0x0000000752400000, 0x0000000752400000| Untracked 
| 659|0x0000000752600000, 0x0000000752600000, 0x0000000752800000|  0%| F|  |TAMS 0x0000000752600000, 0x0000000752600000| Untracked 
| 660|0x0000000752800000, 0x0000000752800000, 0x0000000752a00000|  0%| F|  |TAMS 0x0000000752800000, 0x0000000752800000| Untracked 
| 661|0x0000000752a00000, 0x0000000752a00000, 0x0000000752c00000|  0%| F|  |TAMS 0x0000000752a00000, 0x0000000752a00000| Untracked 
| 662|0x0000000752c00000, 0x0000000752c00000, 0x0000000752e00000|  0%| F|  |TAMS 0x0000000752c00000, 0x0000000752c00000| Untracked 
| 663|0x0000000752e00000, 0x0000000752e00000, 0x0000000753000000|  0%| F|  |TAMS 0x0000000752e00000, 0x0000000752e00000| Untracked 
| 664|0x0000000753000000, 0x0000000753000000, 0x0000000753200000|  0%| F|  |TAMS 0x0000000753000000, 0x0000000753000000| Untracked 
| 665|0x0000000753200000, 0x0000000753200000, 0x0000000753400000|  0%| F|  |TAMS 0x0000000753200000, 0x0000000753200000| Untracked 
| 666|0x0000000753400000, 0x0000000753400000, 0x0000000753600000|  0%| F|  |TAMS 0x0000000753400000, 0x0000000753400000| Untracked 
| 667|0x0000000753600000, 0x0000000753600000, 0x0000000753800000|  0%| F|  |TAMS 0x0000000753600000, 0x0000000753600000| Untracked 
| 668|0x0000000753800000, 0x0000000753800000, 0x0000000753a00000|  0%| F|  |TAMS 0x0000000753800000, 0x0000000753800000| Untracked 
| 669|0x0000000753a00000, 0x0000000753a00000, 0x0000000753c00000|  0%| F|  |TAMS 0x0000000753a00000, 0x0000000753a00000| Untracked 
| 670|0x0000000753c00000, 0x0000000753c00000, 0x0000000753e00000|  0%| F|  |TAMS 0x0000000753c00000, 0x0000000753c00000| Untracked 
| 671|0x0000000753e00000, 0x0000000753e00000, 0x0000000754000000|  0%| F|  |TAMS 0x0000000753e00000, 0x0000000753e00000| Untracked 
| 672|0x0000000754000000, 0x0000000754000000, 0x0000000754200000|  0%| F|  |TAMS 0x0000000754000000, 0x0000000754000000| Untracked 
| 673|0x0000000754200000, 0x0000000754200000, 0x0000000754400000|  0%| F|  |TAMS 0x0000000754200000, 0x0000000754200000| Untracked 
| 674|0x0000000754400000, 0x0000000754400000, 0x0000000754600000|  0%| F|  |TAMS 0x0000000754400000, 0x0000000754400000| Untracked 
| 675|0x0000000754600000, 0x0000000754600000, 0x0000000754800000|  0%| F|  |TAMS 0x0000000754600000, 0x0000000754600000| Untracked 
| 676|0x0000000754800000, 0x0000000754800000, 0x0000000754a00000|  0%| F|  |TAMS 0x0000000754800000, 0x0000000754800000| Untracked 
| 677|0x0000000754a00000, 0x0000000754a00000, 0x0000000754c00000|  0%| F|  |TAMS 0x0000000754a00000, 0x0000000754a00000| Untracked 
| 678|0x0000000754c00000, 0x0000000754c00000, 0x0000000754e00000|  0%| F|  |TAMS 0x0000000754c00000, 0x0000000754c00000| Untracked 
| 679|0x0000000754e00000, 0x0000000754e00000, 0x0000000755000000|  0%| F|  |TAMS 0x0000000754e00000, 0x0000000754e00000| Untracked 
| 680|0x0000000755000000, 0x0000000755000000, 0x0000000755200000|  0%| F|  |TAMS 0x0000000755000000, 0x0000000755000000| Untracked 
| 681|0x0000000755200000, 0x0000000755200000, 0x0000000755400000|  0%| F|  |TAMS 0x0000000755200000, 0x0000000755200000| Untracked 
| 682|0x0000000755400000, 0x0000000755400000, 0x0000000755600000|  0%| F|  |TAMS 0x0000000755400000, 0x0000000755400000| Untracked 
| 683|0x0000000755600000, 0x0000000755600000, 0x0000000755800000|  0%| F|  |TAMS 0x0000000755600000, 0x0000000755600000| Untracked 
| 684|0x0000000755800000, 0x0000000755800000, 0x0000000755a00000|  0%| F|  |TAMS 0x0000000755800000, 0x0000000755800000| Untracked 
| 685|0x0000000755a00000, 0x0000000755a00000, 0x0000000755c00000|  0%| F|  |TAMS 0x0000000755a00000, 0x0000000755a00000| Untracked 
| 686|0x0000000755c00000, 0x0000000755c00000, 0x0000000755e00000|  0%| F|  |TAMS 0x0000000755c00000, 0x0000000755c00000| Untracked 
| 687|0x0000000755e00000, 0x0000000755e00000, 0x0000000756000000|  0%| F|  |TAMS 0x0000000755e00000, 0x0000000755e00000| Untracked 
| 688|0x0000000756000000, 0x0000000756000000, 0x0000000756200000|  0%| F|  |TAMS 0x0000000756000000, 0x0000000756000000| Untracked 
| 689|0x0000000756200000, 0x0000000756200000, 0x0000000756400000|  0%| F|  |TAMS 0x0000000756200000, 0x0000000756200000| Untracked 
| 690|0x0000000756400000, 0x0000000756400000, 0x0000000756600000|  0%| F|  |TAMS 0x0000000756400000, 0x0000000756400000| Untracked 
| 691|0x0000000756600000, 0x0000000756600000, 0x0000000756800000|  0%| F|  |TAMS 0x0000000756600000, 0x0000000756600000| Untracked 
| 692|0x0000000756800000, 0x0000000756800000, 0x0000000756a00000|  0%| F|  |TAMS 0x0000000756800000, 0x0000000756800000| Untracked 
| 693|0x0000000756a00000, 0x0000000756a00000, 0x0000000756c00000|  0%| F|  |TAMS 0x0000000756a00000, 0x0000000756a00000| Untracked 
| 694|0x0000000756c00000, 0x0000000756c00000, 0x0000000756e00000|  0%| F|  |TAMS 0x0000000756c00000, 0x0000000756c00000| Untracked 
| 695|0x0000000756e00000, 0x0000000756e00000, 0x0000000757000000|  0%| F|  |TAMS 0x0000000756e00000, 0x0000000756e00000| Untracked 
| 696|0x0000000757000000, 0x0000000757000000, 0x0000000757200000|  0%| F|  |TAMS 0x0000000757000000, 0x0000000757000000| Untracked 
| 697|0x0000000757200000, 0x0000000757200000, 0x0000000757400000|  0%| F|  |TAMS 0x0000000757200000, 0x0000000757200000| Untracked 
| 698|0x0000000757400000, 0x0000000757400000, 0x0000000757600000|  0%| F|  |TAMS 0x0000000757400000, 0x0000000757400000| Untracked 
| 699|0x0000000757600000, 0x0000000757600000, 0x0000000757800000|  0%| F|  |TAMS 0x0000000757600000, 0x0000000757600000| Untracked 
| 700|0x0000000757800000, 0x0000000757800000, 0x0000000757a00000|  0%| F|  |TAMS 0x0000000757800000, 0x0000000757800000| Untracked 
| 701|0x0000000757a00000, 0x0000000757a00000, 0x0000000757c00000|  0%| F|  |TAMS 0x0000000757a00000, 0x0000000757a00000| Untracked 
| 702|0x0000000757c00000, 0x0000000757c00000, 0x0000000757e00000|  0%| F|  |TAMS 0x0000000757c00000, 0x0000000757c00000| Untracked 
| 703|0x0000000757e00000, 0x0000000757e00000, 0x0000000758000000|  0%| F|  |TAMS 0x0000000757e00000, 0x0000000757e00000| Untracked 
| 704|0x0000000758000000, 0x0000000758000000, 0x0000000758200000|  0%| F|  |TAMS 0x0000000758000000, 0x0000000758000000| Untracked 
| 705|0x0000000758200000, 0x0000000758200000, 0x0000000758400000|  0%| F|  |TAMS 0x0000000758200000, 0x0000000758200000| Untracked 
| 706|0x0000000758400000, 0x0000000758400000, 0x0000000758600000|  0%| F|  |TAMS 0x0000000758400000, 0x0000000758400000| Untracked 
| 707|0x0000000758600000, 0x0000000758600000, 0x0000000758800000|  0%| F|  |TAMS 0x0000000758600000, 0x0000000758600000| Untracked 
| 708|0x0000000758800000, 0x0000000758800000, 0x0000000758a00000|  0%| F|  |TAMS 0x0000000758800000, 0x0000000758800000| Untracked 
| 709|0x0000000758a00000, 0x0000000758a00000, 0x0000000758c00000|  0%| F|  |TAMS 0x0000000758a00000, 0x0000000758a00000| Untracked 
| 710|0x0000000758c00000, 0x0000000758c00000, 0x0000000758e00000|  0%| F|  |TAMS 0x0000000758c00000, 0x0000000758c00000| Untracked 
| 711|0x0000000758e00000, 0x0000000758e00000, 0x0000000759000000|  0%| F|  |TAMS 0x0000000758e00000, 0x0000000758e00000| Untracked 
| 712|0x0000000759000000, 0x0000000759000000, 0x0000000759200000|  0%| F|  |TAMS 0x0000000759000000, 0x0000000759000000| Untracked 
| 713|0x0000000759200000, 0x0000000759200000, 0x0000000759400000|  0%| F|  |TAMS 0x0000000759200000, 0x0000000759200000| Untracked 
| 714|0x0000000759400000, 0x0000000759400000, 0x0000000759600000|  0%| F|  |TAMS 0x0000000759400000, 0x0000000759400000| Untracked 
| 715|0x0000000759600000, 0x0000000759600000, 0x0000000759800000|  0%| F|  |TAMS 0x0000000759600000, 0x0000000759600000| Untracked 
| 716|0x0000000759800000, 0x0000000759800000, 0x0000000759a00000|  0%| F|  |TAMS 0x0000000759800000, 0x0000000759800000| Untracked 
| 717|0x0000000759a00000, 0x0000000759a00000, 0x0000000759c00000|  0%| F|  |TAMS 0x0000000759a00000, 0x0000000759a00000| Untracked 
| 718|0x0000000759c00000, 0x0000000759c00000, 0x0000000759e00000|  0%| F|  |TAMS 0x0000000759c00000, 0x0000000759c00000| Untracked 
| 719|0x0000000759e00000, 0x0000000759e00000, 0x000000075a000000|  0%| F|  |TAMS 0x0000000759e00000, 0x0000000759e00000| Untracked 
| 720|0x000000075a000000, 0x000000075a000000, 0x000000075a200000|  0%| F|  |TAMS 0x000000075a000000, 0x000000075a000000| Untracked 
| 721|0x000000075a200000, 0x000000075a200000, 0x000000075a400000|  0%| F|  |TAMS 0x000000075a200000, 0x000000075a200000| Untracked 
| 722|0x000000075a400000, 0x000000075a400000, 0x000000075a600000|  0%| F|  |TAMS 0x000000075a400000, 0x000000075a400000| Untracked 
| 723|0x000000075a600000, 0x000000075a600000, 0x000000075a800000|  0%| F|  |TAMS 0x000000075a600000, 0x000000075a600000| Untracked 
| 724|0x000000075a800000, 0x000000075a800000, 0x000000075aa00000|  0%| F|  |TAMS 0x000000075a800000, 0x000000075a800000| Untracked 
| 725|0x000000075aa00000, 0x000000075aa00000, 0x000000075ac00000|  0%| F|  |TAMS 0x000000075aa00000, 0x000000075aa00000| Untracked 
| 726|0x000000075ac00000, 0x000000075ac00000, 0x000000075ae00000|  0%| F|  |TAMS 0x000000075ac00000, 0x000000075ac00000| Untracked 
| 727|0x000000075ae00000, 0x000000075ae00000, 0x000000075b000000|  0%| F|  |TAMS 0x000000075ae00000, 0x000000075ae00000| Untracked 
| 728|0x000000075b000000, 0x000000075b000000, 0x000000075b200000|  0%| F|  |TAMS 0x000000075b000000, 0x000000075b000000| Untracked 
| 729|0x000000075b200000, 0x000000075b200000, 0x000000075b400000|  0%| F|  |TAMS 0x000000075b200000, 0x000000075b200000| Untracked 
| 730|0x000000075b400000, 0x000000075b400000, 0x000000075b600000|  0%| F|  |TAMS 0x000000075b400000, 0x000000075b400000| Untracked 
| 731|0x000000075b600000, 0x000000075b600000, 0x000000075b800000|  0%| F|  |TAMS 0x000000075b600000, 0x000000075b600000| Untracked 
| 732|0x000000075b800000, 0x000000075b800000, 0x000000075ba00000|  0%| F|  |TAMS 0x000000075b800000, 0x000000075b800000| Untracked 
| 733|0x000000075ba00000, 0x000000075ba00000, 0x000000075bc00000|  0%| F|  |TAMS 0x000000075ba00000, 0x000000075ba00000| Untracked 
| 734|0x000000075bc00000, 0x000000075bc00000, 0x000000075be00000|  0%| F|  |TAMS 0x000000075bc00000, 0x000000075bc00000| Untracked 
| 735|0x000000075be00000, 0x000000075be00000, 0x000000075c000000|  0%| F|  |TAMS 0x000000075be00000, 0x000000075be00000| Untracked 
| 736|0x000000075c000000, 0x000000075c000000, 0x000000075c200000|  0%| F|  |TAMS 0x000000075c000000, 0x000000075c000000| Untracked 
| 737|0x000000075c200000, 0x000000075c200000, 0x000000075c400000|  0%| F|  |TAMS 0x000000075c200000, 0x000000075c200000| Untracked 
| 738|0x000000075c400000, 0x000000075c400000, 0x000000075c600000|  0%| F|  |TAMS 0x000000075c400000, 0x000000075c400000| Untracked 
| 739|0x000000075c600000, 0x000000075c600000, 0x000000075c800000|  0%| F|  |TAMS 0x000000075c600000, 0x000000075c600000| Untracked 
| 740|0x000000075c800000, 0x000000075c800000, 0x000000075ca00000|  0%| F|  |TAMS 0x000000075c800000, 0x000000075c800000| Untracked 
| 741|0x000000075ca00000, 0x000000075ca00000, 0x000000075cc00000|  0%| F|  |TAMS 0x000000075ca00000, 0x000000075ca00000| Untracked 
| 742|0x000000075cc00000, 0x000000075cc00000, 0x000000075ce00000|  0%| F|  |TAMS 0x000000075cc00000, 0x000000075cc00000| Untracked 
| 743|0x000000075ce00000, 0x000000075ce00000, 0x000000075d000000|  0%| F|  |TAMS 0x000000075ce00000, 0x000000075ce00000| Untracked 
| 744|0x000000075d000000, 0x000000075d000000, 0x000000075d200000|  0%| F|  |TAMS 0x000000075d000000, 0x000000075d000000| Untracked 
| 745|0x000000075d200000, 0x000000075d200000, 0x000000075d400000|  0%| F|  |TAMS 0x000000075d200000, 0x000000075d200000| Untracked 
| 746|0x000000075d400000, 0x000000075d400000, 0x000000075d600000|  0%| F|  |TAMS 0x000000075d400000, 0x000000075d400000| Untracked 
| 747|0x000000075d600000, 0x000000075d600000, 0x000000075d800000|  0%| F|  |TAMS 0x000000075d600000, 0x000000075d600000| Untracked 
| 748|0x000000075d800000, 0x000000075d800000, 0x000000075da00000|  0%| F|  |TAMS 0x000000075d800000, 0x000000075d800000| Untracked 
| 749|0x000000075da00000, 0x000000075da00000, 0x000000075dc00000|  0%| F|  |TAMS 0x000000075da00000, 0x000000075da00000| Untracked 
| 750|0x000000075dc00000, 0x000000075dc00000, 0x000000075de00000|  0%| F|  |TAMS 0x000000075dc00000, 0x000000075dc00000| Untracked 
| 751|0x000000075de00000, 0x000000075de00000, 0x000000075e000000|  0%| F|  |TAMS 0x000000075de00000, 0x000000075de00000| Untracked 
| 752|0x000000075e000000, 0x000000075e000000, 0x000000075e200000|  0%| F|  |TAMS 0x000000075e000000, 0x000000075e000000| Untracked 
| 753|0x000000075e200000, 0x000000075e200000, 0x000000075e400000|  0%| F|  |TAMS 0x000000075e200000, 0x000000075e200000| Untracked 
| 754|0x000000075e400000, 0x000000075e400000, 0x000000075e600000|  0%| F|  |TAMS 0x000000075e400000, 0x000000075e400000| Untracked 
| 755|0x000000075e600000, 0x000000075e600000, 0x000000075e800000|  0%| F|  |TAMS 0x000000075e600000, 0x000000075e600000| Untracked 
| 756|0x000000075e800000, 0x000000075e800000, 0x000000075ea00000|  0%| F|  |TAMS 0x000000075e800000, 0x000000075e800000| Untracked 
| 757|0x000000075ea00000, 0x000000075ea00000, 0x000000075ec00000|  0%| F|  |TAMS 0x000000075ea00000, 0x000000075ea00000| Untracked 
| 758|0x000000075ec00000, 0x000000075ec00000, 0x000000075ee00000|  0%| F|  |TAMS 0x000000075ec00000, 0x000000075ec00000| Untracked 
| 759|0x000000075ee00000, 0x000000075ee00000, 0x000000075f000000|  0%| F|  |TAMS 0x000000075ee00000, 0x000000075ee00000| Untracked 
| 760|0x000000075f000000, 0x000000075f000000, 0x000000075f200000|  0%| F|  |TAMS 0x000000075f000000, 0x000000075f000000| Untracked 
| 761|0x000000075f200000, 0x000000075f200000, 0x000000075f400000|  0%| F|  |TAMS 0x000000075f200000, 0x000000075f200000| Untracked 
| 762|0x000000075f400000, 0x000000075f400000, 0x000000075f600000|  0%| F|  |TAMS 0x000000075f400000, 0x000000075f400000| Untracked 
| 763|0x000000075f600000, 0x000000075f600000, 0x000000075f800000|  0%| F|  |TAMS 0x000000075f600000, 0x000000075f600000| Untracked 
| 764|0x000000075f800000, 0x000000075f800000, 0x000000075fa00000|  0%| F|  |TAMS 0x000000075f800000, 0x000000075f800000| Untracked 
| 765|0x000000075fa00000, 0x000000075fa00000, 0x000000075fc00000|  0%| F|  |TAMS 0x000000075fa00000, 0x000000075fa00000| Untracked 
| 766|0x000000075fc00000, 0x000000075fc00000, 0x000000075fe00000|  0%| F|  |TAMS 0x000000075fc00000, 0x000000075fc00000| Untracked 
| 767|0x000000075fe00000, 0x000000075fe00000, 0x0000000760000000|  0%| F|  |TAMS 0x000000075fe00000, 0x000000075fe00000| Untracked 
| 768|0x0000000760000000, 0x0000000760000000, 0x0000000760200000|  0%| F|  |TAMS 0x0000000760000000, 0x0000000760000000| Untracked 
| 769|0x0000000760200000, 0x0000000760200000, 0x0000000760400000|  0%| F|  |TAMS 0x0000000760200000, 0x0000000760200000| Untracked 
| 770|0x0000000760400000, 0x0000000760400000, 0x0000000760600000|  0%| F|  |TAMS 0x0000000760400000, 0x0000000760400000| Untracked 
| 771|0x0000000760600000, 0x0000000760600000, 0x0000000760800000|  0%| F|  |TAMS 0x0000000760600000, 0x0000000760600000| Untracked 
| 772|0x0000000760800000, 0x0000000760800000, 0x0000000760a00000|  0%| F|  |TAMS 0x0000000760800000, 0x0000000760800000| Untracked 
| 773|0x0000000760a00000, 0x0000000760a00000, 0x0000000760c00000|  0%| F|  |TAMS 0x0000000760a00000, 0x0000000760a00000| Untracked 
| 774|0x0000000760c00000, 0x0000000760c00000, 0x0000000760e00000|  0%| F|  |TAMS 0x0000000760c00000, 0x0000000760c00000| Untracked 
| 775|0x0000000760e00000, 0x0000000760e00000, 0x0000000761000000|  0%| F|  |TAMS 0x0000000760e00000, 0x0000000760e00000| Untracked 
| 776|0x0000000761000000, 0x0000000761000000, 0x0000000761200000|  0%| F|  |TAMS 0x0000000761000000, 0x0000000761000000| Untracked 
| 777|0x0000000761200000, 0x0000000761200000, 0x0000000761400000|  0%| F|  |TAMS 0x0000000761200000, 0x0000000761200000| Untracked 
| 778|0x0000000761400000, 0x0000000761400000, 0x0000000761600000|  0%| F|  |TAMS 0x0000000761400000, 0x0000000761400000| Untracked 
| 779|0x0000000761600000, 0x0000000761600000, 0x0000000761800000|  0%| F|  |TAMS 0x0000000761600000, 0x0000000761600000| Untracked 
| 780|0x0000000761800000, 0x0000000761800000, 0x0000000761a00000|  0%| F|  |TAMS 0x0000000761800000, 0x0000000761800000| Untracked 
| 781|0x0000000761a00000, 0x0000000761a00000, 0x0000000761c00000|  0%| F|  |TAMS 0x0000000761a00000, 0x0000000761a00000| Untracked 
| 782|0x0000000761c00000, 0x0000000761c00000, 0x0000000761e00000|  0%| F|  |TAMS 0x0000000761c00000, 0x0000000761c00000| Untracked 
| 783|0x0000000761e00000, 0x0000000761e00000, 0x0000000762000000|  0%| F|  |TAMS 0x0000000761e00000, 0x0000000761e00000| Untracked 
| 784|0x0000000762000000, 0x0000000762000000, 0x0000000762200000|  0%| F|  |TAMS 0x0000000762000000, 0x0000000762000000| Untracked 
| 785|0x0000000762200000, 0x0000000762200000, 0x0000000762400000|  0%| F|  |TAMS 0x0000000762200000, 0x0000000762200000| Untracked 
| 786|0x0000000762400000, 0x0000000762400000, 0x0000000762600000|  0%| F|  |TAMS 0x0000000762400000, 0x0000000762400000| Untracked 
| 787|0x0000000762600000, 0x0000000762600000, 0x0000000762800000|  0%| F|  |TAMS 0x0000000762600000, 0x0000000762600000| Untracked 
| 788|0x0000000762800000, 0x0000000762800000, 0x0000000762a00000|  0%| F|  |TAMS 0x0000000762800000, 0x0000000762800000| Untracked 
| 789|0x0000000762a00000, 0x0000000762a00000, 0x0000000762c00000|  0%| F|  |TAMS 0x0000000762a00000, 0x0000000762a00000| Untracked 
| 790|0x0000000762c00000, 0x0000000762c00000, 0x0000000762e00000|  0%| F|  |TAMS 0x0000000762c00000, 0x0000000762c00000| Untracked 
| 791|0x0000000762e00000, 0x0000000762e00000, 0x0000000763000000|  0%| F|  |TAMS 0x0000000762e00000, 0x0000000762e00000| Untracked 
| 792|0x0000000763000000, 0x0000000763000000, 0x0000000763200000|  0%| F|  |TAMS 0x0000000763000000, 0x0000000763000000| Untracked 
| 793|0x0000000763200000, 0x0000000763200000, 0x0000000763400000|  0%| F|  |TAMS 0x0000000763200000, 0x0000000763200000| Untracked 
| 794|0x0000000763400000, 0x0000000763400000, 0x0000000763600000|  0%| F|  |TAMS 0x0000000763400000, 0x0000000763400000| Untracked 
| 795|0x0000000763600000, 0x0000000763600000, 0x0000000763800000|  0%| F|  |TAMS 0x0000000763600000, 0x0000000763600000| Untracked 
| 796|0x0000000763800000, 0x0000000763800000, 0x0000000763a00000|  0%| F|  |TAMS 0x0000000763800000, 0x0000000763800000| Untracked 
| 797|0x0000000763a00000, 0x0000000763a00000, 0x0000000763c00000|  0%| F|  |TAMS 0x0000000763a00000, 0x0000000763a00000| Untracked 
| 798|0x0000000763c00000, 0x0000000763c00000, 0x0000000763e00000|  0%| F|  |TAMS 0x0000000763c00000, 0x0000000763c00000| Untracked 
| 799|0x0000000763e00000, 0x0000000763e00000, 0x0000000764000000|  0%| F|  |TAMS 0x0000000763e00000, 0x0000000763e00000| Untracked 
| 800|0x0000000764000000, 0x0000000764000000, 0x0000000764200000|  0%| F|  |TAMS 0x0000000764000000, 0x0000000764000000| Untracked 
| 801|0x0000000764200000, 0x0000000764200000, 0x0000000764400000|  0%| F|  |TAMS 0x0000000764200000, 0x0000000764200000| Untracked 
| 802|0x0000000764400000, 0x0000000764400000, 0x0000000764600000|  0%| F|  |TAMS 0x0000000764400000, 0x0000000764400000| Untracked 
| 803|0x0000000764600000, 0x0000000764600000, 0x0000000764800000|  0%| F|  |TAMS 0x0000000764600000, 0x0000000764600000| Untracked 
| 804|0x0000000764800000, 0x0000000764800000, 0x0000000764a00000|  0%| F|  |TAMS 0x0000000764800000, 0x0000000764800000| Untracked 
| 805|0x0000000764a00000, 0x0000000764a00000, 0x0000000764c00000|  0%| F|  |TAMS 0x0000000764a00000, 0x0000000764a00000| Untracked 
| 806|0x0000000764c00000, 0x0000000764c00000, 0x0000000764e00000|  0%| F|  |TAMS 0x0000000764c00000, 0x0000000764c00000| Untracked 
| 807|0x0000000764e00000, 0x0000000764e00000, 0x0000000765000000|  0%| F|  |TAMS 0x0000000764e00000, 0x0000000764e00000| Untracked 
| 808|0x0000000765000000, 0x0000000765000000, 0x0000000765200000|  0%| F|  |TAMS 0x0000000765000000, 0x0000000765000000| Untracked 
| 809|0x0000000765200000, 0x0000000765200000, 0x0000000765400000|  0%| F|  |TAMS 0x0000000765200000, 0x0000000765200000| Untracked 
| 810|0x0000000765400000, 0x0000000765400000, 0x0000000765600000|  0%| F|  |TAMS 0x0000000765400000, 0x0000000765400000| Untracked 
| 811|0x0000000765600000, 0x0000000765600000, 0x0000000765800000|  0%| F|  |TAMS 0x0000000765600000, 0x0000000765600000| Untracked 
| 812|0x0000000765800000, 0x0000000765800000, 0x0000000765a00000|  0%| F|  |TAMS 0x0000000765800000, 0x0000000765800000| Untracked 
| 813|0x0000000765a00000, 0x0000000765a00000, 0x0000000765c00000|  0%| F|  |TAMS 0x0000000765a00000, 0x0000000765a00000| Untracked 
| 814|0x0000000765c00000, 0x0000000765c00000, 0x0000000765e00000|  0%| F|  |TAMS 0x0000000765c00000, 0x0000000765c00000| Untracked 
| 815|0x0000000765e00000, 0x0000000765e00000, 0x0000000766000000|  0%| F|  |TAMS 0x0000000765e00000, 0x0000000765e00000| Untracked 
| 816|0x0000000766000000, 0x0000000766000000, 0x0000000766200000|  0%| F|  |TAMS 0x0000000766000000, 0x0000000766000000| Untracked 
| 817|0x0000000766200000, 0x0000000766200000, 0x0000000766400000|  0%| F|  |TAMS 0x0000000766200000, 0x0000000766200000| Untracked 
| 818|0x0000000766400000, 0x0000000766400000, 0x0000000766600000|  0%| F|  |TAMS 0x0000000766400000, 0x0000000766400000| Untracked 
| 819|0x0000000766600000, 0x0000000766600000, 0x0000000766800000|  0%| F|  |TAMS 0x0000000766600000, 0x0000000766600000| Untracked 
| 820|0x0000000766800000, 0x0000000766800000, 0x0000000766a00000|  0%| F|  |TAMS 0x0000000766800000, 0x0000000766800000| Untracked 
| 821|0x0000000766a00000, 0x0000000766a00000, 0x0000000766c00000|  0%| F|  |TAMS 0x0000000766a00000, 0x0000000766a00000| Untracked 
| 822|0x0000000766c00000, 0x0000000766c00000, 0x0000000766e00000|  0%| F|  |TAMS 0x0000000766c00000, 0x0000000766c00000| Untracked 
| 823|0x0000000766e00000, 0x0000000766e00000, 0x0000000767000000|  0%| F|  |TAMS 0x0000000766e00000, 0x0000000766e00000| Untracked 
| 824|0x0000000767000000, 0x0000000767000000, 0x0000000767200000|  0%| F|  |TAMS 0x0000000767000000, 0x0000000767000000| Untracked 
| 825|0x0000000767200000, 0x0000000767200000, 0x0000000767400000|  0%| F|  |TAMS 0x0000000767200000, 0x0000000767200000| Untracked 
| 826|0x0000000767400000, 0x0000000767400000, 0x0000000767600000|  0%| F|  |TAMS 0x0000000767400000, 0x0000000767400000| Untracked 
| 827|0x0000000767600000, 0x0000000767600000, 0x0000000767800000|  0%| F|  |TAMS 0x0000000767600000, 0x0000000767600000| Untracked 
| 828|0x0000000767800000, 0x0000000767800000, 0x0000000767a00000|  0%| F|  |TAMS 0x0000000767800000, 0x0000000767800000| Untracked 
| 829|0x0000000767a00000, 0x0000000767a00000, 0x0000000767c00000|  0%| F|  |TAMS 0x0000000767a00000, 0x0000000767a00000| Untracked 
| 830|0x0000000767c00000, 0x0000000767c00000, 0x0000000767e00000|  0%| F|  |TAMS 0x0000000767c00000, 0x0000000767c00000| Untracked 
| 831|0x0000000767e00000, 0x0000000767e00000, 0x0000000768000000|  0%| F|  |TAMS 0x0000000767e00000, 0x0000000767e00000| Untracked 
| 832|0x0000000768000000, 0x0000000768000000, 0x0000000768200000|  0%| F|  |TAMS 0x0000000768000000, 0x0000000768000000| Untracked 
| 833|0x0000000768200000, 0x0000000768200000, 0x0000000768400000|  0%| F|  |TAMS 0x0000000768200000, 0x0000000768200000| Untracked 
| 834|0x0000000768400000, 0x0000000768400000, 0x0000000768600000|  0%| F|  |TAMS 0x0000000768400000, 0x0000000768400000| Untracked 
| 835|0x0000000768600000, 0x0000000768600000, 0x0000000768800000|  0%| F|  |TAMS 0x0000000768600000, 0x0000000768600000| Untracked 
| 836|0x0000000768800000, 0x0000000768800000, 0x0000000768a00000|  0%| F|  |TAMS 0x0000000768800000, 0x0000000768800000| Untracked 
| 837|0x0000000768a00000, 0x0000000768a00000, 0x0000000768c00000|  0%| F|  |TAMS 0x0000000768a00000, 0x0000000768a00000| Untracked 
| 838|0x0000000768c00000, 0x0000000768c00000, 0x0000000768e00000|  0%| F|  |TAMS 0x0000000768c00000, 0x0000000768c00000| Untracked 
| 839|0x0000000768e00000, 0x0000000768e00000, 0x0000000769000000|  0%| F|  |TAMS 0x0000000768e00000, 0x0000000768e00000| Untracked 
| 840|0x0000000769000000, 0x0000000769000000, 0x0000000769200000|  0%| F|  |TAMS 0x0000000769000000, 0x0000000769000000| Untracked 
| 841|0x0000000769200000, 0x0000000769200000, 0x0000000769400000|  0%| F|  |TAMS 0x0000000769200000, 0x0000000769200000| Untracked 
| 842|0x0000000769400000, 0x0000000769400000, 0x0000000769600000|  0%| F|  |TAMS 0x0000000769400000, 0x0000000769400000| Untracked 
| 843|0x0000000769600000, 0x0000000769600000, 0x0000000769800000|  0%| F|  |TAMS 0x0000000769600000, 0x0000000769600000| Untracked 
| 844|0x0000000769800000, 0x0000000769800000, 0x0000000769a00000|  0%| F|  |TAMS 0x0000000769800000, 0x0000000769800000| Untracked 
| 845|0x0000000769a00000, 0x0000000769a00000, 0x0000000769c00000|  0%| F|  |TAMS 0x0000000769a00000, 0x0000000769a00000| Untracked 
| 846|0x0000000769c00000, 0x0000000769c00000, 0x0000000769e00000|  0%| F|  |TAMS 0x0000000769c00000, 0x0000000769c00000| Untracked 
| 847|0x0000000769e00000, 0x0000000769e00000, 0x000000076a000000|  0%| F|  |TAMS 0x0000000769e00000, 0x0000000769e00000| Untracked 
| 848|0x000000076a000000, 0x000000076a000000, 0x000000076a200000|  0%| F|  |TAMS 0x000000076a000000, 0x000000076a000000| Untracked 
| 849|0x000000076a200000, 0x000000076a200000, 0x000000076a400000|  0%| F|  |TAMS 0x000000076a200000, 0x000000076a200000| Untracked 
| 850|0x000000076a400000, 0x000000076a400000, 0x000000076a600000|  0%| F|  |TAMS 0x000000076a400000, 0x000000076a400000| Untracked 
| 851|0x000000076a600000, 0x000000076a600000, 0x000000076a800000|  0%| F|  |TAMS 0x000000076a600000, 0x000000076a600000| Untracked 
| 852|0x000000076a800000, 0x000000076a800000, 0x000000076aa00000|  0%| F|  |TAMS 0x000000076a800000, 0x000000076a800000| Untracked 
| 853|0x000000076aa00000, 0x000000076aa00000, 0x000000076ac00000|  0%| F|  |TAMS 0x000000076aa00000, 0x000000076aa00000| Untracked 
| 854|0x000000076ac00000, 0x000000076ac00000, 0x000000076ae00000|  0%| F|  |TAMS 0x000000076ac00000, 0x000000076ac00000| Untracked 
| 855|0x000000076ae00000, 0x000000076ae00000, 0x000000076b000000|  0%| F|  |TAMS 0x000000076ae00000, 0x000000076ae00000| Untracked 
| 856|0x000000076b000000, 0x000000076b000000, 0x000000076b200000|  0%| F|  |TAMS 0x000000076b000000, 0x000000076b000000| Untracked 
| 857|0x000000076b200000, 0x000000076b200000, 0x000000076b400000|  0%| F|  |TAMS 0x000000076b200000, 0x000000076b200000| Untracked 
| 858|0x000000076b400000, 0x000000076b400000, 0x000000076b600000|  0%| F|  |TAMS 0x000000076b400000, 0x000000076b400000| Untracked 
| 859|0x000000076b600000, 0x000000076b600000, 0x000000076b800000|  0%| F|  |TAMS 0x000000076b600000, 0x000000076b600000| Untracked 
| 860|0x000000076b800000, 0x000000076b800000, 0x000000076ba00000|  0%| F|  |TAMS 0x000000076b800000, 0x000000076b800000| Untracked 
| 861|0x000000076ba00000, 0x000000076ba00000, 0x000000076bc00000|  0%| F|  |TAMS 0x000000076ba00000, 0x000000076ba00000| Untracked 
| 862|0x000000076bc00000, 0x000000076bc00000, 0x000000076be00000|  0%| F|  |TAMS 0x000000076bc00000, 0x000000076bc00000| Untracked 
| 863|0x000000076be00000, 0x000000076be00000, 0x000000076c000000|  0%| F|  |TAMS 0x000000076be00000, 0x000000076be00000| Untracked 
| 864|0x000000076c000000, 0x000000076c000000, 0x000000076c200000|  0%| F|  |TAMS 0x000000076c000000, 0x000000076c000000| Untracked 
| 865|0x000000076c200000, 0x000000076c200000, 0x000000076c400000|  0%| F|  |TAMS 0x000000076c200000, 0x000000076c200000| Untracked 
| 866|0x000000076c400000, 0x000000076c400000, 0x000000076c600000|  0%| F|  |TAMS 0x000000076c400000, 0x000000076c400000| Untracked 
| 867|0x000000076c600000, 0x000000076c600000, 0x000000076c800000|  0%| F|  |TAMS 0x000000076c600000, 0x000000076c600000| Untracked 
| 868|0x000000076c800000, 0x000000076c800000, 0x000000076ca00000|  0%| F|  |TAMS 0x000000076c800000, 0x000000076c800000| Untracked 
| 869|0x000000076ca00000, 0x000000076ca00000, 0x000000076cc00000|  0%| F|  |TAMS 0x000000076ca00000, 0x000000076ca00000| Untracked 
| 870|0x000000076cc00000, 0x000000076cc00000, 0x000000076ce00000|  0%| F|  |TAMS 0x000000076cc00000, 0x000000076cc00000| Untracked 
| 871|0x000000076ce00000, 0x000000076ce00000, 0x000000076d000000|  0%| F|  |TAMS 0x000000076ce00000, 0x000000076ce00000| Untracked 
| 872|0x000000076d000000, 0x000000076d000000, 0x000000076d200000|  0%| F|  |TAMS 0x000000076d000000, 0x000000076d000000| Untracked 
| 873|0x000000076d200000, 0x000000076d200000, 0x000000076d400000|  0%| F|  |TAMS 0x000000076d200000, 0x000000076d200000| Untracked 
| 874|0x000000076d400000, 0x000000076d400000, 0x000000076d600000|  0%| F|  |TAMS 0x000000076d400000, 0x000000076d400000| Untracked 
| 875|0x000000076d600000, 0x000000076d600000, 0x000000076d800000|  0%| F|  |TAMS 0x000000076d600000, 0x000000076d600000| Untracked 
| 876|0x000000076d800000, 0x000000076d800000, 0x000000076da00000|  0%| F|  |TAMS 0x000000076d800000, 0x000000076d800000| Untracked 
| 877|0x000000076da00000, 0x000000076da00000, 0x000000076dc00000|  0%| F|  |TAMS 0x000000076da00000, 0x000000076da00000| Untracked 
| 878|0x000000076dc00000, 0x000000076dc00000, 0x000000076de00000|  0%| F|  |TAMS 0x000000076dc00000, 0x000000076dc00000| Untracked 
| 879|0x000000076de00000, 0x000000076de00000, 0x000000076e000000|  0%| F|  |TAMS 0x000000076de00000, 0x000000076de00000| Untracked 
| 880|0x000000076e000000, 0x000000076e000000, 0x000000076e200000|  0%| F|  |TAMS 0x000000076e000000, 0x000000076e000000| Untracked 
| 881|0x000000076e200000, 0x000000076e200000, 0x000000076e400000|  0%| F|  |TAMS 0x000000076e200000, 0x000000076e200000| Untracked 
| 882|0x000000076e400000, 0x000000076e400000, 0x000000076e600000|  0%| F|  |TAMS 0x000000076e400000, 0x000000076e400000| Untracked 
| 883|0x000000076e600000, 0x000000076e600000, 0x000000076e800000|  0%| F|  |TAMS 0x000000076e600000, 0x000000076e600000| Untracked 
| 884|0x000000076e800000, 0x000000076e800000, 0x000000076ea00000|  0%| F|  |TAMS 0x000000076e800000, 0x000000076e800000| Untracked 
| 885|0x000000076ea00000, 0x000000076ea00000, 0x000000076ec00000|  0%| F|  |TAMS 0x000000076ea00000, 0x000000076ea00000| Untracked 
| 886|0x000000076ec00000, 0x000000076ec00000, 0x000000076ee00000|  0%| F|  |TAMS 0x000000076ec00000, 0x000000076ec00000| Untracked 
| 887|0x000000076ee00000, 0x000000076ee00000, 0x000000076f000000|  0%| F|  |TAMS 0x000000076ee00000, 0x000000076ee00000| Untracked 
| 888|0x000000076f000000, 0x000000076f000000, 0x000000076f200000|  0%| F|  |TAMS 0x000000076f000000, 0x000000076f000000| Untracked 
| 889|0x000000076f200000, 0x000000076f200000, 0x000000076f400000|  0%| F|  |TAMS 0x000000076f200000, 0x000000076f200000| Untracked 
| 890|0x000000076f400000, 0x000000076f400000, 0x000000076f600000|  0%| F|  |TAMS 0x000000076f400000, 0x000000076f400000| Untracked 
| 891|0x000000076f600000, 0x000000076f600000, 0x000000076f800000|  0%| F|  |TAMS 0x000000076f600000, 0x000000076f600000| Untracked 
| 892|0x000000076f800000, 0x000000076f800000, 0x000000076fa00000|  0%| F|  |TAMS 0x000000076f800000, 0x000000076f800000| Untracked 
| 893|0x000000076fa00000, 0x000000076fa00000, 0x000000076fc00000|  0%| F|  |TAMS 0x000000076fa00000, 0x000000076fa00000| Untracked 
| 894|0x000000076fc00000, 0x000000076fc00000, 0x000000076fe00000|  0%| F|  |TAMS 0x000000076fc00000, 0x000000076fc00000| Untracked 
| 895|0x000000076fe00000, 0x000000076fe00000, 0x0000000770000000|  0%| F|  |TAMS 0x000000076fe00000, 0x000000076fe00000| Untracked 
| 896|0x0000000770000000, 0x0000000770000000, 0x0000000770200000|  0%| F|  |TAMS 0x0000000770000000, 0x0000000770000000| Untracked 
| 897|0x0000000770200000, 0x0000000770200000, 0x0000000770400000|  0%| F|  |TAMS 0x0000000770200000, 0x0000000770200000| Untracked 
| 898|0x0000000770400000, 0x0000000770400000, 0x0000000770600000|  0%| F|  |TAMS 0x0000000770400000, 0x0000000770400000| Untracked 
| 899|0x0000000770600000, 0x0000000770600000, 0x0000000770800000|  0%| F|  |TAMS 0x0000000770600000, 0x0000000770600000| Untracked 
| 900|0x0000000770800000, 0x0000000770800000, 0x0000000770a00000|  0%| F|  |TAMS 0x0000000770800000, 0x0000000770800000| Untracked 
| 901|0x0000000770a00000, 0x0000000770a00000, 0x0000000770c00000|  0%| F|  |TAMS 0x0000000770a00000, 0x0000000770a00000| Untracked 
| 902|0x0000000770c00000, 0x0000000770c00000, 0x0000000770e00000|  0%| F|  |TAMS 0x0000000770c00000, 0x0000000770c00000| Untracked 
| 903|0x0000000770e00000, 0x0000000770e00000, 0x0000000771000000|  0%| F|  |TAMS 0x0000000770e00000, 0x0000000770e00000| Untracked 
| 904|0x0000000771000000, 0x0000000771000000, 0x0000000771200000|  0%| F|  |TAMS 0x0000000771000000, 0x0000000771000000| Untracked 
| 905|0x0000000771200000, 0x0000000771200000, 0x0000000771400000|  0%| F|  |TAMS 0x0000000771200000, 0x0000000771200000| Untracked 
| 906|0x0000000771400000, 0x0000000771400000, 0x0000000771600000|  0%| F|  |TAMS 0x0000000771400000, 0x0000000771400000| Untracked 
| 907|0x0000000771600000, 0x0000000771600000, 0x0000000771800000|  0%| F|  |TAMS 0x0000000771600000, 0x0000000771600000| Untracked 
| 908|0x0000000771800000, 0x0000000771800000, 0x0000000771a00000|  0%| F|  |TAMS 0x0000000771800000, 0x0000000771800000| Untracked 
| 909|0x0000000771a00000, 0x0000000771a00000, 0x0000000771c00000|  0%| F|  |TAMS 0x0000000771a00000, 0x0000000771a00000| Untracked 
| 910|0x0000000771c00000, 0x0000000771c00000, 0x0000000771e00000|  0%| F|  |TAMS 0x0000000771c00000, 0x0000000771c00000| Untracked 
| 911|0x0000000771e00000, 0x0000000771e00000, 0x0000000772000000|  0%| F|  |TAMS 0x0000000771e00000, 0x0000000771e00000| Untracked 
| 912|0x0000000772000000, 0x0000000772000000, 0x0000000772200000|  0%| F|  |TAMS 0x0000000772000000, 0x0000000772000000| Untracked 
| 913|0x0000000772200000, 0x0000000772200000, 0x0000000772400000|  0%| F|  |TAMS 0x0000000772200000, 0x0000000772200000| Untracked 
| 914|0x0000000772400000, 0x0000000772400000, 0x0000000772600000|  0%| F|  |TAMS 0x0000000772400000, 0x0000000772400000| Untracked 
| 915|0x0000000772600000, 0x0000000772600000, 0x0000000772800000|  0%| F|  |TAMS 0x0000000772600000, 0x0000000772600000| Untracked 
| 916|0x0000000772800000, 0x0000000772800000, 0x0000000772a00000|  0%| F|  |TAMS 0x0000000772800000, 0x0000000772800000| Untracked 
| 917|0x0000000772a00000, 0x0000000772a00000, 0x0000000772c00000|  0%| F|  |TAMS 0x0000000772a00000, 0x0000000772a00000| Untracked 
| 918|0x0000000772c00000, 0x0000000772c00000, 0x0000000772e00000|  0%| F|  |TAMS 0x0000000772c00000, 0x0000000772c00000| Untracked 
| 919|0x0000000772e00000, 0x0000000772e00000, 0x0000000773000000|  0%| F|  |TAMS 0x0000000772e00000, 0x0000000772e00000| Untracked 
| 920|0x0000000773000000, 0x0000000773000000, 0x0000000773200000|  0%| F|  |TAMS 0x0000000773000000, 0x0000000773000000| Untracked 
| 921|0x0000000773200000, 0x0000000773200000, 0x0000000773400000|  0%| F|  |TAMS 0x0000000773200000, 0x0000000773200000| Untracked 
| 922|0x0000000773400000, 0x0000000773400000, 0x0000000773600000|  0%| F|  |TAMS 0x0000000773400000, 0x0000000773400000| Untracked 
| 923|0x0000000773600000, 0x0000000773600000, 0x0000000773800000|  0%| F|  |TAMS 0x0000000773600000, 0x0000000773600000| Untracked 
| 924|0x0000000773800000, 0x0000000773800000, 0x0000000773a00000|  0%| F|  |TAMS 0x0000000773800000, 0x0000000773800000| Untracked 
| 925|0x0000000773a00000, 0x0000000773a00000, 0x0000000773c00000|  0%| F|  |TAMS 0x0000000773a00000, 0x0000000773a00000| Untracked 
| 926|0x0000000773c00000, 0x0000000773c00000, 0x0000000773e00000|  0%| F|  |TAMS 0x0000000773c00000, 0x0000000773c00000| Untracked 
| 927|0x0000000773e00000, 0x0000000773e00000, 0x0000000774000000|  0%| F|  |TAMS 0x0000000773e00000, 0x0000000773e00000| Untracked 
| 928|0x0000000774000000, 0x0000000774000000, 0x0000000774200000|  0%| F|  |TAMS 0x0000000774000000, 0x0000000774000000| Untracked 
| 929|0x0000000774200000, 0x0000000774200000, 0x0000000774400000|  0%| F|  |TAMS 0x0000000774200000, 0x0000000774200000| Untracked 
| 930|0x0000000774400000, 0x0000000774400000, 0x0000000774600000|  0%| F|  |TAMS 0x0000000774400000, 0x0000000774400000| Untracked 
| 931|0x0000000774600000, 0x0000000774600000, 0x0000000774800000|  0%| F|  |TAMS 0x0000000774600000, 0x0000000774600000| Untracked 
| 932|0x0000000774800000, 0x0000000774800000, 0x0000000774a00000|  0%| F|  |TAMS 0x0000000774800000, 0x0000000774800000| Untracked 
| 933|0x0000000774a00000, 0x0000000774a00000, 0x0000000774c00000|  0%| F|  |TAMS 0x0000000774a00000, 0x0000000774a00000| Untracked 
| 934|0x0000000774c00000, 0x0000000774c00000, 0x0000000774e00000|  0%| F|  |TAMS 0x0000000774c00000, 0x0000000774c00000| Untracked 
| 935|0x0000000774e00000, 0x0000000774e00000, 0x0000000775000000|  0%| F|  |TAMS 0x0000000774e00000, 0x0000000774e00000| Untracked 
| 936|0x0000000775000000, 0x0000000775000000, 0x0000000775200000|  0%| F|  |TAMS 0x0000000775000000, 0x0000000775000000| Untracked 
| 937|0x0000000775200000, 0x0000000775200000, 0x0000000775400000|  0%| F|  |TAMS 0x0000000775200000, 0x0000000775200000| Untracked 
| 938|0x0000000775400000, 0x0000000775400000, 0x0000000775600000|  0%| F|  |TAMS 0x0000000775400000, 0x0000000775400000| Untracked 
| 939|0x0000000775600000, 0x0000000775600000, 0x0000000775800000|  0%| F|  |TAMS 0x0000000775600000, 0x0000000775600000| Untracked 
| 940|0x0000000775800000, 0x0000000775800000, 0x0000000775a00000|  0%| F|  |TAMS 0x0000000775800000, 0x0000000775800000| Untracked 
| 941|0x0000000775a00000, 0x0000000775a00000, 0x0000000775c00000|  0%| F|  |TAMS 0x0000000775a00000, 0x0000000775a00000| Untracked 
| 942|0x0000000775c00000, 0x0000000775c00000, 0x0000000775e00000|  0%| F|  |TAMS 0x0000000775c00000, 0x0000000775c00000| Untracked 
| 943|0x0000000775e00000, 0x0000000775e00000, 0x0000000776000000|  0%| F|  |TAMS 0x0000000775e00000, 0x0000000775e00000| Untracked 
| 944|0x0000000776000000, 0x0000000776000000, 0x0000000776200000|  0%| F|  |TAMS 0x0000000776000000, 0x0000000776000000| Untracked 
| 945|0x0000000776200000, 0x0000000776200000, 0x0000000776400000|  0%| F|  |TAMS 0x0000000776200000, 0x0000000776200000| Untracked 
| 946|0x0000000776400000, 0x0000000776400000, 0x0000000776600000|  0%| F|  |TAMS 0x0000000776400000, 0x0000000776400000| Untracked 
| 947|0x0000000776600000, 0x0000000776600000, 0x0000000776800000|  0%| F|  |TAMS 0x0000000776600000, 0x0000000776600000| Untracked 
| 948|0x0000000776800000, 0x0000000776800000, 0x0000000776a00000|  0%| F|  |TAMS 0x0000000776800000, 0x0000000776800000| Untracked 
| 949|0x0000000776a00000, 0x0000000776a00000, 0x0000000776c00000|  0%| F|  |TAMS 0x0000000776a00000, 0x0000000776a00000| Untracked 
| 950|0x0000000776c00000, 0x0000000776c00000, 0x0000000776e00000|  0%| F|  |TAMS 0x0000000776c00000, 0x0000000776c00000| Untracked 
| 951|0x0000000776e00000, 0x0000000776e00000, 0x0000000777000000|  0%| F|  |TAMS 0x0000000776e00000, 0x0000000776e00000| Untracked 
| 952|0x0000000777000000, 0x0000000777000000, 0x0000000777200000|  0%| F|  |TAMS 0x0000000777000000, 0x0000000777000000| Untracked 
| 953|0x0000000777200000, 0x0000000777200000, 0x0000000777400000|  0%| F|  |TAMS 0x0000000777200000, 0x0000000777200000| Untracked 
| 954|0x0000000777400000, 0x0000000777400000, 0x0000000777600000|  0%| F|  |TAMS 0x0000000777400000, 0x0000000777400000| Untracked 
| 955|0x0000000777600000, 0x0000000777600000, 0x0000000777800000|  0%| F|  |TAMS 0x0000000777600000, 0x0000000777600000| Untracked 
| 956|0x0000000777800000, 0x0000000777800000, 0x0000000777a00000|  0%| F|  |TAMS 0x0000000777800000, 0x0000000777800000| Untracked 
| 957|0x0000000777a00000, 0x0000000777a00000, 0x0000000777c00000|  0%| F|  |TAMS 0x0000000777a00000, 0x0000000777a00000| Untracked 
| 958|0x0000000777c00000, 0x0000000777c00000, 0x0000000777e00000|  0%| F|  |TAMS 0x0000000777c00000, 0x0000000777c00000| Untracked 
| 959|0x0000000777e00000, 0x0000000777e00000, 0x0000000778000000|  0%| F|  |TAMS 0x0000000777e00000, 0x0000000777e00000| Untracked 
| 960|0x0000000778000000, 0x0000000778000000, 0x0000000778200000|  0%| F|  |TAMS 0x0000000778000000, 0x0000000778000000| Untracked 
| 961|0x0000000778200000, 0x0000000778200000, 0x0000000778400000|  0%| F|  |TAMS 0x0000000778200000, 0x0000000778200000| Untracked 
| 962|0x0000000778400000, 0x0000000778400000, 0x0000000778600000|  0%| F|  |TAMS 0x0000000778400000, 0x0000000778400000| Untracked 
| 963|0x0000000778600000, 0x0000000778600000, 0x0000000778800000|  0%| F|  |TAMS 0x0000000778600000, 0x0000000778600000| Untracked 
| 964|0x0000000778800000, 0x0000000778800000, 0x0000000778a00000|  0%| F|  |TAMS 0x0000000778800000, 0x0000000778800000| Untracked 
| 965|0x0000000778a00000, 0x0000000778a00000, 0x0000000778c00000|  0%| F|  |TAMS 0x0000000778a00000, 0x0000000778a00000| Untracked 
| 966|0x0000000778c00000, 0x0000000778c00000, 0x0000000778e00000|  0%| F|  |TAMS 0x0000000778c00000, 0x0000000778c00000| Untracked 
| 967|0x0000000778e00000, 0x0000000778e00000, 0x0000000779000000|  0%| F|  |TAMS 0x0000000778e00000, 0x0000000778e00000| Untracked 
| 968|0x0000000779000000, 0x0000000779000000, 0x0000000779200000|  0%| F|  |TAMS 0x0000000779000000, 0x0000000779000000| Untracked 
| 969|0x0000000779200000, 0x0000000779200000, 0x0000000779400000|  0%| F|  |TAMS 0x0000000779200000, 0x0000000779200000| Untracked 
| 970|0x0000000779400000, 0x0000000779400000, 0x0000000779600000|  0%| F|  |TAMS 0x0000000779400000, 0x0000000779400000| Untracked 
| 971|0x0000000779600000, 0x0000000779600000, 0x0000000779800000|  0%| F|  |TAMS 0x0000000779600000, 0x0000000779600000| Untracked 
| 972|0x0000000779800000, 0x0000000779800000, 0x0000000779a00000|  0%| F|  |TAMS 0x0000000779800000, 0x0000000779800000| Untracked 
| 973|0x0000000779a00000, 0x0000000779a00000, 0x0000000779c00000|  0%| F|  |TAMS 0x0000000779a00000, 0x0000000779a00000| Untracked 
| 974|0x0000000779c00000, 0x0000000779c00000, 0x0000000779e00000|  0%| F|  |TAMS 0x0000000779c00000, 0x0000000779c00000| Untracked 
| 975|0x0000000779e00000, 0x0000000779e00000, 0x000000077a000000|  0%| F|  |TAMS 0x0000000779e00000, 0x0000000779e00000| Untracked 
| 976|0x000000077a000000, 0x000000077a000000, 0x000000077a200000|  0%| F|  |TAMS 0x000000077a000000, 0x000000077a000000| Untracked 
| 977|0x000000077a200000, 0x000000077a200000, 0x000000077a400000|  0%| F|  |TAMS 0x000000077a200000, 0x000000077a200000| Untracked 
| 978|0x000000077a400000, 0x000000077a400000, 0x000000077a600000|  0%| F|  |TAMS 0x000000077a400000, 0x000000077a400000| Untracked 
| 979|0x000000077a600000, 0x000000077a600000, 0x000000077a800000|  0%| F|  |TAMS 0x000000077a600000, 0x000000077a600000| Untracked 
| 980|0x000000077a800000, 0x000000077a800000, 0x000000077aa00000|  0%| F|  |TAMS 0x000000077a800000, 0x000000077a800000| Untracked 
| 981|0x000000077aa00000, 0x000000077aa00000, 0x000000077ac00000|  0%| F|  |TAMS 0x000000077aa00000, 0x000000077aa00000| Untracked 
| 982|0x000000077ac00000, 0x000000077ac00000, 0x000000077ae00000|  0%| F|  |TAMS 0x000000077ac00000, 0x000000077ac00000| Untracked 
| 983|0x000000077ae00000, 0x000000077ae00000, 0x000000077b000000|  0%| F|  |TAMS 0x000000077ae00000, 0x000000077ae00000| Untracked 
| 984|0x000000077b000000, 0x000000077b000000, 0x000000077b200000|  0%| F|  |TAMS 0x000000077b000000, 0x000000077b000000| Untracked 
| 985|0x000000077b200000, 0x000000077b200000, 0x000000077b400000|  0%| F|  |TAMS 0x000000077b200000, 0x000000077b200000| Untracked 
| 986|0x000000077b400000, 0x000000077b400000, 0x000000077b600000|  0%| F|  |TAMS 0x000000077b400000, 0x000000077b400000| Untracked 
| 987|0x000000077b600000, 0x000000077b600000, 0x000000077b800000|  0%| F|  |TAMS 0x000000077b600000, 0x000000077b600000| Untracked 
| 988|0x000000077b800000, 0x000000077b800000, 0x000000077ba00000|  0%| F|  |TAMS 0x000000077b800000, 0x000000077b800000| Untracked 
| 989|0x000000077ba00000, 0x000000077ba00000, 0x000000077bc00000|  0%| F|  |TAMS 0x000000077ba00000, 0x000000077ba00000| Untracked 
| 990|0x000000077bc00000, 0x000000077bc00000, 0x000000077be00000|  0%| F|  |TAMS 0x000000077bc00000, 0x000000077bc00000| Untracked 
| 991|0x000000077be00000, 0x000000077be00000, 0x000000077c000000|  0%| F|  |TAMS 0x000000077be00000, 0x000000077be00000| Untracked 
| 992|0x000000077c000000, 0x000000077c000000, 0x000000077c200000|  0%| F|  |TAMS 0x000000077c000000, 0x000000077c000000| Untracked 
| 993|0x000000077c200000, 0x000000077c200000, 0x000000077c400000|  0%| F|  |TAMS 0x000000077c200000, 0x000000077c200000| Untracked 
| 994|0x000000077c400000, 0x000000077c400000, 0x000000077c600000|  0%| F|  |TAMS 0x000000077c400000, 0x000000077c400000| Untracked 
| 995|0x000000077c600000, 0x000000077c600000, 0x000000077c800000|  0%| F|  |TAMS 0x000000077c600000, 0x000000077c600000| Untracked 
| 996|0x000000077c800000, 0x000000077c800000, 0x000000077ca00000|  0%| F|  |TAMS 0x000000077c800000, 0x000000077c800000| Untracked 
| 997|0x000000077ca00000, 0x000000077ca00000, 0x000000077cc00000|  0%| F|  |TAMS 0x000000077ca00000, 0x000000077ca00000| Untracked 
| 998|0x000000077cc00000, 0x000000077cc00000, 0x000000077ce00000|  0%| F|  |TAMS 0x000000077cc00000, 0x000000077cc00000| Untracked 
| 999|0x000000077ce00000, 0x000000077ce00000, 0x000000077d000000|  0%| F|  |TAMS 0x000000077ce00000, 0x000000077ce00000| Untracked 
|1000|0x000000077d000000, 0x000000077d000000, 0x000000077d200000|  0%| F|  |TAMS 0x000000077d000000, 0x000000077d000000| Untracked 
|1001|0x000000077d200000, 0x000000077d200000, 0x000000077d400000|  0%| F|  |TAMS 0x000000077d200000, 0x000000077d200000| Untracked 
|1002|0x000000077d400000, 0x000000077d400000, 0x000000077d600000|  0%| F|  |TAMS 0x000000077d400000, 0x000000077d400000| Untracked 
|1003|0x000000077d600000, 0x000000077d600000, 0x000000077d800000|  0%| F|  |TAMS 0x000000077d600000, 0x000000077d600000| Untracked 
|1004|0x000000077d800000, 0x000000077d800000, 0x000000077da00000|  0%| F|  |TAMS 0x000000077d800000, 0x000000077d800000| Untracked 
|1005|0x000000077da00000, 0x000000077da00000, 0x000000077dc00000|  0%| F|  |TAMS 0x000000077da00000, 0x000000077da00000| Untracked 
|1006|0x000000077dc00000, 0x000000077dc00000, 0x000000077de00000|  0%| F|  |TAMS 0x000000077dc00000, 0x000000077dc00000| Untracked 
|1007|0x000000077de00000, 0x000000077de00000, 0x000000077e000000|  0%| F|  |TAMS 0x000000077de00000, 0x000000077de00000| Untracked 
|1008|0x000000077e000000, 0x000000077e000000, 0x000000077e200000|  0%| F|  |TAMS 0x000000077e000000, 0x000000077e000000| Untracked 
|1009|0x000000077e200000, 0x000000077e200000, 0x000000077e400000|  0%| F|  |TAMS 0x000000077e200000, 0x000000077e200000| Untracked 
|1010|0x000000077e400000, 0x000000077e400000, 0x000000077e600000|  0%| F|  |TAMS 0x000000077e400000, 0x000000077e400000| Untracked 
|1011|0x000000077e600000, 0x000000077e600000, 0x000000077e800000|  0%| F|  |TAMS 0x000000077e600000, 0x000000077e600000| Untracked 
|1012|0x000000077e800000, 0x000000077e800000, 0x000000077ea00000|  0%| F|  |TAMS 0x000000077e800000, 0x000000077e800000| Untracked 
|1013|0x000000077ea00000, 0x000000077ea00000, 0x000000077ec00000|  0%| F|  |TAMS 0x000000077ea00000, 0x000000077ea00000| Untracked 
|1014|0x000000077ec00000, 0x000000077ec00000, 0x000000077ee00000|  0%| F|  |TAMS 0x000000077ec00000, 0x000000077ec00000| Untracked 
|1015|0x000000077ee00000, 0x000000077ee00000, 0x000000077f000000|  0%| F|  |TAMS 0x000000077ee00000, 0x000000077ee00000| Untracked 
|1016|0x000000077f000000, 0x000000077f000000, 0x000000077f200000|  0%| F|  |TAMS 0x000000077f000000, 0x000000077f000000| Untracked 
|1017|0x000000077f200000, 0x000000077f200000, 0x000000077f400000|  0%| F|  |TAMS 0x000000077f200000, 0x000000077f200000| Untracked 
|1018|0x000000077f400000, 0x000000077f400000, 0x000000077f600000|  0%| F|  |TAMS 0x000000077f400000, 0x000000077f400000| Untracked 
|1019|0x000000077f600000, 0x000000077f600000, 0x000000077f800000|  0%| F|  |TAMS 0x000000077f600000, 0x000000077f600000| Untracked 
|1020|0x000000077f800000, 0x000000077f800000, 0x000000077fa00000|  0%| F|  |TAMS 0x000000077f800000, 0x000000077f800000| Untracked 
|1021|0x000000077fa00000, 0x000000077fa00000, 0x000000077fc00000|  0%| F|  |TAMS 0x000000077fa00000, 0x000000077fa00000| Untracked 
|1022|0x000000077fc00000, 0x000000077fc00000, 0x000000077fe00000|  0%| F|  |TAMS 0x000000077fc00000, 0x000000077fc00000| Untracked 
|1023|0x000000077fe00000, 0x000000077fe00000, 0x0000000780000000|  0%| F|  |TAMS 0x000000077fe00000, 0x000000077fe00000| Untracked 
|1024|0x0000000780000000, 0x0000000780000000, 0x0000000780200000|  0%| F|  |TAMS 0x0000000780000000, 0x0000000780000000| Untracked 
|1025|0x0000000780200000, 0x0000000780200000, 0x0000000780400000|  0%| F|  |TAMS 0x0000000780200000, 0x0000000780200000| Untracked 
|1026|0x0000000780400000, 0x0000000780400000, 0x0000000780600000|  0%| F|  |TAMS 0x0000000780400000, 0x0000000780400000| Untracked 
|1027|0x0000000780600000, 0x0000000780600000, 0x0000000780800000|  0%| F|  |TAMS 0x0000000780600000, 0x0000000780600000| Untracked 
|1028|0x0000000780800000, 0x0000000780800000, 0x0000000780a00000|  0%| F|  |TAMS 0x0000000780800000, 0x0000000780800000| Untracked 
|1029|0x0000000780a00000, 0x0000000780a00000, 0x0000000780c00000|  0%| F|  |TAMS 0x0000000780a00000, 0x0000000780a00000| Untracked 
|1030|0x0000000780c00000, 0x0000000780c00000, 0x0000000780e00000|  0%| F|  |TAMS 0x0000000780c00000, 0x0000000780c00000| Untracked 
|1031|0x0000000780e00000, 0x0000000780e00000, 0x0000000781000000|  0%| F|  |TAMS 0x0000000780e00000, 0x0000000780e00000| Untracked 
|1032|0x0000000781000000, 0x0000000781000000, 0x0000000781200000|  0%| F|  |TAMS 0x0000000781000000, 0x0000000781000000| Untracked 
|1033|0x0000000781200000, 0x0000000781200000, 0x0000000781400000|  0%| F|  |TAMS 0x0000000781200000, 0x0000000781200000| Untracked 
|1034|0x0000000781400000, 0x0000000781400000, 0x0000000781600000|  0%| F|  |TAMS 0x0000000781400000, 0x0000000781400000| Untracked 
|1035|0x0000000781600000, 0x0000000781600000, 0x0000000781800000|  0%| F|  |TAMS 0x0000000781600000, 0x0000000781600000| Untracked 
|1036|0x0000000781800000, 0x0000000781800000, 0x0000000781a00000|  0%| F|  |TAMS 0x0000000781800000, 0x0000000781800000| Untracked 
|1037|0x0000000781a00000, 0x0000000781a00000, 0x0000000781c00000|  0%| F|  |TAMS 0x0000000781a00000, 0x0000000781a00000| Untracked 
|1038|0x0000000781c00000, 0x0000000781c00000, 0x0000000781e00000|  0%| F|  |TAMS 0x0000000781c00000, 0x0000000781c00000| Untracked 
|1039|0x0000000781e00000, 0x0000000781e00000, 0x0000000782000000|  0%| F|  |TAMS 0x0000000781e00000, 0x0000000781e00000| Untracked 
|1040|0x0000000782000000, 0x0000000782000000, 0x0000000782200000|  0%| F|  |TAMS 0x0000000782000000, 0x0000000782000000| Untracked 
|1041|0x0000000782200000, 0x0000000782200000, 0x0000000782400000|  0%| F|  |TAMS 0x0000000782200000, 0x0000000782200000| Untracked 
|1042|0x0000000782400000, 0x0000000782400000, 0x0000000782600000|  0%| F|  |TAMS 0x0000000782400000, 0x0000000782400000| Untracked 
|1043|0x0000000782600000, 0x0000000782600000, 0x0000000782800000|  0%| F|  |TAMS 0x0000000782600000, 0x0000000782600000| Untracked 
|1044|0x0000000782800000, 0x0000000782800000, 0x0000000782a00000|  0%| F|  |TAMS 0x0000000782800000, 0x0000000782800000| Untracked 
|1045|0x0000000782a00000, 0x0000000782a00000, 0x0000000782c00000|  0%| F|  |TAMS 0x0000000782a00000, 0x0000000782a00000| Untracked 
|1046|0x0000000782c00000, 0x0000000782c00000, 0x0000000782e00000|  0%| F|  |TAMS 0x0000000782c00000, 0x0000000782c00000| Untracked 
|1047|0x0000000782e00000, 0x0000000782e00000, 0x0000000783000000|  0%| F|  |TAMS 0x0000000782e00000, 0x0000000782e00000| Untracked 
|1048|0x0000000783000000, 0x0000000783000000, 0x0000000783200000|  0%| F|  |TAMS 0x0000000783000000, 0x0000000783000000| Untracked 
|1049|0x0000000783200000, 0x0000000783200000, 0x0000000783400000|  0%| F|  |TAMS 0x0000000783200000, 0x0000000783200000| Untracked 
|1050|0x0000000783400000, 0x0000000783400000, 0x0000000783600000|  0%| F|  |TAMS 0x0000000783400000, 0x0000000783400000| Untracked 
|1051|0x0000000783600000, 0x0000000783600000, 0x0000000783800000|  0%| F|  |TAMS 0x0000000783600000, 0x0000000783600000| Untracked 
|1052|0x0000000783800000, 0x0000000783800000, 0x0000000783a00000|  0%| F|  |TAMS 0x0000000783800000, 0x0000000783800000| Untracked 
|1053|0x0000000783a00000, 0x0000000783a00000, 0x0000000783c00000|  0%| F|  |TAMS 0x0000000783a00000, 0x0000000783a00000| Untracked 
|1054|0x0000000783c00000, 0x0000000783c00000, 0x0000000783e00000|  0%| F|  |TAMS 0x0000000783c00000, 0x0000000783c00000| Untracked 
|1055|0x0000000783e00000, 0x0000000783e00000, 0x0000000784000000|  0%| F|  |TAMS 0x0000000783e00000, 0x0000000783e00000| Untracked 
|1056|0x0000000784000000, 0x0000000784000000, 0x0000000784200000|  0%| F|  |TAMS 0x0000000784000000, 0x0000000784000000| Untracked 
|1057|0x0000000784200000, 0x0000000784200000, 0x0000000784400000|  0%| F|  |TAMS 0x0000000784200000, 0x0000000784200000| Untracked 
|1058|0x0000000784400000, 0x0000000784400000, 0x0000000784600000|  0%| F|  |TAMS 0x0000000784400000, 0x0000000784400000| Untracked 
|1059|0x0000000784600000, 0x0000000784600000, 0x0000000784800000|  0%| F|  |TAMS 0x0000000784600000, 0x0000000784600000| Untracked 
|1060|0x0000000784800000, 0x0000000784800000, 0x0000000784a00000|  0%| F|  |TAMS 0x0000000784800000, 0x0000000784800000| Untracked 
|1061|0x0000000784a00000, 0x0000000784a00000, 0x0000000784c00000|  0%| F|  |TAMS 0x0000000784a00000, 0x0000000784a00000| Untracked 
|1062|0x0000000784c00000, 0x0000000784c00000, 0x0000000784e00000|  0%| F|  |TAMS 0x0000000784c00000, 0x0000000784c00000| Untracked 
|1063|0x0000000784e00000, 0x0000000784e00000, 0x0000000785000000|  0%| F|  |TAMS 0x0000000784e00000, 0x0000000784e00000| Untracked 
|1064|0x0000000785000000, 0x0000000785000000, 0x0000000785200000|  0%| F|  |TAMS 0x0000000785000000, 0x0000000785000000| Untracked 
|1065|0x0000000785200000, 0x0000000785200000, 0x0000000785400000|  0%| F|  |TAMS 0x0000000785200000, 0x0000000785200000| Untracked 
|1066|0x0000000785400000, 0x0000000785400000, 0x0000000785600000|  0%| F|  |TAMS 0x0000000785400000, 0x0000000785400000| Untracked 
|1067|0x0000000785600000, 0x0000000785600000, 0x0000000785800000|  0%| F|  |TAMS 0x0000000785600000, 0x0000000785600000| Untracked 
|1068|0x0000000785800000, 0x0000000785800000, 0x0000000785a00000|  0%| F|  |TAMS 0x0000000785800000, 0x0000000785800000| Untracked 
|1069|0x0000000785a00000, 0x0000000785a00000, 0x0000000785c00000|  0%| F|  |TAMS 0x0000000785a00000, 0x0000000785a00000| Untracked 
|1070|0x0000000785c00000, 0x0000000785c00000, 0x0000000785e00000|  0%| F|  |TAMS 0x0000000785c00000, 0x0000000785c00000| Untracked 
|1071|0x0000000785e00000, 0x0000000785e00000, 0x0000000786000000|  0%| F|  |TAMS 0x0000000785e00000, 0x0000000785e00000| Untracked 
|1072|0x0000000786000000, 0x0000000786000000, 0x0000000786200000|  0%| F|  |TAMS 0x0000000786000000, 0x0000000786000000| Untracked 
|1073|0x0000000786200000, 0x0000000786200000, 0x0000000786400000|  0%| F|  |TAMS 0x0000000786200000, 0x0000000786200000| Untracked 
|1074|0x0000000786400000, 0x0000000786400000, 0x0000000786600000|  0%| F|  |TAMS 0x0000000786400000, 0x0000000786400000| Untracked 
|1075|0x0000000786600000, 0x0000000786600000, 0x0000000786800000|  0%| F|  |TAMS 0x0000000786600000, 0x0000000786600000| Untracked 
|1076|0x0000000786800000, 0x0000000786800000, 0x0000000786a00000|  0%| F|  |TAMS 0x0000000786800000, 0x0000000786800000| Untracked 
|1077|0x0000000786a00000, 0x0000000786a00000, 0x0000000786c00000|  0%| F|  |TAMS 0x0000000786a00000, 0x0000000786a00000| Untracked 
|1078|0x0000000786c00000, 0x0000000786c00000, 0x0000000786e00000|  0%| F|  |TAMS 0x0000000786c00000, 0x0000000786c00000| Untracked 
|1079|0x0000000786e00000, 0x0000000786e00000, 0x0000000787000000|  0%| F|  |TAMS 0x0000000786e00000, 0x0000000786e00000| Untracked 
|1080|0x0000000787000000, 0x0000000787000000, 0x0000000787200000|  0%| F|  |TAMS 0x0000000787000000, 0x0000000787000000| Untracked 
|1081|0x0000000787200000, 0x0000000787200000, 0x0000000787400000|  0%| F|  |TAMS 0x0000000787200000, 0x0000000787200000| Untracked 
|1082|0x0000000787400000, 0x0000000787400000, 0x0000000787600000|  0%| F|  |TAMS 0x0000000787400000, 0x0000000787400000| Untracked 
|1083|0x0000000787600000, 0x0000000787600000, 0x0000000787800000|  0%| F|  |TAMS 0x0000000787600000, 0x0000000787600000| Untracked 
|1084|0x0000000787800000, 0x0000000787800000, 0x0000000787a00000|  0%| F|  |TAMS 0x0000000787800000, 0x0000000787800000| Untracked 
|1085|0x0000000787a00000, 0x0000000787a00000, 0x0000000787c00000|  0%| F|  |TAMS 0x0000000787a00000, 0x0000000787a00000| Untracked 
|1086|0x0000000787c00000, 0x0000000787c00000, 0x0000000787e00000|  0%| F|  |TAMS 0x0000000787c00000, 0x0000000787c00000| Untracked 
|1087|0x0000000787e00000, 0x0000000787e00000, 0x0000000788000000|  0%| F|  |TAMS 0x0000000787e00000, 0x0000000787e00000| Untracked 
|1088|0x0000000788000000, 0x0000000788000000, 0x0000000788200000|  0%| F|  |TAMS 0x0000000788000000, 0x0000000788000000| Untracked 
|1089|0x0000000788200000, 0x0000000788200000, 0x0000000788400000|  0%| F|  |TAMS 0x0000000788200000, 0x0000000788200000| Untracked 
|1090|0x0000000788400000, 0x0000000788400000, 0x0000000788600000|  0%| F|  |TAMS 0x0000000788400000, 0x0000000788400000| Untracked 
|1091|0x0000000788600000, 0x0000000788600000, 0x0000000788800000|  0%| F|  |TAMS 0x0000000788600000, 0x0000000788600000| Untracked 
|1092|0x0000000788800000, 0x0000000788800000, 0x0000000788a00000|  0%| F|  |TAMS 0x0000000788800000, 0x0000000788800000| Untracked 
|1093|0x0000000788a00000, 0x0000000788a00000, 0x0000000788c00000|  0%| F|  |TAMS 0x0000000788a00000, 0x0000000788a00000| Untracked 
|1094|0x0000000788c00000, 0x0000000788c00000, 0x0000000788e00000|  0%| F|  |TAMS 0x0000000788c00000, 0x0000000788c00000| Untracked 
|1095|0x0000000788e00000, 0x0000000788e00000, 0x0000000789000000|  0%| F|  |TAMS 0x0000000788e00000, 0x0000000788e00000| Untracked 
|1096|0x0000000789000000, 0x0000000789000000, 0x0000000789200000|  0%| F|  |TAMS 0x0000000789000000, 0x0000000789000000| Untracked 
|1097|0x0000000789200000, 0x0000000789200000, 0x0000000789400000|  0%| F|  |TAMS 0x0000000789200000, 0x0000000789200000| Untracked 
|1098|0x0000000789400000, 0x0000000789400000, 0x0000000789600000|  0%| F|  |TAMS 0x0000000789400000, 0x0000000789400000| Untracked 
|1099|0x0000000789600000, 0x0000000789600000, 0x0000000789800000|  0%| F|  |TAMS 0x0000000789600000, 0x0000000789600000| Untracked 
|1100|0x0000000789800000, 0x0000000789800000, 0x0000000789a00000|  0%| F|  |TAMS 0x0000000789800000, 0x0000000789800000| Untracked 
|1101|0x0000000789a00000, 0x0000000789a00000, 0x0000000789c00000|  0%| F|  |TAMS 0x0000000789a00000, 0x0000000789a00000| Untracked 
|1102|0x0000000789c00000, 0x0000000789c00000, 0x0000000789e00000|  0%| F|  |TAMS 0x0000000789c00000, 0x0000000789c00000| Untracked 
|1103|0x0000000789e00000, 0x0000000789e00000, 0x000000078a000000|  0%| F|  |TAMS 0x0000000789e00000, 0x0000000789e00000| Untracked 
|1104|0x000000078a000000, 0x000000078a000000, 0x000000078a200000|  0%| F|  |TAMS 0x000000078a000000, 0x000000078a000000| Untracked 
|1105|0x000000078a200000, 0x000000078a200000, 0x000000078a400000|  0%| F|  |TAMS 0x000000078a200000, 0x000000078a200000| Untracked 
|1106|0x000000078a400000, 0x000000078a400000, 0x000000078a600000|  0%| F|  |TAMS 0x000000078a400000, 0x000000078a400000| Untracked 
|1107|0x000000078a600000, 0x000000078a600000, 0x000000078a800000|  0%| F|  |TAMS 0x000000078a600000, 0x000000078a600000| Untracked 
|1108|0x000000078a800000, 0x000000078a800000, 0x000000078aa00000|  0%| F|  |TAMS 0x000000078a800000, 0x000000078a800000| Untracked 
|1109|0x000000078aa00000, 0x000000078aa00000, 0x000000078ac00000|  0%| F|  |TAMS 0x000000078aa00000, 0x000000078aa00000| Untracked 
|1110|0x000000078ac00000, 0x000000078ac00000, 0x000000078ae00000|  0%| F|  |TAMS 0x000000078ac00000, 0x000000078ac00000| Untracked 
|1111|0x000000078ae00000, 0x000000078ae00000, 0x000000078b000000|  0%| F|  |TAMS 0x000000078ae00000, 0x000000078ae00000| Untracked 
|1112|0x000000078b000000, 0x000000078b000000, 0x000000078b200000|  0%| F|  |TAMS 0x000000078b000000, 0x000000078b000000| Untracked 
|1113|0x000000078b200000, 0x000000078b200000, 0x000000078b400000|  0%| F|  |TAMS 0x000000078b200000, 0x000000078b200000| Untracked 
|1114|0x000000078b400000, 0x000000078b400000, 0x000000078b600000|  0%| F|  |TAMS 0x000000078b400000, 0x000000078b400000| Untracked 
|1115|0x000000078b600000, 0x000000078b600000, 0x000000078b800000|  0%| F|  |TAMS 0x000000078b600000, 0x000000078b600000| Untracked 
|1116|0x000000078b800000, 0x000000078b800000, 0x000000078ba00000|  0%| F|  |TAMS 0x000000078b800000, 0x000000078b800000| Untracked 
|1117|0x000000078ba00000, 0x000000078ba00000, 0x000000078bc00000|  0%| F|  |TAMS 0x000000078ba00000, 0x000000078ba00000| Untracked 
|1118|0x000000078bc00000, 0x000000078bc00000, 0x000000078be00000|  0%| F|  |TAMS 0x000000078bc00000, 0x000000078bc00000| Untracked 
|1119|0x000000078be00000, 0x000000078be00000, 0x000000078c000000|  0%| F|  |TAMS 0x000000078be00000, 0x000000078be00000| Untracked 
|1120|0x000000078c000000, 0x000000078c000000, 0x000000078c200000|  0%| F|  |TAMS 0x000000078c000000, 0x000000078c000000| Untracked 
|1121|0x000000078c200000, 0x000000078c200000, 0x000000078c400000|  0%| F|  |TAMS 0x000000078c200000, 0x000000078c200000| Untracked 
|1122|0x000000078c400000, 0x000000078c400000, 0x000000078c600000|  0%| F|  |TAMS 0x000000078c400000, 0x000000078c400000| Untracked 
|1123|0x000000078c600000, 0x000000078c600000, 0x000000078c800000|  0%| F|  |TAMS 0x000000078c600000, 0x000000078c600000| Untracked 
|1124|0x000000078c800000, 0x000000078c800000, 0x000000078ca00000|  0%| F|  |TAMS 0x000000078c800000, 0x000000078c800000| Untracked 
|1125|0x000000078ca00000, 0x000000078ca00000, 0x000000078cc00000|  0%| F|  |TAMS 0x000000078ca00000, 0x000000078ca00000| Untracked 
|1126|0x000000078cc00000, 0x000000078cc00000, 0x000000078ce00000|  0%| F|  |TAMS 0x000000078cc00000, 0x000000078cc00000| Untracked 
|1127|0x000000078ce00000, 0x000000078ce00000, 0x000000078d000000|  0%| F|  |TAMS 0x000000078ce00000, 0x000000078ce00000| Untracked 
|1128|0x000000078d000000, 0x000000078d000000, 0x000000078d200000|  0%| F|  |TAMS 0x000000078d000000, 0x000000078d000000| Untracked 
|1129|0x000000078d200000, 0x000000078d200000, 0x000000078d400000|  0%| F|  |TAMS 0x000000078d200000, 0x000000078d200000| Untracked 
|1130|0x000000078d400000, 0x000000078d400000, 0x000000078d600000|  0%| F|  |TAMS 0x000000078d400000, 0x000000078d400000| Untracked 
|1131|0x000000078d600000, 0x000000078d600000, 0x000000078d800000|  0%| F|  |TAMS 0x000000078d600000, 0x000000078d600000| Untracked 
|1132|0x000000078d800000, 0x000000078d800000, 0x000000078da00000|  0%| F|  |TAMS 0x000000078d800000, 0x000000078d800000| Untracked 
|1133|0x000000078da00000, 0x000000078da00000, 0x000000078dc00000|  0%| F|  |TAMS 0x000000078da00000, 0x000000078da00000| Untracked 
|1134|0x000000078dc00000, 0x000000078dc00000, 0x000000078de00000|  0%| F|  |TAMS 0x000000078dc00000, 0x000000078dc00000| Untracked 
|1135|0x000000078de00000, 0x000000078de00000, 0x000000078e000000|  0%| F|  |TAMS 0x000000078de00000, 0x000000078de00000| Untracked 
|1136|0x000000078e000000, 0x000000078e000000, 0x000000078e200000|  0%| F|  |TAMS 0x000000078e000000, 0x000000078e000000| Untracked 
|1137|0x000000078e200000, 0x000000078e200000, 0x000000078e400000|  0%| F|  |TAMS 0x000000078e200000, 0x000000078e200000| Untracked 
|1138|0x000000078e400000, 0x000000078e400000, 0x000000078e600000|  0%| F|  |TAMS 0x000000078e400000, 0x000000078e400000| Untracked 
|1139|0x000000078e600000, 0x000000078e600000, 0x000000078e800000|  0%| F|  |TAMS 0x000000078e600000, 0x000000078e600000| Untracked 
|1140|0x000000078e800000, 0x000000078e800000, 0x000000078ea00000|  0%| F|  |TAMS 0x000000078e800000, 0x000000078e800000| Untracked 
|1141|0x000000078ea00000, 0x000000078ea00000, 0x000000078ec00000|  0%| F|  |TAMS 0x000000078ea00000, 0x000000078ea00000| Untracked 
|1142|0x000000078ec00000, 0x000000078ec00000, 0x000000078ee00000|  0%| F|  |TAMS 0x000000078ec00000, 0x000000078ec00000| Untracked 
|1143|0x000000078ee00000, 0x000000078ee00000, 0x000000078f000000|  0%| F|  |TAMS 0x000000078ee00000, 0x000000078ee00000| Untracked 
|1144|0x000000078f000000, 0x000000078f000000, 0x000000078f200000|  0%| F|  |TAMS 0x000000078f000000, 0x000000078f000000| Untracked 
|1145|0x000000078f200000, 0x000000078f200000, 0x000000078f400000|  0%| F|  |TAMS 0x000000078f200000, 0x000000078f200000| Untracked 
|1146|0x000000078f400000, 0x000000078f400000, 0x000000078f600000|  0%| F|  |TAMS 0x000000078f400000, 0x000000078f400000| Untracked 
|1147|0x000000078f600000, 0x000000078f600000, 0x000000078f800000|  0%| F|  |TAMS 0x000000078f600000, 0x000000078f600000| Untracked 
|1148|0x000000078f800000, 0x000000078f800000, 0x000000078fa00000|  0%| F|  |TAMS 0x000000078f800000, 0x000000078f800000| Untracked 
|1149|0x000000078fa00000, 0x000000078fa00000, 0x000000078fc00000|  0%| F|  |TAMS 0x000000078fa00000, 0x000000078fa00000| Untracked 
|1150|0x000000078fc00000, 0x000000078fc00000, 0x000000078fe00000|  0%| F|  |TAMS 0x000000078fc00000, 0x000000078fc00000| Untracked 
|1151|0x000000078fe00000, 0x000000078fe00000, 0x0000000790000000|  0%| F|  |TAMS 0x000000078fe00000, 0x000000078fe00000| Untracked 
|1152|0x0000000790000000, 0x0000000790000000, 0x0000000790200000|  0%| F|  |TAMS 0x0000000790000000, 0x0000000790000000| Untracked 
|1153|0x0000000790200000, 0x0000000790200000, 0x0000000790400000|  0%| F|  |TAMS 0x0000000790200000, 0x0000000790200000| Untracked 
|1154|0x0000000790400000, 0x0000000790400000, 0x0000000790600000|  0%| F|  |TAMS 0x0000000790400000, 0x0000000790400000| Untracked 
|1155|0x0000000790600000, 0x0000000790600000, 0x0000000790800000|  0%| F|  |TAMS 0x0000000790600000, 0x0000000790600000| Untracked 
|1156|0x0000000790800000, 0x0000000790800000, 0x0000000790a00000|  0%| F|  |TAMS 0x0000000790800000, 0x0000000790800000| Untracked 
|1157|0x0000000790a00000, 0x0000000790a00000, 0x0000000790c00000|  0%| F|  |TAMS 0x0000000790a00000, 0x0000000790a00000| Untracked 
|1158|0x0000000790c00000, 0x0000000790c00000, 0x0000000790e00000|  0%| F|  |TAMS 0x0000000790c00000, 0x0000000790c00000| Untracked 
|1159|0x0000000790e00000, 0x0000000790e00000, 0x0000000791000000|  0%| F|  |TAMS 0x0000000790e00000, 0x0000000790e00000| Untracked 
|1160|0x0000000791000000, 0x0000000791000000, 0x0000000791200000|  0%| F|  |TAMS 0x0000000791000000, 0x0000000791000000| Untracked 
|1161|0x0000000791200000, 0x0000000791200000, 0x0000000791400000|  0%| F|  |TAMS 0x0000000791200000, 0x0000000791200000| Untracked 
|1162|0x0000000791400000, 0x0000000791400000, 0x0000000791600000|  0%| F|  |TAMS 0x0000000791400000, 0x0000000791400000| Untracked 
|1163|0x0000000791600000, 0x0000000791600000, 0x0000000791800000|  0%| F|  |TAMS 0x0000000791600000, 0x0000000791600000| Untracked 
|1164|0x0000000791800000, 0x0000000791800000, 0x0000000791a00000|  0%| F|  |TAMS 0x0000000791800000, 0x0000000791800000| Untracked 
|1165|0x0000000791a00000, 0x0000000791a00000, 0x0000000791c00000|  0%| F|  |TAMS 0x0000000791a00000, 0x0000000791a00000| Untracked 
|1166|0x0000000791c00000, 0x0000000791c00000, 0x0000000791e00000|  0%| F|  |TAMS 0x0000000791c00000, 0x0000000791c00000| Untracked 
|1167|0x0000000791e00000, 0x0000000791e00000, 0x0000000792000000|  0%| F|  |TAMS 0x0000000791e00000, 0x0000000791e00000| Untracked 
|1168|0x0000000792000000, 0x0000000792000000, 0x0000000792200000|  0%| F|  |TAMS 0x0000000792000000, 0x0000000792000000| Untracked 
|1169|0x0000000792200000, 0x0000000792200000, 0x0000000792400000|  0%| F|  |TAMS 0x0000000792200000, 0x0000000792200000| Untracked 
|1170|0x0000000792400000, 0x0000000792400000, 0x0000000792600000|  0%| F|  |TAMS 0x0000000792400000, 0x0000000792400000| Untracked 
|1171|0x0000000792600000, 0x0000000792600000, 0x0000000792800000|  0%| F|  |TAMS 0x0000000792600000, 0x0000000792600000| Untracked 
|1172|0x0000000792800000, 0x0000000792800000, 0x0000000792a00000|  0%| F|  |TAMS 0x0000000792800000, 0x0000000792800000| Untracked 
|1173|0x0000000792a00000, 0x0000000792a00000, 0x0000000792c00000|  0%| F|  |TAMS 0x0000000792a00000, 0x0000000792a00000| Untracked 
|1174|0x0000000792c00000, 0x0000000792c00000, 0x0000000792e00000|  0%| F|  |TAMS 0x0000000792c00000, 0x0000000792c00000| Untracked 
|1175|0x0000000792e00000, 0x0000000792e00000, 0x0000000793000000|  0%| F|  |TAMS 0x0000000792e00000, 0x0000000792e00000| Untracked 
|1176|0x0000000793000000, 0x0000000793000000, 0x0000000793200000|  0%| F|  |TAMS 0x0000000793000000, 0x0000000793000000| Untracked 
|1177|0x0000000793200000, 0x0000000793200000, 0x0000000793400000|  0%| F|  |TAMS 0x0000000793200000, 0x0000000793200000| Untracked 
|1178|0x0000000793400000, 0x0000000793400000, 0x0000000793600000|  0%| F|  |TAMS 0x0000000793400000, 0x0000000793400000| Untracked 
|1179|0x0000000793600000, 0x0000000793600000, 0x0000000793800000|  0%| F|  |TAMS 0x0000000793600000, 0x0000000793600000| Untracked 
|1180|0x0000000793800000, 0x0000000793800000, 0x0000000793a00000|  0%| F|  |TAMS 0x0000000793800000, 0x0000000793800000| Untracked 
|1181|0x0000000793a00000, 0x0000000793a00000, 0x0000000793c00000|  0%| F|  |TAMS 0x0000000793a00000, 0x0000000793a00000| Untracked 
|1182|0x0000000793c00000, 0x0000000793c00000, 0x0000000793e00000|  0%| F|  |TAMS 0x0000000793c00000, 0x0000000793c00000| Untracked 
|1183|0x0000000793e00000, 0x0000000793e00000, 0x0000000794000000|  0%| F|  |TAMS 0x0000000793e00000, 0x0000000793e00000| Untracked 
|1184|0x0000000794000000, 0x0000000794000000, 0x0000000794200000|  0%| F|  |TAMS 0x0000000794000000, 0x0000000794000000| Untracked 
|1185|0x0000000794200000, 0x0000000794200000, 0x0000000794400000|  0%| F|  |TAMS 0x0000000794200000, 0x0000000794200000| Untracked 
|1186|0x0000000794400000, 0x0000000794400000, 0x0000000794600000|  0%| F|  |TAMS 0x0000000794400000, 0x0000000794400000| Untracked 
|1187|0x0000000794600000, 0x0000000794600000, 0x0000000794800000|  0%| F|  |TAMS 0x0000000794600000, 0x0000000794600000| Untracked 
|1188|0x0000000794800000, 0x0000000794800000, 0x0000000794a00000|  0%| F|  |TAMS 0x0000000794800000, 0x0000000794800000| Untracked 
|1189|0x0000000794a00000, 0x0000000794a00000, 0x0000000794c00000|  0%| F|  |TAMS 0x0000000794a00000, 0x0000000794a00000| Untracked 
|1190|0x0000000794c00000, 0x0000000794c00000, 0x0000000794e00000|  0%| F|  |TAMS 0x0000000794c00000, 0x0000000794c00000| Untracked 
|1191|0x0000000794e00000, 0x0000000794e00000, 0x0000000795000000|  0%| F|  |TAMS 0x0000000794e00000, 0x0000000794e00000| Untracked 
|1192|0x0000000795000000, 0x0000000795000000, 0x0000000795200000|  0%| F|  |TAMS 0x0000000795000000, 0x0000000795000000| Untracked 
|1193|0x0000000795200000, 0x0000000795200000, 0x0000000795400000|  0%| F|  |TAMS 0x0000000795200000, 0x0000000795200000| Untracked 
|1194|0x0000000795400000, 0x0000000795400000, 0x0000000795600000|  0%| F|  |TAMS 0x0000000795400000, 0x0000000795400000| Untracked 
|1195|0x0000000795600000, 0x0000000795600000, 0x0000000795800000|  0%| F|  |TAMS 0x0000000795600000, 0x0000000795600000| Untracked 
|1196|0x0000000795800000, 0x0000000795800000, 0x0000000795a00000|  0%| F|  |TAMS 0x0000000795800000, 0x0000000795800000| Untracked 
|1197|0x0000000795a00000, 0x0000000795a00000, 0x0000000795c00000|  0%| F|  |TAMS 0x0000000795a00000, 0x0000000795a00000| Untracked 
|1198|0x0000000795c00000, 0x0000000795c00000, 0x0000000795e00000|  0%| F|  |TAMS 0x0000000795c00000, 0x0000000795c00000| Untracked 
|1199|0x0000000795e00000, 0x0000000795e00000, 0x0000000796000000|  0%| F|  |TAMS 0x0000000795e00000, 0x0000000795e00000| Untracked 
|1200|0x0000000796000000, 0x0000000796000000, 0x0000000796200000|  0%| F|  |TAMS 0x0000000796000000, 0x0000000796000000| Untracked 
|1201|0x0000000796200000, 0x0000000796200000, 0x0000000796400000|  0%| F|  |TAMS 0x0000000796200000, 0x0000000796200000| Untracked 
|1202|0x0000000796400000, 0x0000000796400000, 0x0000000796600000|  0%| F|  |TAMS 0x0000000796400000, 0x0000000796400000| Untracked 
|1203|0x0000000796600000, 0x0000000796600000, 0x0000000796800000|  0%| F|  |TAMS 0x0000000796600000, 0x0000000796600000| Untracked 
|1204|0x0000000796800000, 0x0000000796800000, 0x0000000796a00000|  0%| F|  |TAMS 0x0000000796800000, 0x0000000796800000| Untracked 
|1205|0x0000000796a00000, 0x0000000796a00000, 0x0000000796c00000|  0%| F|  |TAMS 0x0000000796a00000, 0x0000000796a00000| Untracked 
|1206|0x0000000796c00000, 0x0000000796c00000, 0x0000000796e00000|  0%| F|  |TAMS 0x0000000796c00000, 0x0000000796c00000| Untracked 
|1207|0x0000000796e00000, 0x0000000796e00000, 0x0000000797000000|  0%| F|  |TAMS 0x0000000796e00000, 0x0000000796e00000| Untracked 
|1208|0x0000000797000000, 0x0000000797000000, 0x0000000797200000|  0%| F|  |TAMS 0x0000000797000000, 0x0000000797000000| Untracked 
|1209|0x0000000797200000, 0x0000000797200000, 0x0000000797400000|  0%| F|  |TAMS 0x0000000797200000, 0x0000000797200000| Untracked 
|1210|0x0000000797400000, 0x0000000797400000, 0x0000000797600000|  0%| F|  |TAMS 0x0000000797400000, 0x0000000797400000| Untracked 
|1211|0x0000000797600000, 0x0000000797600000, 0x0000000797800000|  0%| F|  |TAMS 0x0000000797600000, 0x0000000797600000| Untracked 
|1212|0x0000000797800000, 0x0000000797800000, 0x0000000797a00000|  0%| F|  |TAMS 0x0000000797800000, 0x0000000797800000| Untracked 
|1213|0x0000000797a00000, 0x0000000797a00000, 0x0000000797c00000|  0%| F|  |TAMS 0x0000000797a00000, 0x0000000797a00000| Untracked 
|1214|0x0000000797c00000, 0x0000000797c00000, 0x0000000797e00000|  0%| F|  |TAMS 0x0000000797c00000, 0x0000000797c00000| Untracked 
|1215|0x0000000797e00000, 0x0000000797e00000, 0x0000000798000000|  0%| F|  |TAMS 0x0000000797e00000, 0x0000000797e00000| Untracked 
|1216|0x0000000798000000, 0x0000000798000000, 0x0000000798200000|  0%| F|  |TAMS 0x0000000798000000, 0x0000000798000000| Untracked 
|1217|0x0000000798200000, 0x0000000798200000, 0x0000000798400000|  0%| F|  |TAMS 0x0000000798200000, 0x0000000798200000| Untracked 
|1218|0x0000000798400000, 0x0000000798400000, 0x0000000798600000|  0%| F|  |TAMS 0x0000000798400000, 0x0000000798400000| Untracked 
|1219|0x0000000798600000, 0x0000000798600000, 0x0000000798800000|  0%| F|  |TAMS 0x0000000798600000, 0x0000000798600000| Untracked 
|1220|0x0000000798800000, 0x0000000798800000, 0x0000000798a00000|  0%| F|  |TAMS 0x0000000798800000, 0x0000000798800000| Untracked 
|1221|0x0000000798a00000, 0x0000000798a00000, 0x0000000798c00000|  0%| F|  |TAMS 0x0000000798a00000, 0x0000000798a00000| Untracked 
|1222|0x0000000798c00000, 0x0000000798c00000, 0x0000000798e00000|  0%| F|  |TAMS 0x0000000798c00000, 0x0000000798c00000| Untracked 
|1223|0x0000000798e00000, 0x0000000798e00000, 0x0000000799000000|  0%| F|  |TAMS 0x0000000798e00000, 0x0000000798e00000| Untracked 
|1224|0x0000000799000000, 0x0000000799000000, 0x0000000799200000|  0%| F|  |TAMS 0x0000000799000000, 0x0000000799000000| Untracked 
|1225|0x0000000799200000, 0x0000000799200000, 0x0000000799400000|  0%| F|  |TAMS 0x0000000799200000, 0x0000000799200000| Untracked 
|1226|0x0000000799400000, 0x0000000799400000, 0x0000000799600000|  0%| F|  |TAMS 0x0000000799400000, 0x0000000799400000| Untracked 
|1227|0x0000000799600000, 0x0000000799600000, 0x0000000799800000|  0%| F|  |TAMS 0x0000000799600000, 0x0000000799600000| Untracked 
|1228|0x0000000799800000, 0x0000000799800000, 0x0000000799a00000|  0%| F|  |TAMS 0x0000000799800000, 0x0000000799800000| Untracked 
|1229|0x0000000799a00000, 0x0000000799a00000, 0x0000000799c00000|  0%| F|  |TAMS 0x0000000799a00000, 0x0000000799a00000| Untracked 
|1230|0x0000000799c00000, 0x0000000799c00000, 0x0000000799e00000|  0%| F|  |TAMS 0x0000000799c00000, 0x0000000799c00000| Untracked 
|1231|0x0000000799e00000, 0x0000000799e00000, 0x000000079a000000|  0%| F|  |TAMS 0x0000000799e00000, 0x0000000799e00000| Untracked 
|1232|0x000000079a000000, 0x000000079a000000, 0x000000079a200000|  0%| F|  |TAMS 0x000000079a000000, 0x000000079a000000| Untracked 
|1233|0x000000079a200000, 0x000000079a200000, 0x000000079a400000|  0%| F|  |TAMS 0x000000079a200000, 0x000000079a200000| Untracked 
|1234|0x000000079a400000, 0x000000079a400000, 0x000000079a600000|  0%| F|  |TAMS 0x000000079a400000, 0x000000079a400000| Untracked 
|1235|0x000000079a600000, 0x000000079a600000, 0x000000079a800000|  0%| F|  |TAMS 0x000000079a600000, 0x000000079a600000| Untracked 
|1236|0x000000079a800000, 0x000000079a800000, 0x000000079aa00000|  0%| F|  |TAMS 0x000000079a800000, 0x000000079a800000| Untracked 
|1237|0x000000079aa00000, 0x000000079aa00000, 0x000000079ac00000|  0%| F|  |TAMS 0x000000079aa00000, 0x000000079aa00000| Untracked 
|1238|0x000000079ac00000, 0x000000079ac00000, 0x000000079ae00000|  0%| F|  |TAMS 0x000000079ac00000, 0x000000079ac00000| Untracked 
|1239|0x000000079ae00000, 0x000000079ae00000, 0x000000079b000000|  0%| F|  |TAMS 0x000000079ae00000, 0x000000079ae00000| Untracked 
|1240|0x000000079b000000, 0x000000079b000000, 0x000000079b200000|  0%| F|  |TAMS 0x000000079b000000, 0x000000079b000000| Untracked 
|1241|0x000000079b200000, 0x000000079b200000, 0x000000079b400000|  0%| F|  |TAMS 0x000000079b200000, 0x000000079b200000| Untracked 
|1242|0x000000079b400000, 0x000000079b400000, 0x000000079b600000|  0%| F|  |TAMS 0x000000079b400000, 0x000000079b400000| Untracked 
|1243|0x000000079b600000, 0x000000079b600000, 0x000000079b800000|  0%| F|  |TAMS 0x000000079b600000, 0x000000079b600000| Untracked 
|1244|0x000000079b800000, 0x000000079b800000, 0x000000079ba00000|  0%| F|  |TAMS 0x000000079b800000, 0x000000079b800000| Untracked 
|1245|0x000000079ba00000, 0x000000079ba00000, 0x000000079bc00000|  0%| F|  |TAMS 0x000000079ba00000, 0x000000079ba00000| Untracked 
|1246|0x000000079bc00000, 0x000000079bc00000, 0x000000079be00000|  0%| F|  |TAMS 0x000000079bc00000, 0x000000079bc00000| Untracked 
|1247|0x000000079be00000, 0x000000079be00000, 0x000000079c000000|  0%| F|  |TAMS 0x000000079be00000, 0x000000079be00000| Untracked 
|1248|0x000000079c000000, 0x000000079c000000, 0x000000079c200000|  0%| F|  |TAMS 0x000000079c000000, 0x000000079c000000| Untracked 
|1249|0x000000079c200000, 0x000000079c200000, 0x000000079c400000|  0%| F|  |TAMS 0x000000079c200000, 0x000000079c200000| Untracked 
|1250|0x000000079c400000, 0x000000079c400000, 0x000000079c600000|  0%| F|  |TAMS 0x000000079c400000, 0x000000079c400000| Untracked 
|1251|0x000000079c600000, 0x000000079c600000, 0x000000079c800000|  0%| F|  |TAMS 0x000000079c600000, 0x000000079c600000| Untracked 
|1252|0x000000079c800000, 0x000000079c800000, 0x000000079ca00000|  0%| F|  |TAMS 0x000000079c800000, 0x000000079c800000| Untracked 
|1253|0x000000079ca00000, 0x000000079ca00000, 0x000000079cc00000|  0%| F|  |TAMS 0x000000079ca00000, 0x000000079ca00000| Untracked 
|1254|0x000000079cc00000, 0x000000079cc00000, 0x000000079ce00000|  0%| F|  |TAMS 0x000000079cc00000, 0x000000079cc00000| Untracked 
|1255|0x000000079ce00000, 0x000000079ce00000, 0x000000079d000000|  0%| F|  |TAMS 0x000000079ce00000, 0x000000079ce00000| Untracked 
|1256|0x000000079d000000, 0x000000079d000000, 0x000000079d200000|  0%| F|  |TAMS 0x000000079d000000, 0x000000079d000000| Untracked 
|1257|0x000000079d200000, 0x000000079d200000, 0x000000079d400000|  0%| F|  |TAMS 0x000000079d200000, 0x000000079d200000| Untracked 
|1258|0x000000079d400000, 0x000000079d400000, 0x000000079d600000|  0%| F|  |TAMS 0x000000079d400000, 0x000000079d400000| Untracked 
|1259|0x000000079d600000, 0x000000079d600000, 0x000000079d800000|  0%| F|  |TAMS 0x000000079d600000, 0x000000079d600000| Untracked 
|1260|0x000000079d800000, 0x000000079d800000, 0x000000079da00000|  0%| F|  |TAMS 0x000000079d800000, 0x000000079d800000| Untracked 
|1261|0x000000079da00000, 0x000000079da00000, 0x000000079dc00000|  0%| F|  |TAMS 0x000000079da00000, 0x000000079da00000| Untracked 
|1262|0x000000079dc00000, 0x000000079dc00000, 0x000000079de00000|  0%| F|  |TAMS 0x000000079dc00000, 0x000000079dc00000| Untracked 
|1263|0x000000079de00000, 0x000000079de00000, 0x000000079e000000|  0%| F|  |TAMS 0x000000079de00000, 0x000000079de00000| Untracked 
|1264|0x000000079e000000, 0x000000079e000000, 0x000000079e200000|  0%| F|  |TAMS 0x000000079e000000, 0x000000079e000000| Untracked 
|1265|0x000000079e200000, 0x000000079e200000, 0x000000079e400000|  0%| F|  |TAMS 0x000000079e200000, 0x000000079e200000| Untracked 
|1266|0x000000079e400000, 0x000000079e400000, 0x000000079e600000|  0%| F|  |TAMS 0x000000079e400000, 0x000000079e400000| Untracked 
|1267|0x000000079e600000, 0x000000079e600000, 0x000000079e800000|  0%| F|  |TAMS 0x000000079e600000, 0x000000079e600000| Untracked 
|1268|0x000000079e800000, 0x000000079e800000, 0x000000079ea00000|  0%| F|  |TAMS 0x000000079e800000, 0x000000079e800000| Untracked 
|1269|0x000000079ea00000, 0x000000079ea00000, 0x000000079ec00000|  0%| F|  |TAMS 0x000000079ea00000, 0x000000079ea00000| Untracked 
|1270|0x000000079ec00000, 0x000000079ec00000, 0x000000079ee00000|  0%| F|  |TAMS 0x000000079ec00000, 0x000000079ec00000| Untracked 
|1271|0x000000079ee00000, 0x000000079ee00000, 0x000000079f000000|  0%| F|  |TAMS 0x000000079ee00000, 0x000000079ee00000| Untracked 
|1272|0x000000079f000000, 0x000000079f000000, 0x000000079f200000|  0%| F|  |TAMS 0x000000079f000000, 0x000000079f000000| Untracked 
|1273|0x000000079f200000, 0x000000079f200000, 0x000000079f400000|  0%| F|  |TAMS 0x000000079f200000, 0x000000079f200000| Untracked 
|1274|0x000000079f400000, 0x000000079f400000, 0x000000079f600000|  0%| F|  |TAMS 0x000000079f400000, 0x000000079f400000| Untracked 
|1275|0x000000079f600000, 0x000000079f600000, 0x000000079f800000|  0%| F|  |TAMS 0x000000079f600000, 0x000000079f600000| Untracked 
|1276|0x000000079f800000, 0x000000079f800000, 0x000000079fa00000|  0%| F|  |TAMS 0x000000079f800000, 0x000000079f800000| Untracked 
|1277|0x000000079fa00000, 0x000000079fa00000, 0x000000079fc00000|  0%| F|  |TAMS 0x000000079fa00000, 0x000000079fa00000| Untracked 
|1278|0x000000079fc00000, 0x000000079fc00000, 0x000000079fe00000|  0%| F|  |TAMS 0x000000079fc00000, 0x000000079fc00000| Untracked 
|1279|0x000000079fe00000, 0x000000079fe00000, 0x00000007a0000000|  0%| F|  |TAMS 0x000000079fe00000, 0x000000079fe00000| Untracked 
|1280|0x00000007a0000000, 0x00000007a0000000, 0x00000007a0200000|  0%| F|  |TAMS 0x00000007a0000000, 0x00000007a0000000| Untracked 
|1281|0x00000007a0200000, 0x00000007a0200000, 0x00000007a0400000|  0%| F|  |TAMS 0x00000007a0200000, 0x00000007a0200000| Untracked 
|1282|0x00000007a0400000, 0x00000007a0400000, 0x00000007a0600000|  0%| F|  |TAMS 0x00000007a0400000, 0x00000007a0400000| Untracked 
|1283|0x00000007a0600000, 0x00000007a0600000, 0x00000007a0800000|  0%| F|  |TAMS 0x00000007a0600000, 0x00000007a0600000| Untracked 
|1284|0x00000007a0800000, 0x00000007a0800000, 0x00000007a0a00000|  0%| F|  |TAMS 0x00000007a0800000, 0x00000007a0800000| Untracked 
|1285|0x00000007a0a00000, 0x00000007a0a00000, 0x00000007a0c00000|  0%| F|  |TAMS 0x00000007a0a00000, 0x00000007a0a00000| Untracked 
|1286|0x00000007a0c00000, 0x00000007a0c00000, 0x00000007a0e00000|  0%| F|  |TAMS 0x00000007a0c00000, 0x00000007a0c00000| Untracked 
|1287|0x00000007a0e00000, 0x00000007a0e00000, 0x00000007a1000000|  0%| F|  |TAMS 0x00000007a0e00000, 0x00000007a0e00000| Untracked 
|1288|0x00000007a1000000, 0x00000007a1000000, 0x00000007a1200000|  0%| F|  |TAMS 0x00000007a1000000, 0x00000007a1000000| Untracked 
|1289|0x00000007a1200000, 0x00000007a1200000, 0x00000007a1400000|  0%| F|  |TAMS 0x00000007a1200000, 0x00000007a1200000| Untracked 
|1290|0x00000007a1400000, 0x00000007a1400000, 0x00000007a1600000|  0%| F|  |TAMS 0x00000007a1400000, 0x00000007a1400000| Untracked 
|1291|0x00000007a1600000, 0x00000007a1600000, 0x00000007a1800000|  0%| F|  |TAMS 0x00000007a1600000, 0x00000007a1600000| Untracked 
|1292|0x00000007a1800000, 0x00000007a1800000, 0x00000007a1a00000|  0%| F|  |TAMS 0x00000007a1800000, 0x00000007a1800000| Untracked 
|1293|0x00000007a1a00000, 0x00000007a1a00000, 0x00000007a1c00000|  0%| F|  |TAMS 0x00000007a1a00000, 0x00000007a1a00000| Untracked 
|1294|0x00000007a1c00000, 0x00000007a1c00000, 0x00000007a1e00000|  0%| F|  |TAMS 0x00000007a1c00000, 0x00000007a1c00000| Untracked 
|1295|0x00000007a1e00000, 0x00000007a1e00000, 0x00000007a2000000|  0%| F|  |TAMS 0x00000007a1e00000, 0x00000007a1e00000| Untracked 
|1296|0x00000007a2000000, 0x00000007a2000000, 0x00000007a2200000|  0%| F|  |TAMS 0x00000007a2000000, 0x00000007a2000000| Untracked 
|1297|0x00000007a2200000, 0x00000007a2200000, 0x00000007a2400000|  0%| F|  |TAMS 0x00000007a2200000, 0x00000007a2200000| Untracked 
|1298|0x00000007a2400000, 0x00000007a2400000, 0x00000007a2600000|  0%| F|  |TAMS 0x00000007a2400000, 0x00000007a2400000| Untracked 
|1299|0x00000007a2600000, 0x00000007a2600000, 0x00000007a2800000|  0%| F|  |TAMS 0x00000007a2600000, 0x00000007a2600000| Untracked 
|1300|0x00000007a2800000, 0x00000007a2800000, 0x00000007a2a00000|  0%| F|  |TAMS 0x00000007a2800000, 0x00000007a2800000| Untracked 
|1301|0x00000007a2a00000, 0x00000007a2a00000, 0x00000007a2c00000|  0%| F|  |TAMS 0x00000007a2a00000, 0x00000007a2a00000| Untracked 
|1302|0x00000007a2c00000, 0x00000007a2c00000, 0x00000007a2e00000|  0%| F|  |TAMS 0x00000007a2c00000, 0x00000007a2c00000| Untracked 
|1303|0x00000007a2e00000, 0x00000007a2e00000, 0x00000007a3000000|  0%| F|  |TAMS 0x00000007a2e00000, 0x00000007a2e00000| Untracked 
|1304|0x00000007a3000000, 0x00000007a3000000, 0x00000007a3200000|  0%| F|  |TAMS 0x00000007a3000000, 0x00000007a3000000| Untracked 
|1305|0x00000007a3200000, 0x00000007a3200000, 0x00000007a3400000|  0%| F|  |TAMS 0x00000007a3200000, 0x00000007a3200000| Untracked 
|1306|0x00000007a3400000, 0x00000007a3400000, 0x00000007a3600000|  0%| F|  |TAMS 0x00000007a3400000, 0x00000007a3400000| Untracked 
|1307|0x00000007a3600000, 0x00000007a3600000, 0x00000007a3800000|  0%| F|  |TAMS 0x00000007a3600000, 0x00000007a3600000| Untracked 
|1308|0x00000007a3800000, 0x00000007a3800000, 0x00000007a3a00000|  0%| F|  |TAMS 0x00000007a3800000, 0x00000007a3800000| Untracked 
|1309|0x00000007a3a00000, 0x00000007a3a00000, 0x00000007a3c00000|  0%| F|  |TAMS 0x00000007a3a00000, 0x00000007a3a00000| Untracked 
|1310|0x00000007a3c00000, 0x00000007a3c00000, 0x00000007a3e00000|  0%| F|  |TAMS 0x00000007a3c00000, 0x00000007a3c00000| Untracked 
|1311|0x00000007a3e00000, 0x00000007a3e00000, 0x00000007a4000000|  0%| F|  |TAMS 0x00000007a3e00000, 0x00000007a3e00000| Untracked 
|1312|0x00000007a4000000, 0x00000007a4000000, 0x00000007a4200000|  0%| F|  |TAMS 0x00000007a4000000, 0x00000007a4000000| Untracked 
|1313|0x00000007a4200000, 0x00000007a4200000, 0x00000007a4400000|  0%| F|  |TAMS 0x00000007a4200000, 0x00000007a4200000| Untracked 
|1314|0x00000007a4400000, 0x00000007a4400000, 0x00000007a4600000|  0%| F|  |TAMS 0x00000007a4400000, 0x00000007a4400000| Untracked 
|1315|0x00000007a4600000, 0x00000007a4600000, 0x00000007a4800000|  0%| F|  |TAMS 0x00000007a4600000, 0x00000007a4600000| Untracked 
|1316|0x00000007a4800000, 0x00000007a4800000, 0x00000007a4a00000|  0%| F|  |TAMS 0x00000007a4800000, 0x00000007a4800000| Untracked 
|1317|0x00000007a4a00000, 0x00000007a4a00000, 0x00000007a4c00000|  0%| F|  |TAMS 0x00000007a4a00000, 0x00000007a4a00000| Untracked 
|1318|0x00000007a4c00000, 0x00000007a4c00000, 0x00000007a4e00000|  0%| F|  |TAMS 0x00000007a4c00000, 0x00000007a4c00000| Untracked 
|1319|0x00000007a4e00000, 0x00000007a4e00000, 0x00000007a5000000|  0%| F|  |TAMS 0x00000007a4e00000, 0x00000007a4e00000| Untracked 
|1320|0x00000007a5000000, 0x00000007a5000000, 0x00000007a5200000|  0%| F|  |TAMS 0x00000007a5000000, 0x00000007a5000000| Untracked 
|1321|0x00000007a5200000, 0x00000007a5200000, 0x00000007a5400000|  0%| F|  |TAMS 0x00000007a5200000, 0x00000007a5200000| Untracked 
|1322|0x00000007a5400000, 0x00000007a5400000, 0x00000007a5600000|  0%| F|  |TAMS 0x00000007a5400000, 0x00000007a5400000| Untracked 
|1323|0x00000007a5600000, 0x00000007a5600000, 0x00000007a5800000|  0%| F|  |TAMS 0x00000007a5600000, 0x00000007a5600000| Untracked 
|1324|0x00000007a5800000, 0x00000007a5800000, 0x00000007a5a00000|  0%| F|  |TAMS 0x00000007a5800000, 0x00000007a5800000| Untracked 
|1325|0x00000007a5a00000, 0x00000007a5a00000, 0x00000007a5c00000|  0%| F|  |TAMS 0x00000007a5a00000, 0x00000007a5a00000| Untracked 
|1326|0x00000007a5c00000, 0x00000007a5c00000, 0x00000007a5e00000|  0%| F|  |TAMS 0x00000007a5c00000, 0x00000007a5c00000| Untracked 
|1327|0x00000007a5e00000, 0x00000007a5e00000, 0x00000007a6000000|  0%| F|  |TAMS 0x00000007a5e00000, 0x00000007a5e00000| Untracked 
|1328|0x00000007a6000000, 0x00000007a6000000, 0x00000007a6200000|  0%| F|  |TAMS 0x00000007a6000000, 0x00000007a6000000| Untracked 
|1329|0x00000007a6200000, 0x00000007a6200000, 0x00000007a6400000|  0%| F|  |TAMS 0x00000007a6200000, 0x00000007a6200000| Untracked 
|1330|0x00000007a6400000, 0x00000007a6400000, 0x00000007a6600000|  0%| F|  |TAMS 0x00000007a6400000, 0x00000007a6400000| Untracked 
|1331|0x00000007a6600000, 0x00000007a6600000, 0x00000007a6800000|  0%| F|  |TAMS 0x00000007a6600000, 0x00000007a6600000| Untracked 
|1332|0x00000007a6800000, 0x00000007a6800000, 0x00000007a6a00000|  0%| F|  |TAMS 0x00000007a6800000, 0x00000007a6800000| Untracked 
|1333|0x00000007a6a00000, 0x00000007a6a00000, 0x00000007a6c00000|  0%| F|  |TAMS 0x00000007a6a00000, 0x00000007a6a00000| Untracked 
|1334|0x00000007a6c00000, 0x00000007a6c00000, 0x00000007a6e00000|  0%| F|  |TAMS 0x00000007a6c00000, 0x00000007a6c00000| Untracked 
|1335|0x00000007a6e00000, 0x00000007a6e00000, 0x00000007a7000000|  0%| F|  |TAMS 0x00000007a6e00000, 0x00000007a6e00000| Untracked 
|1336|0x00000007a7000000, 0x00000007a7000000, 0x00000007a7200000|  0%| F|  |TAMS 0x00000007a7000000, 0x00000007a7000000| Untracked 
|1337|0x00000007a7200000, 0x00000007a7200000, 0x00000007a7400000|  0%| F|  |TAMS 0x00000007a7200000, 0x00000007a7200000| Untracked 
|1338|0x00000007a7400000, 0x00000007a7400000, 0x00000007a7600000|  0%| F|  |TAMS 0x00000007a7400000, 0x00000007a7400000| Untracked 
|1339|0x00000007a7600000, 0x00000007a7600000, 0x00000007a7800000|  0%| F|  |TAMS 0x00000007a7600000, 0x00000007a7600000| Untracked 
|1340|0x00000007a7800000, 0x00000007a7800000, 0x00000007a7a00000|  0%| F|  |TAMS 0x00000007a7800000, 0x00000007a7800000| Untracked 
|1341|0x00000007a7a00000, 0x00000007a7a00000, 0x00000007a7c00000|  0%| F|  |TAMS 0x00000007a7a00000, 0x00000007a7a00000| Untracked 
|1342|0x00000007a7c00000, 0x00000007a7c00000, 0x00000007a7e00000|  0%| F|  |TAMS 0x00000007a7c00000, 0x00000007a7c00000| Untracked 
|1343|0x00000007a7e00000, 0x00000007a7e00000, 0x00000007a8000000|  0%| F|  |TAMS 0x00000007a7e00000, 0x00000007a7e00000| Untracked 
|1344|0x00000007a8000000, 0x00000007a8000000, 0x00000007a8200000|  0%| F|  |TAMS 0x00000007a8000000, 0x00000007a8000000| Untracked 
|1345|0x00000007a8200000, 0x00000007a8200000, 0x00000007a8400000|  0%| F|  |TAMS 0x00000007a8200000, 0x00000007a8200000| Untracked 
|1346|0x00000007a8400000, 0x00000007a8400000, 0x00000007a8600000|  0%| F|  |TAMS 0x00000007a8400000, 0x00000007a8400000| Untracked 
|1347|0x00000007a8600000, 0x00000007a8600000, 0x00000007a8800000|  0%| F|  |TAMS 0x00000007a8600000, 0x00000007a8600000| Untracked 
|1348|0x00000007a8800000, 0x00000007a8800000, 0x00000007a8a00000|  0%| F|  |TAMS 0x00000007a8800000, 0x00000007a8800000| Untracked 
|1349|0x00000007a8a00000, 0x00000007a8a00000, 0x00000007a8c00000|  0%| F|  |TAMS 0x00000007a8a00000, 0x00000007a8a00000| Untracked 
|1350|0x00000007a8c00000, 0x00000007a8c00000, 0x00000007a8e00000|  0%| F|  |TAMS 0x00000007a8c00000, 0x00000007a8c00000| Untracked 
|1351|0x00000007a8e00000, 0x00000007a8e00000, 0x00000007a9000000|  0%| F|  |TAMS 0x00000007a8e00000, 0x00000007a8e00000| Untracked 
|1352|0x00000007a9000000, 0x00000007a9000000, 0x00000007a9200000|  0%| F|  |TAMS 0x00000007a9000000, 0x00000007a9000000| Untracked 
|1353|0x00000007a9200000, 0x00000007a9200000, 0x00000007a9400000|  0%| F|  |TAMS 0x00000007a9200000, 0x00000007a9200000| Untracked 
|1354|0x00000007a9400000, 0x00000007a9400000, 0x00000007a9600000|  0%| F|  |TAMS 0x00000007a9400000, 0x00000007a9400000| Untracked 
|1355|0x00000007a9600000, 0x00000007a9600000, 0x00000007a9800000|  0%| F|  |TAMS 0x00000007a9600000, 0x00000007a9600000| Untracked 
|1356|0x00000007a9800000, 0x00000007a9800000, 0x00000007a9a00000|  0%| F|  |TAMS 0x00000007a9800000, 0x00000007a9800000| Untracked 
|1357|0x00000007a9a00000, 0x00000007a9a00000, 0x00000007a9c00000|  0%| F|  |TAMS 0x00000007a9a00000, 0x00000007a9a00000| Untracked 
|1358|0x00000007a9c00000, 0x00000007a9c00000, 0x00000007a9e00000|  0%| F|  |TAMS 0x00000007a9c00000, 0x00000007a9c00000| Untracked 
|1359|0x00000007a9e00000, 0x00000007a9e00000, 0x00000007aa000000|  0%| F|  |TAMS 0x00000007a9e00000, 0x00000007a9e00000| Untracked 
|1360|0x00000007aa000000, 0x00000007aa000000, 0x00000007aa200000|  0%| F|  |TAMS 0x00000007aa000000, 0x00000007aa000000| Untracked 
|1361|0x00000007aa200000, 0x00000007aa200000, 0x00000007aa400000|  0%| F|  |TAMS 0x00000007aa200000, 0x00000007aa200000| Untracked 
|1362|0x00000007aa400000, 0x00000007aa400000, 0x00000007aa600000|  0%| F|  |TAMS 0x00000007aa400000, 0x00000007aa400000| Untracked 
|1363|0x00000007aa600000, 0x00000007aa600000, 0x00000007aa800000|  0%| F|  |TAMS 0x00000007aa600000, 0x00000007aa600000| Untracked 
|1364|0x00000007aa800000, 0x00000007aaa00000, 0x00000007aaa00000|100%| O|  |TAMS 0x00000007aaa00000, 0x00000007aa800000| Untracked 
|1365|0x00000007aaa00000, 0x00000007aac00000, 0x00000007aac00000|100%| O|  |TAMS 0x00000007aac00000, 0x00000007aaa00000| Untracked 
|1366|0x00000007aac00000, 0x00000007aac00000, 0x00000007aae00000|  0%| F|  |TAMS 0x00000007aac00000, 0x00000007aac00000| Untracked 
|1367|0x00000007aae00000, 0x00000007aae00000, 0x00000007ab000000|  0%| F|  |TAMS 0x00000007aae00000, 0x00000007aae00000| Untracked 
|1368|0x00000007ab000000, 0x00000007ab000000, 0x00000007ab200000|  0%| F|  |TAMS 0x00000007ab000000, 0x00000007ab000000| Untracked 
|1369|0x00000007ab200000, 0x00000007ab400000, 0x00000007ab400000|100%| O|  |TAMS 0x00000007ab400000, 0x00000007ab200000| Untracked 
|1370|0x00000007ab400000, 0x00000007ab400000, 0x00000007ab600000|  0%| F|  |TAMS 0x00000007ab400000, 0x00000007ab400000| Untracked 
|1371|0x00000007ab600000, 0x00000007ab800000, 0x00000007ab800000|100%| O|  |TAMS 0x00000007ab800000, 0x00000007ab600000| Untracked 
|1372|0x00000007ab800000, 0x00000007aba00000, 0x00000007aba00000|100%| O|  |TAMS 0x00000007aba00000, 0x00000007ab800000| Untracked 
|1373|0x00000007aba00000, 0x00000007aba00000, 0x00000007abc00000|  0%| F|  |TAMS 0x00000007aba00000, 0x00000007aba00000| Untracked 
|1374|0x00000007abc00000, 0x00000007abe00000, 0x00000007abe00000|100%| O|  |TAMS 0x00000007abe00000, 0x00000007abc00000| Untracked 
|1375|0x00000007abe00000, 0x00000007ac000000, 0x00000007ac000000|100%| O|  |TAMS 0x00000007ac000000, 0x00000007abe00000| Untracked 
|1376|0x00000007ac000000, 0x00000007ac200000, 0x00000007ac200000|100%| O|  |TAMS 0x00000007ac200000, 0x00000007ac000000| Untracked 
|1377|0x00000007ac200000, 0x00000007ac400000, 0x00000007ac400000|100%| O|  |TAMS 0x00000007ac400000, 0x00000007ac200000| Untracked 
|1378|0x00000007ac400000, 0x00000007ac600000, 0x00000007ac600000|100%| O|  |TAMS 0x00000007ac600000, 0x00000007ac400000| Untracked 
|1379|0x00000007ac600000, 0x00000007ac600000, 0x00000007ac800000|  0%| F|  |TAMS 0x00000007ac600000, 0x00000007ac600000| Untracked 
|1380|0x00000007ac800000, 0x00000007aca00000, 0x00000007aca00000|100%| O|  |TAMS 0x00000007aca00000, 0x00000007ac800000| Untracked 
|1381|0x00000007aca00000, 0x00000007aca00000, 0x00000007acc00000|  0%| F|  |TAMS 0x00000007aca00000, 0x00000007aca00000| Untracked 
|1382|0x00000007acc00000, 0x00000007ace00000, 0x00000007ace00000|100%| O|  |TAMS 0x00000007ace00000, 0x00000007acc00000| Untracked 
|1383|0x00000007ace00000, 0x00000007ace00000, 0x00000007ad000000|  0%| F|  |TAMS 0x00000007ace00000, 0x00000007ace00000| Untracked 
|1384|0x00000007ad000000, 0x00000007ad000000, 0x00000007ad200000|  0%| F|  |TAMS 0x00000007ad000000, 0x00000007ad000000| Untracked 
|1385|0x00000007ad200000, 0x00000007ad200000, 0x00000007ad400000|  0%| F|  |TAMS 0x00000007ad200000, 0x00000007ad200000| Untracked 
|1386|0x00000007ad400000, 0x00000007ad400000, 0x00000007ad600000|  0%| F|  |TAMS 0x00000007ad400000, 0x00000007ad400000| Untracked 
|1387|0x00000007ad600000, 0x00000007ad600000, 0x00000007ad800000|  0%| F|  |TAMS 0x00000007ad600000, 0x00000007ad600000| Untracked 
|1388|0x00000007ad800000, 0x00000007ad800000, 0x00000007ada00000|  0%| F|  |TAMS 0x00000007ad800000, 0x00000007ad800000| Untracked 
|1389|0x00000007ada00000, 0x00000007ada00000, 0x00000007adc00000|  0%| F|  |TAMS 0x00000007ada00000, 0x00000007ada00000| Untracked 
|1390|0x00000007adc00000, 0x00000007adc00000, 0x00000007ade00000|  0%| F|  |TAMS 0x00000007adc00000, 0x00000007adc00000| Untracked 
|1391|0x00000007ade00000, 0x00000007ade00000, 0x00000007ae000000|  0%| F|  |TAMS 0x00000007ade00000, 0x00000007ade00000| Untracked 
|1392|0x00000007ae000000, 0x00000007ae000000, 0x00000007ae200000|  0%| F|  |TAMS 0x00000007ae000000, 0x00000007ae000000| Untracked 
|1393|0x00000007ae200000, 0x00000007ae200000, 0x00000007ae400000|  0%| F|  |TAMS 0x00000007ae200000, 0x00000007ae200000| Untracked 
|1394|0x00000007ae400000, 0x00000007ae400000, 0x00000007ae600000|  0%| F|  |TAMS 0x00000007ae400000, 0x00000007ae400000| Untracked 
|1395|0x00000007ae600000, 0x00000007ae600000, 0x00000007ae800000|  0%| F|  |TAMS 0x00000007ae600000, 0x00000007ae600000| Untracked 
|1396|0x00000007ae800000, 0x00000007ae800000, 0x00000007aea00000|  0%| F|  |TAMS 0x00000007ae800000, 0x00000007ae800000| Untracked 
|1397|0x00000007aea00000, 0x00000007aea00000, 0x00000007aec00000|  0%| F|  |TAMS 0x00000007aea00000, 0x00000007aea00000| Untracked 
|1398|0x00000007aec00000, 0x00000007aec00000, 0x00000007aee00000|  0%| F|  |TAMS 0x00000007aec00000, 0x00000007aec00000| Untracked 
|1399|0x00000007aee00000, 0x00000007aee00000, 0x00000007af000000|  0%| F|  |TAMS 0x00000007aee00000, 0x00000007aee00000| Untracked 
|1400|0x00000007af000000, 0x00000007af000000, 0x00000007af200000|  0%| F|  |TAMS 0x00000007af000000, 0x00000007af000000| Untracked 
|1401|0x00000007af200000, 0x00000007af200000, 0x00000007af400000|  0%| F|  |TAMS 0x00000007af200000, 0x00000007af200000| Untracked 
|1402|0x00000007af400000, 0x00000007af400000, 0x00000007af600000|  0%| F|  |TAMS 0x00000007af400000, 0x00000007af400000| Untracked 
|1403|0x00000007af600000, 0x00000007af600000, 0x00000007af800000|  0%| F|  |TAMS 0x00000007af600000, 0x00000007af600000| Untracked 
|1404|0x00000007af800000, 0x00000007af800000, 0x00000007afa00000|  0%| F|  |TAMS 0x00000007af800000, 0x00000007af800000| Untracked 
|1405|0x00000007afa00000, 0x00000007afa00000, 0x00000007afc00000|  0%| F|  |TAMS 0x00000007afa00000, 0x00000007afa00000| Untracked 
|1406|0x00000007afc00000, 0x00000007afc00000, 0x00000007afe00000|  0%| F|  |TAMS 0x00000007afc00000, 0x00000007afc00000| Untracked 
|1407|0x00000007afe00000, 0x00000007afe00000, 0x00000007b0000000|  0%| F|  |TAMS 0x00000007afe00000, 0x00000007afe00000| Untracked 
|1408|0x00000007b0000000, 0x00000007b0000000, 0x00000007b0200000|  0%| F|  |TAMS 0x00000007b0000000, 0x00000007b0000000| Untracked 
|1409|0x00000007b0200000, 0x00000007b0200000, 0x00000007b0400000|  0%| F|  |TAMS 0x00000007b0200000, 0x00000007b0200000| Untracked 
|1410|0x00000007b0400000, 0x00000007b0400000, 0x00000007b0600000|  0%| F|  |TAMS 0x00000007b0400000, 0x00000007b0400000| Untracked 
|1411|0x00000007b0600000, 0x00000007b0600000, 0x00000007b0800000|  0%| F|  |TAMS 0x00000007b0600000, 0x00000007b0600000| Untracked 
|1412|0x00000007b0800000, 0x00000007b0800000, 0x00000007b0a00000|  0%| F|  |TAMS 0x00000007b0800000, 0x00000007b0800000| Untracked 
|1413|0x00000007b0a00000, 0x00000007b0a00000, 0x00000007b0c00000|  0%| F|  |TAMS 0x00000007b0a00000, 0x00000007b0a00000| Untracked 
|1414|0x00000007b0c00000, 0x00000007b0c00000, 0x00000007b0e00000|  0%| F|  |TAMS 0x00000007b0c00000, 0x00000007b0c00000| Untracked 
|1415|0x00000007b0e00000, 0x00000007b0e00000, 0x00000007b1000000|  0%| F|  |TAMS 0x00000007b0e00000, 0x00000007b0e00000| Untracked 
|1416|0x00000007b1000000, 0x00000007b1000000, 0x00000007b1200000|  0%| F|  |TAMS 0x00000007b1000000, 0x00000007b1000000| Untracked 
|1417|0x00000007b1200000, 0x00000007b1200000, 0x00000007b1400000|  0%| F|  |TAMS 0x00000007b1200000, 0x00000007b1200000| Untracked 
|1418|0x00000007b1400000, 0x00000007b1400000, 0x00000007b1600000|  0%| F|  |TAMS 0x00000007b1400000, 0x00000007b1400000| Untracked 
|1419|0x00000007b1600000, 0x00000007b1600000, 0x00000007b1800000|  0%| F|  |TAMS 0x00000007b1600000, 0x00000007b1600000| Untracked 
|1420|0x00000007b1800000, 0x00000007b1800000, 0x00000007b1a00000|  0%| F|  |TAMS 0x00000007b1800000, 0x00000007b1800000| Untracked 
|1421|0x00000007b1a00000, 0x00000007b1a00000, 0x00000007b1c00000|  0%| F|  |TAMS 0x00000007b1a00000, 0x00000007b1a00000| Untracked 
|1422|0x00000007b1c00000, 0x00000007b1c00000, 0x00000007b1e00000|  0%| F|  |TAMS 0x00000007b1c00000, 0x00000007b1c00000| Untracked 
|1423|0x00000007b1e00000, 0x00000007b1e00000, 0x00000007b2000000|  0%| F|  |TAMS 0x00000007b1e00000, 0x00000007b1e00000| Untracked 
|1424|0x00000007b2000000, 0x00000007b2000000, 0x00000007b2200000|  0%| F|  |TAMS 0x00000007b2000000, 0x00000007b2000000| Untracked 
|1425|0x00000007b2200000, 0x00000007b2200000, 0x00000007b2400000|  0%| F|  |TAMS 0x00000007b2200000, 0x00000007b2200000| Untracked 
|1426|0x00000007b2400000, 0x00000007b2400000, 0x00000007b2600000|  0%| F|  |TAMS 0x00000007b2400000, 0x00000007b2400000| Untracked 
|1427|0x00000007b2600000, 0x00000007b2600000, 0x00000007b2800000|  0%| F|  |TAMS 0x00000007b2600000, 0x00000007b2600000| Untracked 
|1428|0x00000007b2800000, 0x00000007b2800000, 0x00000007b2a00000|  0%| F|  |TAMS 0x00000007b2800000, 0x00000007b2800000| Untracked 
|1429|0x00000007b2a00000, 0x00000007b2a00000, 0x00000007b2c00000|  0%| F|  |TAMS 0x00000007b2a00000, 0x00000007b2a00000| Untracked 
|1430|0x00000007b2c00000, 0x00000007b2c00000, 0x00000007b2e00000|  0%| F|  |TAMS 0x00000007b2c00000, 0x00000007b2c00000| Untracked 
|1431|0x00000007b2e00000, 0x00000007b2e00000, 0x00000007b3000000|  0%| F|  |TAMS 0x00000007b2e00000, 0x00000007b2e00000| Untracked 
|1432|0x00000007b3000000, 0x00000007b3000000, 0x00000007b3200000|  0%| F|  |TAMS 0x00000007b3000000, 0x00000007b3000000| Untracked 
|1433|0x00000007b3200000, 0x00000007b3200000, 0x00000007b3400000|  0%| F|  |TAMS 0x00000007b3200000, 0x00000007b3200000| Untracked 
|1434|0x00000007b3400000, 0x00000007b3400000, 0x00000007b3600000|  0%| F|  |TAMS 0x00000007b3400000, 0x00000007b3400000| Untracked 
|1435|0x00000007b3600000, 0x00000007b3600000, 0x00000007b3800000|  0%| F|  |TAMS 0x00000007b3600000, 0x00000007b3600000| Untracked 
|1436|0x00000007b3800000, 0x00000007b3800000, 0x00000007b3a00000|  0%| F|  |TAMS 0x00000007b3800000, 0x00000007b3800000| Untracked 
|1437|0x00000007b3a00000, 0x00000007b3a00000, 0x00000007b3c00000|  0%| F|  |TAMS 0x00000007b3a00000, 0x00000007b3a00000| Untracked 
|1438|0x00000007b3c00000, 0x00000007b3c00000, 0x00000007b3e00000|  0%| F|  |TAMS 0x00000007b3c00000, 0x00000007b3c00000| Untracked 
|1439|0x00000007b3e00000, 0x00000007b3e00000, 0x00000007b4000000|  0%| F|  |TAMS 0x00000007b3e00000, 0x00000007b3e00000| Untracked 
|1440|0x00000007b4000000, 0x00000007b4000000, 0x00000007b4200000|  0%| F|  |TAMS 0x00000007b4000000, 0x00000007b4000000| Untracked 
|1441|0x00000007b4200000, 0x00000007b4200000, 0x00000007b4400000|  0%| F|  |TAMS 0x00000007b4200000, 0x00000007b4200000| Untracked 
|1442|0x00000007b4400000, 0x00000007b4400000, 0x00000007b4600000|  0%| F|  |TAMS 0x00000007b4400000, 0x00000007b4400000| Untracked 
|1443|0x00000007b4600000, 0x00000007b4600000, 0x00000007b4800000|  0%| F|  |TAMS 0x00000007b4600000, 0x00000007b4600000| Untracked 
|1444|0x00000007b4800000, 0x00000007b4800000, 0x00000007b4a00000|  0%| F|  |TAMS 0x00000007b4800000, 0x00000007b4800000| Untracked 
|1445|0x00000007b4a00000, 0x00000007b4a00000, 0x00000007b4c00000|  0%| F|  |TAMS 0x00000007b4a00000, 0x00000007b4a00000| Untracked 
|1446|0x00000007b4c00000, 0x00000007b4c00000, 0x00000007b4e00000|  0%| F|  |TAMS 0x00000007b4c00000, 0x00000007b4c00000| Untracked 
|1447|0x00000007b4e00000, 0x00000007b4e00000, 0x00000007b5000000|  0%| F|  |TAMS 0x00000007b4e00000, 0x00000007b4e00000| Untracked 
|1448|0x00000007b5000000, 0x00000007b5000000, 0x00000007b5200000|  0%| F|  |TAMS 0x00000007b5000000, 0x00000007b5000000| Untracked 
|1449|0x00000007b5200000, 0x00000007b5200000, 0x00000007b5400000|  0%| F|  |TAMS 0x00000007b5200000, 0x00000007b5200000| Untracked 
|1450|0x00000007b5400000, 0x00000007b5400000, 0x00000007b5600000|  0%| F|  |TAMS 0x00000007b5400000, 0x00000007b5400000| Untracked 
|1451|0x00000007b5600000, 0x00000007b5600000, 0x00000007b5800000|  0%| F|  |TAMS 0x00000007b5600000, 0x00000007b5600000| Untracked 
|1452|0x00000007b5800000, 0x00000007b5800000, 0x00000007b5a00000|  0%| F|  |TAMS 0x00000007b5800000, 0x00000007b5800000| Untracked 
|1453|0x00000007b5a00000, 0x00000007b5a00000, 0x00000007b5c00000|  0%| F|  |TAMS 0x00000007b5a00000, 0x00000007b5a00000| Untracked 
|1454|0x00000007b5c00000, 0x00000007b5c00000, 0x00000007b5e00000|  0%| F|  |TAMS 0x00000007b5c00000, 0x00000007b5c00000| Untracked 
|1455|0x00000007b5e00000, 0x00000007b5e00000, 0x00000007b6000000|  0%| F|  |TAMS 0x00000007b5e00000, 0x00000007b5e00000| Untracked 
|1456|0x00000007b6000000, 0x00000007b6000000, 0x00000007b6200000|  0%| F|  |TAMS 0x00000007b6000000, 0x00000007b6000000| Untracked 
|1457|0x00000007b6200000, 0x00000007b6200000, 0x00000007b6400000|  0%| F|  |TAMS 0x00000007b6200000, 0x00000007b6200000| Untracked 
|1458|0x00000007b6400000, 0x00000007b6400000, 0x00000007b6600000|  0%| F|  |TAMS 0x00000007b6400000, 0x00000007b6400000| Untracked 
|1459|0x00000007b6600000, 0x00000007b6600000, 0x00000007b6800000|  0%| F|  |TAMS 0x00000007b6600000, 0x00000007b6600000| Untracked 
|1460|0x00000007b6800000, 0x00000007b6800000, 0x00000007b6a00000|  0%| F|  |TAMS 0x00000007b6800000, 0x00000007b6800000| Untracked 
|1461|0x00000007b6a00000, 0x00000007b6a00000, 0x00000007b6c00000|  0%| F|  |TAMS 0x00000007b6a00000, 0x00000007b6a00000| Untracked 
|1462|0x00000007b6c00000, 0x00000007b6c00000, 0x00000007b6e00000|  0%| F|  |TAMS 0x00000007b6c00000, 0x00000007b6c00000| Untracked 
|1463|0x00000007b6e00000, 0x00000007b6e00000, 0x00000007b7000000|  0%| F|  |TAMS 0x00000007b6e00000, 0x00000007b6e00000| Untracked 
|1464|0x00000007b7000000, 0x00000007b7000000, 0x00000007b7200000|  0%| F|  |TAMS 0x00000007b7000000, 0x00000007b7000000| Untracked 
|1465|0x00000007b7200000, 0x00000007b7200000, 0x00000007b7400000|  0%| F|  |TAMS 0x00000007b7200000, 0x00000007b7200000| Untracked 
|1466|0x00000007b7400000, 0x00000007b7400000, 0x00000007b7600000|  0%| F|  |TAMS 0x00000007b7400000, 0x00000007b7400000| Untracked 
|1467|0x00000007b7600000, 0x00000007b7600000, 0x00000007b7800000|  0%| F|  |TAMS 0x00000007b7600000, 0x00000007b7600000| Untracked 
|1468|0x00000007b7800000, 0x00000007b7800000, 0x00000007b7a00000|  0%| F|  |TAMS 0x00000007b7800000, 0x00000007b7800000| Untracked 
|1469|0x00000007b7a00000, 0x00000007b7a00000, 0x00000007b7c00000|  0%| F|  |TAMS 0x00000007b7a00000, 0x00000007b7a00000| Untracked 
|1470|0x00000007b7c00000, 0x00000007b7c00000, 0x00000007b7e00000|  0%| F|  |TAMS 0x00000007b7c00000, 0x00000007b7c00000| Untracked 
|1471|0x00000007b7e00000, 0x00000007b7e00000, 0x00000007b8000000|  0%| F|  |TAMS 0x00000007b7e00000, 0x00000007b7e00000| Untracked 
|1472|0x00000007b8000000, 0x00000007b8000000, 0x00000007b8200000|  0%| F|  |TAMS 0x00000007b8000000, 0x00000007b8000000| Untracked 
|1473|0x00000007b8200000, 0x00000007b8200000, 0x00000007b8400000|  0%| F|  |TAMS 0x00000007b8200000, 0x00000007b8200000| Untracked 
|1474|0x00000007b8400000, 0x00000007b8400000, 0x00000007b8600000|  0%| F|  |TAMS 0x00000007b8400000, 0x00000007b8400000| Untracked 
|1475|0x00000007b8600000, 0x00000007b8600000, 0x00000007b8800000|  0%| F|  |TAMS 0x00000007b8600000, 0x00000007b8600000| Untracked 
|1476|0x00000007b8800000, 0x00000007b8800000, 0x00000007b8a00000|  0%| F|  |TAMS 0x00000007b8800000, 0x00000007b8800000| Untracked 
|1477|0x00000007b8a00000, 0x00000007b8a00000, 0x00000007b8c00000|  0%| F|  |TAMS 0x00000007b8a00000, 0x00000007b8a00000| Untracked 
|1478|0x00000007b8c00000, 0x00000007b8c00000, 0x00000007b8e00000|  0%| F|  |TAMS 0x00000007b8c00000, 0x00000007b8c00000| Untracked 
|1479|0x00000007b8e00000, 0x00000007b8e00000, 0x00000007b9000000|  0%| F|  |TAMS 0x00000007b8e00000, 0x00000007b8e00000| Untracked 
|1480|0x00000007b9000000, 0x00000007b9000000, 0x00000007b9200000|  0%| F|  |TAMS 0x00000007b9000000, 0x00000007b9000000| Untracked 
|1481|0x00000007b9200000, 0x00000007b9200000, 0x00000007b9400000|  0%| F|  |TAMS 0x00000007b9200000, 0x00000007b9200000| Untracked 
|1482|0x00000007b9400000, 0x00000007b9400000, 0x00000007b9600000|  0%| F|  |TAMS 0x00000007b9400000, 0x00000007b9400000| Untracked 
|1483|0x00000007b9600000, 0x00000007b9600000, 0x00000007b9800000|  0%| F|  |TAMS 0x00000007b9600000, 0x00000007b9600000| Untracked 
|1484|0x00000007b9800000, 0x00000007b9800000, 0x00000007b9a00000|  0%| F|  |TAMS 0x00000007b9800000, 0x00000007b9800000| Untracked 
|1485|0x00000007b9a00000, 0x00000007b9a00000, 0x00000007b9c00000|  0%| F|  |TAMS 0x00000007b9a00000, 0x00000007b9a00000| Untracked 
|1486|0x00000007b9c00000, 0x00000007b9c00000, 0x00000007b9e00000|  0%| F|  |TAMS 0x00000007b9c00000, 0x00000007b9c00000| Untracked 
|1487|0x00000007b9e00000, 0x00000007b9e00000, 0x00000007ba000000|  0%| F|  |TAMS 0x00000007b9e00000, 0x00000007b9e00000| Untracked 
|1488|0x00000007ba000000, 0x00000007ba000000, 0x00000007ba200000|  0%| F|  |TAMS 0x00000007ba000000, 0x00000007ba000000| Untracked 
|1489|0x00000007ba200000, 0x00000007ba200000, 0x00000007ba400000|  0%| F|  |TAMS 0x00000007ba200000, 0x00000007ba200000| Untracked 
|1490|0x00000007ba400000, 0x00000007ba400000, 0x00000007ba600000|  0%| F|  |TAMS 0x00000007ba400000, 0x00000007ba400000| Untracked 
|1491|0x00000007ba600000, 0x00000007ba600000, 0x00000007ba800000|  0%| F|  |TAMS 0x00000007ba600000, 0x00000007ba600000| Untracked 
|1492|0x00000007ba800000, 0x00000007ba800000, 0x00000007baa00000|  0%| F|  |TAMS 0x00000007ba800000, 0x00000007ba800000| Untracked 
|1493|0x00000007baa00000, 0x00000007baa00000, 0x00000007bac00000|  0%| F|  |TAMS 0x00000007baa00000, 0x00000007baa00000| Untracked 
|1494|0x00000007bac00000, 0x00000007bac00000, 0x00000007bae00000|  0%| F|  |TAMS 0x00000007bac00000, 0x00000007bac00000| Untracked 
|1495|0x00000007bae00000, 0x00000007bae00000, 0x00000007bb000000|  0%| F|  |TAMS 0x00000007bae00000, 0x00000007bae00000| Untracked 
|1496|0x00000007bb000000, 0x00000007bb000000, 0x00000007bb200000|  0%| F|  |TAMS 0x00000007bb000000, 0x00000007bb000000| Untracked 
|1497|0x00000007bb200000, 0x00000007bb200000, 0x00000007bb400000|  0%| F|  |TAMS 0x00000007bb200000, 0x00000007bb200000| Untracked 
|1498|0x00000007bb400000, 0x00000007bb400000, 0x00000007bb600000|  0%| F|  |TAMS 0x00000007bb400000, 0x00000007bb400000| Untracked 
|1499|0x00000007bb600000, 0x00000007bb600000, 0x00000007bb800000|  0%| F|  |TAMS 0x00000007bb600000, 0x00000007bb600000| Untracked 
|1500|0x00000007bb800000, 0x00000007bb800000, 0x00000007bba00000|  0%| F|  |TAMS 0x00000007bb800000, 0x00000007bb800000| Untracked 
|1501|0x00000007bba00000, 0x00000007bba00000, 0x00000007bbc00000|  0%| F|  |TAMS 0x00000007bba00000, 0x00000007bba00000| Untracked 
|1502|0x00000007bbc00000, 0x00000007bbc00000, 0x00000007bbe00000|  0%| F|  |TAMS 0x00000007bbc00000, 0x00000007bbc00000| Untracked 
|1503|0x00000007bbe00000, 0x00000007bbe00000, 0x00000007bc000000|  0%| F|  |TAMS 0x00000007bbe00000, 0x00000007bbe00000| Untracked 
|1504|0x00000007bc000000, 0x00000007bc000000, 0x00000007bc200000|  0%| F|  |TAMS 0x00000007bc000000, 0x00000007bc000000| Untracked 
|1505|0x00000007bc200000, 0x00000007bc200000, 0x00000007bc400000|  0%| F|  |TAMS 0x00000007bc200000, 0x00000007bc200000| Untracked 
|1506|0x00000007bc400000, 0x00000007bc400000, 0x00000007bc600000|  0%| F|  |TAMS 0x00000007bc400000, 0x00000007bc400000| Untracked 
|1507|0x00000007bc600000, 0x00000007bc600000, 0x00000007bc800000|  0%| F|  |TAMS 0x00000007bc600000, 0x00000007bc600000| Untracked 
|1508|0x00000007bc800000, 0x00000007bc800000, 0x00000007bca00000|  0%| F|  |TAMS 0x00000007bc800000, 0x00000007bc800000| Untracked 
|1509|0x00000007bca00000, 0x00000007bca00000, 0x00000007bcc00000|  0%| F|  |TAMS 0x00000007bca00000, 0x00000007bca00000| Untracked 
|1510|0x00000007bcc00000, 0x00000007bcc00000, 0x00000007bce00000|  0%| F|  |TAMS 0x00000007bcc00000, 0x00000007bcc00000| Untracked 
|1511|0x00000007bce00000, 0x00000007bce00000, 0x00000007bd000000|  0%| F|  |TAMS 0x00000007bce00000, 0x00000007bce00000| Untracked 
|1512|0x00000007bd000000, 0x00000007bd000000, 0x00000007bd200000|  0%| F|  |TAMS 0x00000007bd000000, 0x00000007bd000000| Untracked 
|1513|0x00000007bd200000, 0x00000007bd200000, 0x00000007bd400000|  0%| F|  |TAMS 0x00000007bd200000, 0x00000007bd200000| Untracked 
|1514|0x00000007bd400000, 0x00000007bd400000, 0x00000007bd600000|  0%| F|  |TAMS 0x00000007bd400000, 0x00000007bd400000| Untracked 
|1515|0x00000007bd600000, 0x00000007bd600000, 0x00000007bd800000|  0%| F|  |TAMS 0x00000007bd600000, 0x00000007bd600000| Untracked 
|1516|0x00000007bd800000, 0x00000007bd800000, 0x00000007bda00000|  0%| F|  |TAMS 0x00000007bd800000, 0x00000007bd800000| Untracked 
|1517|0x00000007bda00000, 0x00000007bda00000, 0x00000007bdc00000|  0%| F|  |TAMS 0x00000007bda00000, 0x00000007bda00000| Untracked 
|1518|0x00000007bdc00000, 0x00000007bdc00000, 0x00000007bde00000|  0%| F|  |TAMS 0x00000007bdc00000, 0x00000007bdc00000| Untracked 
|1519|0x00000007bde00000, 0x00000007bde00000, 0x00000007be000000|  0%| F|  |TAMS 0x00000007bde00000, 0x00000007bde00000| Untracked 
|1520|0x00000007be000000, 0x00000007be000000, 0x00000007be200000|  0%| F|  |TAMS 0x00000007be000000, 0x00000007be000000| Untracked 
|1521|0x00000007be200000, 0x00000007be200000, 0x00000007be400000|  0%| F|  |TAMS 0x00000007be200000, 0x00000007be200000| Untracked 
|1522|0x00000007be400000, 0x00000007be400000, 0x00000007be600000|  0%| F|  |TAMS 0x00000007be400000, 0x00000007be400000| Untracked 
|1523|0x00000007be600000, 0x00000007be600000, 0x00000007be800000|  0%| F|  |TAMS 0x00000007be600000, 0x00000007be600000| Untracked 
|1524|0x00000007be800000, 0x00000007be800000, 0x00000007bea00000|  0%| F|  |TAMS 0x00000007be800000, 0x00000007be800000| Untracked 
|1525|0x00000007bea00000, 0x00000007bea00000, 0x00000007bec00000|  0%| F|  |TAMS 0x00000007bea00000, 0x00000007bea00000| Untracked 
|1526|0x00000007bec00000, 0x00000007bec00000, 0x00000007bee00000|  0%| F|  |TAMS 0x00000007bec00000, 0x00000007bec00000| Untracked 
|1527|0x00000007bee00000, 0x00000007bee00000, 0x00000007bf000000|  0%| F|  |TAMS 0x00000007bee00000, 0x00000007bee00000| Untracked 
|1528|0x00000007bf000000, 0x00000007bf000000, 0x00000007bf200000|  0%| F|  |TAMS 0x00000007bf000000, 0x00000007bf000000| Untracked 
|1529|0x00000007bf200000, 0x00000007bf200000, 0x00000007bf400000|  0%| F|  |TAMS 0x00000007bf200000, 0x00000007bf200000| Untracked 
|1530|0x00000007bf400000, 0x00000007bf400000, 0x00000007bf600000|  0%| F|  |TAMS 0x00000007bf400000, 0x00000007bf400000| Untracked 
|1531|0x00000007bf600000, 0x00000007bf600000, 0x00000007bf800000|  0%| F|  |TAMS 0x00000007bf600000, 0x00000007bf600000| Untracked 
|1532|0x00000007bf800000, 0x00000007bf800000, 0x00000007bfa00000|  0%| F|  |TAMS 0x00000007bf800000, 0x00000007bf800000| Untracked 
|1533|0x00000007bfa00000, 0x00000007bfa00000, 0x00000007bfc00000|  0%| F|  |TAMS 0x00000007bfa00000, 0x00000007bfa00000| Untracked 
|1534|0x00000007bfc00000, 0x00000007bfc00000, 0x00000007bfe00000|  0%| F|  |TAMS 0x00000007bfc00000, 0x00000007bfc00000| Untracked 
|1535|0x00000007bfe00000, 0x00000007bfe00000, 0x00000007c0000000|  0%| F|  |TAMS 0x00000007bfe00000, 0x00000007bfe00000| Untracked 
|1536|0x00000007c0000000, 0x00000007c0000000, 0x00000007c0200000|  0%| F|  |TAMS 0x00000007c0000000, 0x00000007c0000000| Untracked 
|1537|0x00000007c0200000, 0x00000007c0200000, 0x00000007c0400000|  0%| F|  |TAMS 0x00000007c0200000, 0x00000007c0200000| Untracked 
|1538|0x00000007c0400000, 0x00000007c0400000, 0x00000007c0600000|  0%| F|  |TAMS 0x00000007c0400000, 0x00000007c0400000| Untracked 
|1539|0x00000007c0600000, 0x00000007c0600000, 0x00000007c0800000|  0%| F|  |TAMS 0x00000007c0600000, 0x00000007c0600000| Untracked 
|1540|0x00000007c0800000, 0x00000007c0800000, 0x00000007c0a00000|  0%| F|  |TAMS 0x00000007c0800000, 0x00000007c0800000| Untracked 
|1541|0x00000007c0a00000, 0x00000007c0a00000, 0x00000007c0c00000|  0%| F|  |TAMS 0x00000007c0a00000, 0x00000007c0a00000| Untracked 
|1542|0x00000007c0c00000, 0x00000007c0c00000, 0x00000007c0e00000|  0%| F|  |TAMS 0x00000007c0c00000, 0x00000007c0c00000| Untracked 
|1543|0x00000007c0e00000, 0x00000007c0e00000, 0x00000007c1000000|  0%| F|  |TAMS 0x00000007c0e00000, 0x00000007c0e00000| Untracked 
|1544|0x00000007c1000000, 0x00000007c1000000, 0x00000007c1200000|  0%| F|  |TAMS 0x00000007c1000000, 0x00000007c1000000| Untracked 
|1545|0x00000007c1200000, 0x00000007c1200000, 0x00000007c1400000|  0%| F|  |TAMS 0x00000007c1200000, 0x00000007c1200000| Untracked 
|1546|0x00000007c1400000, 0x00000007c1400000, 0x00000007c1600000|  0%| F|  |TAMS 0x00000007c1400000, 0x00000007c1400000| Untracked 
|1547|0x00000007c1600000, 0x00000007c1600000, 0x00000007c1800000|  0%| F|  |TAMS 0x00000007c1600000, 0x00000007c1600000| Untracked 
|1548|0x00000007c1800000, 0x00000007c1800000, 0x00000007c1a00000|  0%| F|  |TAMS 0x00000007c1800000, 0x00000007c1800000| Untracked 
|1549|0x00000007c1a00000, 0x00000007c1a00000, 0x00000007c1c00000|  0%| F|  |TAMS 0x00000007c1a00000, 0x00000007c1a00000| Untracked 
|1550|0x00000007c1c00000, 0x00000007c1c00000, 0x00000007c1e00000|  0%| F|  |TAMS 0x00000007c1c00000, 0x00000007c1c00000| Untracked 
|1551|0x00000007c1e00000, 0x00000007c1e00000, 0x00000007c2000000|  0%| F|  |TAMS 0x00000007c1e00000, 0x00000007c1e00000| Untracked 
|1552|0x00000007c2000000, 0x00000007c2000000, 0x00000007c2200000|  0%| F|  |TAMS 0x00000007c2000000, 0x00000007c2000000| Untracked 
|1553|0x00000007c2200000, 0x00000007c2200000, 0x00000007c2400000|  0%| F|  |TAMS 0x00000007c2200000, 0x00000007c2200000| Untracked 
|1554|0x00000007c2400000, 0x00000007c2400000, 0x00000007c2600000|  0%| F|  |TAMS 0x00000007c2400000, 0x00000007c2400000| Untracked 
|1555|0x00000007c2600000, 0x00000007c2600000, 0x00000007c2800000|  0%| F|  |TAMS 0x00000007c2600000, 0x00000007c2600000| Untracked 
|1556|0x00000007c2800000, 0x00000007c2800000, 0x00000007c2a00000|  0%| F|  |TAMS 0x00000007c2800000, 0x00000007c2800000| Untracked 
|1557|0x00000007c2a00000, 0x00000007c2a00000, 0x00000007c2c00000|  0%| F|  |TAMS 0x00000007c2a00000, 0x00000007c2a00000| Untracked 
|1558|0x00000007c2c00000, 0x00000007c2c00000, 0x00000007c2e00000|  0%| F|  |TAMS 0x00000007c2c00000, 0x00000007c2c00000| Untracked 
|1559|0x00000007c2e00000, 0x00000007c2e00000, 0x00000007c3000000|  0%| F|  |TAMS 0x00000007c2e00000, 0x00000007c2e00000| Untracked 
|1560|0x00000007c3000000, 0x00000007c3000000, 0x00000007c3200000|  0%| F|  |TAMS 0x00000007c3000000, 0x00000007c3000000| Untracked 
|1561|0x00000007c3200000, 0x00000007c3200000, 0x00000007c3400000|  0%| F|  |TAMS 0x00000007c3200000, 0x00000007c3200000| Untracked 
|1562|0x00000007c3400000, 0x00000007c3400000, 0x00000007c3600000|  0%| F|  |TAMS 0x00000007c3400000, 0x00000007c3400000| Untracked 
|1563|0x00000007c3600000, 0x00000007c3600000, 0x00000007c3800000|  0%| F|  |TAMS 0x00000007c3600000, 0x00000007c3600000| Untracked 
|1564|0x00000007c3800000, 0x00000007c3800000, 0x00000007c3a00000|  0%| F|  |TAMS 0x00000007c3800000, 0x00000007c3800000| Untracked 
|1565|0x00000007c3a00000, 0x00000007c3a00000, 0x00000007c3c00000|  0%| F|  |TAMS 0x00000007c3a00000, 0x00000007c3a00000| Untracked 
|1566|0x00000007c3c00000, 0x00000007c3c00000, 0x00000007c3e00000|  0%| F|  |TAMS 0x00000007c3c00000, 0x00000007c3c00000| Untracked 
|1567|0x00000007c3e00000, 0x00000007c3e00000, 0x00000007c4000000|  0%| F|  |TAMS 0x00000007c3e00000, 0x00000007c3e00000| Untracked 
|1568|0x00000007c4000000, 0x00000007c4000000, 0x00000007c4200000|  0%| F|  |TAMS 0x00000007c4000000, 0x00000007c4000000| Untracked 
|1569|0x00000007c4200000, 0x00000007c4200000, 0x00000007c4400000|  0%| F|  |TAMS 0x00000007c4200000, 0x00000007c4200000| Untracked 
|1570|0x00000007c4400000, 0x00000007c4400000, 0x00000007c4600000|  0%| F|  |TAMS 0x00000007c4400000, 0x00000007c4400000| Untracked 
|1571|0x00000007c4600000, 0x00000007c4600000, 0x00000007c4800000|  0%| F|  |TAMS 0x00000007c4600000, 0x00000007c4600000| Untracked 
|1572|0x00000007c4800000, 0x00000007c4800000, 0x00000007c4a00000|  0%| F|  |TAMS 0x00000007c4800000, 0x00000007c4800000| Untracked 
|1573|0x00000007c4a00000, 0x00000007c4a00000, 0x00000007c4c00000|  0%| F|  |TAMS 0x00000007c4a00000, 0x00000007c4a00000| Untracked 
|1574|0x00000007c4c00000, 0x00000007c4c00000, 0x00000007c4e00000|  0%| F|  |TAMS 0x00000007c4c00000, 0x00000007c4c00000| Untracked 
|1575|0x00000007c4e00000, 0x00000007c4e00000, 0x00000007c5000000|  0%| F|  |TAMS 0x00000007c4e00000, 0x00000007c4e00000| Untracked 
|1576|0x00000007c5000000, 0x00000007c5000000, 0x00000007c5200000|  0%| F|  |TAMS 0x00000007c5000000, 0x00000007c5000000| Untracked 
|1577|0x00000007c5200000, 0x00000007c5200000, 0x00000007c5400000|  0%| F|  |TAMS 0x00000007c5200000, 0x00000007c5200000| Untracked 
|1578|0x00000007c5400000, 0x00000007c5400000, 0x00000007c5600000|  0%| F|  |TAMS 0x00000007c5400000, 0x00000007c5400000| Untracked 
|1579|0x00000007c5600000, 0x00000007c5600000, 0x00000007c5800000|  0%| F|  |TAMS 0x00000007c5600000, 0x00000007c5600000| Untracked 
|1580|0x00000007c5800000, 0x00000007c5800000, 0x00000007c5a00000|  0%| F|  |TAMS 0x00000007c5800000, 0x00000007c5800000| Untracked 
|1581|0x00000007c5a00000, 0x00000007c5a00000, 0x00000007c5c00000|  0%| F|  |TAMS 0x00000007c5a00000, 0x00000007c5a00000| Untracked 
|1582|0x00000007c5c00000, 0x00000007c5c00000, 0x00000007c5e00000|  0%| F|  |TAMS 0x00000007c5c00000, 0x00000007c5c00000| Untracked 
|1583|0x00000007c5e00000, 0x00000007c5e00000, 0x00000007c6000000|  0%| F|  |TAMS 0x00000007c5e00000, 0x00000007c5e00000| Untracked 
|1584|0x00000007c6000000, 0x00000007c6000000, 0x00000007c6200000|  0%| F|  |TAMS 0x00000007c6000000, 0x00000007c6000000| Untracked 
|1585|0x00000007c6200000, 0x00000007c6200000, 0x00000007c6400000|  0%| F|  |TAMS 0x00000007c6200000, 0x00000007c6200000| Untracked 
|1586|0x00000007c6400000, 0x00000007c6400000, 0x00000007c6600000|  0%| F|  |TAMS 0x00000007c6400000, 0x00000007c6400000| Untracked 
|1587|0x00000007c6600000, 0x00000007c6600000, 0x00000007c6800000|  0%| F|  |TAMS 0x00000007c6600000, 0x00000007c6600000| Untracked 
|1588|0x00000007c6800000, 0x00000007c6800000, 0x00000007c6a00000|  0%| F|  |TAMS 0x00000007c6800000, 0x00000007c6800000| Untracked 
|1589|0x00000007c6a00000, 0x00000007c6a00000, 0x00000007c6c00000|  0%| F|  |TAMS 0x00000007c6a00000, 0x00000007c6a00000| Untracked 
|1590|0x00000007c6c00000, 0x00000007c6c00000, 0x00000007c6e00000|  0%| F|  |TAMS 0x00000007c6c00000, 0x00000007c6c00000| Untracked 
|1591|0x00000007c6e00000, 0x00000007c6e00000, 0x00000007c7000000|  0%| F|  |TAMS 0x00000007c6e00000, 0x00000007c6e00000| Untracked 
|1592|0x00000007c7000000, 0x00000007c7000000, 0x00000007c7200000|  0%| F|  |TAMS 0x00000007c7000000, 0x00000007c7000000| Untracked 
|1593|0x00000007c7200000, 0x00000007c7200000, 0x00000007c7400000|  0%| F|  |TAMS 0x00000007c7200000, 0x00000007c7200000| Untracked 
|1594|0x00000007c7400000, 0x00000007c7400000, 0x00000007c7600000|  0%| F|  |TAMS 0x00000007c7400000, 0x00000007c7400000| Untracked 
|1595|0x00000007c7600000, 0x00000007c7600000, 0x00000007c7800000|  0%| F|  |TAMS 0x00000007c7600000, 0x00000007c7600000| Untracked 
|1596|0x00000007c7800000, 0x00000007c7800000, 0x00000007c7a00000|  0%| F|  |TAMS 0x00000007c7800000, 0x00000007c7800000| Untracked 
|1597|0x00000007c7a00000, 0x00000007c7a00000, 0x00000007c7c00000|  0%| F|  |TAMS 0x00000007c7a00000, 0x00000007c7a00000| Untracked 
|1598|0x00000007c7c00000, 0x00000007c7c00000, 0x00000007c7e00000|  0%| F|  |TAMS 0x00000007c7c00000, 0x00000007c7c00000| Untracked 
|1599|0x00000007c7e00000, 0x00000007c7e00000, 0x00000007c8000000|  0%| F|  |TAMS 0x00000007c7e00000, 0x00000007c7e00000| Untracked 
|1600|0x00000007c8000000, 0x00000007c8000000, 0x00000007c8200000|  0%| F|  |TAMS 0x00000007c8000000, 0x00000007c8000000| Untracked 
|1601|0x00000007c8200000, 0x00000007c8200000, 0x00000007c8400000|  0%| F|  |TAMS 0x00000007c8200000, 0x00000007c8200000| Untracked 
|1602|0x00000007c8400000, 0x00000007c8400000, 0x00000007c8600000|  0%| F|  |TAMS 0x00000007c8400000, 0x00000007c8400000| Untracked 
|1603|0x00000007c8600000, 0x00000007c8600000, 0x00000007c8800000|  0%| F|  |TAMS 0x00000007c8600000, 0x00000007c8600000| Untracked 
|1604|0x00000007c8800000, 0x00000007c8800000, 0x00000007c8a00000|  0%| F|  |TAMS 0x00000007c8800000, 0x00000007c8800000| Untracked 
|1605|0x00000007c8a00000, 0x00000007c8a00000, 0x00000007c8c00000|  0%| F|  |TAMS 0x00000007c8a00000, 0x00000007c8a00000| Untracked 
|1606|0x00000007c8c00000, 0x00000007c8c00000, 0x00000007c8e00000|  0%| F|  |TAMS 0x00000007c8c00000, 0x00000007c8c00000| Untracked 
|1607|0x00000007c8e00000, 0x00000007c8e00000, 0x00000007c9000000|  0%| F|  |TAMS 0x00000007c8e00000, 0x00000007c8e00000| Untracked 
|1608|0x00000007c9000000, 0x00000007c9000000, 0x00000007c9200000|  0%| F|  |TAMS 0x00000007c9000000, 0x00000007c9000000| Untracked 
|1609|0x00000007c9200000, 0x00000007c9200000, 0x00000007c9400000|  0%| F|  |TAMS 0x00000007c9200000, 0x00000007c9200000| Untracked 
|1610|0x00000007c9400000, 0x00000007c9400000, 0x00000007c9600000|  0%| F|  |TAMS 0x00000007c9400000, 0x00000007c9400000| Untracked 
|1611|0x00000007c9600000, 0x00000007c9600000, 0x00000007c9800000|  0%| F|  |TAMS 0x00000007c9600000, 0x00000007c9600000| Untracked 
|1612|0x00000007c9800000, 0x00000007c9800000, 0x00000007c9a00000|  0%| F|  |TAMS 0x00000007c9800000, 0x00000007c9800000| Untracked 
|1613|0x00000007c9a00000, 0x00000007c9a00000, 0x00000007c9c00000|  0%| F|  |TAMS 0x00000007c9a00000, 0x00000007c9a00000| Untracked 
|1614|0x00000007c9c00000, 0x00000007c9c00000, 0x00000007c9e00000|  0%| F|  |TAMS 0x00000007c9c00000, 0x00000007c9c00000| Untracked 
|1615|0x00000007c9e00000, 0x00000007c9e00000, 0x00000007ca000000|  0%| F|  |TAMS 0x00000007c9e00000, 0x00000007c9e00000| Untracked 
|1616|0x00000007ca000000, 0x00000007ca000000, 0x00000007ca200000|  0%| F|  |TAMS 0x00000007ca000000, 0x00000007ca000000| Untracked 
|1617|0x00000007ca200000, 0x00000007ca200000, 0x00000007ca400000|  0%| F|  |TAMS 0x00000007ca200000, 0x00000007ca200000| Untracked 
|1618|0x00000007ca400000, 0x00000007ca400000, 0x00000007ca600000|  0%| F|  |TAMS 0x00000007ca400000, 0x00000007ca400000| Untracked 
|1619|0x00000007ca600000, 0x00000007ca600000, 0x00000007ca800000|  0%| F|  |TAMS 0x00000007ca600000, 0x00000007ca600000| Untracked 
|1620|0x00000007ca800000, 0x00000007ca800000, 0x00000007caa00000|  0%| F|  |TAMS 0x00000007ca800000, 0x00000007ca800000| Untracked 
|1621|0x00000007caa00000, 0x00000007caa00000, 0x00000007cac00000|  0%| F|  |TAMS 0x00000007caa00000, 0x00000007caa00000| Untracked 
|1622|0x00000007cac00000, 0x00000007cac00000, 0x00000007cae00000|  0%| F|  |TAMS 0x00000007cac00000, 0x00000007cac00000| Untracked 
|1623|0x00000007cae00000, 0x00000007cae00000, 0x00000007cb000000|  0%| F|  |TAMS 0x00000007cae00000, 0x00000007cae00000| Untracked 
|1624|0x00000007cb000000, 0x00000007cb000000, 0x00000007cb200000|  0%| F|  |TAMS 0x00000007cb000000, 0x00000007cb000000| Untracked 
|1625|0x00000007cb200000, 0x00000007cb200000, 0x00000007cb400000|  0%| F|  |TAMS 0x00000007cb200000, 0x00000007cb200000| Untracked 
|1626|0x00000007cb400000, 0x00000007cb400000, 0x00000007cb600000|  0%| F|  |TAMS 0x00000007cb400000, 0x00000007cb400000| Untracked 
|1627|0x00000007cb600000, 0x00000007cb600000, 0x00000007cb800000|  0%| F|  |TAMS 0x00000007cb600000, 0x00000007cb600000| Untracked 
|1628|0x00000007cb800000, 0x00000007cb800000, 0x00000007cba00000|  0%| F|  |TAMS 0x00000007cb800000, 0x00000007cb800000| Untracked 
|1629|0x00000007cba00000, 0x00000007cba00000, 0x00000007cbc00000|  0%| F|  |TAMS 0x00000007cba00000, 0x00000007cba00000| Untracked 
|1630|0x00000007cbc00000, 0x00000007cbc00000, 0x00000007cbe00000|  0%| F|  |TAMS 0x00000007cbc00000, 0x00000007cbc00000| Untracked 
|1631|0x00000007cbe00000, 0x00000007cbe00000, 0x00000007cc000000|  0%| F|  |TAMS 0x00000007cbe00000, 0x00000007cbe00000| Untracked 
|1632|0x00000007cc000000, 0x00000007cc000000, 0x00000007cc200000|  0%| F|  |TAMS 0x00000007cc000000, 0x00000007cc000000| Untracked 
|1633|0x00000007cc200000, 0x00000007cc200000, 0x00000007cc400000|  0%| F|  |TAMS 0x00000007cc200000, 0x00000007cc200000| Untracked 
|1634|0x00000007cc400000, 0x00000007cc400000, 0x00000007cc600000|  0%| F|  |TAMS 0x00000007cc400000, 0x00000007cc400000| Untracked 
|1635|0x00000007cc600000, 0x00000007cc600000, 0x00000007cc800000|  0%| F|  |TAMS 0x00000007cc600000, 0x00000007cc600000| Untracked 
|1636|0x00000007cc800000, 0x00000007cc800000, 0x00000007cca00000|  0%| F|  |TAMS 0x00000007cc800000, 0x00000007cc800000| Untracked 
|1637|0x00000007cca00000, 0x00000007cca00000, 0x00000007ccc00000|  0%| F|  |TAMS 0x00000007cca00000, 0x00000007cca00000| Untracked 
|1638|0x00000007ccc00000, 0x00000007ccc00000, 0x00000007cce00000|  0%| F|  |TAMS 0x00000007ccc00000, 0x00000007ccc00000| Untracked 
|1639|0x00000007cce00000, 0x00000007cce00000, 0x00000007cd000000|  0%| F|  |TAMS 0x00000007cce00000, 0x00000007cce00000| Untracked 
|1640|0x00000007cd000000, 0x00000007cd000000, 0x00000007cd200000|  0%| F|  |TAMS 0x00000007cd000000, 0x00000007cd000000| Untracked 
|1641|0x00000007cd200000, 0x00000007cd200000, 0x00000007cd400000|  0%| F|  |TAMS 0x00000007cd200000, 0x00000007cd200000| Untracked 
|1642|0x00000007cd400000, 0x00000007cd400000, 0x00000007cd600000|  0%| F|  |TAMS 0x00000007cd400000, 0x00000007cd400000| Untracked 
|1643|0x00000007cd600000, 0x00000007cd600000, 0x00000007cd800000|  0%| F|  |TAMS 0x00000007cd600000, 0x00000007cd600000| Untracked 
|1644|0x00000007cd800000, 0x00000007cd800000, 0x00000007cda00000|  0%| F|  |TAMS 0x00000007cd800000, 0x00000007cd800000| Untracked 
|1645|0x00000007cda00000, 0x00000007cda00000, 0x00000007cdc00000|  0%| F|  |TAMS 0x00000007cda00000, 0x00000007cda00000| Untracked 
|1646|0x00000007cdc00000, 0x00000007cdc00000, 0x00000007cde00000|  0%| F|  |TAMS 0x00000007cdc00000, 0x00000007cdc00000| Untracked 
|1647|0x00000007cde00000, 0x00000007cde00000, 0x00000007ce000000|  0%| F|  |TAMS 0x00000007cde00000, 0x00000007cde00000| Untracked 
|1648|0x00000007ce000000, 0x00000007ce000000, 0x00000007ce200000|  0%| F|  |TAMS 0x00000007ce000000, 0x00000007ce000000| Untracked 
|1649|0x00000007ce200000, 0x00000007ce200000, 0x00000007ce400000|  0%| F|  |TAMS 0x00000007ce200000, 0x00000007ce200000| Untracked 
|1650|0x00000007ce400000, 0x00000007ce400000, 0x00000007ce600000|  0%| F|  |TAMS 0x00000007ce400000, 0x00000007ce400000| Untracked 
|1651|0x00000007ce600000, 0x00000007ce600000, 0x00000007ce800000|  0%| F|  |TAMS 0x00000007ce600000, 0x00000007ce600000| Untracked 
|1652|0x00000007ce800000, 0x00000007ce800000, 0x00000007cea00000|  0%| F|  |TAMS 0x00000007ce800000, 0x00000007ce800000| Untracked 
|1653|0x00000007cea00000, 0x00000007cea00000, 0x00000007cec00000|  0%| F|  |TAMS 0x00000007cea00000, 0x00000007cea00000| Untracked 
|1654|0x00000007cec00000, 0x00000007cec00000, 0x00000007cee00000|  0%| F|  |TAMS 0x00000007cec00000, 0x00000007cec00000| Untracked 
|1655|0x00000007cee00000, 0x00000007cee00000, 0x00000007cf000000|  0%| F|  |TAMS 0x00000007cee00000, 0x00000007cee00000| Untracked 
|1656|0x00000007cf000000, 0x00000007cf000000, 0x00000007cf200000|  0%| F|  |TAMS 0x00000007cf000000, 0x00000007cf000000| Untracked 
|1657|0x00000007cf200000, 0x00000007cf200000, 0x00000007cf400000|  0%| F|  |TAMS 0x00000007cf200000, 0x00000007cf200000| Untracked 
|1658|0x00000007cf400000, 0x00000007cf400000, 0x00000007cf600000|  0%| F|  |TAMS 0x00000007cf400000, 0x00000007cf400000| Untracked 
|1659|0x00000007cf600000, 0x00000007cf600000, 0x00000007cf800000|  0%| F|  |TAMS 0x00000007cf600000, 0x00000007cf600000| Untracked 
|1660|0x00000007cf800000, 0x00000007cf800000, 0x00000007cfa00000|  0%| F|  |TAMS 0x00000007cf800000, 0x00000007cf800000| Untracked 
|1661|0x00000007cfa00000, 0x00000007cfa00000, 0x00000007cfc00000|  0%| F|  |TAMS 0x00000007cfa00000, 0x00000007cfa00000| Untracked 
|1662|0x00000007cfc00000, 0x00000007cfc00000, 0x00000007cfe00000|  0%| F|  |TAMS 0x00000007cfc00000, 0x00000007cfc00000| Untracked 
|1663|0x00000007cfe00000, 0x00000007cfe00000, 0x00000007d0000000|  0%| F|  |TAMS 0x00000007cfe00000, 0x00000007cfe00000| Untracked 
|1664|0x00000007d0000000, 0x00000007d0000000, 0x00000007d0200000|  0%| F|  |TAMS 0x00000007d0000000, 0x00000007d0000000| Untracked 
|1665|0x00000007d0200000, 0x00000007d0200000, 0x00000007d0400000|  0%| F|  |TAMS 0x00000007d0200000, 0x00000007d0200000| Untracked 
|1666|0x00000007d0400000, 0x00000007d0400000, 0x00000007d0600000|  0%| F|  |TAMS 0x00000007d0400000, 0x00000007d0400000| Untracked 
|1667|0x00000007d0600000, 0x00000007d0600000, 0x00000007d0800000|  0%| F|  |TAMS 0x00000007d0600000, 0x00000007d0600000| Untracked 
|1668|0x00000007d0800000, 0x00000007d0800000, 0x00000007d0a00000|  0%| F|  |TAMS 0x00000007d0800000, 0x00000007d0800000| Untracked 
|1669|0x00000007d0a00000, 0x00000007d0a00000, 0x00000007d0c00000|  0%| F|  |TAMS 0x00000007d0a00000, 0x00000007d0a00000| Untracked 
|1670|0x00000007d0c00000, 0x00000007d0c00000, 0x00000007d0e00000|  0%| F|  |TAMS 0x00000007d0c00000, 0x00000007d0c00000| Untracked 
|1671|0x00000007d0e00000, 0x00000007d0e00000, 0x00000007d1000000|  0%| F|  |TAMS 0x00000007d0e00000, 0x00000007d0e00000| Untracked 
|1672|0x00000007d1000000, 0x00000007d1000000, 0x00000007d1200000|  0%| F|  |TAMS 0x00000007d1000000, 0x00000007d1000000| Untracked 
|1673|0x00000007d1200000, 0x00000007d1200000, 0x00000007d1400000|  0%| F|  |TAMS 0x00000007d1200000, 0x00000007d1200000| Untracked 
|1674|0x00000007d1400000, 0x00000007d1400000, 0x00000007d1600000|  0%| F|  |TAMS 0x00000007d1400000, 0x00000007d1400000| Untracked 
|1675|0x00000007d1600000, 0x00000007d1600000, 0x00000007d1800000|  0%| F|  |TAMS 0x00000007d1600000, 0x00000007d1600000| Untracked 
|1676|0x00000007d1800000, 0x00000007d1800000, 0x00000007d1a00000|  0%| F|  |TAMS 0x00000007d1800000, 0x00000007d1800000| Untracked 
|1677|0x00000007d1a00000, 0x00000007d1a00000, 0x00000007d1c00000|  0%| F|  |TAMS 0x00000007d1a00000, 0x00000007d1a00000| Untracked 
|1678|0x00000007d1c00000, 0x00000007d1c00000, 0x00000007d1e00000|  0%| F|  |TAMS 0x00000007d1c00000, 0x00000007d1c00000| Untracked 
|1679|0x00000007d1e00000, 0x00000007d1e00000, 0x00000007d2000000|  0%| F|  |TAMS 0x00000007d1e00000, 0x00000007d1e00000| Untracked 
|1680|0x00000007d2000000, 0x00000007d2000000, 0x00000007d2200000|  0%| F|  |TAMS 0x00000007d2000000, 0x00000007d2000000| Untracked 
|1681|0x00000007d2200000, 0x00000007d2200000, 0x00000007d2400000|  0%| F|  |TAMS 0x00000007d2200000, 0x00000007d2200000| Untracked 
|1682|0x00000007d2400000, 0x00000007d2400000, 0x00000007d2600000|  0%| F|  |TAMS 0x00000007d2400000, 0x00000007d2400000| Untracked 
|1683|0x00000007d2600000, 0x00000007d2600000, 0x00000007d2800000|  0%| F|  |TAMS 0x00000007d2600000, 0x00000007d2600000| Untracked 
|1684|0x00000007d2800000, 0x00000007d2800000, 0x00000007d2a00000|  0%| F|  |TAMS 0x00000007d2800000, 0x00000007d2800000| Untracked 
|1685|0x00000007d2a00000, 0x00000007d2a00000, 0x00000007d2c00000|  0%| F|  |TAMS 0x00000007d2a00000, 0x00000007d2a00000| Untracked 
|1686|0x00000007d2c00000, 0x00000007d2c00000, 0x00000007d2e00000|  0%| F|  |TAMS 0x00000007d2c00000, 0x00000007d2c00000| Untracked 
|1687|0x00000007d2e00000, 0x00000007d2e00000, 0x00000007d3000000|  0%| F|  |TAMS 0x00000007d2e00000, 0x00000007d2e00000| Untracked 
|1688|0x00000007d3000000, 0x00000007d3000000, 0x00000007d3200000|  0%| F|  |TAMS 0x00000007d3000000, 0x00000007d3000000| Untracked 
|1689|0x00000007d3200000, 0x00000007d3200000, 0x00000007d3400000|  0%| F|  |TAMS 0x00000007d3200000, 0x00000007d3200000| Untracked 
|1690|0x00000007d3400000, 0x00000007d3400000, 0x00000007d3600000|  0%| F|  |TAMS 0x00000007d3400000, 0x00000007d3400000| Untracked 
|1691|0x00000007d3600000, 0x00000007d3600000, 0x00000007d3800000|  0%| F|  |TAMS 0x00000007d3600000, 0x00000007d3600000| Untracked 
|1692|0x00000007d3800000, 0x00000007d3800000, 0x00000007d3a00000|  0%| F|  |TAMS 0x00000007d3800000, 0x00000007d3800000| Untracked 
|1693|0x00000007d3a00000, 0x00000007d3a00000, 0x00000007d3c00000|  0%| F|  |TAMS 0x00000007d3a00000, 0x00000007d3a00000| Untracked 
|1694|0x00000007d3c00000, 0x00000007d3c00000, 0x00000007d3e00000|  0%| F|  |TAMS 0x00000007d3c00000, 0x00000007d3c00000| Untracked 
|1695|0x00000007d3e00000, 0x00000007d3e00000, 0x00000007d4000000|  0%| F|  |TAMS 0x00000007d3e00000, 0x00000007d3e00000| Untracked 
|1696|0x00000007d4000000, 0x00000007d4000000, 0x00000007d4200000|  0%| F|  |TAMS 0x00000007d4000000, 0x00000007d4000000| Untracked 
|1697|0x00000007d4200000, 0x00000007d4200000, 0x00000007d4400000|  0%| F|  |TAMS 0x00000007d4200000, 0x00000007d4200000| Untracked 
|1698|0x00000007d4400000, 0x00000007d4400000, 0x00000007d4600000|  0%| F|  |TAMS 0x00000007d4400000, 0x00000007d4400000| Untracked 
|1699|0x00000007d4600000, 0x00000007d4600000, 0x00000007d4800000|  0%| F|  |TAMS 0x00000007d4600000, 0x00000007d4600000| Untracked 
|1700|0x00000007d4800000, 0x00000007d4800000, 0x00000007d4a00000|  0%| F|  |TAMS 0x00000007d4800000, 0x00000007d4800000| Untracked 
|1701|0x00000007d4a00000, 0x00000007d4a00000, 0x00000007d4c00000|  0%| F|  |TAMS 0x00000007d4a00000, 0x00000007d4a00000| Untracked 
|1702|0x00000007d4c00000, 0x00000007d4c00000, 0x00000007d4e00000|  0%| F|  |TAMS 0x00000007d4c00000, 0x00000007d4c00000| Untracked 
|1703|0x00000007d4e00000, 0x00000007d4e00000, 0x00000007d5000000|  0%| F|  |TAMS 0x00000007d4e00000, 0x00000007d4e00000| Untracked 
|1704|0x00000007d5000000, 0x00000007d5000000, 0x00000007d5200000|  0%| F|  |TAMS 0x00000007d5000000, 0x00000007d5000000| Untracked 
|1705|0x00000007d5200000, 0x00000007d5200000, 0x00000007d5400000|  0%| F|  |TAMS 0x00000007d5200000, 0x00000007d5200000| Untracked 
|1706|0x00000007d5400000, 0x00000007d5400000, 0x00000007d5600000|  0%| F|  |TAMS 0x00000007d5400000, 0x00000007d5400000| Untracked 
|1707|0x00000007d5600000, 0x00000007d5600000, 0x00000007d5800000|  0%| F|  |TAMS 0x00000007d5600000, 0x00000007d5600000| Untracked 
|1708|0x00000007d5800000, 0x00000007d5800000, 0x00000007d5a00000|  0%| F|  |TAMS 0x00000007d5800000, 0x00000007d5800000| Untracked 
|1709|0x00000007d5a00000, 0x00000007d5a00000, 0x00000007d5c00000|  0%| F|  |TAMS 0x00000007d5a00000, 0x00000007d5a00000| Untracked 
|1710|0x00000007d5c00000, 0x00000007d5c00000, 0x00000007d5e00000|  0%| F|  |TAMS 0x00000007d5c00000, 0x00000007d5c00000| Untracked 
|1711|0x00000007d5e00000, 0x00000007d5e00000, 0x00000007d6000000|  0%| F|  |TAMS 0x00000007d5e00000, 0x00000007d5e00000| Untracked 
|1712|0x00000007d6000000, 0x00000007d6000000, 0x00000007d6200000|  0%| F|  |TAMS 0x00000007d6000000, 0x00000007d6000000| Untracked 
|1713|0x00000007d6200000, 0x00000007d6200000, 0x00000007d6400000|  0%| F|  |TAMS 0x00000007d6200000, 0x00000007d6200000| Untracked 
|1714|0x00000007d6400000, 0x00000007d6400000, 0x00000007d6600000|  0%| F|  |TAMS 0x00000007d6400000, 0x00000007d6400000| Untracked 
|1715|0x00000007d6600000, 0x00000007d6600000, 0x00000007d6800000|  0%| F|  |TAMS 0x00000007d6600000, 0x00000007d6600000| Untracked 
|1716|0x00000007d6800000, 0x00000007d6800000, 0x00000007d6a00000|  0%| F|  |TAMS 0x00000007d6800000, 0x00000007d6800000| Untracked 
|1717|0x00000007d6a00000, 0x00000007d6a00000, 0x00000007d6c00000|  0%| F|  |TAMS 0x00000007d6a00000, 0x00000007d6a00000| Untracked 
|1718|0x00000007d6c00000, 0x00000007d6c00000, 0x00000007d6e00000|  0%| F|  |TAMS 0x00000007d6c00000, 0x00000007d6c00000| Untracked 
|1719|0x00000007d6e00000, 0x00000007d6e00000, 0x00000007d7000000|  0%| F|  |TAMS 0x00000007d6e00000, 0x00000007d6e00000| Untracked 
|1720|0x00000007d7000000, 0x00000007d7000000, 0x00000007d7200000|  0%| F|  |TAMS 0x00000007d7000000, 0x00000007d7000000| Untracked 
|1721|0x00000007d7200000, 0x00000007d7200000, 0x00000007d7400000|  0%| F|  |TAMS 0x00000007d7200000, 0x00000007d7200000| Untracked 
|1722|0x00000007d7400000, 0x00000007d7400000, 0x00000007d7600000|  0%| F|  |TAMS 0x00000007d7400000, 0x00000007d7400000| Untracked 
|1723|0x00000007d7600000, 0x00000007d7600000, 0x00000007d7800000|  0%| F|  |TAMS 0x00000007d7600000, 0x00000007d7600000| Untracked 
|1724|0x00000007d7800000, 0x00000007d7800000, 0x00000007d7a00000|  0%| F|  |TAMS 0x00000007d7800000, 0x00000007d7800000| Untracked 
|1725|0x00000007d7a00000, 0x00000007d7a00000, 0x00000007d7c00000|  0%| F|  |TAMS 0x00000007d7a00000, 0x00000007d7a00000| Untracked 
|1726|0x00000007d7c00000, 0x00000007d7c00000, 0x00000007d7e00000|  0%| F|  |TAMS 0x00000007d7c00000, 0x00000007d7c00000| Untracked 
|1727|0x00000007d7e00000, 0x00000007d7e00000, 0x00000007d8000000|  0%| F|  |TAMS 0x00000007d7e00000, 0x00000007d7e00000| Untracked 
|1728|0x00000007d8000000, 0x00000007d8000000, 0x00000007d8200000|  0%| F|  |TAMS 0x00000007d8000000, 0x00000007d8000000| Untracked 
|1729|0x00000007d8200000, 0x00000007d8200000, 0x00000007d8400000|  0%| F|  |TAMS 0x00000007d8200000, 0x00000007d8200000| Untracked 
|1730|0x00000007d8400000, 0x00000007d8400000, 0x00000007d8600000|  0%| F|  |TAMS 0x00000007d8400000, 0x00000007d8400000| Untracked 
|1731|0x00000007d8600000, 0x00000007d8600000, 0x00000007d8800000|  0%| F|  |TAMS 0x00000007d8600000, 0x00000007d8600000| Untracked 
|1732|0x00000007d8800000, 0x00000007d8800000, 0x00000007d8a00000|  0%| F|  |TAMS 0x00000007d8800000, 0x00000007d8800000| Untracked 
|1733|0x00000007d8a00000, 0x00000007d8a00000, 0x00000007d8c00000|  0%| F|  |TAMS 0x00000007d8a00000, 0x00000007d8a00000| Untracked 
|1734|0x00000007d8c00000, 0x00000007d8c00000, 0x00000007d8e00000|  0%| F|  |TAMS 0x00000007d8c00000, 0x00000007d8c00000| Untracked 
|1735|0x00000007d8e00000, 0x00000007d8e00000, 0x00000007d9000000|  0%| F|  |TAMS 0x00000007d8e00000, 0x00000007d8e00000| Untracked 
|1736|0x00000007d9000000, 0x00000007d9000000, 0x00000007d9200000|  0%| F|  |TAMS 0x00000007d9000000, 0x00000007d9000000| Untracked 
|1737|0x00000007d9200000, 0x00000007d9200000, 0x00000007d9400000|  0%| F|  |TAMS 0x00000007d9200000, 0x00000007d9200000| Untracked 
|1738|0x00000007d9400000, 0x00000007d9400000, 0x00000007d9600000|  0%| F|  |TAMS 0x00000007d9400000, 0x00000007d9400000| Untracked 
|1739|0x00000007d9600000, 0x00000007d9600000, 0x00000007d9800000|  0%| F|  |TAMS 0x00000007d9600000, 0x00000007d9600000| Untracked 
|1740|0x00000007d9800000, 0x00000007d9800000, 0x00000007d9a00000|  0%| F|  |TAMS 0x00000007d9800000, 0x00000007d9800000| Untracked 
|1741|0x00000007d9a00000, 0x00000007d9a00000, 0x00000007d9c00000|  0%| F|  |TAMS 0x00000007d9a00000, 0x00000007d9a00000| Untracked 
|1742|0x00000007d9c00000, 0x00000007d9c00000, 0x00000007d9e00000|  0%| F|  |TAMS 0x00000007d9c00000, 0x00000007d9c00000| Untracked 
|1743|0x00000007d9e00000, 0x00000007d9e00000, 0x00000007da000000|  0%| F|  |TAMS 0x00000007d9e00000, 0x00000007d9e00000| Untracked 
|1744|0x00000007da000000, 0x00000007da000000, 0x00000007da200000|  0%| F|  |TAMS 0x00000007da000000, 0x00000007da000000| Untracked 
|1745|0x00000007da200000, 0x00000007da200000, 0x00000007da400000|  0%| F|  |TAMS 0x00000007da200000, 0x00000007da200000| Untracked 
|1746|0x00000007da400000, 0x00000007da400000, 0x00000007da600000|  0%| F|  |TAMS 0x00000007da400000, 0x00000007da400000| Untracked 
|1747|0x00000007da600000, 0x00000007da600000, 0x00000007da800000|  0%| F|  |TAMS 0x00000007da600000, 0x00000007da600000| Untracked 
|1748|0x00000007da800000, 0x00000007da800000, 0x00000007daa00000|  0%| F|  |TAMS 0x00000007da800000, 0x00000007da800000| Untracked 
|1749|0x00000007daa00000, 0x00000007daa00000, 0x00000007dac00000|  0%| F|  |TAMS 0x00000007daa00000, 0x00000007daa00000| Untracked 
|1750|0x00000007dac00000, 0x00000007dac00000, 0x00000007dae00000|  0%| F|  |TAMS 0x00000007dac00000, 0x00000007dac00000| Untracked 
|1751|0x00000007dae00000, 0x00000007dae00000, 0x00000007db000000|  0%| F|  |TAMS 0x00000007dae00000, 0x00000007dae00000| Untracked 
|1752|0x00000007db000000, 0x00000007db000000, 0x00000007db200000|  0%| F|  |TAMS 0x00000007db000000, 0x00000007db000000| Untracked 
|1753|0x00000007db200000, 0x00000007db200000, 0x00000007db400000|  0%| F|  |TAMS 0x00000007db200000, 0x00000007db200000| Untracked 
|1754|0x00000007db400000, 0x00000007db400000, 0x00000007db600000|  0%| F|  |TAMS 0x00000007db400000, 0x00000007db400000| Untracked 
|1755|0x00000007db600000, 0x00000007db600000, 0x00000007db800000|  0%| F|  |TAMS 0x00000007db600000, 0x00000007db600000| Untracked 
|1756|0x00000007db800000, 0x00000007db800000, 0x00000007dba00000|  0%| F|  |TAMS 0x00000007db800000, 0x00000007db800000| Untracked 
|1757|0x00000007dba00000, 0x00000007dba00000, 0x00000007dbc00000|  0%| F|  |TAMS 0x00000007dba00000, 0x00000007dba00000| Untracked 
|1758|0x00000007dbc00000, 0x00000007dbc00000, 0x00000007dbe00000|  0%| F|  |TAMS 0x00000007dbc00000, 0x00000007dbc00000| Untracked 
|1759|0x00000007dbe00000, 0x00000007dbe00000, 0x00000007dc000000|  0%| F|  |TAMS 0x00000007dbe00000, 0x00000007dbe00000| Untracked 
|1760|0x00000007dc000000, 0x00000007dc000000, 0x00000007dc200000|  0%| F|  |TAMS 0x00000007dc000000, 0x00000007dc000000| Untracked 
|1761|0x00000007dc200000, 0x00000007dc200000, 0x00000007dc400000|  0%| F|  |TAMS 0x00000007dc200000, 0x00000007dc200000| Untracked 
|1762|0x00000007dc400000, 0x00000007dc400000, 0x00000007dc600000|  0%| F|  |TAMS 0x00000007dc400000, 0x00000007dc400000| Untracked 
|1763|0x00000007dc600000, 0x00000007dc600000, 0x00000007dc800000|  0%| F|  |TAMS 0x00000007dc600000, 0x00000007dc600000| Untracked 
|1764|0x00000007dc800000, 0x00000007dc800000, 0x00000007dca00000|  0%| F|  |TAMS 0x00000007dc800000, 0x00000007dc800000| Untracked 
|1765|0x00000007dca00000, 0x00000007dca00000, 0x00000007dcc00000|  0%| F|  |TAMS 0x00000007dca00000, 0x00000007dca00000| Untracked 
|1766|0x00000007dcc00000, 0x00000007dcc00000, 0x00000007dce00000|  0%| F|  |TAMS 0x00000007dcc00000, 0x00000007dcc00000| Untracked 
|1767|0x00000007dce00000, 0x00000007dce00000, 0x00000007dd000000|  0%| F|  |TAMS 0x00000007dce00000, 0x00000007dce00000| Untracked 
|1768|0x00000007dd000000, 0x00000007dd000000, 0x00000007dd200000|  0%| F|  |TAMS 0x00000007dd000000, 0x00000007dd000000| Untracked 
|1769|0x00000007dd200000, 0x00000007dd200000, 0x00000007dd400000|  0%| F|  |TAMS 0x00000007dd200000, 0x00000007dd200000| Untracked 
|1770|0x00000007dd400000, 0x00000007dd400000, 0x00000007dd600000|  0%| F|  |TAMS 0x00000007dd400000, 0x00000007dd400000| Untracked 
|1771|0x00000007dd600000, 0x00000007dd600000, 0x00000007dd800000|  0%| F|  |TAMS 0x00000007dd600000, 0x00000007dd600000| Untracked 
|1772|0x00000007dd800000, 0x00000007dd800000, 0x00000007dda00000|  0%| F|  |TAMS 0x00000007dd800000, 0x00000007dd800000| Untracked 
|1773|0x00000007dda00000, 0x00000007dda00000, 0x00000007ddc00000|  0%| F|  |TAMS 0x00000007dda00000, 0x00000007dda00000| Untracked 
|1774|0x00000007ddc00000, 0x00000007ddc00000, 0x00000007dde00000|  0%| F|  |TAMS 0x00000007ddc00000, 0x00000007ddc00000| Untracked 
|1775|0x00000007dde00000, 0x00000007dde00000, 0x00000007de000000|  0%| F|  |TAMS 0x00000007dde00000, 0x00000007dde00000| Untracked 
|1776|0x00000007de000000, 0x00000007de000000, 0x00000007de200000|  0%| F|  |TAMS 0x00000007de000000, 0x00000007de000000| Untracked 
|1777|0x00000007de200000, 0x00000007de200000, 0x00000007de400000|  0%| F|  |TAMS 0x00000007de200000, 0x00000007de200000| Untracked 
|1778|0x00000007de400000, 0x00000007de400000, 0x00000007de600000|  0%| F|  |TAMS 0x00000007de400000, 0x00000007de400000| Untracked 
|1779|0x00000007de600000, 0x00000007de600000, 0x00000007de800000|  0%| F|  |TAMS 0x00000007de600000, 0x00000007de600000| Untracked 
|1780|0x00000007de800000, 0x00000007de800000, 0x00000007dea00000|  0%| F|  |TAMS 0x00000007de800000, 0x00000007de800000| Untracked 
|1781|0x00000007dea00000, 0x00000007dea00000, 0x00000007dec00000|  0%| F|  |TAMS 0x00000007dea00000, 0x00000007dea00000| Untracked 
|1782|0x00000007dec00000, 0x00000007dec00000, 0x00000007dee00000|  0%| F|  |TAMS 0x00000007dec00000, 0x00000007dec00000| Untracked 
|1783|0x00000007dee00000, 0x00000007dee00000, 0x00000007df000000|  0%| F|  |TAMS 0x00000007dee00000, 0x00000007dee00000| Untracked 
|1784|0x00000007df000000, 0x00000007df000000, 0x00000007df200000|  0%| F|  |TAMS 0x00000007df000000, 0x00000007df000000| Untracked 
|1785|0x00000007df200000, 0x00000007df200000, 0x00000007df400000|  0%| F|  |TAMS 0x00000007df200000, 0x00000007df200000| Untracked 
|1786|0x00000007df400000, 0x00000007df400000, 0x00000007df600000|  0%| F|  |TAMS 0x00000007df400000, 0x00000007df400000| Untracked 
|1787|0x00000007df600000, 0x00000007df600000, 0x00000007df800000|  0%| F|  |TAMS 0x00000007df600000, 0x00000007df600000| Untracked 
|1788|0x00000007df800000, 0x00000007df800000, 0x00000007dfa00000|  0%| F|  |TAMS 0x00000007df800000, 0x00000007df800000| Untracked 
|1789|0x00000007dfa00000, 0x00000007dfa00000, 0x00000007dfc00000|  0%| F|  |TAMS 0x00000007dfa00000, 0x00000007dfa00000| Untracked 
|1790|0x00000007dfc00000, 0x00000007dfc00000, 0x00000007dfe00000|  0%| F|  |TAMS 0x00000007dfc00000, 0x00000007dfc00000| Untracked 
|1791|0x00000007dfe00000, 0x00000007dfe00000, 0x00000007e0000000|  0%| F|  |TAMS 0x00000007dfe00000, 0x00000007dfe00000| Untracked 
|1792|0x00000007e0000000, 0x00000007e0000000, 0x00000007e0200000|  0%| F|  |TAMS 0x00000007e0000000, 0x00000007e0000000| Untracked 
|1793|0x00000007e0200000, 0x00000007e0200000, 0x00000007e0400000|  0%| F|  |TAMS 0x00000007e0200000, 0x00000007e0200000| Untracked 
|1794|0x00000007e0400000, 0x00000007e0400000, 0x00000007e0600000|  0%| F|  |TAMS 0x00000007e0400000, 0x00000007e0400000| Untracked 
|1795|0x00000007e0600000, 0x00000007e0600000, 0x00000007e0800000|  0%| F|  |TAMS 0x00000007e0600000, 0x00000007e0600000| Untracked 
|1796|0x00000007e0800000, 0x00000007e0800000, 0x00000007e0a00000|  0%| F|  |TAMS 0x00000007e0800000, 0x00000007e0800000| Untracked 
|1797|0x00000007e0a00000, 0x00000007e0a00000, 0x00000007e0c00000|  0%| F|  |TAMS 0x00000007e0a00000, 0x00000007e0a00000| Untracked 
|1798|0x00000007e0c00000, 0x00000007e0c00000, 0x00000007e0e00000|  0%| F|  |TAMS 0x00000007e0c00000, 0x00000007e0c00000| Untracked 
|1799|0x00000007e0e00000, 0x00000007e0e00000, 0x00000007e1000000|  0%| F|  |TAMS 0x00000007e0e00000, 0x00000007e0e00000| Untracked 
|1800|0x00000007e1000000, 0x00000007e1000000, 0x00000007e1200000|  0%| F|  |TAMS 0x00000007e1000000, 0x00000007e1000000| Untracked 
|1801|0x00000007e1200000, 0x00000007e1200000, 0x00000007e1400000|  0%| F|  |TAMS 0x00000007e1200000, 0x00000007e1200000| Untracked 
|1802|0x00000007e1400000, 0x00000007e1400000, 0x00000007e1600000|  0%| F|  |TAMS 0x00000007e1400000, 0x00000007e1400000| Untracked 
|1803|0x00000007e1600000, 0x00000007e1600000, 0x00000007e1800000|  0%| F|  |TAMS 0x00000007e1600000, 0x00000007e1600000| Untracked 
|1804|0x00000007e1800000, 0x00000007e1800000, 0x00000007e1a00000|  0%| F|  |TAMS 0x00000007e1800000, 0x00000007e1800000| Untracked 
|1805|0x00000007e1a00000, 0x00000007e1a00000, 0x00000007e1c00000|  0%| F|  |TAMS 0x00000007e1a00000, 0x00000007e1a00000| Untracked 
|1806|0x00000007e1c00000, 0x00000007e1c00000, 0x00000007e1e00000|  0%| F|  |TAMS 0x00000007e1c00000, 0x00000007e1c00000| Untracked 
|1807|0x00000007e1e00000, 0x00000007e1e00000, 0x00000007e2000000|  0%| F|  |TAMS 0x00000007e1e00000, 0x00000007e1e00000| Untracked 
|1808|0x00000007e2000000, 0x00000007e2000000, 0x00000007e2200000|  0%| F|  |TAMS 0x00000007e2000000, 0x00000007e2000000| Untracked 
|1809|0x00000007e2200000, 0x00000007e2200000, 0x00000007e2400000|  0%| F|  |TAMS 0x00000007e2200000, 0x00000007e2200000| Untracked 
|1810|0x00000007e2400000, 0x00000007e2400000, 0x00000007e2600000|  0%| F|  |TAMS 0x00000007e2400000, 0x00000007e2400000| Untracked 
|1811|0x00000007e2600000, 0x00000007e2600000, 0x00000007e2800000|  0%| F|  |TAMS 0x00000007e2600000, 0x00000007e2600000| Untracked 
|1812|0x00000007e2800000, 0x00000007e2800000, 0x00000007e2a00000|  0%| F|  |TAMS 0x00000007e2800000, 0x00000007e2800000| Untracked 
|1813|0x00000007e2a00000, 0x00000007e2a00000, 0x00000007e2c00000|  0%| F|  |TAMS 0x00000007e2a00000, 0x00000007e2a00000| Untracked 
|1814|0x00000007e2c00000, 0x00000007e2c00000, 0x00000007e2e00000|  0%| F|  |TAMS 0x00000007e2c00000, 0x00000007e2c00000| Untracked 
|1815|0x00000007e2e00000, 0x00000007e2e00000, 0x00000007e3000000|  0%| F|  |TAMS 0x00000007e2e00000, 0x00000007e2e00000| Untracked 
|1816|0x00000007e3000000, 0x00000007e3000000, 0x00000007e3200000|  0%| F|  |TAMS 0x00000007e3000000, 0x00000007e3000000| Untracked 
|1817|0x00000007e3200000, 0x00000007e3200000, 0x00000007e3400000|  0%| F|  |TAMS 0x00000007e3200000, 0x00000007e3200000| Untracked 
|1818|0x00000007e3400000, 0x00000007e3400000, 0x00000007e3600000|  0%| F|  |TAMS 0x00000007e3400000, 0x00000007e3400000| Untracked 
|1819|0x00000007e3600000, 0x00000007e3600000, 0x00000007e3800000|  0%| F|  |TAMS 0x00000007e3600000, 0x00000007e3600000| Untracked 
|1820|0x00000007e3800000, 0x00000007e3800000, 0x00000007e3a00000|  0%| F|  |TAMS 0x00000007e3800000, 0x00000007e3800000| Untracked 
|1821|0x00000007e3a00000, 0x00000007e3a00000, 0x00000007e3c00000|  0%| F|  |TAMS 0x00000007e3a00000, 0x00000007e3a00000| Untracked 
|1822|0x00000007e3c00000, 0x00000007e3c00000, 0x00000007e3e00000|  0%| F|  |TAMS 0x00000007e3c00000, 0x00000007e3c00000| Untracked 
|1823|0x00000007e3e00000, 0x00000007e3e00000, 0x00000007e4000000|  0%| F|  |TAMS 0x00000007e3e00000, 0x00000007e3e00000| Untracked 
|1824|0x00000007e4000000, 0x00000007e4000000, 0x00000007e4200000|  0%| F|  |TAMS 0x00000007e4000000, 0x00000007e4000000| Untracked 
|1825|0x00000007e4200000, 0x00000007e4200000, 0x00000007e4400000|  0%| F|  |TAMS 0x00000007e4200000, 0x00000007e4200000| Untracked 
|1826|0x00000007e4400000, 0x00000007e4400000, 0x00000007e4600000|  0%| F|  |TAMS 0x00000007e4400000, 0x00000007e4400000| Untracked 
|1827|0x00000007e4600000, 0x00000007e4600000, 0x00000007e4800000|  0%| F|  |TAMS 0x00000007e4600000, 0x00000007e4600000| Untracked 
|1828|0x00000007e4800000, 0x00000007e4800000, 0x00000007e4a00000|  0%| F|  |TAMS 0x00000007e4800000, 0x00000007e4800000| Untracked 
|1829|0x00000007e4a00000, 0x00000007e4a00000, 0x00000007e4c00000|  0%| F|  |TAMS 0x00000007e4a00000, 0x00000007e4a00000| Untracked 
|1830|0x00000007e4c00000, 0x00000007e4c00000, 0x00000007e4e00000|  0%| F|  |TAMS 0x00000007e4c00000, 0x00000007e4c00000| Untracked 
|1831|0x00000007e4e00000, 0x00000007e4e00000, 0x00000007e5000000|  0%| F|  |TAMS 0x00000007e4e00000, 0x00000007e4e00000| Untracked 
|1832|0x00000007e5000000, 0x00000007e5000000, 0x00000007e5200000|  0%| F|  |TAMS 0x00000007e5000000, 0x00000007e5000000| Untracked 
|1833|0x00000007e5200000, 0x00000007e5200000, 0x00000007e5400000|  0%| F|  |TAMS 0x00000007e5200000, 0x00000007e5200000| Untracked 
|1834|0x00000007e5400000, 0x00000007e5400000, 0x00000007e5600000|  0%| F|  |TAMS 0x00000007e5400000, 0x00000007e5400000| Untracked 
|1835|0x00000007e5600000, 0x00000007e5600000, 0x00000007e5800000|  0%| F|  |TAMS 0x00000007e5600000, 0x00000007e5600000| Untracked 
|1836|0x00000007e5800000, 0x00000007e5800000, 0x00000007e5a00000|  0%| F|  |TAMS 0x00000007e5800000, 0x00000007e5800000| Untracked 
|1837|0x00000007e5a00000, 0x00000007e5a00000, 0x00000007e5c00000|  0%| F|  |TAMS 0x00000007e5a00000, 0x00000007e5a00000| Untracked 
|1838|0x00000007e5c00000, 0x00000007e5c00000, 0x00000007e5e00000|  0%| F|  |TAMS 0x00000007e5c00000, 0x00000007e5c00000| Untracked 
|1839|0x00000007e5e00000, 0x00000007e5e00000, 0x00000007e6000000|  0%| F|  |TAMS 0x00000007e5e00000, 0x00000007e5e00000| Untracked 
|1840|0x00000007e6000000, 0x00000007e6000000, 0x00000007e6200000|  0%| F|  |TAMS 0x00000007e6000000, 0x00000007e6000000| Untracked 
|1841|0x00000007e6200000, 0x00000007e6200000, 0x00000007e6400000|  0%| F|  |TAMS 0x00000007e6200000, 0x00000007e6200000| Untracked 
|1842|0x00000007e6400000, 0x00000007e6400000, 0x00000007e6600000|  0%| F|  |TAMS 0x00000007e6400000, 0x00000007e6400000| Untracked 
|1843|0x00000007e6600000, 0x00000007e6600000, 0x00000007e6800000|  0%| F|  |TAMS 0x00000007e6600000, 0x00000007e6600000| Untracked 
|1844|0x00000007e6800000, 0x00000007e6800000, 0x00000007e6a00000|  0%| F|  |TAMS 0x00000007e6800000, 0x00000007e6800000| Untracked 
|1845|0x00000007e6a00000, 0x00000007e6a00000, 0x00000007e6c00000|  0%| F|  |TAMS 0x00000007e6a00000, 0x00000007e6a00000| Untracked 
|1846|0x00000007e6c00000, 0x00000007e6c00000, 0x00000007e6e00000|  0%| F|  |TAMS 0x00000007e6c00000, 0x00000007e6c00000| Untracked 
|1847|0x00000007e6e00000, 0x00000007e6e00000, 0x00000007e7000000|  0%| F|  |TAMS 0x00000007e6e00000, 0x00000007e6e00000| Untracked 
|1848|0x00000007e7000000, 0x00000007e7000000, 0x00000007e7200000|  0%| F|  |TAMS 0x00000007e7000000, 0x00000007e7000000| Untracked 
|1849|0x00000007e7200000, 0x00000007e7200000, 0x00000007e7400000|  0%| F|  |TAMS 0x00000007e7200000, 0x00000007e7200000| Untracked 
|1850|0x00000007e7400000, 0x00000007e7400000, 0x00000007e7600000|  0%| F|  |TAMS 0x00000007e7400000, 0x00000007e7400000| Untracked 
|1851|0x00000007e7600000, 0x00000007e7600000, 0x00000007e7800000|  0%| F|  |TAMS 0x00000007e7600000, 0x00000007e7600000| Untracked 
|1852|0x00000007e7800000, 0x00000007e7800000, 0x00000007e7a00000|  0%| F|  |TAMS 0x00000007e7800000, 0x00000007e7800000| Untracked 
|1853|0x00000007e7a00000, 0x00000007e7a00000, 0x00000007e7c00000|  0%| F|  |TAMS 0x00000007e7a00000, 0x00000007e7a00000| Untracked 
|1854|0x00000007e7c00000, 0x00000007e7c00000, 0x00000007e7e00000|  0%| F|  |TAMS 0x00000007e7c00000, 0x00000007e7c00000| Untracked 
|1855|0x00000007e7e00000, 0x00000007e7e00000, 0x00000007e8000000|  0%| F|  |TAMS 0x00000007e7e00000, 0x00000007e7e00000| Untracked 
|1856|0x00000007e8000000, 0x00000007e8000000, 0x00000007e8200000|  0%| F|  |TAMS 0x00000007e8000000, 0x00000007e8000000| Untracked 
|1857|0x00000007e8200000, 0x00000007e8200000, 0x00000007e8400000|  0%| F|  |TAMS 0x00000007e8200000, 0x00000007e8200000| Untracked 
|1858|0x00000007e8400000, 0x00000007e8400000, 0x00000007e8600000|  0%| F|  |TAMS 0x00000007e8400000, 0x00000007e8400000| Untracked 
|1859|0x00000007e8600000, 0x00000007e8600000, 0x00000007e8800000|  0%| F|  |TAMS 0x00000007e8600000, 0x00000007e8600000| Untracked 
|1860|0x00000007e8800000, 0x00000007e8800000, 0x00000007e8a00000|  0%| F|  |TAMS 0x00000007e8800000, 0x00000007e8800000| Untracked 
|1861|0x00000007e8a00000, 0x00000007e8a00000, 0x00000007e8c00000|  0%| F|  |TAMS 0x00000007e8a00000, 0x00000007e8a00000| Untracked 
|1862|0x00000007e8c00000, 0x00000007e8c00000, 0x00000007e8e00000|  0%| F|  |TAMS 0x00000007e8c00000, 0x00000007e8c00000| Untracked 
|1863|0x00000007e8e00000, 0x00000007e8e00000, 0x00000007e9000000|  0%| F|  |TAMS 0x00000007e8e00000, 0x00000007e8e00000| Untracked 
|1864|0x00000007e9000000, 0x00000007e9000000, 0x00000007e9200000|  0%| F|  |TAMS 0x00000007e9000000, 0x00000007e9000000| Untracked 
|1865|0x00000007e9200000, 0x00000007e9200000, 0x00000007e9400000|  0%| F|  |TAMS 0x00000007e9200000, 0x00000007e9200000| Untracked 
|1866|0x00000007e9400000, 0x00000007e9400000, 0x00000007e9600000|  0%| F|  |TAMS 0x00000007e9400000, 0x00000007e9400000| Untracked 
|1867|0x00000007e9600000, 0x00000007e9600000, 0x00000007e9800000|  0%| F|  |TAMS 0x00000007e9600000, 0x00000007e9600000| Untracked 
|1868|0x00000007e9800000, 0x00000007e9800000, 0x00000007e9a00000|  0%| F|  |TAMS 0x00000007e9800000, 0x00000007e9800000| Untracked 
|1869|0x00000007e9a00000, 0x00000007e9a00000, 0x00000007e9c00000|  0%| F|  |TAMS 0x00000007e9a00000, 0x00000007e9a00000| Untracked 
|1870|0x00000007e9c00000, 0x00000007e9c00000, 0x00000007e9e00000|  0%| F|  |TAMS 0x00000007e9c00000, 0x00000007e9c00000| Untracked 
|1871|0x00000007e9e00000, 0x00000007e9e00000, 0x00000007ea000000|  0%| F|  |TAMS 0x00000007e9e00000, 0x00000007e9e00000| Untracked 
|1872|0x00000007ea000000, 0x00000007ea000000, 0x00000007ea200000|  0%| F|  |TAMS 0x00000007ea000000, 0x00000007ea000000| Untracked 
|1873|0x00000007ea200000, 0x00000007ea200000, 0x00000007ea400000|  0%| F|  |TAMS 0x00000007ea200000, 0x00000007ea200000| Untracked 
|1874|0x00000007ea400000, 0x00000007ea400000, 0x00000007ea600000|  0%| F|  |TAMS 0x00000007ea400000, 0x00000007ea400000| Untracked 
|1875|0x00000007ea600000, 0x00000007ea600000, 0x00000007ea800000|  0%| F|  |TAMS 0x00000007ea600000, 0x00000007ea600000| Untracked 
|1876|0x00000007ea800000, 0x00000007ea800000, 0x00000007eaa00000|  0%| F|  |TAMS 0x00000007ea800000, 0x00000007ea800000| Untracked 
|1877|0x00000007eaa00000, 0x00000007eaa00000, 0x00000007eac00000|  0%| F|  |TAMS 0x00000007eaa00000, 0x00000007eaa00000| Untracked 
|1878|0x00000007eac00000, 0x00000007eac00000, 0x00000007eae00000|  0%| F|  |TAMS 0x00000007eac00000, 0x00000007eac00000| Untracked 
|1879|0x00000007eae00000, 0x00000007eae00000, 0x00000007eb000000|  0%| F|  |TAMS 0x00000007eae00000, 0x00000007eae00000| Untracked 
|1880|0x00000007eb000000, 0x00000007eb0bb850, 0x00000007eb200000| 36%| E|  |TAMS 0x00000007eb000000, 0x00000007eb000000| Complete 
|1881|0x00000007eb200000, 0x00000007eb400000, 0x00000007eb400000|100%| E|CS|TAMS 0x00000007eb200000, 0x00000007eb200000| Complete 
|1882|0x00000007eb400000, 0x00000007eb600000, 0x00000007eb600000|100%| E|CS|TAMS 0x00000007eb400000, 0x00000007eb400000| Complete 
|1883|0x00000007eb600000, 0x00000007eb800000, 0x00000007eb800000|100%| E|  |TAMS 0x00000007eb600000, 0x00000007eb600000| Complete 
|1884|0x00000007eb800000, 0x00000007eba00000, 0x00000007eba00000|100%| E|CS|TAMS 0x00000007eb800000, 0x00000007eb800000| Complete 
|1885|0x00000007eba00000, 0x00000007ebc00000, 0x00000007ebc00000|100%| E|CS|TAMS 0x00000007eba00000, 0x00000007eba00000| Complete 
|1886|0x00000007ebc00000, 0x00000007ebe00000, 0x00000007ebe00000|100%| E|CS|TAMS 0x00000007ebc00000, 0x00000007ebc00000| Complete 
|1887|0x00000007ebe00000, 0x00000007ec000000, 0x00000007ec000000|100%| E|CS|TAMS 0x00000007ebe00000, 0x00000007ebe00000| Complete 
|1888|0x00000007ec000000, 0x00000007ec200000, 0x00000007ec200000|100%| E|CS|TAMS 0x00000007ec000000, 0x00000007ec000000| Complete 
|1889|0x00000007ec200000, 0x00000007ec400000, 0x00000007ec400000|100%| E|CS|TAMS 0x00000007ec200000, 0x00000007ec200000| Complete 
|1890|0x00000007ec400000, 0x00000007ec600000, 0x00000007ec600000|100%| E|CS|TAMS 0x00000007ec400000, 0x00000007ec400000| Complete 
|1891|0x00000007ec600000, 0x00000007ec800000, 0x00000007ec800000|100%| E|CS|TAMS 0x00000007ec600000, 0x00000007ec600000| Complete 
|1892|0x00000007ec800000, 0x00000007eca00000, 0x00000007eca00000|100%| E|CS|TAMS 0x00000007ec800000, 0x00000007ec800000| Complete 
|1893|0x00000007eca00000, 0x00000007ecc00000, 0x00000007ecc00000|100%| E|CS|TAMS 0x00000007eca00000, 0x00000007eca00000| Complete 
|1894|0x00000007ecc00000, 0x00000007ece00000, 0x00000007ece00000|100%| E|CS|TAMS 0x00000007ecc00000, 0x00000007ecc00000| Complete 
|1895|0x00000007ece00000, 0x00000007ed000000, 0x00000007ed000000|100%| E|CS|TAMS 0x00000007ece00000, 0x00000007ece00000| Complete 
|1896|0x00000007ed000000, 0x00000007ed200000, 0x00000007ed200000|100%| E|CS|TAMS 0x00000007ed000000, 0x00000007ed000000| Complete 
|1897|0x00000007ed200000, 0x00000007ed400000, 0x00000007ed400000|100%| E|CS|TAMS 0x00000007ed200000, 0x00000007ed200000| Complete 
|1898|0x00000007ed400000, 0x00000007ed600000, 0x00000007ed600000|100%| E|CS|TAMS 0x00000007ed400000, 0x00000007ed400000| Complete 
|1899|0x00000007ed600000, 0x00000007ed800000, 0x00000007ed800000|100%| E|CS|TAMS 0x00000007ed600000, 0x00000007ed600000| Complete 
|1900|0x00000007ed800000, 0x00000007eda00000, 0x00000007eda00000|100%| E|CS|TAMS 0x00000007ed800000, 0x00000007ed800000| Complete 
|1901|0x00000007eda00000, 0x00000007edc00000, 0x00000007edc00000|100%| E|CS|TAMS 0x00000007eda00000, 0x00000007eda00000| Complete 
|1902|0x00000007edc00000, 0x00000007ede00000, 0x00000007ede00000|100%| E|CS|TAMS 0x00000007edc00000, 0x00000007edc00000| Complete 
|1903|0x00000007ede00000, 0x00000007ee000000, 0x00000007ee000000|100%| E|CS|TAMS 0x00000007ede00000, 0x00000007ede00000| Complete 
|1904|0x00000007ee000000, 0x00000007ee200000, 0x00000007ee200000|100%| E|CS|TAMS 0x00000007ee000000, 0x00000007ee000000| Complete 
|1905|0x00000007ee200000, 0x00000007ee400000, 0x00000007ee400000|100%| E|CS|TAMS 0x00000007ee200000, 0x00000007ee200000| Complete 
|1906|0x00000007ee400000, 0x00000007ee600000, 0x00000007ee600000|100%| E|CS|TAMS 0x00000007ee400000, 0x00000007ee400000| Complete 
|1907|0x00000007ee600000, 0x00000007ee800000, 0x00000007ee800000|100%| E|CS|TAMS 0x00000007ee600000, 0x00000007ee600000| Complete 
|1908|0x00000007ee800000, 0x00000007eea00000, 0x00000007eea00000|100%| E|CS|TAMS 0x00000007ee800000, 0x00000007ee800000| Complete 
|1909|0x00000007eea00000, 0x00000007eec00000, 0x00000007eec00000|100%| E|CS|TAMS 0x00000007eea00000, 0x00000007eea00000| Complete 
|1910|0x00000007eec00000, 0x00000007eee00000, 0x00000007eee00000|100%| E|CS|TAMS 0x00000007eec00000, 0x00000007eec00000| Complete 
|1911|0x00000007eee00000, 0x00000007ef000000, 0x00000007ef000000|100%| E|CS|TAMS 0x00000007eee00000, 0x00000007eee00000| Complete 
|1912|0x00000007ef000000, 0x00000007ef200000, 0x00000007ef200000|100%| E|CS|TAMS 0x00000007ef000000, 0x00000007ef000000| Complete 
|1913|0x00000007ef200000, 0x00000007ef400000, 0x00000007ef400000|100%| E|CS|TAMS 0x00000007ef200000, 0x00000007ef200000| Complete 
|1914|0x00000007ef400000, 0x00000007ef600000, 0x00000007ef600000|100%| E|CS|TAMS 0x00000007ef400000, 0x00000007ef400000| Complete 
|1915|0x00000007ef600000, 0x00000007ef800000, 0x00000007ef800000|100%| E|CS|TAMS 0x00000007ef600000, 0x00000007ef600000| Complete 
|1916|0x00000007ef800000, 0x00000007efa00000, 0x00000007efa00000|100%| E|CS|TAMS 0x00000007ef800000, 0x00000007ef800000| Complete 
|1917|0x00000007efa00000, 0x00000007efc00000, 0x00000007efc00000|100%| E|CS|TAMS 0x00000007efa00000, 0x00000007efa00000| Complete 
|1918|0x00000007efc00000, 0x00000007efe00000, 0x00000007efe00000|100%| E|CS|TAMS 0x00000007efc00000, 0x00000007efc00000| Complete 
|1919|0x00000007efe00000, 0x00000007f0000000, 0x00000007f0000000|100%| E|CS|TAMS 0x00000007efe00000, 0x00000007efe00000| Complete 
|1920|0x00000007f0000000, 0x00000007f0200000, 0x00000007f0200000|100%| E|CS|TAMS 0x00000007f0000000, 0x00000007f0000000| Complete 
|1921|0x00000007f0200000, 0x00000007f0400000, 0x00000007f0400000|100%| E|CS|TAMS 0x00000007f0200000, 0x00000007f0200000| Complete 
|1922|0x00000007f0400000, 0x00000007f0600000, 0x00000007f0600000|100%| E|CS|TAMS 0x00000007f0400000, 0x00000007f0400000| Complete 
|1923|0x00000007f0600000, 0x00000007f0800000, 0x00000007f0800000|100%| E|CS|TAMS 0x00000007f0600000, 0x00000007f0600000| Complete 
|1924|0x00000007f0800000, 0x00000007f0a00000, 0x00000007f0a00000|100%| E|CS|TAMS 0x00000007f0800000, 0x00000007f0800000| Complete 
|1925|0x00000007f0a00000, 0x00000007f0c00000, 0x00000007f0c00000|100%| E|CS|TAMS 0x00000007f0a00000, 0x00000007f0a00000| Complete 
|1926|0x00000007f0c00000, 0x00000007f0e00000, 0x00000007f0e00000|100%| E|CS|TAMS 0x00000007f0c00000, 0x00000007f0c00000| Complete 
|1927|0x00000007f0e00000, 0x00000007f1000000, 0x00000007f1000000|100%| E|CS|TAMS 0x00000007f0e00000, 0x00000007f0e00000| Complete 
|1928|0x00000007f1000000, 0x00000007f1200000, 0x00000007f1200000|100%| E|CS|TAMS 0x00000007f1000000, 0x00000007f1000000| Complete 
|1929|0x00000007f1200000, 0x00000007f1400000, 0x00000007f1400000|100%| E|CS|TAMS 0x00000007f1200000, 0x00000007f1200000| Complete 
|1930|0x00000007f1400000, 0x00000007f1600000, 0x00000007f1600000|100%| E|CS|TAMS 0x00000007f1400000, 0x00000007f1400000| Complete 
|1931|0x00000007f1600000, 0x00000007f1800000, 0x00000007f1800000|100%| E|CS|TAMS 0x00000007f1600000, 0x00000007f1600000| Complete 
|1932|0x00000007f1800000, 0x00000007f1a00000, 0x00000007f1a00000|100%| E|CS|TAMS 0x00000007f1800000, 0x00000007f1800000| Complete 
|1933|0x00000007f1a00000, 0x00000007f1c00000, 0x00000007f1c00000|100%| E|CS|TAMS 0x00000007f1a00000, 0x00000007f1a00000| Complete 
|1934|0x00000007f1c00000, 0x00000007f1e00000, 0x00000007f1e00000|100%| E|CS|TAMS 0x00000007f1c00000, 0x00000007f1c00000| Complete 
|1935|0x00000007f1e00000, 0x00000007f2000000, 0x00000007f2000000|100%| E|CS|TAMS 0x00000007f1e00000, 0x00000007f1e00000| Complete 
|1936|0x00000007f2000000, 0x00000007f2200000, 0x00000007f2200000|100%| E|CS|TAMS 0x00000007f2000000, 0x00000007f2000000| Complete 
|1937|0x00000007f2200000, 0x00000007f2400000, 0x00000007f2400000|100%| E|CS|TAMS 0x00000007f2200000, 0x00000007f2200000| Complete 
|1938|0x00000007f2400000, 0x00000007f2600000, 0x00000007f2600000|100%| E|CS|TAMS 0x00000007f2400000, 0x00000007f2400000| Complete 
|1939|0x00000007f2600000, 0x00000007f2800000, 0x00000007f2800000|100%| E|CS|TAMS 0x00000007f2600000, 0x00000007f2600000| Complete 
|1940|0x00000007f2800000, 0x00000007f2a00000, 0x00000007f2a00000|100%| E|CS|TAMS 0x00000007f2800000, 0x00000007f2800000| Complete 
|1941|0x00000007f2a00000, 0x00000007f2c00000, 0x00000007f2c00000|100%| E|CS|TAMS 0x00000007f2a00000, 0x00000007f2a00000| Complete 
|1942|0x00000007f2c00000, 0x00000007f2e00000, 0x00000007f2e00000|100%| E|CS|TAMS 0x00000007f2c00000, 0x00000007f2c00000| Complete 
|1943|0x00000007f2e00000, 0x00000007f3000000, 0x00000007f3000000|100%| E|CS|TAMS 0x00000007f2e00000, 0x00000007f2e00000| Complete 
|1944|0x00000007f3000000, 0x00000007f3200000, 0x00000007f3200000|100%| E|CS|TAMS 0x00000007f3000000, 0x00000007f3000000| Complete 
|1945|0x00000007f3200000, 0x00000007f3400000, 0x00000007f3400000|100%| E|CS|TAMS 0x00000007f3200000, 0x00000007f3200000| Complete 
|1946|0x00000007f3400000, 0x00000007f3600000, 0x00000007f3600000|100%| E|CS|TAMS 0x00000007f3400000, 0x00000007f3400000| Complete 
|1947|0x00000007f3600000, 0x00000007f3800000, 0x00000007f3800000|100%| E|CS|TAMS 0x00000007f3600000, 0x00000007f3600000| Complete 
|1948|0x00000007f3800000, 0x00000007f3a00000, 0x00000007f3a00000|100%| E|CS|TAMS 0x00000007f3800000, 0x00000007f3800000| Complete 
|1949|0x00000007f3a00000, 0x00000007f3c00000, 0x00000007f3c00000|100%| E|CS|TAMS 0x00000007f3a00000, 0x00000007f3a00000| Complete 
|1950|0x00000007f3c00000, 0x00000007f3e00000, 0x00000007f3e00000|100%| E|CS|TAMS 0x00000007f3c00000, 0x00000007f3c00000| Complete 
|1951|0x00000007f3e00000, 0x00000007f4000000, 0x00000007f4000000|100%| E|CS|TAMS 0x00000007f3e00000, 0x00000007f3e00000| Complete 
|1952|0x00000007f4000000, 0x00000007f4200000, 0x00000007f4200000|100%| E|CS|TAMS 0x00000007f4000000, 0x00000007f4000000| Complete 
|1953|0x00000007f4200000, 0x00000007f4400000, 0x00000007f4400000|100%| E|CS|TAMS 0x00000007f4200000, 0x00000007f4200000| Complete 
|1954|0x00000007f4400000, 0x00000007f4600000, 0x00000007f4600000|100%| E|CS|TAMS 0x00000007f4400000, 0x00000007f4400000| Complete 
|1955|0x00000007f4600000, 0x00000007f4800000, 0x00000007f4800000|100%| E|CS|TAMS 0x00000007f4600000, 0x00000007f4600000| Complete 
|1956|0x00000007f4800000, 0x00000007f4a00000, 0x00000007f4a00000|100%| E|CS|TAMS 0x00000007f4800000, 0x00000007f4800000| Complete 
|1957|0x00000007f4a00000, 0x00000007f4c00000, 0x00000007f4c00000|100%| E|CS|TAMS 0x00000007f4a00000, 0x00000007f4a00000| Complete 
|1958|0x00000007f4c00000, 0x00000007f4e00000, 0x00000007f4e00000|100%| E|CS|TAMS 0x00000007f4c00000, 0x00000007f4c00000| Complete 
|1959|0x00000007f4e00000, 0x00000007f5000000, 0x00000007f5000000|100%| E|CS|TAMS 0x00000007f4e00000, 0x00000007f4e00000| Complete 
|1960|0x00000007f5000000, 0x00000007f5200000, 0x00000007f5200000|100%| E|CS|TAMS 0x00000007f5000000, 0x00000007f5000000| Complete 
|1961|0x00000007f5200000, 0x00000007f5400000, 0x00000007f5400000|100%| E|CS|TAMS 0x00000007f5200000, 0x00000007f5200000| Complete 
|1962|0x00000007f5400000, 0x00000007f5600000, 0x00000007f5600000|100%| E|CS|TAMS 0x00000007f5400000, 0x00000007f5400000| Complete 
|1963|0x00000007f5600000, 0x00000007f5800000, 0x00000007f5800000|100%| E|CS|TAMS 0x00000007f5600000, 0x00000007f5600000| Complete 
|1964|0x00000007f5800000, 0x00000007f5a00000, 0x00000007f5a00000|100%| E|CS|TAMS 0x00000007f5800000, 0x00000007f5800000| Complete 
|1965|0x00000007f5a00000, 0x00000007f5c00000, 0x00000007f5c00000|100%| E|CS|TAMS 0x00000007f5a00000, 0x00000007f5a00000| Complete 
|1966|0x00000007f5c00000, 0x00000007f5e00000, 0x00000007f5e00000|100%| E|CS|TAMS 0x00000007f5c00000, 0x00000007f5c00000| Complete 
|1967|0x00000007f5e00000, 0x00000007f6000000, 0x00000007f6000000|100%| E|CS|TAMS 0x00000007f5e00000, 0x00000007f5e00000| Complete 
|1968|0x00000007f6000000, 0x00000007f6200000, 0x00000007f6200000|100%| E|CS|TAMS 0x00000007f6000000, 0x00000007f6000000| Complete 
|1969|0x00000007f6200000, 0x00000007f6400000, 0x00000007f6400000|100%| E|CS|TAMS 0x00000007f6200000, 0x00000007f6200000| Complete 
|1970|0x00000007f6400000, 0x00000007f6600000, 0x00000007f6600000|100%| E|CS|TAMS 0x00000007f6400000, 0x00000007f6400000| Complete 
|1971|0x00000007f6600000, 0x00000007f6800000, 0x00000007f6800000|100%| E|CS|TAMS 0x00000007f6600000, 0x00000007f6600000| Complete 
|1972|0x00000007f6800000, 0x00000007f6a00000, 0x00000007f6a00000|100%| E|CS|TAMS 0x00000007f6800000, 0x00000007f6800000| Complete 
|1973|0x00000007f6a00000, 0x00000007f6c00000, 0x00000007f6c00000|100%| E|CS|TAMS 0x00000007f6a00000, 0x00000007f6a00000| Complete 
|1974|0x00000007f6c00000, 0x00000007f6e00000, 0x00000007f6e00000|100%| E|CS|TAMS 0x00000007f6c00000, 0x00000007f6c00000| Complete 
|1975|0x00000007f6e00000, 0x00000007f7000000, 0x00000007f7000000|100%| E|CS|TAMS 0x00000007f6e00000, 0x00000007f6e00000| Complete 
|1976|0x00000007f7000000, 0x00000007f7200000, 0x00000007f7200000|100%| E|CS|TAMS 0x00000007f7000000, 0x00000007f7000000| Complete 
|1977|0x00000007f7200000, 0x00000007f7400000, 0x00000007f7400000|100%| E|CS|TAMS 0x00000007f7200000, 0x00000007f7200000| Complete 
|1978|0x00000007f7400000, 0x00000007f7600000, 0x00000007f7600000|100%| E|CS|TAMS 0x00000007f7400000, 0x00000007f7400000| Complete 
|1979|0x00000007f7600000, 0x00000007f7800000, 0x00000007f7800000|100%| E|CS|TAMS 0x00000007f7600000, 0x00000007f7600000| Complete 
|1980|0x00000007f7800000, 0x00000007f7a00000, 0x00000007f7a00000|100%| E|CS|TAMS 0x00000007f7800000, 0x00000007f7800000| Complete 
|1981|0x00000007f7a00000, 0x00000007f7c00000, 0x00000007f7c00000|100%| E|CS|TAMS 0x00000007f7a00000, 0x00000007f7a00000| Complete 
|1982|0x00000007f7c00000, 0x00000007f7e00000, 0x00000007f7e00000|100%| E|CS|TAMS 0x00000007f7c00000, 0x00000007f7c00000| Complete 
|1983|0x00000007f7e00000, 0x00000007f8000000, 0x00000007f8000000|100%| E|CS|TAMS 0x00000007f7e00000, 0x00000007f7e00000| Complete 
|1984|0x00000007f8000000, 0x00000007f8200000, 0x00000007f8200000|100%| E|CS|TAMS 0x00000007f8000000, 0x00000007f8000000| Complete 
|1985|0x00000007f8200000, 0x00000007f8400000, 0x00000007f8400000|100%| E|CS|TAMS 0x00000007f8200000, 0x00000007f8200000| Complete 
|1986|0x00000007f8400000, 0x00000007f8600000, 0x00000007f8600000|100%| E|CS|TAMS 0x00000007f8400000, 0x00000007f8400000| Complete 
|1987|0x00000007f8600000, 0x00000007f8800000, 0x00000007f8800000|100%| E|CS|TAMS 0x00000007f8600000, 0x00000007f8600000| Complete 
|1988|0x00000007f8800000, 0x00000007f8a00000, 0x00000007f8a00000|100%| E|CS|TAMS 0x00000007f8800000, 0x00000007f8800000| Complete 
|1989|0x00000007f8a00000, 0x00000007f8c00000, 0x00000007f8c00000|100%| E|CS|TAMS 0x00000007f8a00000, 0x00000007f8a00000| Complete 
|1990|0x00000007f8c00000, 0x00000007f8e00000, 0x00000007f8e00000|100%| E|CS|TAMS 0x00000007f8c00000, 0x00000007f8c00000| Complete 
|1991|0x00000007f8e00000, 0x00000007f9000000, 0x00000007f9000000|100%| E|CS|TAMS 0x00000007f8e00000, 0x00000007f8e00000| Complete 
|1992|0x00000007f9000000, 0x00000007f9200000, 0x00000007f9200000|100%| E|CS|TAMS 0x00000007f9000000, 0x00000007f9000000| Complete 
|1993|0x00000007f9200000, 0x00000007f9400000, 0x00000007f9400000|100%| E|CS|TAMS 0x00000007f9200000, 0x00000007f9200000| Complete 
|1994|0x00000007f9400000, 0x00000007f9600000, 0x00000007f9600000|100%| E|CS|TAMS 0x00000007f9400000, 0x00000007f9400000| Complete 
|1995|0x00000007f9600000, 0x00000007f9800000, 0x00000007f9800000|100%| E|CS|TAMS 0x00000007f9600000, 0x00000007f9600000| Complete 
|1996|0x00000007f9800000, 0x00000007f9a00000, 0x00000007f9a00000|100%| E|CS|TAMS 0x00000007f9800000, 0x00000007f9800000| Complete 
|1997|0x00000007f9a00000, 0x00000007f9c00000, 0x00000007f9c00000|100%| E|CS|TAMS 0x00000007f9a00000, 0x00000007f9a00000| Complete 
|1998|0x00000007f9c00000, 0x00000007f9e00000, 0x00000007f9e00000|100%| E|CS|TAMS 0x00000007f9c00000, 0x00000007f9c00000| Complete 
|1999|0x00000007f9e00000, 0x00000007fa000000, 0x00000007fa000000|100%| E|CS|TAMS 0x00000007f9e00000, 0x00000007f9e00000| Complete 
|2000|0x00000007fa000000, 0x00000007fa200000, 0x00000007fa200000|100%| E|CS|TAMS 0x00000007fa000000, 0x00000007fa000000| Complete 
|2001|0x00000007fa200000, 0x00000007fa400000, 0x00000007fa400000|100%| E|CS|TAMS 0x00000007fa200000, 0x00000007fa200000| Complete 
|2002|0x00000007fa400000, 0x00000007fa600000, 0x00000007fa600000|100%| E|CS|TAMS 0x00000007fa400000, 0x00000007fa400000| Complete 
|2003|0x00000007fa600000, 0x00000007fa800000, 0x00000007fa800000|100%| E|CS|TAMS 0x00000007fa600000, 0x00000007fa600000| Complete 
|2004|0x00000007fa800000, 0x00000007faa00000, 0x00000007faa00000|100%| E|CS|TAMS 0x00000007fa800000, 0x00000007fa800000| Complete 
|2005|0x00000007faa00000, 0x00000007fac00000, 0x00000007fac00000|100%| E|CS|TAMS 0x00000007faa00000, 0x00000007faa00000| Complete 
|2006|0x00000007fac00000, 0x00000007fae00000, 0x00000007fae00000|100%| E|CS|TAMS 0x00000007fac00000, 0x00000007fac00000| Complete 
|2007|0x00000007fae00000, 0x00000007fb000000, 0x00000007fb000000|100%| E|CS|TAMS 0x00000007fae00000, 0x00000007fae00000| Complete 
|2008|0x00000007fb000000, 0x00000007fb200000, 0x00000007fb200000|100%| E|CS|TAMS 0x00000007fb000000, 0x00000007fb000000| Complete 
|2009|0x00000007fb200000, 0x00000007fb400000, 0x00000007fb400000|100%| E|CS|TAMS 0x00000007fb200000, 0x00000007fb200000| Complete 
|2010|0x00000007fb400000, 0x00000007fb600000, 0x00000007fb600000|100%| E|CS|TAMS 0x00000007fb400000, 0x00000007fb400000| Complete 
|2011|0x00000007fb600000, 0x00000007fb800000, 0x00000007fb800000|100%| E|CS|TAMS 0x00000007fb600000, 0x00000007fb600000| Complete 
|2012|0x00000007fb800000, 0x00000007fba00000, 0x00000007fba00000|100%| E|CS|TAMS 0x00000007fb800000, 0x00000007fb800000| Complete 
|2013|0x00000007fba00000, 0x00000007fbc00000, 0x00000007fbc00000|100%| E|CS|TAMS 0x00000007fba00000, 0x00000007fba00000| Complete 
|2014|0x00000007fbc00000, 0x00000007fbe00000, 0x00000007fbe00000|100%| E|CS|TAMS 0x00000007fbc00000, 0x00000007fbc00000| Complete 
|2015|0x00000007fbe00000, 0x00000007fc000000, 0x00000007fc000000|100%| E|CS|TAMS 0x00000007fbe00000, 0x00000007fbe00000| Complete 
|2016|0x00000007fc000000, 0x00000007fc200000, 0x00000007fc200000|100%| E|CS|TAMS 0x00000007fc000000, 0x00000007fc000000| Complete 
|2017|0x00000007fc200000, 0x00000007fc400000, 0x00000007fc400000|100%| E|CS|TAMS 0x00000007fc200000, 0x00000007fc200000| Complete 
|2018|0x00000007fc400000, 0x00000007fc600000, 0x00000007fc600000|100%| E|CS|TAMS 0x00000007fc400000, 0x00000007fc400000| Complete 
|2019|0x00000007fc600000, 0x00000007fc800000, 0x00000007fc800000|100%| E|CS|TAMS 0x00000007fc600000, 0x00000007fc600000| Complete 
|2020|0x00000007fc800000, 0x00000007fca00000, 0x00000007fca00000|100%| E|CS|TAMS 0x00000007fc800000, 0x00000007fc800000| Complete 
|2021|0x00000007fca00000, 0x00000007fcc00000, 0x00000007fcc00000|100%| E|CS|TAMS 0x00000007fca00000, 0x00000007fca00000| Complete 
|2022|0x00000007fcc00000, 0x00000007fce00000, 0x00000007fce00000|100%| E|CS|TAMS 0x00000007fcc00000, 0x00000007fcc00000| Complete 
|2023|0x00000007fce00000, 0x00000007fd000000, 0x00000007fd000000|100%| E|CS|TAMS 0x00000007fce00000, 0x00000007fce00000| Complete 
|2024|0x00000007fd000000, 0x00000007fd200000, 0x00000007fd200000|100%| E|CS|TAMS 0x00000007fd000000, 0x00000007fd000000| Complete 
|2025|0x00000007fd200000, 0x00000007fd400000, 0x00000007fd400000|100%| E|CS|TAMS 0x00000007fd200000, 0x00000007fd200000| Complete 
|2026|0x00000007fd400000, 0x00000007fd600000, 0x00000007fd600000|100%| E|CS|TAMS 0x00000007fd400000, 0x00000007fd400000| Complete 
|2027|0x00000007fd600000, 0x00000007fd800000, 0x00000007fd800000|100%| E|CS|TAMS 0x00000007fd600000, 0x00000007fd600000| Complete 
|2028|0x00000007fd800000, 0x00000007fda00000, 0x00000007fda00000|100%| E|CS|TAMS 0x00000007fd800000, 0x00000007fd800000| Complete 
|2029|0x00000007fda00000, 0x00000007fdc00000, 0x00000007fdc00000|100%| E|CS|TAMS 0x00000007fda00000, 0x00000007fda00000| Complete 
|2030|0x00000007fdc00000, 0x00000007fde00000, 0x00000007fde00000|100%| E|CS|TAMS 0x00000007fdc00000, 0x00000007fdc00000| Complete 
|2031|0x00000007fde00000, 0x00000007fe000000, 0x00000007fe000000|100%| E|CS|TAMS 0x00000007fde00000, 0x00000007fde00000| Complete 
|2032|0x00000007fe000000, 0x00000007fe200000, 0x00000007fe200000|100%| E|CS|TAMS 0x00000007fe000000, 0x00000007fe000000| Complete 
|2033|0x00000007fe200000, 0x00000007fe400000, 0x00000007fe400000|100%| E|CS|TAMS 0x00000007fe200000, 0x00000007fe200000| Complete 
|2034|0x00000007fe400000, 0x00000007fe600000, 0x00000007fe600000|100%| E|CS|TAMS 0x00000007fe400000, 0x00000007fe400000| Complete 
|2035|0x00000007fe600000, 0x00000007fe800000, 0x00000007fe800000|100%| E|CS|TAMS 0x00000007fe600000, 0x00000007fe600000| Complete 
|2036|0x00000007fe800000, 0x00000007fea00000, 0x00000007fea00000|100%| E|CS|TAMS 0x00000007fe800000, 0x00000007fe800000| Complete 
|2037|0x00000007fea00000, 0x00000007fec00000, 0x00000007fec00000|100%| E|CS|TAMS 0x00000007fea00000, 0x00000007fea00000| Complete 
|2038|0x00000007fec00000, 0x00000007fee00000, 0x00000007fee00000|100%| E|CS|TAMS 0x00000007fec00000, 0x00000007fec00000| Complete 
|2039|0x00000007fee00000, 0x00000007ff000000, 0x00000007ff000000|100%| E|CS|TAMS 0x00000007fee00000, 0x00000007fee00000| Complete 
|2040|0x00000007ff000000, 0x00000007ff200000, 0x00000007ff200000|100%| E|CS|TAMS 0x00000007ff000000, 0x00000007ff000000| Complete 
|2041|0x00000007ff200000, 0x00000007ff400000, 0x00000007ff400000|100%| E|CS|TAMS 0x00000007ff200000, 0x00000007ff200000| Complete 
|2042|0x00000007ff400000, 0x00000007ff600000, 0x00000007ff600000|100%| E|CS|TAMS 0x00000007ff400000, 0x00000007ff400000| Complete 
|2043|0x00000007ff600000, 0x00000007ff800000, 0x00000007ff800000|100%| E|CS|TAMS 0x00000007ff600000, 0x00000007ff600000| Complete 
|2044|0x00000007ff800000, 0x00000007ffa00000, 0x00000007ffa00000|100%| E|CS|TAMS 0x00000007ff800000, 0x00000007ff800000| Complete 
|2045|0x00000007ffa00000, 0x00000007ffc00000, 0x00000007ffc00000|100%| E|CS|TAMS 0x00000007ffa00000, 0x00000007ffa00000| Complete 
|2046|0x00000007ffc00000, 0x00000007ffd75000, 0x00000007ffe00000| 72%|OA|  |TAMS 0x00000007ffd75000, 0x00000007ffc00000| Untracked 
|2047|0x00000007ffe00000, 0x00000007ffe77000, 0x0000000800000000| 23%|CA|  |TAMS 0x00000007ffe77000, 0x00000007ffe00000| Untracked 

Card table byte_map: [0x000076e8dca00000,0x000076e8dd200000] _byte_map_base: 0x000076e8d9200000

Marking Bits (Prev, Next): (CMBitMap*) 0x000076e8d80a3b40, (CMBitMap*) 0x000076e8d80a3b00
 Prev Bits: [0x000076e8c5400000, 0x000076e8c9400000)
 Next Bits: [0x000076e8c9400000, 0x000076e8cd400000)

Polling page: 0x000076e8e0e7e000

Metaspace:

Usage:
  Non-class:     74.29 MB used.
      Class:     10.92 MB used.
       Both:     85.21 MB used.

Virtual space:
  Non-class space:      128.00 MB reserved,      74.56 MB ( 58%) committed,  2 nodes.
      Class space:        1.00 GB reserved,      11.25 MB (  1%) committed,  1 nodes.
             Both:        1.12 GB reserved,      85.81 MB (  7%) committed. 

Chunk freelists:
   Non-Class:  5.08 MB
       Class:  4.62 MB
        Both:  9.70 MB

MaxMetaspaceSize: unlimited
CompressedClassSpaceSize: 1.00 GB
Initial GC threshold: 21.00 MB
Current GC threshold: 143.06 MB
CDS: on
MetaspaceReclaimPolicy: balanced
 - commit_granule_bytes: 65536.
 - commit_granule_words: 8192.
 - virtual_space_node_default_size: 8388608.
 - enlarge_chunks_in_place: 1.
 - new_chunks_are_fully_committed: 0.
 - uncommit_free_chunks: 1.
 - use_allocation_guard: 0.
 - handle_deallocations: 1.


Internal statistics:

num_allocs_failed_limit: 9.
num_arena_births: 1000.
num_arena_deaths: 24.
num_vsnodes_births: 3.
num_vsnodes_deaths: 0.
num_space_committed: 1371.
num_space_uncommitted: 0.
num_chunks_returned_to_freelist: 43.
num_chunks_taken_from_freelist: 4178.
num_chunk_merges: 9.
num_chunk_splits: 3144.
num_chunks_enlarged: 2509.
num_inconsistent_stats: 0.

CodeCache: size=49152Kb used=16652Kb max_used=17761Kb free=32499Kb
 bounds [0x000076e8cd400000, 0x000076e8ce5b0000, 0x000076e8d0400000]
 total_blobs=10032 nmethods=8693 adapters=1265
 compilation: enabled
              stopped_count=0, restarted_count=0
 full_count=0

Compilation events (20 events):
Event: 89.570 Thread 0x000076e8380a49b0 nmethod 8848 0x000076e8ce4e4890 code [0x000076e8ce4e4a20, 0x000076e8ce4e4b90]
Event: 89.570 Thread 0x000076e8d8a78d80 nmethod 8849 0x000076e8ce4e4590 code [0x000076e8ce4e4720, 0x000076e8ce4e47f0]
Event: 89.570 Thread 0x000076e8380a49b0 8850       1       com.fasterxml.jackson.databind.cfg.MapperConfigBase::getFullRootName (5 bytes)
Event: 89.570 Thread 0x000076e8380a49b0 nmethod 8850 0x000076e8ce4e4290 code [0x000076e8ce4e4420, 0x000076e8ce4e44f0]
Event: 89.571 Thread 0x000076e8d8a78d80 8851       1       com.fasterxml.jackson.core.base.GeneratorBase::getOutputContext (5 bytes)
Event: 89.571 Thread 0x000076e8d8a78d80 nmethod 8851 0x000076e8ce4e3f90 code [0x000076e8ce4e4120, 0x000076e8ce4e41f0]
Event: 89.813 Thread 0x000076e8380a49b0 8852       1       org.apache.tomcat.util.net.SocketWrapperBase::getSocket (5 bytes)
Event: 89.813 Thread 0x000076e8380a49b0 nmethod 8852 0x000076e8ce4e3c90 code [0x000076e8ce4e3e20, 0x000076e8ce4e3ef0]
Event: 89.813 Thread 0x000076e8d8a78d80 8853   !   1       org.apache.tomcat.util.http.parser.HttpParser::isAbsolutePathRelaxed (10 bytes)
Event: 89.813 Thread 0x000076e8d8a78d80 nmethod 8853 0x000076e8ce4e3890 code [0x000076e8ce4e3a40, 0x000076e8ce4e3b70]
Event: 89.814 Thread 0x000076e8d8a78d80 8854       1       org.springframework.web.util.pattern.PathElement::isNoMorePattern (13 bytes)
Event: 89.814 Thread 0x000076e8380a49b0 8855       1       org.springframework.http.server.DefaultRequestPath::pathWithinApplication (5 bytes)
Event: 89.814 Thread 0x000076e8d8a78d80 nmethod 8854 0x000076e8ce4e3590 code [0x000076e8ce4e3720, 0x000076e8ce4e37f0]
Event: 89.814 Thread 0x000076e8380a49b0 nmethod 8855 0x000076e8ce4e3290 code [0x000076e8ce4e3420, 0x000076e8ce4e34f0]
Event: 89.814 Thread 0x000076e8380a49b0 8856       1       org.springframework.core.annotation.AnnotatedMethod::getBridgedMethod (5 bytes)
Event: 89.814 Thread 0x000076e8380a49b0 nmethod 8856 0x000076e8ce4e2f90 code [0x000076e8ce4e3120, 0x000076e8ce4e31f0]
Event: 89.823 Thread 0x000076e8380a49b0 8857   !   1       io.grpc.SynchronizationContext::drain (93 bytes)
Event: 89.823 Thread 0x000076e8380a49b0 nmethod 8857 0x000076e8ce4e2210 code [0x000076e8ce4e2460, 0x000076e8ce4e2be0]
Event: 89.826 Thread 0x000076e8380a49b0 8858       1       java.lang.invoke.LambdaFormEditor::foldArgumentsForm (102 bytes)
Event: 89.827 Thread 0x000076e8380a49b0 nmethod 8858 0x000076e8ce4e1d10 code [0x000076e8ce4e1ee0, 0x000076e8ce4e20b0]

GC Heap History (10 events):
Event: 1.300 GC heap before
{Heap before GC invocations=0 (full 0):
 garbage-first heap   total 4194304K, used 298928K [0x0000000700000000, 0x0000000800000000)
  region size 2048K, 146 young (299008K), 0 survivors (0K)
 Metaspace       used 21180K, committed 21504K, reserved 1114112K
  class space    used 2938K, committed 3136K, reserved 1048576K
}
Event: 1.306 GC heap after
{Heap after GC invocations=1 (full 0):
 garbage-first heap   total 4194304K, used 22517K [0x0000000700000000, 0x0000000800000000)
  region size 2048K, 11 young (22528K), 11 survivors (22528K)
 Metaspace       used 21180K, committed 21504K, reserved 1114112K
  class space    used 2938K, committed 3136K, reserved 1048576K
}
Event: 2.729 GC heap before
{Heap before GC invocations=2 (full 0):
 garbage-first heap   total 4194304K, used 389109K [0x0000000700000000, 0x0000000800000000)
  region size 2048K, 192 young (393216K), 11 survivors (22528K)
 Metaspace       used 35508K, committed 35968K, reserved 1114112K
  class space    used 5078K, committed 5312K, reserved 1048576K
}
Event: 2.736 GC heap after
{Heap after GC invocations=3 (full 0):
 garbage-first heap   total 4194304K, used 32521K [0x0000000700000000, 0x0000000800000000)
  region size 2048K, 15 young (30720K), 15 survivors (30720K)
 Metaspace       used 35508K, committed 35968K, reserved 1114112K
  class space    used 5078K, committed 5312K, reserved 1048576K
}
Event: 6.637 GC heap before
{Heap before GC invocations=4 (full 0):
 garbage-first heap   total 4194304K, used 1361673K [0x0000000700000000, 0x0000000800000000)
  region size 2048K, 663 young (1357824K), 15 survivors (30720K)
 Metaspace       used 59794K, committed 60288K, reserved 1114112K
  class space    used 7849K, committed 8128K, reserved 1048576K
}
Event: 6.648 GC heap after
{Heap after GC invocations=5 (full 0):
 garbage-first heap   total 4194304K, used 44949K [0x0000000700000000, 0x0000000800000000)
  region size 2048K, 21 young (43008K), 21 survivors (43008K)
 Metaspace       used 59794K, committed 60288K, reserved 1114112K
  class space    used 7849K, committed 8128K, reserved 1048576K
}
Event: 73.586 GC heap before
{Heap before GC invocations=6 (full 0):
 garbage-first heap   total 4194304K, used 1140629K [0x0000000700000000, 0x0000000800000000)
  region size 2048K, 558 young (1142784K), 21 survivors (43008K)
 Metaspace       used 87220K, committed 87872K, reserved 1179648K
  class space    used 11171K, committed 11520K, reserved 1048576K
}
Event: 73.648 GC heap after
{Heap after GC invocations=7 (full 1):
 garbage-first heap   total 4194304K, used 67782K [0x0000000700000000, 0x0000000800000000)
  region size 2048K, 0 young (0K), 0 survivors (0K)
 Metaspace       used 87199K, committed 87872K, reserved 1179648K
  class space    used 11165K, committed 11520K, reserved 1048576K
}
Event: 84.016 GC heap before
{Heap before GC invocations=7 (full 1):
 garbage-first heap   total 4194304K, used 663750K [0x0000000700000000, 0x0000000800000000)
  region size 2048K, 293 young (600064K), 0 survivors (0K)
 Metaspace       used 87223K, committed 87872K, reserved 1179648K
  class space    used 11169K, committed 11520K, reserved 1048576K
}
Event: 84.069 GC heap after
{Heap after GC invocations=8 (full 2):
 garbage-first heap   total 4194304K, used 68496K [0x0000000700000000, 0x0000000800000000)
  region size 2048K, 0 young (0K), 0 survivors (0K)
 Metaspace       used 87223K, committed 87872K, reserved 1179648K
  class space    used 11169K, committed 11520K, reserved 1048576K
}

Dll operation events (20 events):
Event: 59.559 Loaded shared library /home/pan/.javacpp/cache/ffmpeg-6.0-1.5.9-linux-x86_64.jar/org/bytedeco/ffmpeg/linux-x86_64/libdrm.so.2
Event: 59.571 Loaded shared library /home/pan/.javacpp/cache/ffmpeg-6.0-1.5.9-linux-x86_64.jar/org/bytedeco/ffmpeg/linux-x86_64/libva-drm.so
Event: 59.586 Loaded shared library /home/pan/.javacpp/cache/ffmpeg-6.0-1.5.9-linux-x86_64.jar/org/bytedeco/ffmpeg/linux-x86_64/libavutil.so.58
Event: 59.592 Loaded shared library /home/pan/.javacpp/cache/ffmpeg-6.0-1.5.9-linux-x86_64.jar/org/bytedeco/ffmpeg/linux-x86_64/libjniavutil.so
Event: 59.610 Loaded shared library /home/pan/.javacpp/cache/ffmpeg-6.0-1.5.9-linux-x86_64.jar/org/bytedeco/ffmpeg/linux-x86_64/libswresample.so.4
Event: 59.613 Loaded shared library /home/pan/.javacpp/cache/ffmpeg-6.0-1.5.9-linux-x86_64.jar/org/bytedeco/ffmpeg/linux-x86_64/libjniswresample.so
Event: 59.623 Loaded shared library /home/pan/.javacpp/cache/ffmpeg-6.0-1.5.9-linux-x86_64.jar/org/bytedeco/ffmpeg/linux-x86_64/libavcodec.so.60
Event: 59.626 Loaded shared library /home/pan/.javacpp/cache/ffmpeg-6.0-1.5.9-linux-x86_64.jar/org/bytedeco/ffmpeg/linux-x86_64/libjniavcodec.so
Event: 59.641 Loaded shared library /home/pan/.javacpp/cache/ffmpeg-6.0-1.5.9-linux-x86_64.jar/org/bytedeco/ffmpeg/linux-x86_64/libavformat.so.60
Event: 59.644 Loaded shared library /home/pan/.javacpp/cache/ffmpeg-6.0-1.5.9-linux-x86_64.jar/org/bytedeco/ffmpeg/linux-x86_64/libjniavformat.so
Event: 59.656 Loaded shared library /home/pan/.javacpp/cache/ffmpeg-6.0-1.5.9-linux-x86_64.jar/org/bytedeco/ffmpeg/linux-x86_64/libswscale.so.7
Event: 59.659 Loaded shared library /home/pan/.javacpp/cache/ffmpeg-6.0-1.5.9-linux-x86_64.jar/org/bytedeco/ffmpeg/linux-x86_64/libjniswscale.so
Event: 59.679 Loaded shared library /home/pan/.javacpp/cache/ffmpeg-6.0-1.5.9-linux-x86_64.jar/org/bytedeco/ffmpeg/linux-x86_64/libavfilter.so.9
Event: 59.682 Loaded shared library /home/pan/.javacpp/cache/ffmpeg-6.0-1.5.9-linux-x86_64.jar/org/bytedeco/ffmpeg/linux-x86_64/libjniavfilter.so
Event: 59.693 Loaded shared library /home/pan/.javacpp/cache/ffmpeg-6.0-1.5.9-linux-x86_64.jar/org/bytedeco/ffmpeg/linux-x86_64/libavdevice.so.60
Event: 59.695 Loaded shared library /home/pan/.javacpp/cache/ffmpeg-6.0-1.5.9-linux-x86_64.jar/org/bytedeco/ffmpeg/linux-x86_64/libjniavdevice.so
Event: 61.148 Loaded shared library /tmp/libio_grpc_netty_shaded_netty_transport_native_epoll_x86_644837564011958171392.so
Event: 61.708 Loaded shared library /home/pan/.javacpp/cache/opencv-4.7.0-1.5.9-linux-x86_64.jar/org/bytedeco/opencv/linux-x86_64/libjniopencv_imgproc.so
Event: 61.725 Loaded shared library /home/pan/.javacpp/cache/opencv-4.7.0-1.5.9-linux-x86_64.jar/org/bytedeco/opencv/linux-x86_64/libopencv_imgcodecs.so.407
Event: 61.729 Loaded shared library /home/pan/.javacpp/cache/opencv-4.7.0-1.5.9-linux-x86_64.jar/org/bytedeco/opencv/linux-x86_64/libjniopencv_imgcodecs.so

Deoptimization events (8 events):
Event: 5.443 Thread 0x000076e8d80355d0 DEOPT PACKING pc=0x000076e8cdcd0d58 sp=0x000076e8e0d4ced0
Event: 5.443 Thread 0x000076e8d80355d0 DEOPT UNPACKING pc=0x000076e8cd456e2f sp=0x000076e8e0d4c408 mode 3
Event: 5.443 Thread 0x000076e8d80355d0 DEOPT PACKING pc=0x000076e8cdcc33ba sp=0x000076e8e0d4cea0
Event: 5.443 Thread 0x000076e8d80355d0 DEOPT UNPACKING pc=0x000076e8cd456e2f sp=0x000076e8e0d4c408 mode 3
Event: 5.954 Thread 0x000076e8d80355d0 DEOPT PACKING pc=0x000076e8cda07ac4 sp=0x000076e8e0d4fcd0
Event: 5.954 Thread 0x000076e8d80355d0 DEOPT UNPACKING pc=0x000076e8cd456e2f sp=0x000076e8e0d4f2a8 mode 0
Event: 80.951 Thread 0x000076e820158b20 DEOPT PACKING pc=0x000076e8cd56a880 sp=0x000076e84fffd6a0
Event: 80.951 Thread 0x000076e820158b20 DEOPT UNPACKING pc=0x000076e8cd456e2f sp=0x000076e84fffcc58 mode 3

Classes loaded (20 events):
Event: 62.806 Loading class java/lang/SuppressWarnings
Event: 62.806 Loading class java/lang/SuppressWarnings done
Event: 62.806 Loading class java/lang/Override
Event: 62.806 Loading class java/lang/Override done
Event: 62.809 Loading class java/math/BigDecimal$StringBuilderHelper
Event: 62.809 Loading class java/math/BigDecimal$StringBuilderHelper done
Event: 62.866 Loading class java/lang/InstantiationError
Event: 62.866 Loading class java/lang/InstantiationError done
Event: 62.893 Loading class java/time/Instant$1
Event: 62.893 Loading class java/time/Instant$1 done
Event: 66.653 Loading class jdk/internal/math/FormattedFloatingDecimal$Form
Event: 66.653 Loading class jdk/internal/math/FormattedFloatingDecimal$Form done
Event: 66.653 Loading class jdk/internal/math/FormattedFloatingDecimal
Event: 66.653 Loading class jdk/internal/math/FormattedFloatingDecimal done
Event: 66.653 Loading class jdk/internal/math/FormattedFloatingDecimal$1
Event: 66.653 Loading class jdk/internal/math/FormattedFloatingDecimal$1 done
Event: 66.653 Loading class jdk/internal/math/FormattedFloatingDecimal$2
Event: 66.653 Loading class jdk/internal/math/FormattedFloatingDecimal$2 done
Event: 80.951 Loading class java/util/concurrent/atomic/Striped64$Cell
Event: 80.951 Loading class java/util/concurrent/atomic/Striped64$Cell done

Classes unloaded (12 events):
Event: 73.613 Thread 0x000076e8d8a6a320 Unloading class 0x000076e868b59c00 'java/lang/invoke/LambdaForm$DMH+0x000076e868b59c00'
Event: 73.613 Thread 0x000076e8d8a6a320 Unloading class 0x000076e868b59000 'java/lang/invoke/LambdaForm$DMH+0x000076e868b59000'
Event: 73.613 Thread 0x000076e8d8a6a320 Unloading class 0x000076e868b58800 'java/lang/invoke/LambdaForm$MH+0x000076e868b58800'
Event: 73.613 Thread 0x000076e8d8a6a320 Unloading class 0x000076e868b58400 'java/lang/invoke/LambdaForm$DMH+0x000076e868b58400'
Event: 73.613 Thread 0x000076e8d8a6a320 Unloading class 0x000076e868b53c00 'java/lang/invoke/LambdaForm$DMH+0x000076e868b53c00'
Event: 73.613 Thread 0x000076e8d8a6a320 Unloading class 0x000076e868b53400 'java/lang/invoke/LambdaForm$DMH+0x000076e868b53400'
Event: 73.613 Thread 0x000076e8d8a6a320 Unloading class 0x000076e868b52c00 'java/lang/invoke/LambdaForm$MH+0x000076e868b52c00'
Event: 73.613 Thread 0x000076e8d8a6a320 Unloading class 0x000076e868b52000 'java/lang/invoke/LambdaForm$DMH+0x000076e868b52000'
Event: 73.613 Thread 0x000076e8d8a6a320 Unloading class 0x000076e868b51800 'java/lang/invoke/LambdaForm$DMH+0x000076e868b51800'
Event: 73.613 Thread 0x000076e8d8a6a320 Unloading class 0x000076e868b51400 'java/lang/invoke/LambdaForm$DMH+0x000076e868b51400'
Event: 73.613 Thread 0x000076e8d8a6a320 Unloading class 0x000076e868b50800 'java/lang/invoke/LambdaForm$DMH+0x000076e868b50800'
Event: 73.613 Thread 0x000076e8d8a6a320 Unloading class 0x000076e868b50400 'java/lang/invoke/LambdaForm$DMH+0x000076e868b50400'

Classes redefined (0 events):
No events

Internal exceptions (20 events):
Event: 36.503 Thread 0x000076e8dae71c20 Exception <a 'java/io/FileNotFoundException'{0x00000007f61aa9f8}> (0x00000007f61aa9f8) 
thrown [src/hotspot/share/prims/jni.cpp, line 516]
Event: 46.503 Thread 0x000076e8dae71c20 Exception <a 'java/io/FileNotFoundException'{0x00000007f61b9a88}> (0x00000007f61b9a88) 
thrown [src/hotspot/share/prims/jni.cpp, line 516]
Event: 46.503 Thread 0x000076e8dae71c20 Exception <a 'java/io/FileNotFoundException'{0x00000007f61ba1a8}> (0x00000007f61ba1a8) 
thrown [src/hotspot/share/prims/jni.cpp, line 516]
Event: 56.504 Thread 0x000076e8dae71c20 Exception <a 'java/io/FileNotFoundException'{0x00000007f61c9238}> (0x00000007f61c9238) 
thrown [src/hotspot/share/prims/jni.cpp, line 516]
Event: 56.504 Thread 0x000076e8dae71c20 Exception <a 'java/io/FileNotFoundException'{0x00000007f61c9958}> (0x00000007f61c9958) 
thrown [src/hotspot/share/prims/jni.cpp, line 516]
Event: 59.265 Thread 0x000076e8dae26910 Exception <a 'java/lang/NoSuchMethodError'{0x00000007f46c3838}: 'java.lang.Object java.lang.invoke.DirectMethodHandle$Holder.invokeSpecial(java.lang.Object, java.lang.Object, java.lang.Object, java.lang.Object, java.lang.Object, long)'> (0x00000007f46c3838) 
thrown [src/hotspot/share/interpreter/linkResolver.cpp, line 759]
Event: 59.265 Thread 0x000076e8dae26910 Exception <a 'java/lang/NoSuchMethodError'{0x00000007f46c7278}: 'java.lang.Object java.lang.invoke.Invokers$Holder.linkToTargetMethod(java.lang.Object, java.lang.Object, java.lang.Object, long, java.lang.Object)'> (0x00000007f46c7278) 
thrown [src/hotspot/share/interpreter/linkResolver.cpp, line 759]
Event: 61.145 Thread 0x000076e8dae28050 Exception <a 'java/lang/UnsatisfiedLinkError'{0x00000007ee71ad70}: 'int io.grpc.netty.shaded.io.netty.channel.epoll.Native.offsetofEpollData()'> (0x00000007ee71ad70) 
thrown [src/hotspot/share/prims/nativeLookup.cpp, line 543]
Event: 61.146 Thread 0x000076e8dae28050 Exception <a 'java/lang/reflect/InvocationTargetException'{0x00000007ee7611c8}> (0x00000007ee7611c8) 
thrown [src/hotspot/share/runtime/reflection.cpp, line 1128]
Event: 61.752 Thread 0x000076e65db142b0 Exception <a 'java/lang/NoSuchMethodError'{0x00000007e77cad60}: 'java.lang.Object java.lang.invoke.DirectMethodHandle$Holder.newInvokeSpecial(java.lang.Object, java.lang.Object, int, int)'> (0x00000007e77cad60) 
thrown [src/hotspot/share/interpreter/linkResolver.cpp, line 759]
Event: 62.914 Thread 0x000076e82016aeb0 Exception <a 'java/lang/NoSuchMethodError'{0x00000007e2dd84c0}: 'java.lang.Object java.lang.invoke.DirectMethodHandle$Holder.invokeInterface(java.lang.Object, java.lang.Object, java.lang.Object, java.lang.Object, java.lang.Object)'> (0x00000007e2dd84c0) 
thrown [src/hotspot/share/interpreter/linkResolver.cpp, line 759]
Event: 62.914 Thread 0x000076e82016a1a0 Exception <a 'java/lang/NoSuchMethodError'{0x00000007e2c114c8}: 'java.lang.Object java.lang.invoke.DirectMethodHandle$Holder.invokeInterface(java.lang.Object, java.lang.Object, java.lang.Object, java.lang.Object, java.lang.Object)'> (0x00000007e2c114c8) 
thrown [src/hotspot/share/interpreter/linkResolver.cpp, line 759]
Event: 62.923 Thread 0x000076e82016aeb0 Exception <a 'java/lang/NoSuchMethodError'{0x00000007e2a995d0}: 'java.lang.Object java.lang.invoke.DirectMethodHandle$Holder.invokeInterface(java.lang.Object, java.lang.Object, java.lang.Object, long)'> (0x00000007e2a995d0) 
thrown [src/hotspot/share/interpreter/linkResolver.cpp, line 759]
Event: 62.923 Thread 0x000076e82016a1a0 Exception <a 'java/lang/NoSuchMethodError'{0x00000007e2b094c0}: 'java.lang.Object java.lang.invoke.DirectMethodHandle$Holder.invokeInterface(java.lang.Object, java.lang.Object, java.lang.Object, long)'> (0x00000007e2b094c0) 
thrown [src/hotspot/share/interpreter/linkResolver.cpp, line 759]
Event: 66.505 Thread 0x000076e8dae71c20 Exception <a 'java/io/FileNotFoundException'{0x00000007f61d8a00}> (0x00000007f61d8a00) 
thrown [src/hotspot/share/prims/jni.cpp, line 516]
Event: 66.505 Thread 0x000076e8dae71c20 Exception <a 'java/io/FileNotFoundException'{0x00000007f61d9120}> (0x00000007f61d9120) 
thrown [src/hotspot/share/prims/jni.cpp, line 516]
Event: 76.505 Thread 0x000076e8dae71c20 Exception <a 'java/io/FileNotFoundException'{0x00000007f53b8cc0}> (0x00000007f53b8cc0) 
thrown [src/hotspot/share/prims/jni.cpp, line 516]
Event: 76.505 Thread 0x000076e8dae71c20 Exception <a 'java/io/FileNotFoundException'{0x00000007f53b93e0}> (0x00000007f53b93e0) 
thrown [src/hotspot/share/prims/jni.cpp, line 516]
Event: 86.506 Thread 0x000076e8dae71c20 Exception <a 'java/io/FileNotFoundException'{0x00000007f7363b30}> (0x00000007f7363b30) 
thrown [src/hotspot/share/prims/jni.cpp, line 516]
Event: 86.506 Thread 0x000076e8dae71c20 Exception <a 'java/io/FileNotFoundException'{0x00000007f7364250}> (0x00000007f7364250) 
thrown [src/hotspot/share/prims/jni.cpp, line 516]

VM Operations (20 events):
Event: 79.649 Executing VM operation: Cleanup
Event: 79.649 Executing VM operation: Cleanup done
Event: 80.296 Executing VM operation: HandshakeAllThreads
Event: 80.296 Executing VM operation: HandshakeAllThreads done
Event: 81.296 Executing VM operation: Cleanup
Event: 81.296 Executing VM operation: Cleanup done
Event: 82.296 Executing VM operation: Cleanup
Event: 82.296 Executing VM operation: Cleanup done
Event: 83.296 Executing VM operation: Cleanup
Event: 83.296 Executing VM operation: Cleanup done
Event: 84.016 Executing VM operation: G1CollectFull
Event: 84.069 Executing VM operation: G1CollectFull done
Event: 85.069 Executing VM operation: Cleanup
Event: 85.071 Executing VM operation: Cleanup done
Event: 86.072 Executing VM operation: Cleanup
Event: 86.072 Executing VM operation: Cleanup done
Event: 88.072 Executing VM operation: Cleanup
Event: 88.072 Executing VM operation: Cleanup done
Event: 89.072 Executing VM operation: Cleanup
Event: 89.072 Executing VM operation: Cleanup done

Memory protections (20 events):
Event: 65.238 Protecting memory [0x000076e813700000,0x000076e813704000] with protection modes 0
Event: 65.333 Protecting memory [0x000076e813300000,0x000076e813304000] with protection modes 0
Event: 65.624 Protecting memory [0x000076e813200000,0x000076e813204000] with protection modes 0
Event: 65.724 Protecting memory [0x000076e813100000,0x000076e813104000] with protection modes 0
Event: 66.007 Protecting memory [0x000076e812d00000,0x000076e812d04000] with protection modes 0
Event: 68.344 Protecting memory [0x000076e84d700000,0x000076e84d704000] with protection modes 0
Event: 68.345 Protecting memory [0x000076e8bcd00000,0x000076e8bcd04000] with protection modes 0
Event: 73.509 Protecting memory [0x000076e828300000,0x000076e828304000] with protection modes 0
Event: 73.509 Protecting memory [0x000076e828d00000,0x000076e828d04000] with protection modes 0
Event: 78.673 Protecting memory [0x000076e8bcd00000,0x000076e8bcd04000] with protection modes 0
Event: 78.674 Protecting memory [0x000076e84d700000,0x000076e84d704000] with protection modes 0
Event: 82.125 Protecting memory [0x000076e82bf00000,0x000076e82bf04000] with protection modes 0
Event: 82.125 Protecting memory [0x000076e829700000,0x000076e829704000] with protection modes 0
Event: 83.838 Protecting memory [0x000076e828d00000,0x000076e828d04000] with protection modes 0
Event: 83.838 Protecting memory [0x000076e828300000,0x000076e828304000] with protection modes 0
Event: 88.278 Protecting memory [0x000076e843f00000,0x000076e843f04000] with protection modes 0
Event: 88.734 Protecting memory [0x000076e84d700000,0x000076e84d704000] with protection modes 0
Event: 88.734 Protecting memory [0x000076e8bcd00000,0x000076e8bcd04000] with protection modes 0
Event: 89.002 Protecting memory [0x000076e82bf00000,0x000076e82bf04000] with protection modes 0
Event: 89.002 Protecting memory [0x000076e829700000,0x000076e829704000] with protection modes 0

Nmethod flushes (20 events):
Event: 6.395 Thread 0x000076e8d8a7a1f0 flushing  nmethod 0x000076e8cdf43090
Event: 6.395 Thread 0x000076e8d8a7a1f0 flushing  nmethod 0x000076e8cdf44510
Event: 6.395 Thread 0x000076e8d8a7a1f0 flushing  nmethod 0x000076e8cdf5b110
Event: 6.395 Thread 0x000076e8d8a7a1f0 flushing  nmethod 0x000076e8cdf62d10
Event: 6.395 Thread 0x000076e8d8a7a1f0 flushing  nmethod 0x000076e8cdf66510
Event: 6.395 Thread 0x000076e8d8a7a1f0 flushing  nmethod 0x000076e8cdf70410
Event: 6.395 Thread 0x000076e8d8a7a1f0 flushing  nmethod 0x000076e8cdf71190
Event: 6.395 Thread 0x000076e8d8a7a1f0 flushing  nmethod 0x000076e8cdf73390
Event: 6.395 Thread 0x000076e8d8a7a1f0 flushing  nmethod 0x000076e8cdf7b210
Event: 6.395 Thread 0x000076e8d8a7a1f0 flushing  nmethod 0x000076e8cdf82890
Event: 6.395 Thread 0x000076e8d8a7a1f0 flushing  nmethod 0x000076e8cdf9ee90
Event: 6.395 Thread 0x000076e8d8a7a1f0 flushing  nmethod 0x000076e8cdfaea90
Event: 6.395 Thread 0x000076e8d8a7a1f0 flushing  nmethod 0x000076e8cdff2390
Event: 6.395 Thread 0x000076e8d8a7a1f0 flushing  nmethod 0x000076e8ce004510
Event: 6.395 Thread 0x000076e8d8a7a1f0 flushing  nmethod 0x000076e8ce00b510
Event: 6.395 Thread 0x000076e8d8a7a1f0 flushing  nmethod 0x000076e8ce0b3610
Event: 6.395 Thread 0x000076e8d8a7a1f0 flushing  nmethod 0x000076e8ce0c7990
Event: 6.396 Thread 0x000076e8d8a7a1f0 flushing  nmethod 0x000076e8ce0e9190
Event: 6.396 Thread 0x000076e8d8a7a1f0 flushing  nmethod 0x000076e8ce11ee90
Event: 6.396 Thread 0x000076e8d8a7a1f0 flushing  nmethod 0x000076e8ce144710

Events (20 events):
Event: 82.125 Thread 0x000076e838375050 Thread added: 0x000076e598077450
Event: 82.125 Thread 0x000076e838375050 Thread added: 0x000076e598078430
Event: 82.991 Thread 0x000076e598078430 Thread exited: 0x000076e598078430
Event: 83.509 Thread 0x000076e5d822ba40 Thread exited: 0x000076e5d822ba40
Event: 83.510 Thread 0x000076e5d82285c0 Thread exited: 0x000076e5d82285c0
Event: 83.838 Thread 0x000076e5ec0ca970 Thread added: 0x000076e5d822ba40
Event: 83.838 Thread 0x000076e5ec0ca970 Thread added: 0x000076e5d82285c0
Event: 85.353 Thread 0x000076e598077450 Thread exited: 0x000076e598077450
Event: 86.419 Thread 0x000076e838375050 Thread exited: 0x000076e838375050
Event: 88.278 Thread 0x000076e8d8a78d80 Thread added: 0x000076e8380a49b0
Event: 88.674 Thread 0x000076e5d821bc50 Thread exited: 0x000076e5d821bc50
Event: 88.674 Thread 0x000076e5d822cbd0 Thread exited: 0x000076e5d822cbd0
Event: 88.734 Thread 0x000076e8d8a78d80 Thread added: 0x000076e838374f00
Event: 88.734 Thread 0x000076e8d8a78d80 Thread added: 0x000076e83855ff80
Event: 89.002 Thread 0x000076e5ec0ca970 Thread added: 0x000076e5d822cbd0
Event: 89.002 Thread 0x000076e5ec0ca970 Thread added: 0x000076e5d821bc50
Event: 89.568 Thread 0x000076e83855ff80 Thread exited: 0x000076e83855ff80
Event: 89.568 Thread 0x000076e838374f00 Thread exited: 0x000076e838374f00
Event: 89.823 Thread 0x000076e65db13d30 Thread exited: 0x000076e65db13d30
Event: 89.839 Thread 0x000076e65db14930 Thread exited: 0x000076e65db14930


Dynamic libraries:
700000000-7ffd00000 rw-p 00000000 00:00 0 
7ffd00000-7ffd75000 rw-p 00c78000 103:02 4342152                         /home/pan/.jdks/corretto-17.0.14/lib/server/classes.jsa
7ffd75000-7ffe00000 rw-p 00000000 00:00 0 
7ffe00000-7ffe77000 rw-p 00c01000 103:02 4342152                         /home/pan/.jdks/corretto-17.0.14/lib/server/classes.jsa
7ffe77000-800000000 rw-p 00000000 00:00 0 
5bd9de200000-5bd9de201000 r-xp 00000000 103:02 4342252                   /home/pan/.jdks/corretto-17.0.14/bin/java
5bd9de401000-5bd9de402000 r--p 00001000 103:02 4342252                   /home/pan/.jdks/corretto-17.0.14/bin/java
5bd9de402000-5bd9de403000 rw-p 00002000 103:02 4342252                   /home/pan/.jdks/corretto-17.0.14/bin/java
5bda0e632000-5bda0f04f000 rw-p 00000000 00:00 0                          [heap]
76e300000000-76e302988000 rw-p 00000000 00:00 0 
76e302988000-76e304000000 ---p 00000000 00:00 0 
76e304000000-76e307b54000 rw-p 00000000 00:00 0 
76e307b54000-76e308000000 ---p 00000000 00:00 0 
76e30c000000-76e30f565000 rw-p 00000000 00:00 0 
76e30f565000-76e310000000 ---p 00000000 00:00 0 
76e310000000-76e313b54000 rw-p 00000000 00:00 0 
76e313b54000-76e314000000 ---p 00000000 00:00 0 
76e318000000-76e31bb54000 rw-p 00000000 00:00 0 
76e31bb54000-76e31c000000 ---p 00000000 00:00 0 
76e31c000000-76e31fb54000 rw-p 00000000 00:00 0 
76e31fb54000-76e320000000 ---p 00000000 00:00 0 
76e324000000-76e327b54000 rw-p 00000000 00:00 0 
76e327b54000-76e328000000 ---p 00000000 00:00 0 
76e328000000-76e32bb54000 rw-p 00000000 00:00 0 
76e32bb54000-76e32c000000 ---p 00000000 00:00 0 
76e330000000-76e333b54000 rw-p 00000000 00:00 0 
76e333b54000-76e334000000 ---p 00000000 00:00 0 
76e334000000-76e337b54000 rw-p 00000000 00:00 0 
76e337b54000-76e338000000 ---p 00000000 00:00 0 
76e33c000000-76e33fb54000 rw-p 00000000 00:00 0 
76e33fb54000-76e340000000 ---p 00000000 00:00 0 
76e340000000-76e343b54000 rw-p 00000000 00:00 0 
76e343b54000-76e344000000 ---p 00000000 00:00 0 
76e348000000-76e34bb54000 rw-p 00000000 00:00 0 
76e34bb54000-76e34c000000 ---p 00000000 00:00 0 
76e34c000000-76e34fb54000 rw-p 00000000 00:00 0 
76e34fb54000-76e350000000 ---p 00000000 00:00 0 
76e354000000-76e357b54000 rw-p 00000000 00:00 0 
76e357b54000-76e358000000 ---p 00000000 00:00 0 
76e358000000-76e35bb54000 rw-p 00000000 00:00 0 
76e35bb54000-76e35c000000 ---p 00000000 00:00 0 
76e360000000-76e363b54000 rw-p 00000000 00:00 0 
76e363b54000-76e364000000 ---p 00000000 00:00 0 
76e364000000-76e367b54000 rw-p 00000000 00:00 0 
76e367b54000-76e368000000 ---p 00000000 00:00 0 
76e36c000000-76e36fb54000 rw-p 00000000 00:00 0 
76e36fb54000-76e370000000 ---p 00000000 00:00 0 
76e370000000-76e373b54000 rw-p 00000000 00:00 0 
76e373b54000-76e374000000 ---p 00000000 00:00 0 
76e378000000-76e37bb54000 rw-p 00000000 00:00 0 
76e37bb54000-76e37c000000 ---p 00000000 00:00 0 
76e37c000000-76e37fb54000 rw-p 00000000 00:00 0 
76e37fb54000-76e380000000 ---p 00000000 00:00 0 
76e384000000-76e387b54000 rw-p 00000000 00:00 0 
76e387b54000-76e388000000 ---p 00000000 00:00 0 
76e388000000-76e38bb54000 rw-p 00000000 00:00 0 
76e38bb54000-76e38c000000 ---p 00000000 00:00 0 
76e390000000-76e393b54000 rw-p 00000000 00:00 0 
76e393b54000-76e394000000 ---p 00000000 00:00 0 
76e394000000-76e397b54000 rw-p 00000000 00:00 0 
76e397b54000-76e398000000 ---p 00000000 00:00 0 
76e39c000000-76e39fb54000 rw-p 00000000 00:00 0 
76e39fb54000-76e3a0000000 ---p 00000000 00:00 0 
76e3a0000000-76e3a3b54000 rw-p 00000000 00:00 0 
76e3a3b54000-76e3a4000000 ---p 00000000 00:00 0 
76e3a8000000-76e3abb7f000 rw-p 00000000 00:00 0 
76e3abb7f000-76e3ac000000 ---p 00000000 00:00 0 
76e3ac000000-76e3afb54000 rw-p 00000000 00:00 0 
76e3afb54000-76e3b0000000 ---p 00000000 00:00 0 
76e3b4000000-76e3b7b54000 rw-p 00000000 00:00 0 
76e3b7b54000-76e3b8000000 ---p 00000000 00:00 0 
76e3b8000000-76e3bbb54000 rw-p 00000000 00:00 0 
76e3bbb54000-76e3bc000000 ---p 00000000 00:00 0 
76e3c0000000-76e3c3b54000 rw-p 00000000 00:00 0 
76e3c3b54000-76e3c4000000 ---p 00000000 00:00 0 
76e3c4000000-76e3c7b54000 rw-p 00000000 00:00 0 
76e3c7b54000-76e3c8000000 ---p 00000000 00:00 0 
76e3cc000000-76e3cfb54000 rw-p 00000000 00:00 0 
76e3cfb54000-76e3d0000000 ---p 00000000 00:00 0 
76e3d0000000-76e3d3b54000 rw-p 00000000 00:00 0 
76e3d3b54000-76e3d4000000 ---p 00000000 00:00 0 
76e3d8000000-76e3dbb54000 rw-p 00000000 00:00 0 
76e3dbb54000-76e3dc000000 ---p 00000000 00:00 0 
76e3dc000000-76e3dfb54000 rw-p 00000000 00:00 0 
76e3dfb54000-76e3e0000000 ---p 00000000 00:00 0 
76e3e4000000-76e3e7b54000 rw-p 00000000 00:00 0 
76e3e7b54000-76e3e8000000 ---p 00000000 00:00 0 
76e3e8000000-76e3ebb54000 rw-p 00000000 00:00 0 
76e3ebb54000-76e3ec000000 ---p 00000000 00:00 0 
76e3f0000000-76e3f3b54000 rw-p 00000000 00:00 0 
76e3f3b54000-76e3f4000000 ---p 00000000 00:00 0 
76e3f4000000-76e3f7b54000 rw-p 00000000 00:00 0 
76e3f7b54000-76e3f8000000 ---p 00000000 00:00 0 
76e3fc000000-76e3ffb54000 rw-p 00000000 00:00 0 
76e3ffb54000-76e400000000 ---p 00000000 00:00 0 
76e400000000-76e403b54000 rw-p 00000000 00:00 0 
76e403b54000-76e404000000 ---p 00000000 00:00 0 
76e408000000-76e40bb54000 rw-p 00000000 00:00 0 
76e40bb54000-76e40c000000 ---p 00000000 00:00 0 
76e40c000000-76e40fb54000 rw-p 00000000 00:00 0 
76e40fb54000-76e410000000 ---p 00000000 00:00 0 
76e414000000-76e417b54000 rw-p 00000000 00:00 0 
76e417b54000-76e418000000 ---p 00000000 00:00 0 
76e418000000-76e41bb54000 rw-p 00000000 00:00 0 
76e41bb54000-76e41c000000 ---p 00000000 00:00 0 
76e420000000-76e423b7f000 rw-p 00000000 00:00 0 
76e423b7f000-76e424000000 ---p 00000000 00:00 0 
76e424000000-76e427b54000 rw-p 00000000 00:00 0 
76e427b54000-76e428000000 ---p 00000000 00:00 0 
76e42c000000-76e42fb54000 rw-p 00000000 00:00 0 
76e42fb54000-76e430000000 ---p 00000000 00:00 0 
76e430000000-76e433b54000 rw-p 00000000 00:00 0 
76e433b54000-76e434000000 ---p 00000000 00:00 0 
76e438000000-76e43bb54000 rw-p 00000000 00:00 0 
76e43bb54000-76e43c000000 ---p 00000000 00:00 0 
76e43c000000-76e43fb54000 rw-p 00000000 00:00 0 
76e43fb54000-76e440000000 ---p 00000000 00:00 0 
76e444000000-76e447b54000 rw-p 00000000 00:00 0 
76e447b54000-76e448000000 ---p 00000000 00:00 0 
76e448000000-76e44bb54000 rw-p 00000000 00:00 0 
76e44bb54000-76e44c000000 ---p 00000000 00:00 0 
76e450000000-76e453b54000 rw-p 00000000 00:00 0 
76e453b54000-76e454000000 ---p 00000000 00:00 0 
76e454000000-76e457b54000 rw-p 00000000 00:00 0 
76e457b54000-76e458000000 ---p 00000000 00:00 0 
76e45c000000-76e45fb54000 rw-p 00000000 00:00 0 
76e45fb54000-76e460000000 ---p 00000000 00:00 0 
76e460000000-76e463b54000 rw-p 00000000 00:00 0 
76e463b54000-76e464000000 ---p 00000000 00:00 0 
76e468000000-76e46bb54000 rw-p 00000000 00:00 0 
76e46bb54000-76e46c000000 ---p 00000000 00:00 0 
76e46c000000-76e46fb54000 rw-p 00000000 00:00 0 
76e46fb54000-76e470000000 ---p 00000000 00:00 0 
76e474000000-76e477b54000 rw-p 00000000 00:00 0 
76e477b54000-76e478000000 ---p 00000000 00:00 0 
76e478000000-76e47bb54000 rw-p 00000000 00:00 0 
76e47bb54000-76e47c000000 ---p 00000000 00:00 0 
76e480000000-76e483b54000 rw-p 00000000 00:00 0 
76e483b54000-76e484000000 ---p 00000000 00:00 0 
76e484000000-76e487b7f000 rw-p 00000000 00:00 0 
76e487b7f000-76e488000000 ---p 00000000 00:00 0 
76e48c000000-76e48fb54000 rw-p 00000000 00:00 0 
76e48fb54000-76e490000000 ---p 00000000 00:00 0 
76e490000000-76e493b54000 rw-p 00000000 00:00 0 
76e493b54000-76e494000000 ---p 00000000 00:00 0 
76e498000000-76e4995fb000 rw-p 00000000 00:00 0 
76e4995fb000-76e49c000000 ---p 00000000 00:00 0 
76e49c000000-76e49d081000 rw-p 00000000 00:00 0 
76e49d081000-76e4a0000000 ---p 00000000 00:00 0 
76e4a4000000-76e4a54f7000 rw-p 00000000 00:00 0 
76e4a54f7000-76e4a8000000 ---p 00000000 00:00 0 
76e4a8000000-76e4a93e9000 rw-p 00000000 00:00 0 
76e4a93e9000-76e4ac000000 ---p 00000000 00:00 0 
76e4b0000000-76e4b17d6000 rw-p 00000000 00:00 0 
76e4b17d6000-76e4b4000000 ---p 00000000 00:00 0 
76e4b4000000-76e4b54b5000 rw-p 00000000 00:00 0 
76e4b54b5000-76e4b8000000 ---p 00000000 00:00 0 
76e4bc000000-76e4bdf7a000 rw-p 00000000 00:00 0 
76e4bdf7a000-76e4c0000000 ---p 00000000 00:00 0 
76e4c0000000-76e4c0914000 rw-p 00000000 00:00 0 
76e4c0914000-76e4c4000000 ---p 00000000 00:00 0 
76e4c8000000-76e4c8f6d000 rw-p 00000000 00:00 0 
76e4c8f6d000-76e4cc000000 ---p 00000000 00:00 0 
76e4cc000000-76e4cc2fe000 rw-p 00000000 00:00 0 
76e4cc2fe000-76e4d0000000 ---p 00000000 00:00 0 
76e4d4000000-76e4d7d66000 rw-p 00000000 00:00 0 
76e4d7d66000-76e4d8000000 ---p 00000000 00:00 0 
76e4d8000000-76e4d82fc000 rw-p 00000000 00:00 0 
76e4d82fc000-76e4dc000000 ---p 00000000 00:00 0 
76e4e0000000-76e4e0211000 rw-p 00000000 00:00 0 
76e4e0211000-76e4e4000000 ---p 00000000 00:00 0 
76e4e4000000-76e4e4211000 rw-p 00000000 00:00 0 
76e4e4211000-76e4e8000000 ---p 00000000 00:00 0 
76e4ec000000-76e4ec210000 rw-p 00000000 00:00 0 
76e4ec210000-76e4f0000000 ---p 00000000 00:00 0 
76e4f0000000-76e4f049c000 rw-p 00000000 00:00 0 
76e4f049c000-76e4f4000000 ---p 00000000 00:00 0 
76e4f8000000-76e4f808c000 rw-p 00000000 00:00 0 
76e4f808c000-76e4fc000000 ---p 00000000 00:00 0 
76e4fc000000-76e4fc056000 rw-p 00000000 00:00 0 
76e4fc056000-76e500000000 ---p 00000000 00:00 0 
76e504000000-76e504211000 rw-p 00000000 00:00 0 
76e504211000-76e508000000 ---p 00000000 00:00 0 
76e508000000-76e50868d000 rw-p 00000000 00:00 0 
76e50868d000-76e50c000000 ---p 00000000 00:00 0 
76e510000000-76e510021000 rw-p 00000000 00:00 0 
76e510021000-76e514000000 ---p 00000000 00:00 0 
76e514000000-76e514021000 rw-p 00000000 00:00 0 
76e514021000-76e518000000 ---p 00000000 00:00 0 
76e51c000000-76e51c021000 rw-p 00000000 00:00 0 
76e51c021000-76e520000000 ---p 00000000 00:00 0 
76e520000000-76e520211000 rw-p 00000000 00:00 0 
76e520211000-76e524000000 ---p 00000000 00:00 0 
76e528000000-76e5284ae000 rw-p 00000000 00:00 0 
76e5284ae000-76e52c000000 ---p 00000000 00:00 0 
76e52c000000-76e52c4ac000 rw-p 00000000 00:00 0 
76e52c4ac000-76e530000000 ---p 00000000 00:00 0 
76e534000000-76e534210000 rw-p 00000000 00:00 0 
76e534210000-76e538000000 ---p 00000000 00:00 0 
76e538000000-76e538265000 rw-p 00000000 00:00 0 
76e538265000-76e53c000000 ---p 00000000 00:00 0 
76e540000000-76e54094a000 rw-p 00000000 00:00 0 
76e54094a000-76e544000000 ---p 00000000 00:00 0 
76e544000000-76e54495e000 rw-p 00000000 00:00 0 
76e54495e000-76e548000000 ---p 00000000 00:00 0 
76e54c000000-76e54c8c7000 rw-p 00000000 00:00 0 
76e54c8c7000-76e550000000 ---p 00000000 00:00 0 
76e550000000-76e550832000 rw-p 00000000 00:00 0 
76e550832000-76e554000000 ---p 00000000 00:00 0 
76e558000000-76e558920000 rw-p 00000000 00:00 0 
76e558920000-76e55c000000 ---p 00000000 00:00 0 
76e55c000000-76e55c95c000 rw-p 00000000 00:00 0 
76e55c95c000-76e560000000 ---p 00000000 00:00 0 
76e564000000-76e564940000 rw-p 00000000 00:00 0 
76e564940000-76e568000000 ---p 00000000 00:00 0 
76e568000000-76e568817000 rw-p 00000000 00:00 0 
76e568817000-76e56c000000 ---p 00000000 00:00 0 
76e570000000-76e570930000 rw-p 00000000 00:00 0 
76e570930000-76e574000000 ---p 00000000 00:00 0 
76e574000000-76e57495d000 rw-p 00000000 00:00 0 
76e57495d000-76e578000000 ---p 00000000 00:00 0 
76e57c000000-76e57c941000 rw-p 00000000 00:00 0 
76e57c941000-76e580000000 ---p 00000000 00:00 0 
76e580000000-76e58099e000 rw-p 00000000 00:00 0 
76e58099e000-76e584000000 ---p 00000000 00:00 0 
76e588000000-76e588941000 rw-p 00000000 00:00 0 
76e588941000-76e58c000000 ---p 00000000 00:00 0 
76e58c000000-76e58c981000 rw-p 00000000 00:00 0 
76e58c981000-76e590000000 ---p 00000000 00:00 0 
76e594000000-76e594932000 rw-p 00000000 00:00 0 
76e594932000-76e598000000 ---p 00000000 00:00 0 
76e598000000-76e5981c1000 rw-p 00000000 00:00 0 
76e5981c1000-76e59c000000 ---p 00000000 00:00 0 
76e5a0000000-76e5a0a1b000 rw-p 00000000 00:00 0 
76e5a0a1b000-76e5a4000000 ---p 00000000 00:00 0 
76e5a4000000-76e5a55b6000 rw-p 00000000 00:00 0 
76e5a55b6000-76e5a8000000 ---p 00000000 00:00 0 
76e5ac000000-76e5acaf0000 rw-p 00000000 00:00 0 
76e5acaf0000-76e5b0000000 ---p 00000000 00:00 0 
76e5b0000000-76e5b0021000 rw-p 00000000 00:00 0 
76e5b0021000-76e5b4000000 ---p 00000000 00:00 0 
76e5b4000000-76e5b404c000 rw-p 00000000 00:00 0 
76e5b404c000-76e5b8000000 ---p 00000000 00:00 0 
76e5bc000000-76e5bc211000 rw-p 00000000 00:00 0 
76e5bc211000-76e5c0000000 ---p 00000000 00:00 0 
76e5c0000000-76e5c0021000 rw-p 00000000 00:00 0 
76e5c0021000-76e5c4000000 ---p 00000000 00:00 0 
76e5c8000000-76e5c8021000 rw-p 00000000 00:00 0 
76e5c8021000-76e5cc000000 ---p 00000000 00:00 0 
76e5cc000000-76e5cc233000 rw-p 00000000 00:00 0 
76e5cc233000-76e5d0000000 ---p 00000000 00:00 0 
76e5d4000000-76e5d7eb5000 rw-p 00000000 00:00 0 
76e5d7eb5000-76e5d8000000 ---p 00000000 00:00 0 
76e5d8000000-76e5d8245000 rw-p 00000000 00:00 0 
76e5d8245000-76e5dc000000 ---p 00000000 00:00 0 
76e5e0000000-76e5e0216000 rw-p 00000000 00:00 0 
76e5e0216000-76e5e4000000 ---p 00000000 00:00 0 
76e5e4000000-76e5e4021000 rw-p 00000000 00:00 0 
76e5e4021000-76e5e8000000 ---p 00000000 00:00 0 
76e5ec000000-76e5ec0d7000 rw-p 00000000 00:00 0 
76e5ec0d7000-76e5f0000000 ---p 00000000 00:00 0 
76e5f0000000-76e5f0021000 rw-p 00000000 00:00 0 
76e5f0021000-76e5f4000000 ---p 00000000 00:00 0 
76e5f8000000-76e5f8206000 rw-p 00000000 00:00 0 
76e5f8206000-76e5fc000000 ---p 00000000 00:00 0 
76e5fc000000-76e5fc021000 rw-p 00000000 00:00 0 
76e5fc021000-76e600000000 ---p 00000000 00:00 0 
76e604000000-76e604021000 rw-p 00000000 00:00 0 
76e604021000-76e608000000 ---p 00000000 00:00 0 
76e608000000-76e608021000 rw-p 00000000 00:00 0 
76e608021000-76e60c000000 ---p 00000000 00:00 0 
76e610000000-76e610021000 rw-p 00000000 00:00 0 
76e610021000-76e614000000 ---p 00000000 00:00 0 
76e614000000-76e614021000 rw-p 00000000 00:00 0 
76e614021000-76e618000000 ---p 00000000 00:00 0 
76e61c000000-76e61c021000 rw-p 00000000 00:00 0 
76e61c021000-76e620000000 ---p 00000000 00:00 0 
76e620000000-76e620021000 rw-p 00000000 00:00 0 
76e620021000-76e624000000 ---p 00000000 00:00 0 
76e628000000-76e628021000 rw-p 00000000 00:00 0 
76e628021000-76e62c000000 ---p 00000000 00:00 0 
76e62c000000-76e62c021000 rw-p 00000000 00:00 0 
76e62c021000-76e630000000 ---p 00000000 00:00 0 
76e634000000-76e634021000 rw-p 00000000 00:00 0 
76e634021000-76e638000000 ---p 00000000 00:00 0 
76e638000000-76e638021000 rw-p 00000000 00:00 0 
76e638021000-76e63c000000 ---p 00000000 00:00 0 
76e640000000-76e640021000 rw-p 00000000 00:00 0 
76e640021000-76e644000000 ---p 00000000 00:00 0 
76e644000000-76e644021000 rw-p 00000000 00:00 0 
76e644021000-76e648000000 ---p 00000000 00:00 0 
76e64c000000-76e64d7c9000 rw-p 00000000 00:00 0 
76e64d7c9000-76e650000000 ---p 00000000 00:00 0 
76e650000000-76e650021000 rw-p 00000000 00:00 0 
76e650021000-76e654000000 ---p 00000000 00:00 0 
76e658000000-76e658021000 rw-p 00000000 00:00 0 
76e658021000-76e65c000000 ---p 00000000 00:00 0 
76e65c000000-76e65db18000 rw-p 00000000 00:00 0 
76e65db18000-76e660000000 ---p 00000000 00:00 0 
76e664000000-76e664021000 rw-p 00000000 00:00 0 
76e664021000-76e668000000 ---p 00000000 00:00 0 
76e668000000-76e6e0000000 rw-p 00000000 00:00 0 
76e6e0000000-76e6e004b000 rw-p 00000000 00:00 0 
76e6e004b000-76e6e4000000 ---p 00000000 00:00 0 
76e6e8000000-76e760000000 rw-p 00000000 00:00 0 
76e760000000-76e760021000 rw-p 00000000 00:00 0 
76e760021000-76e764000000 ---p 00000000 00:00 0 
76e764000000-76e764021000 rw-p 00000000 00:00 0 
76e764021000-76e768000000 ---p 00000000 00:00 0 
76e76c000000-76e76c021000 rw-p 00000000 00:00 0 
76e76c021000-76e770000000 ---p 00000000 00:00 0 
76e770000000-76e770021000 rw-p 00000000 00:00 0 
76e770021000-76e774000000 ---p 00000000 00:00 0 
76e778000000-76e778021000 rw-p 00000000 00:00 0 
76e778021000-76e77c000000 ---p 00000000 00:00 0 
76e77c000000-76e77c021000 rw-p 00000000 00:00 0 
76e77c021000-76e780000000 ---p 00000000 00:00 0 
76e784000000-76e784021000 rw-p 00000000 00:00 0 
76e784021000-76e788000000 ---p 00000000 00:00 0 
76e788000000-76e788021000 rw-p 00000000 00:00 0 
76e788021000-76e78c000000 ---p 00000000 00:00 0 
76e78ea00000-76e78ea1e000 r--p 00000000 103:02 5259726                   /home/pan/.javacpp/cache/opencv-4.7.0-1.5.9-linux-x86_64.jar/org/bytedeco/opencv/linux-x86_64/libopencv_imgcodecs.so.407
76e78ea1e000-76e78ec2e000 r-xp 0001e000 103:02 5259726                   /home/pan/.javacpp/cache/opencv-4.7.0-1.5.9-linux-x86_64.jar/org/bytedeco/opencv/linux-x86_64/libopencv_imgcodecs.so.407
76e78ec2e000-76e78ed4c000 r--p 0022e000 103:02 5259726                   /home/pan/.javacpp/cache/opencv-4.7.0-1.5.9-linux-x86_64.jar/org/bytedeco/opencv/linux-x86_64/libopencv_imgcodecs.so.407
76e78ed4c000-76e78ed56000 r--p 0034b000 103:02 5259726                   /home/pan/.javacpp/cache/opencv-4.7.0-1.5.9-linux-x86_64.jar/org/bytedeco/opencv/linux-x86_64/libopencv_imgcodecs.so.407
76e78ed56000-76e78ed5b000 rw-p 00355000 103:02 5259726                   /home/pan/.javacpp/cache/opencv-4.7.0-1.5.9-linux-x86_64.jar/org/bytedeco/opencv/linux-x86_64/libopencv_imgcodecs.so.407
76e78ed5b000-76e78edc4000 rw-p 00000000 00:00 0 
76e790000000-76e790021000 rw-p 00000000 00:00 0 
76e790021000-76e794000000 ---p 00000000 00:00 0 
76e794000000-76e794021000 rw-p 00000000 00:00 0 
76e794021000-76e798000000 ---p 00000000 00:00 0 
76e798400000-76e798401000 ---p 00000000 00:00 0 
76e798401000-76e798c01000 rw-p 00000000 00:00 0 
76e798e00000-76e798e01000 ---p 00000000 00:00 0 
76e798e01000-76e799601000 rw-p 00000000 00:00 0 
76e799800000-76e799801000 ---p 00000000 00:00 0 
76e799801000-76e79a001000 rw-p 00000000 00:00 0 
76e79a200000-76e79a201000 ---p 00000000 00:00 0 
76e79a201000-76e79aa01000 rw-p 00000000 00:00 0 
76e79ac00000-76e79ac01000 ---p 00000000 00:00 0 
76e79ac01000-76e79b401000 rw-p 00000000 00:00 0 
76e79b600000-76e79b601000 ---p 00000000 00:00 0 
76e79b601000-76e79be01000 rw-p 00000000 00:00 0 
76e79c000000-76e79c021000 rw-p 00000000 00:00 0 
76e79c021000-76e7a0000000 ---p 00000000 00:00 0 
76e7a0000000-76e7a002c000 rw-p 00000000 00:00 0 
76e7a002c000-76e7a4000000 ---p 00000000 00:00 0 
76e7a4400000-76e7a4401000 ---p 00000000 00:00 0 
76e7a4401000-76e7a4c01000 rw-p 00000000 00:00 0 
76e7a4e00000-76e7a4e01000 ---p 00000000 00:00 0 
76e7a4e01000-76e7a5601000 rw-p 00000000 00:00 0 
76e7a5800000-76e7a5801000 ---p 00000000 00:00 0 
76e7a5801000-76e7a6001000 rw-p 00000000 00:00 0 
76e7a6200000-76e7a6201000 ---p 00000000 00:00 0 
76e7a6201000-76e7a6a01000 rw-p 00000000 00:00 0 
76e7a6c00000-76e7a6c01000 ---p 00000000 00:00 0 
76e7a6c01000-76e7a7401000 rw-p 00000000 00:00 0 
76e7a7600000-76e7a7601000 ---p 00000000 00:00 0 
76e7a7601000-76e7a7e01000 rw-p 00000000 00:00 0 
76e7a8000000-76e7a8021000 rw-p 00000000 00:00 0 
76e7a8021000-76e7ac000000 ---p 00000000 00:00 0 
76e7ac000000-76e7ac021000 rw-p 00000000 00:00 0 
76e7ac021000-76e7b0000000 ---p 00000000 00:00 0 
76e7b0400000-76e7b0401000 ---p 00000000 00:00 0 
76e7b0401000-76e7b0c01000 rw-p 00000000 00:00 0 
76e7b0e00000-76e7b0e01000 ---p 00000000 00:00 0 
76e7b0e01000-76e7b1601000 rw-p 00000000 00:00 0 
76e7b1800000-76e7b1801000 ---p 00000000 00:00 0 
76e7b1801000-76e7b2001000 rw-p 00000000 00:00 0 
76e7b4000000-76e7b4037000 rw-p 00000000 00:00 0 
76e7b4037000-76e7b8000000 ---p 00000000 00:00 0 
76e7b8000000-76e7b8021000 rw-p 00000000 00:00 0 
76e7b8021000-76e7bc000000 ---p 00000000 00:00 0 
76e7bc800000-76e7bcaf8000 rw-p 00000000 00:00 0 
76e7bcc00000-76e7bcf46000 rw-p 00000000 00:00 0 
76e7bd000000-76e7bd346000 rw-p 00000000 00:00 0 
76e7bd400000-76e7bd746000 rw-p 00000000 00:00 0 
76e7bd800000-76e7bdb46000 rw-p 00000000 00:00 0 
76e7bdc00000-76e7bdf46000 rw-p 00000000 00:00 0 
76e7be000000-76e7be2fe000 rw-p 00000000 00:00 0 
76e7be400000-76e7be6fe000 rw-p 00000000 00:00 0 
76e7c0000000-76e7c0021000 rw-p 00000000 00:00 0 
76e7c0021000-76e7c4000000 ---p 00000000 00:00 0 
76e7c4000000-76e7c4021000 rw-p 00000000 00:00 0 
76e7c4021000-76e7c8000000 ---p 00000000 00:00 0 
76e7c8800000-76e7c8def000 rw-p 00000000 00:00 0 
76e7c8e00000-76e7c8e01000 ---p 00000000 00:00 0 
76e7c8e01000-76e7c9601000 rw-p 00000000 00:00 0 
76e7c9800000-76e7c9801000 ---p 00000000 00:00 0 
76e7c9801000-76e7ca001000 rw-p 00000000 00:00 0 
76e7ca200000-76e7ca201000 ---p 00000000 00:00 0 
76e7ca201000-76e7caa01000 rw-p 00000000 00:00 0 
76e7cac00000-76e7cac01000 ---p 00000000 00:00 0 
76e7cac01000-76e7cb401000 rw-p 00000000 00:00 0 
76e7cb600000-76e7cb601000 ---p 00000000 00:00 0 
76e7cb601000-76e7cbe01000 rw-p 00000000 00:00 0 
76e7cc000000-76e7cc021000 rw-p 00000000 00:00 0 
76e7cc021000-76e7d0000000 ---p 00000000 00:00 0 
76e7d0000000-76e7d0030000 rw-p 00000000 00:00 0 
76e7d0030000-76e7d4000000 ---p 00000000 00:00 0 
76e7d4400000-76e7d4401000 ---p 00000000 00:00 0 
76e7d4401000-76e7d4c01000 rw-p 00000000 00:00 0 
76e7d4e00000-76e7d4e01000 ---p 00000000 00:00 0 
76e7d4e01000-76e7d5601000 rw-p 00000000 00:00 0 
76e7d5800000-76e7d5801000 ---p 00000000 00:00 0 
76e7d5801000-76e7d6001000 rw-p 00000000 00:00 0 
76e7d6200000-76e7d6201000 ---p 00000000 00:00 0 
76e7d6201000-76e7d6a01000 rw-p 00000000 00:00 0 
76e7d6c00000-76e7d6c01000 ---p 00000000 00:00 0 
76e7d6c01000-76e7d7401000 rw-p 00000000 00:00 0 
76e7d7600000-76e7d7601000 ---p 00000000 00:00 0 
76e7d7601000-76e7d7e01000 rw-p 00000000 00:00 0 
76e7d8000000-76e7d803a000 rw-p 00000000 00:00 0 
76e7d803a000-76e7dc000000 ---p 00000000 00:00 0 
76e7dc000000-76e7dc337000 rw-p 00000000 00:00 0 
76e7dc337000-76e7e0000000 ---p 00000000 00:00 0 
76e7e0200000-76e7e0201000 ---p 00000000 00:00 0 
76e7e0201000-76e7e0a01000 rw-p 00000000 00:00 0 
76e7e0c00000-76e7e0c01000 ---p 00000000 00:00 0 
76e7e0c01000-76e7e1401000 rw-p 00000000 00:00 0 
76e7e1600000-76e7e1601000 ---p 00000000 00:00 0 
76e7e1601000-76e7e1e01000 rw-p 00000000 00:00 0 
76e7e2000000-76e7e2001000 ---p 00000000 00:00 0 
76e7e2001000-76e7e2801000 rw-p 00000000 00:00 0 
76e7e2a00000-76e7e2a01000 ---p 00000000 00:00 0 
76e7e2a01000-76e7e3201000 rw-p 00000000 00:00 0 
76e7e3400000-76e7e3412000 r-xp 00000000 103:02 1182006                   /tmp/libio_grpc_netty_shaded_netty_transport_native_epoll_x86_644837564011958171392.so (deleted)
76e7e3412000-76e7e3611000 ---p 00012000 103:02 1182006                   /tmp/libio_grpc_netty_shaded_netty_transport_native_epoll_x86_644837564011958171392.so (deleted)
76e7e3611000-76e7e3613000 r--p 00011000 103:02 1182006                   /tmp/libio_grpc_netty_shaded_netty_transport_native_epoll_x86_644837564011958171392.so (deleted)
76e7e3613000-76e7e3614000 rw-p 00000000 00:00 0 
76e7e4000000-76e7e4021000 rw-p 00000000 00:00 0 
76e7e4021000-76e7e8000000 ---p 00000000 00:00 0 
76e7e8000000-76e7e8021000 rw-p 00000000 00:00 0 
76e7e8021000-76e7ec000000 ---p 00000000 00:00 0 
76e7ec400000-76e7ec401000 ---p 00000000 00:00 0 
76e7ec401000-76e7ecc01000 rw-p 00000000 00:00 0 
76e7ece00000-76e7ece01000 ---p 00000000 00:00 0 
76e7ece01000-76e7ed601000 rw-p 00000000 00:00 0 
76e7ed800000-76e7ed801000 ---p 00000000 00:00 0 
76e7ed801000-76e7ee001000 rw-p 00000000 00:00 0 
76e7ee200000-76e7ee201000 ---p 00000000 00:00 0 
76e7ee201000-76e7eea01000 rw-p 00000000 00:00 0 
76e7f0000000-76e7f0021000 rw-p 00000000 00:00 0 
76e7f0021000-76e7f4000000 ---p 00000000 00:00 0 
76e7f4000000-76e7f4021000 rw-p 00000000 00:00 0 
76e7f4021000-76e7f8000000 ---p 00000000 00:00 0 
76e7fc000000-76e7fc06b000 rw-p 00000000 00:00 0 
76e7fc06b000-76e800000000 ---p 00000000 00:00 0 
76e800000000-76e800094000 rw-p 00000000 00:00 0 
76e800094000-76e804000000 ---p 00000000 00:00 0 
76e805600000-76e8056ad000 r--p 00000000 103:02 5259679                   /home/pan/.javacpp/cache/ffmpeg-6.0-1.5.9-linux-x86_64.jar/org/bytedeco/ffmpeg/linux-x86_64/libavcodec.so.60
76e8056ad000-76e806f6c000 r-xp 000ad000 103:02 5259679                   /home/pan/.javacpp/cache/ffmpeg-6.0-1.5.9-linux-x86_64.jar/org/bytedeco/ffmpeg/linux-x86_64/libavcodec.so.60
76e806f6c000-76e807544000 r--p 0196c000 103:02 5259679                   /home/pan/.javacpp/cache/ffmpeg-6.0-1.5.9-linux-x86_64.jar/org/bytedeco/ffmpeg/linux-x86_64/libavcodec.so.60
76e807544000-76e807545000 ---p 01f44000 103:02 5259679                   /home/pan/.javacpp/cache/ffmpeg-6.0-1.5.9-linux-x86_64.jar/org/bytedeco/ffmpeg/linux-x86_64/libavcodec.so.60
76e807545000-76e8075d3000 r--p 01f44000 103:02 5259679                   /home/pan/.javacpp/cache/ffmpeg-6.0-1.5.9-linux-x86_64.jar/org/bytedeco/ffmpeg/linux-x86_64/libavcodec.so.60
76e8075d3000-76e8075ea000 rw-p 01fd2000 103:02 5259679                   /home/pan/.javacpp/cache/ffmpeg-6.0-1.5.9-linux-x86_64.jar/org/bytedeco/ffmpeg/linux-x86_64/libavcodec.so.60
76e8075ea000-76e807f92000 rw-p 00000000 00:00 0 
76e808000000-76e808079000 rw-p 00000000 00:00 0 
76e808079000-76e80c000000 ---p 00000000 00:00 0 
76e80c000000-76e80c277000 rw-p 00000000 00:00 0 
76e80c277000-76e810000000 ---p 00000000 00:00 0 
76e811a00000-76e811a8a000 r--p 00000000 103:02 5259688                   /home/pan/.javacpp/cache/ffmpeg-6.0-1.5.9-linux-x86_64.jar/org/bytedeco/ffmpeg/linux-x86_64/libavfilter.so.9
76e811a8a000-76e811dd8000 r-xp 0008a000 103:02 5259688                   /home/pan/.javacpp/cache/ffmpeg-6.0-1.5.9-linux-x86_64.jar/org/bytedeco/ffmpeg/linux-x86_64/libavfilter.so.9
76e811dd8000-76e811e95000 r--p 003d8000 103:02 5259688                   /home/pan/.javacpp/cache/ffmpeg-6.0-1.5.9-linux-x86_64.jar/org/bytedeco/ffmpeg/linux-x86_64/libavfilter.so.9
76e811e95000-76e811f17000 r--p 00494000 103:02 5259688                   /home/pan/.javacpp/cache/ffmpeg-6.0-1.5.9-linux-x86_64.jar/org/bytedeco/ffmpeg/linux-x86_64/libavfilter.so.9
76e811f17000-76e811f19000 rw-p 00516000 103:02 5259688                   /home/pan/.javacpp/cache/ffmpeg-6.0-1.5.9-linux-x86_64.jar/org/bytedeco/ffmpeg/linux-x86_64/libavfilter.so.9
76e811f19000-76e811f1c000 rw-p 00000000 00:00 0 
76e812000000-76e8120bf000 r--p 00000000 103:02 5259682                   /home/pan/.javacpp/cache/ffmpeg-6.0-1.5.9-linux-x86_64.jar/org/bytedeco/ffmpeg/linux-x86_64/libavformat.so.60
76e8120bf000-76e812778000 r-xp 000bf000 103:02 5259682                   /home/pan/.javacpp/cache/ffmpeg-6.0-1.5.9-linux-x86_64.jar/org/bytedeco/ffmpeg/linux-x86_64/libavformat.so.60
76e812778000-76e81293a000 r--p 00778000 103:02 5259682                   /home/pan/.javacpp/cache/ffmpeg-6.0-1.5.9-linux-x86_64.jar/org/bytedeco/ffmpeg/linux-x86_64/libavformat.so.60
76e81293a000-76e8129cf000 r--p 00939000 103:02 5259682                   /home/pan/.javacpp/cache/ffmpeg-6.0-1.5.9-linux-x86_64.jar/org/bytedeco/ffmpeg/linux-x86_64/libavformat.so.60
76e8129cf000-76e8129d8000 rw-p 009ce000 103:02 5259682                   /home/pan/.javacpp/cache/ffmpeg-6.0-1.5.9-linux-x86_64.jar/org/bytedeco/ffmpeg/linux-x86_64/libavformat.so.60
76e8129d8000-76e8129e1000 rw-p 00000000 00:00 0 
76e812a00000-76e812a17000 r--p 00000000 103:02 5259673                   /home/pan/.javacpp/cache/ffmpeg-6.0-1.5.9-linux-x86_64.jar/org/bytedeco/ffmpeg/linux-x86_64/libavutil.so.58
76e812a17000-76e812ac6000 r-xp 00017000 103:02 5259673                   /home/pan/.javacpp/cache/ffmpeg-6.0-1.5.9-linux-x86_64.jar/org/bytedeco/ffmpeg/linux-x86_64/libavutil.so.58
76e812ac6000-76e812aea000 r--p 000c6000 103:02 5259673                   /home/pan/.javacpp/cache/ffmpeg-6.0-1.5.9-linux-x86_64.jar/org/bytedeco/ffmpeg/linux-x86_64/libavutil.so.58
76e812aea000-76e812aeb000 ---p 000ea000 103:02 5259673                   /home/pan/.javacpp/cache/ffmpeg-6.0-1.5.9-linux-x86_64.jar/org/bytedeco/ffmpeg/linux-x86_64/libavutil.so.58
76e812aeb000-76e812afd000 r--p 000ea000 103:02 5259673                   /home/pan/.javacpp/cache/ffmpeg-6.0-1.5.9-linux-x86_64.jar/org/bytedeco/ffmpeg/linux-x86_64/libavutil.so.58
76e812afd000-76e812afe000 rw-p 000fc000 103:02 5259673                   /home/pan/.javacpp/cache/ffmpeg-6.0-1.5.9-linux-x86_64.jar/org/bytedeco/ffmpeg/linux-x86_64/libavutil.so.58
76e812afe000-76e812c0d000 rw-p 00000000 00:00 0 
76e812d00000-76e812d04000 ---p 00000000 00:00 0 
76e812d04000-76e812e00000 rw-p 00000000 00:00 0 
76e812e00000-76e812e02000 r-xp 00000000 103:02 5259672                   /home/pan/.javacpp/cache/ffmpeg-6.0-1.5.9-linux-x86_64.jar/org/bytedeco/ffmpeg/linux-x86_64/libva-drm.so
76e812e02000-76e813001000 ---p 00002000 103:02 5259672                   /home/pan/.javacpp/cache/ffmpeg-6.0-1.5.9-linux-x86_64.jar/org/bytedeco/ffmpeg/linux-x86_64/libva-drm.so
76e813001000-76e813002000 r--p 00001000 103:02 5259672                   /home/pan/.javacpp/cache/ffmpeg-6.0-1.5.9-linux-x86_64.jar/org/bytedeco/ffmpeg/linux-x86_64/libva-drm.so
76e813002000-76e813003000 rw-p 00002000 103:02 5259672                   /home/pan/.javacpp/cache/ffmpeg-6.0-1.5.9-linux-x86_64.jar/org/bytedeco/ffmpeg/linux-x86_64/libva-drm.so
76e813100000-76e813104000 ---p 00000000 00:00 0 
76e813104000-76e813200000 rw-p 00000000 00:00 0 
76e813200000-76e813204000 ---p 00000000 00:00 0 
76e813204000-76e813300000 rw-p 00000000 00:00 0 
76e813300000-76e813304000 ---p 00000000 00:00 0 
76e813304000-76e813400000 rw-p 00000000 00:00 0 
76e813400000-76e813410000 r-xp 00000000 103:02 5259670                   /home/pan/.javacpp/cache/ffmpeg-6.0-1.5.9-linux-x86_64.jar/org/bytedeco/ffmpeg/linux-x86_64/libdrm.so.2
76e813410000-76e81360f000 ---p 00010000 103:02 5259670                   /home/pan/.javacpp/cache/ffmpeg-6.0-1.5.9-linux-x86_64.jar/org/bytedeco/ffmpeg/linux-x86_64/libdrm.so.2
76e81360f000-76e813610000 r--p 0000f000 103:02 5259670                   /home/pan/.javacpp/cache/ffmpeg-6.0-1.5.9-linux-x86_64.jar/org/bytedeco/ffmpeg/linux-x86_64/libdrm.so.2
76e813610000-76e813611000 rw-p 00010000 103:02 5259670                   /home/pan/.javacpp/cache/ffmpeg-6.0-1.5.9-linux-x86_64.jar/org/bytedeco/ffmpeg/linux-x86_64/libdrm.so.2
76e813700000-76e813704000 ---p 00000000 00:00 0 
76e813704000-76e813800000 rw-p 00000000 00:00 0 
76e813800000-76e813804000 ---p 00000000 00:00 0 
76e813804000-76e813900000 rw-p 00000000 00:00 0 
76e813900000-76e813904000 ---p 00000000 00:00 0 
76e813904000-76e813a00000 rw-p 00000000 00:00 0 
76e813a00000-76e813a2b000 r-xp 00000000 103:02 5259669                   /home/pan/.javacpp/cache/ffmpeg-6.0-1.5.9-linux-x86_64.jar/org/bytedeco/ffmpeg/linux-x86_64/libva.so
76e813a2b000-76e813c2a000 ---p 0002b000 103:02 5259669                   /home/pan/.javacpp/cache/ffmpeg-6.0-1.5.9-linux-x86_64.jar/org/bytedeco/ffmpeg/linux-x86_64/libva.so
76e813c2a000-76e813c2b000 r--p 0002a000 103:02 5259669                   /home/pan/.javacpp/cache/ffmpeg-6.0-1.5.9-linux-x86_64.jar/org/bytedeco/ffmpeg/linux-x86_64/libva.so
76e813c2b000-76e813c2c000 rw-p 0002b000 103:02 5259669                   /home/pan/.javacpp/cache/ffmpeg-6.0-1.5.9-linux-x86_64.jar/org/bytedeco/ffmpeg/linux-x86_64/libva.so
76e813d00000-76e813d04000 ---p 00000000 00:00 0 
76e813d04000-76e813e00000 rw-p 00000000 00:00 0 
76e813e00000-76e813e04000 ---p 00000000 00:00 0 
76e813e04000-76e813f00000 rw-p 00000000 00:00 0 
76e813f00000-76e813f04000 ---p 00000000 00:00 0 
76e813f04000-76e814000000 rw-p 00000000 00:00 0 
76e814000000-76e814646000 rw-p 00000000 00:00 0 
76e814646000-76e818000000 ---p 00000000 00:00 0 
76e818000000-76e818021000 rw-p 00000000 00:00 0 
76e818021000-76e81c000000 ---p 00000000 00:00 0 
76e81c000000-76e81c004000 ---p 00000000 00:00 0 
76e81c004000-76e81c100000 rw-p 00000000 00:00 0 
76e81c100000-76e81c104000 ---p 00000000 00:00 0 
76e81c104000-76e81c200000 rw-p 00000000 00:00 0 
76e81c200000-76e81c26c000 r--p 00000000 103:02 5259722                   /home/pan/.javacpp/cache/opencv-4.7.0-1.5.9-linux-x86_64.jar/org/bytedeco/opencv/linux-x86_64/libopencv_imgproc.so.407
76e81c26c000-76e81c6c4000 r-xp 0006c000 103:02 5259722                   /home/pan/.javacpp/cache/opencv-4.7.0-1.5.9-linux-x86_64.jar/org/bytedeco/opencv/linux-x86_64/libopencv_imgproc.so.407
76e81c6c4000-76e81c7df000 r--p 004c4000 103:02 5259722                   /home/pan/.javacpp/cache/opencv-4.7.0-1.5.9-linux-x86_64.jar/org/bytedeco/opencv/linux-x86_64/libopencv_imgproc.so.407
76e81c7df000-76e81c7fb000 r--p 005de000 103:02 5259722                   /home/pan/.javacpp/cache/opencv-4.7.0-1.5.9-linux-x86_64.jar/org/bytedeco/opencv/linux-x86_64/libopencv_imgproc.so.407
76e81c7fb000-76e81c804000 rw-p 005fa000 103:02 5259722                   /home/pan/.javacpp/cache/opencv-4.7.0-1.5.9-linux-x86_64.jar/org/bytedeco/opencv/linux-x86_64/libopencv_imgproc.so.407
76e81c804000-76e81c8a4000 rw-p 00000000 00:00 0 
76e81c900000-76e81c904000 ---p 00000000 00:00 0 
76e81c904000-76e81ca00000 rw-p 00000000 00:00 0 
76e81ca00000-76e81cde9000 r--p 00000000 103:02 5259710                   /home/pan/.javacpp/cache/openblas-0.3.23-1.5.9-linux-x86_64.jar/org/bytedeco/openblas/linux-x86_64/libjniopenblas.so
76e81cde9000-76e81df06000 r-xp 003e9000 103:02 5259710                   /home/pan/.javacpp/cache/openblas-0.3.23-1.5.9-linux-x86_64.jar/org/bytedeco/openblas/linux-x86_64/libjniopenblas.so
76e81df06000-76e81e0b0000 r--p 01506000 103:02 5259710                   /home/pan/.javacpp/cache/openblas-0.3.23-1.5.9-linux-x86_64.jar/org/bytedeco/openblas/linux-x86_64/libjniopenblas.so
76e81e0b0000-76e81e0b1000 ---p 016b0000 103:02 5259710                   /home/pan/.javacpp/cache/openblas-0.3.23-1.5.9-linux-x86_64.jar/org/bytedeco/openblas/linux-x86_64/libjniopenblas.so
76e81e0b1000-76e81e0b2000 r--p 016b0000 103:02 5259710                   /home/pan/.javacpp/cache/openblas-0.3.23-1.5.9-linux-x86_64.jar/org/bytedeco/openblas/linux-x86_64/libjniopenblas.so
76e81e0b2000-76e81e0ba000 rw-p 016b1000 103:02 5259710                   /home/pan/.javacpp/cache/openblas-0.3.23-1.5.9-linux-x86_64.jar/org/bytedeco/openblas/linux-x86_64/libjniopenblas.so
76e81e0ba000-76e81e0bb000 rw-p 00000000 00:00 0 
76e81e100000-76e81e104000 ---p 00000000 00:00 0 
76e81e104000-76e81e200000 rw-p 00000000 00:00 0 
76e81e200000-76e81e201000 ---p 00000000 00:00 0 
76e81e201000-76e81ea01000 rw-p 00000000 00:00 0 
76e81eb00000-76e81eb04000 ---p 00000000 00:00 0 
76e81eb04000-76e81ec00000 rw-p 00000000 00:00 0 
76e81ec00000-76e81ec01000 ---p 00000000 00:00 0 
76e81ec01000-76e81f401000 rw-p 00000000 00:00 0 
76e81f500000-76e81f504000 ---p 00000000 00:00 0 
76e81f504000-76e81f600000 rw-p 00000000 00:00 0 
76e81f600000-76e81f601000 ---p 00000000 00:00 0 
76e81f601000-76e81fe01000 rw-p 00000000 00:00 0 
76e81ff00000-76e81ff04000 ---p 00000000 00:00 0 
76e81ff04000-76e820000000 rw-p 00000000 00:00 0 
76e820000000-76e820173000 rw-p 00000000 00:00 0 
76e820173000-76e824000000 ---p 00000000 00:00 0 
76e824000000-76e8243d3000 rw-p 00000000 00:00 0 
76e8243d3000-76e828000000 ---p 00000000 00:00 0 
76e828000000-76e828004000 ---p 00000000 00:00 0 
76e828004000-76e828100000 rw-p 00000000 00:00 0 
76e828100000-76e828104000 ---p 00000000 00:00 0 
76e828104000-76e828200000 rw-p 00000000 00:00 0 
76e828200000-76e828204000 ---p 00000000 00:00 0 
76e828204000-76e828300000 rw-p 00000000 00:00 0 
76e828300000-76e828304000 ---p 00000000 00:00 0 
76e828304000-76e828400000 rw-p 00000000 00:00 0 
76e828400000-76e828401000 ---p 00000000 00:00 0 
76e828401000-76e828c01000 rw-p 00000000 00:00 0 
76e828d00000-76e828d04000 ---p 00000000 00:00 0 
76e828d04000-76e828e00000 rw-p 00000000 00:00 0 
76e828e00000-76e828e01000 ---p 00000000 00:00 0 
76e828e01000-76e829601000 rw-p 00000000 00:00 0 
76e829700000-76e829704000 ---p 00000000 00:00 0 
76e829704000-76e829800000 rw-p 00000000 00:00 0 
76e829800000-76e829801000 ---p 00000000 00:00 0 
76e829801000-76e82a001000 rw-p 00000000 00:00 0 
76e82a100000-76e82a104000 ---p 00000000 00:00 0 
76e82a104000-76e82a200000 rw-p 00000000 00:00 0 
76e82a200000-76e82a201000 ---p 00000000 00:00 0 
76e82a201000-76e82aa01000 rw-p 00000000 00:00 0 
76e82ab00000-76e82ab04000 ---p 00000000 00:00 0 
76e82ab04000-76e82ac00000 rw-p 00000000 00:00 0 
76e82ac00000-76e82ac01000 ---p 00000000 00:00 0 
76e82ac01000-76e82b401000 rw-p 00000000 00:00 0 
76e82b600000-76e82b601000 ---p 00000000 00:00 0 
76e82b601000-76e82be01000 rw-p 00000000 00:00 0 
76e82bf00000-76e82bf04000 ---p 00000000 00:00 0 
76e82bf04000-76e82c000000 rw-p 00000000 00:00 0 
76e82c000000-76e82c0db000 rw-p 00000000 00:00 0 
76e82c0db000-76e830000000 ---p 00000000 00:00 0 
76e830000000-76e830021000 rw-p 00000000 00:00 0 
76e830021000-76e834000000 ---p 00000000 00:00 0 
76e834000000-76e834004000 ---p 00000000 00:00 0 
76e834004000-76e834100000 rw-p 00000000 00:00 0 
76e834100000-76e834104000 ---p 00000000 00:00 0 
76e834104000-76e834200000 rw-p 00000000 00:00 0 
76e834200000-76e834204000 ---p 00000000 00:00 0 
76e834204000-76e834300000 rw-p 00000000 00:00 0 
76e834300000-76e834304000 ---p 00000000 00:00 0 
76e834304000-76e834400000 rw-p 00000000 00:00 0 
76e834400000-76e834401000 ---p 00000000 00:00 0 
76e834401000-76e834c01000 rw-p 00000000 00:00 0 
76e834d00000-76e834d04000 ---p 00000000 00:00 0 
76e834d04000-76e834e00000 rw-p 00000000 00:00 0 
76e834e00000-76e834e01000 ---p 00000000 00:00 0 
76e834e01000-76e835601000 rw-p 00000000 00:00 0 
76e835700000-76e835704000 ---p 00000000 00:00 0 
76e835704000-76e835800000 rw-p 00000000 00:00 0 
76e835800000-76e835801000 ---p 00000000 00:00 0 
76e835801000-76e836001000 rw-p 00000000 00:00 0 
76e836100000-76e836104000 ---p 00000000 00:00 0 
76e836104000-76e836200000 rw-p 00000000 00:00 0 
76e836200000-76e836201000 ---p 00000000 00:00 0 
76e836201000-76e836a01000 rw-p 00000000 00:00 0 
76e836b00000-76e836b04000 ---p 00000000 00:00 0 
76e836b04000-76e836c00000 rw-p 00000000 00:00 0 
76e836c00000-76e836c01000 ---p 00000000 00:00 0 
76e836c01000-76e837401000 rw-p 00000000 00:00 0 
76e837500000-76e837504000 ---p 00000000 00:00 0 
76e837504000-76e837600000 rw-p 00000000 00:00 0 
76e837600000-76e837601000 ---p 00000000 00:00 0 
76e837601000-76e837e01000 rw-p 00000000 00:00 0 
76e837f00000-76e837f04000 ---p 00000000 00:00 0 
76e837f04000-76e838000000 rw-p 00000000 00:00 0 
76e838000000-76e838657000 rw-p 00000000 00:00 0 
76e838657000-76e83c000000 ---p 00000000 00:00 0 
76e83c000000-76e83c021000 rw-p 00000000 00:00 0 
76e83c021000-76e840000000 ---p 00000000 00:00 0 
76e840000000-76e840004000 ---p 00000000 00:00 0 
76e840004000-76e840100000 rw-p 00000000 00:00 0 
76e840100000-76e840104000 ---p 00000000 00:00 0 
76e840104000-76e840200000 rw-p 00000000 00:00 0 
76e840200000-76e840306000 r--p 00000000 103:02 5259708                   /home/pan/.javacpp/cache/openblas-0.3.23-1.5.9-linux-x86_64.jar/org/bytedeco/openblas/linux-x86_64/libopenblas.so.0
76e840306000-76e840316000 r-xp 00106000 103:02 5259708                   /home/pan/.javacpp/cache/openblas-0.3.23-1.5.9-linux-x86_64.jar/org/bytedeco/openblas/linux-x86_64/libopenblas.so.0
76e840316000-76e840318000 ---p 00116000 103:02 5259708                   /home/pan/.javacpp/cache/openblas-0.3.23-1.5.9-linux-x86_64.jar/org/bytedeco/openblas/linux-x86_64/libopenblas.so.0
76e840318000-76e841ded000 r-xp 00118000 103:02 5259708                   /home/pan/.javacpp/cache/openblas-0.3.23-1.5.9-linux-x86_64.jar/org/bytedeco/openblas/linux-x86_64/libopenblas.so.0
76e841ded000-76e841fdc000 r--p 01bed000 103:02 5259708                   /home/pan/.javacpp/cache/openblas-0.3.23-1.5.9-linux-x86_64.jar/org/bytedeco/openblas/linux-x86_64/libopenblas.so.0
76e841fdc000-76e841fe2000 r--p 01ddb000 103:02 5259708                   /home/pan/.javacpp/cache/openblas-0.3.23-1.5.9-linux-x86_64.jar/org/bytedeco/openblas/linux-x86_64/libopenblas.so.0
76e841fe2000-76e841ffa000 rw-p 01de1000 103:02 5259708                   /home/pan/.javacpp/cache/openblas-0.3.23-1.5.9-linux-x86_64.jar/org/bytedeco/openblas/linux-x86_64/libopenblas.so.0
76e841ffa000-76e842007000 rw-p 00000000 00:00 0 
76e842100000-76e842104000 ---p 00000000 00:00 0 
76e842104000-76e842200000 rw-p 00000000 00:00 0 
76e842200000-76e842201000 ---p 00000000 00:00 0 
76e842201000-76e842a01000 rw-p 00000000 00:00 0 
76e842a7f000-76e842ad5000 r--p 00000000 103:02 5259725                   /home/pan/.javacpp/cache/opencv-4.7.0-1.5.9-linux-x86_64.jar/org/bytedeco/opencv/linux-x86_64/libjniopencv_imgproc.so
76e842ad5000-76e842bb1000 r-xp 00056000 103:02 5259725                   /home/pan/.javacpp/cache/opencv-4.7.0-1.5.9-linux-x86_64.jar/org/bytedeco/opencv/linux-x86_64/libjniopencv_imgproc.so
76e842bb1000-76e842bfb000 r--p 00132000 103:02 5259725                   /home/pan/.javacpp/cache/opencv-4.7.0-1.5.9-linux-x86_64.jar/org/bytedeco/opencv/linux-x86_64/libjniopencv_imgproc.so
76e842bfb000-76e842bfc000 ---p 0017c000 103:02 5259725                   /home/pan/.javacpp/cache/opencv-4.7.0-1.5.9-linux-x86_64.jar/org/bytedeco/opencv/linux-x86_64/libjniopencv_imgproc.so
76e842bfc000-76e842bff000 r--p 0017c000 103:02 5259725                   /home/pan/.javacpp/cache/opencv-4.7.0-1.5.9-linux-x86_64.jar/org/bytedeco/opencv/linux-x86_64/libjniopencv_imgproc.so
76e842bff000-76e842c00000 rw-p 0017f000 103:02 5259725                   /home/pan/.javacpp/cache/opencv-4.7.0-1.5.9-linux-x86_64.jar/org/bytedeco/opencv/linux-x86_64/libjniopencv_imgproc.so
76e842c00000-76e842c01000 ---p 00000000 00:00 0 
76e842c01000-76e843401000 rw-p 00000000 00:00 0 
76e843500000-76e843504000 ---p 00000000 00:00 0 
76e843504000-76e843600000 rw-p 00000000 00:00 0 
76e843600000-76e843601000 ---p 00000000 00:00 0 
76e843601000-76e843e01000 rw-p 00000000 00:00 0 
76e843f00000-76e843f04000 ---p 00000000 00:00 0 
76e843f04000-76e844000000 rw-p 00000000 00:00 0 
76e844000000-76e844021000 rw-p 00000000 00:00 0 
76e844021000-76e848000000 ---p 00000000 00:00 0 
76e848000000-76e848021000 rw-p 00000000 00:00 0 
76e848021000-76e84c000000 ---p 00000000 00:00 0 
76e84c1cf000-76e84c1f9000 r--p 00000000 103:02 11846987                  /usr/lib/x86_64-linux-gnu/libasound.so.2.0.0
76e84c1f9000-76e84c290000 r-xp 0002a000 103:02 11846987                  /usr/lib/x86_64-linux-gnu/libasound.so.2.0.0
76e84c290000-76e84c2ca000 r--p 000c1000 103:02 11846987                  /usr/lib/x86_64-linux-gnu/libasound.so.2.0.0
76e84c2ca000-76e84c2d1000 r--p 000fa000 103:02 11846987                  /usr/lib/x86_64-linux-gnu/libasound.so.2.0.0
76e84c2d1000-76e84c2d2000 rw-p 00101000 103:02 11846987                  /usr/lib/x86_64-linux-gnu/libasound.so.2.0.0
76e84c2d2000-76e84c32e000 r--p 00000000 103:02 5259675                   /home/pan/.javacpp/cache/ffmpeg-6.0-1.5.9-linux-x86_64.jar/org/bytedeco/ffmpeg/linux-x86_64/libjniavutil.so
76e84c32e000-76e84c3b4000 r-xp 0005c000 103:02 5259675                   /home/pan/.javacpp/cache/ffmpeg-6.0-1.5.9-linux-x86_64.jar/org/bytedeco/ffmpeg/linux-x86_64/libjniavutil.so
76e84c3b4000-76e84c3f0000 r--p 000e2000 103:02 5259675                   /home/pan/.javacpp/cache/ffmpeg-6.0-1.5.9-linux-x86_64.jar/org/bytedeco/ffmpeg/linux-x86_64/libjniavutil.so
76e84c3f0000-76e84c3fd000 r--p 0011d000 103:02 5259675                   /home/pan/.javacpp/cache/ffmpeg-6.0-1.5.9-linux-x86_64.jar/org/bytedeco/ffmpeg/linux-x86_64/libjniavutil.so
76e84c3fd000-76e84c3ff000 rw-p 0012a000 103:02 5259675                   /home/pan/.javacpp/cache/ffmpeg-6.0-1.5.9-linux-x86_64.jar/org/bytedeco/ffmpeg/linux-x86_64/libjniavutil.so
76e84c3ff000-76e84c400000 rw-p 00000000 00:00 0 
76e84c400000-76e84c401000 ---p 00000000 00:00 0 
76e84c401000-76e84cc01000 rw-p 00000000 00:00 0 
76e84ce00000-76e84ce01000 ---p 00000000 00:00 0 
76e84ce01000-76e84d601000 rw-p 00000000 00:00 0 
76e84d800000-76e84d801000 ---p 00000000 00:00 0 
76e84d801000-76e84e001000 rw-p 00000000 00:00 0 
76e84e100000-76e84e104000 ---p 00000000 00:00 0 
76e84e104000-76e84e200000 rw-p 00000000 00:00 0 
76e84e200000-76e84e201000 ---p 00000000 00:00 0 
76e84e201000-76e84ea01000 rw-p 00000000 00:00 0 
76e84eb00000-76e84eb04000 ---p 00000000 00:00 0 
76e84eb04000-76e84ec00000 rw-p 00000000 00:00 0 
76e84ec00000-76e84ec01000 ---p 00000000 00:00 0 
76e84ec01000-76e84f401000 rw-p 00000000 00:00 0 
76e84f500000-76e84f504000 ---p 00000000 00:00 0 
76e84f504000-76e84f600000 rw-p 00000000 00:00 0 
76e84f600000-76e84f601000 ---p 00000000 00:00 0 
76e84f601000-76e84fe01000 rw-p 00000000 00:00 0 
76e84ff00000-76e84ff04000 ---p 00000000 00:00 0 
76e84ff04000-76e850000000 rw-p 00000000 00:00 0 
76e850000000-76e850021000 rw-p 00000000 00:00 0 
76e850021000-76e854000000 ---p 00000000 00:00 0 
76e854000000-76e854021000 rw-p 00000000 00:00 0 
76e854021000-76e858000000 ---p 00000000 00:00 0 
76e858000000-76e858004000 ---p 00000000 00:00 0 
76e858004000-76e858100000 rw-p 00000000 00:00 0 
76e858100000-76e858104000 ---p 00000000 00:00 0 
76e858104000-76e858200000 rw-p 00000000 00:00 0 
76e858200000-76e858204000 ---p 00000000 00:00 0 
76e858204000-76e858300000 rw-p 00000000 00:00 0 
76e858400000-76e858401000 ---p 00000000 00:00 0 
76e858401000-76e858c01000 rw-p 00000000 00:00 0 
76e858e00000-76e858e01000 ---p 00000000 00:00 0 
76e858e01000-76e859601000 rw-p 00000000 00:00 0 
76e859700000-76e859704000 ---p 00000000 00:00 0 
76e859704000-76e859800000 rw-p 00000000 00:00 0 
76e859800000-76e859801000 ---p 00000000 00:00 0 
76e859801000-76e85a001000 rw-p 00000000 00:00 0 
76e85a100000-76e85a104000 ---p 00000000 00:00 0 
76e85a104000-76e85a200000 rw-p 00000000 00:00 0 
76e85a200000-76e85a201000 ---p 00000000 00:00 0 
76e85a201000-76e85aa01000 rw-p 00000000 00:00 0 
76e85ab00000-76e85ab04000 ---p 00000000 00:00 0 
76e85ab04000-76e85ac00000 rw-p 00000000 00:00 0 
76e85ac00000-76e85ac01000 ---p 00000000 00:00 0 
76e85ac01000-76e85b401000 rw-p 00000000 00:00 0 
76e85b500000-76e85b504000 ---p 00000000 00:00 0 
76e85b504000-76e85b600000 rw-p 00000000 00:00 0 
76e85b600000-76e85b601000 ---p 00000000 00:00 0 
76e85b601000-76e85be01000 rw-p 00000000 00:00 0 
76e85bf00000-76e85bf04000 ---p 00000000 00:00 0 
76e85bf04000-76e85c000000 rw-p 00000000 00:00 0 
76e85c000000-76e85e9cd000 rw-p 00000000 00:00 0 
76e85e9cd000-76e860000000 ---p 00000000 00:00 0 
76e860000000-76e860004000 ---p 00000000 00:00 0 
76e860004000-76e860100000 rw-p 00000000 00:00 0 
76e860100000-76e860104000 ---p 00000000 00:00 0 
76e860104000-76e860200000 rw-p 00000000 00:00 0 
76e860200000-76e860262000 r--p 00000000 103:02 5259716                   /home/pan/.javacpp/cache/opencv-4.7.0-1.5.9-linux-x86_64.jar/org/bytedeco/opencv/linux-x86_64/libopencv_core.so.407
76e860262000-76e860566000 r-xp 00062000 103:02 5259716                   /home/pan/.javacpp/cache/opencv-4.7.0-1.5.9-linux-x86_64.jar/org/bytedeco/opencv/linux-x86_64/libopencv_core.so.407
76e860566000-76e860634000 r--p 00366000 103:02 5259716                   /home/pan/.javacpp/cache/opencv-4.7.0-1.5.9-linux-x86_64.jar/org/bytedeco/opencv/linux-x86_64/libopencv_core.so.407
76e860634000-76e860642000 r--p 00433000 103:02 5259716                   /home/pan/.javacpp/cache/opencv-4.7.0-1.5.9-linux-x86_64.jar/org/bytedeco/opencv/linux-x86_64/libopencv_core.so.407
76e860642000-76e860648000 rw-p 00441000 103:02 5259716                   /home/pan/.javacpp/cache/opencv-4.7.0-1.5.9-linux-x86_64.jar/org/bytedeco/opencv/linux-x86_64/libopencv_core.so.407
76e860648000-76e86064e000 rw-p 00000000 00:00 0 
76e860700000-76e860704000 ---p 00000000 00:00 0 
76e860704000-76e860800000 rw-p 00000000 00:00 0 
76e860800000-76e860906000 r--p 00000000 103:02 5259705                   /home/pan/.javacpp/cache/openblas-0.3.23-1.5.9-linux-x86_64.jar/org/bytedeco/openblas/linux-x86_64/libopenblas_nolapack.so.0
76e860906000-76e860916000 r-xp 00106000 103:02 5259705                   /home/pan/.javacpp/cache/openblas-0.3.23-1.5.9-linux-x86_64.jar/org/bytedeco/openblas/linux-x86_64/libopenblas_nolapack.so.0
76e860916000-76e860918000 ---p 00116000 103:02 5259705                   /home/pan/.javacpp/cache/openblas-0.3.23-1.5.9-linux-x86_64.jar/org/bytedeco/openblas/linux-x86_64/libopenblas_nolapack.so.0
76e860918000-76e8623ed000 r-xp 00118000 103:02 5259705                   /home/pan/.javacpp/cache/openblas-0.3.23-1.5.9-linux-x86_64.jar/org/bytedeco/openblas/linux-x86_64/libopenblas_nolapack.so.0
76e8623ed000-76e8625dc000 r--p 01bed000 103:02 5259705                   /home/pan/.javacpp/cache/openblas-0.3.23-1.5.9-linux-x86_64.jar/org/bytedeco/openblas/linux-x86_64/libopenblas_nolapack.so.0
76e8625dc000-76e8625e2000 r--p 01ddb000 103:02 5259705                   /home/pan/.javacpp/cache/openblas-0.3.23-1.5.9-linux-x86_64.jar/org/bytedeco/openblas/linux-x86_64/libopenblas_nolapack.so.0
76e8625e2000-76e8625fa000 rw-p 01de1000 103:02 5259705                   /home/pan/.javacpp/cache/openblas-0.3.23-1.5.9-linux-x86_64.jar/org/bytedeco/openblas/linux-x86_64/libopenblas_nolapack.so.0
76e8625fa000-76e862607000 rw-p 00000000 00:00 0 
76e862700000-76e862704000 ---p 00000000 00:00 0 
76e862704000-76e862800000 rw-p 00000000 00:00 0 
76e862800000-76e862a76000 r-xp 00000000 103:02 5259703                   /home/pan/.javacpp/cache/openblas-0.3.23-1.5.9-linux-x86_64.jar/org/bytedeco/openblas/linux-x86_64/libgfortran.so.5
76e862a76000-76e862c75000 ---p 00276000 103:02 5259703                   /home/pan/.javacpp/cache/openblas-0.3.23-1.5.9-linux-x86_64.jar/org/bytedeco/openblas/linux-x86_64/libgfortran.so.5
76e862c75000-76e862c76000 r--p 00275000 103:02 5259703                   /home/pan/.javacpp/cache/openblas-0.3.23-1.5.9-linux-x86_64.jar/org/bytedeco/openblas/linux-x86_64/libgfortran.so.5
76e862c76000-76e862c78000 rw-p 00276000 103:02 5259703                   /home/pan/.javacpp/cache/openblas-0.3.23-1.5.9-linux-x86_64.jar/org/bytedeco/openblas/linux-x86_64/libgfortran.so.5
76e862d00000-76e862d04000 ---p 00000000 00:00 0 
76e862d04000-76e862e00000 rw-p 00000000 00:00 0 
76e862e00000-76e862e04000 ---p 00000000 00:00 0 
76e862e04000-76e862f00000 rw-p 00000000 00:00 0 
76e862f00000-76e862f04000 ---p 00000000 00:00 0 
76e862f04000-76e863000000 rw-p 00000000 00:00 0 
76e863000000-76e8633f0000 rw-p 00000000 00:00 0 
76e8633f0000-76e8634f0000 rw-p 00000000 00:00 0 
76e8634f0000-76e8635f0000 rw-p 00000000 00:00 0 
76e8635f0000-76e863cf0000 rw-p 00000000 00:00 0 
76e863cf0000-76e863df0000 rw-p 00000000 00:00 0 
76e863df0000-76e8642f0000 rw-p 00000000 00:00 0 
76e8642f0000-76e8643f0000 rw-p 00000000 00:00 0 
76e8643f0000-76e8660f0000 rw-p 00000000 00:00 0 
76e8660f0000-76e8661a0000 rw-p 00000000 00:00 0 
76e8661a0000-76e866200000 ---p 00000000 00:00 0 
76e866200000-76e867000000 rw-p 00000000 00:00 0 
76e867000000-76e867bc9000 rw-p 00001000 103:02 4342152                   /home/pan/.jdks/corretto-17.0.14/lib/server/classes.jsa
76e867bc9000-76e868000000 ---p 00000000 00:00 0 
76e868000000-76e868010000 rw-p 00000000 00:00 0 
76e868010000-76e868030000 rw-p 00000000 00:00 0 
76e868030000-76e8680b0000 rw-p 00000000 00:00 0 
76e8680b0000-76e868270000 rw-p 00000000 00:00 0 
76e868270000-76e8685f0000 rw-p 00000000 00:00 0 
76e8685f0000-76e868930000 rw-p 00000000 00:00 0 
76e868930000-76e868950000 rw-p 00000000 00:00 0 
76e868950000-76e868980000 ---p 00000000 00:00 0 
76e868980000-76e868b70000 rw-p 00000000 00:00 0 
76e868b70000-76e8a8000000 ---p 00000000 00:00 0 
76e8a8000000-76e8a8021000 rw-p 00000000 00:00 0 
76e8a8021000-76e8ac000000 ---p 00000000 00:00 0 
76e8ac000000-76e8ac021000 rw-p 00000000 00:00 0 
76e8ac021000-76e8b0000000 ---p 00000000 00:00 0 
76e8b0000000-76e8b0004000 ---p 00000000 00:00 0 
76e8b0004000-76e8b0100000 rw-p 00000000 00:00 0 
76e8b0100000-76e8b0104000 ---p 00000000 00:00 0 
76e8b0104000-76e8b0200000 rw-p 00000000 00:00 0 
76e8b0200000-76e8b02cf000 r--p 00000000 103:02 5259724                   /home/pan/.javacpp/cache/opencv-4.7.0-1.5.9-linux-x86_64.jar/org/bytedeco/opencv/linux-x86_64/libjniopencv_core.so
76e8b02cf000-76e8b04c0000 r-xp 000cf000 103:02 5259724                   /home/pan/.javacpp/cache/opencv-4.7.0-1.5.9-linux-x86_64.jar/org/bytedeco/opencv/linux-x86_64/libjniopencv_core.so
76e8b04c0000-76e8b0597000 r--p 002c0000 103:02 5259724                   /home/pan/.javacpp/cache/opencv-4.7.0-1.5.9-linux-x86_64.jar/org/bytedeco/opencv/linux-x86_64/libjniopencv_core.so
76e8b0597000-76e8b05a4000 r--p 00396000 103:02 5259724                   /home/pan/.javacpp/cache/opencv-4.7.0-1.5.9-linux-x86_64.jar/org/bytedeco/opencv/linux-x86_64/libjniopencv_core.so
76e8b05a4000-76e8b05a7000 rw-p 003a3000 103:02 5259724                   /home/pan/.javacpp/cache/opencv-4.7.0-1.5.9-linux-x86_64.jar/org/bytedeco/opencv/linux-x86_64/libjniopencv_core.so
76e8b05a7000-76e8b05a8000 rw-p 00000000 00:00 0 
76e8b0600000-76e8b063b000 r-xp 00000000 103:02 5259701                   /home/pan/.javacpp/cache/openblas-0.3.23-1.5.9-linux-x86_64.jar/org/bytedeco/openblas/linux-x86_64/libquadmath.so.0
76e8b063b000-76e8b083a000 ---p 0003b000 103:02 5259701                   /home/pan/.javacpp/cache/openblas-0.3.23-1.5.9-linux-x86_64.jar/org/bytedeco/openblas/linux-x86_64/libquadmath.so.0
76e8b083a000-76e8b083b000 r--p 0003a000 103:02 5259701                   /home/pan/.javacpp/cache/openblas-0.3.23-1.5.9-linux-x86_64.jar/org/bytedeco/openblas/linux-x86_64/libquadmath.so.0
76e8b083b000-76e8b083c000 rw-p 0003b000 103:02 5259701                   /home/pan/.javacpp/cache/openblas-0.3.23-1.5.9-linux-x86_64.jar/org/bytedeco/openblas/linux-x86_64/libquadmath.so.0
76e8b0900000-76e8b0904000 ---p 00000000 00:00 0 
76e8b0904000-76e8b0a00000 rw-p 00000000 00:00 0 
76e8b0a00000-76e8b0a04000 ---p 00000000 00:00 0 
76e8b0a04000-76e8b0b00000 rw-p 00000000 00:00 0 
76e8b0b00000-76e8b0b04000 ---p 00000000 00:00 0 
76e8b0b04000-76e8b0c00000 rw-p 00000000 00:00 0 
76e8b0c00000-76e8b0c15000 r-xp 00000000 103:02 5259699                   /home/pan/.javacpp/cache/openblas-0.3.23-1.5.9-linux-x86_64.jar/org/bytedeco/openblas/linux-x86_64/libgcc_s.so.1
76e8b0c15000-76e8b0e14000 ---p 00015000 103:02 5259699                   /home/pan/.javacpp/cache/openblas-0.3.23-1.5.9-linux-x86_64.jar/org/bytedeco/openblas/linux-x86_64/libgcc_s.so.1
76e8b0e14000-76e8b0e15000 r--p 00014000 103:02 5259699                   /home/pan/.javacpp/cache/openblas-0.3.23-1.5.9-linux-x86_64.jar/org/bytedeco/openblas/linux-x86_64/libgcc_s.so.1
76e8b0e15000-76e8b0e16000 rw-p 00015000 103:02 5259699                   /home/pan/.javacpp/cache/openblas-0.3.23-1.5.9-linux-x86_64.jar/org/bytedeco/openblas/linux-x86_64/libgcc_s.so.1
76e8b0f00000-76e8b0f04000 ---p 00000000 00:00 0 
76e8b0f04000-76e8b1000000 rw-p 00000000 00:00 0 
76e8b1000000-76e8b1004000 ---p 00000000 00:00 0 
76e8b1004000-76e8b1100000 rw-p 00000000 00:00 0 
76e8b1100000-76e8b1104000 ---p 00000000 00:00 0 
76e8b1104000-76e8b1200000 rw-p 00000000 00:00 0 
76e8b1200000-76e8b129a000 r--p 00000000 103:02 11848158                  /usr/lib/x86_64-linux-gnu/libstdc++.so.6.0.30
76e8b129a000-76e8b13ab000 r-xp 0009a000 103:02 11848158                  /usr/lib/x86_64-linux-gnu/libstdc++.so.6.0.30
76e8b13ab000-76e8b141a000 r--p 001ab000 103:02 11848158                  /usr/lib/x86_64-linux-gnu/libstdc++.so.6.0.30
76e8b141a000-76e8b141b000 ---p 0021a000 103:02 11848158                  /usr/lib/x86_64-linux-gnu/libstdc++.so.6.0.30
76e8b141b000-76e8b1426000 r--p 0021a000 103:02 11848158                  /usr/lib/x86_64-linux-gnu/libstdc++.so.6.0.30
76e8b1426000-76e8b1429000 rw-p 00225000 103:02 11848158                  /usr/lib/x86_64-linux-gnu/libstdc++.so.6.0.30
76e8b1429000-76e8b142c000 rw-p 00000000 00:00 0 
76e8b14fd000-76e8b1501000 ---p 00000000 00:00 0 
76e8b1501000-76e8b15fd000 rw-p 00000000 00:00 0 
76e8b15fd000-76e8b1601000 ---p 00000000 00:00 0 
76e8b1601000-76e8b16fd000 rw-p 00000000 00:00 0 
76e8b16fd000-76e8b1701000 ---p 00000000 00:00 0 
76e8b1701000-76e8b17fd000 rw-p 00000000 00:00 0 
76e8b17fd000-76e8b1801000 ---p 00000000 00:00 0 
76e8b1801000-76e8b18fd000 rw-p 00000000 00:00 0 
76e8b18fd000-76e8b18fe000 ---p 00000000 00:00 0 
76e8b18fe000-76e8b19fe000 rw-p 00000000 00:00 0 
76e8b19fe000-76e8b19ff000 ---p 00000000 00:00 0 
76e8b19ff000-76e8b1aff000 rw-p 00000000 00:00 0 
76e8b1aff000-76e8b1b00000 ---p 00000000 00:00 0 
76e8b1b00000-76e8b1c00000 rw-p 00000000 00:00 0 
76e8b1c00000-76e8b1c0d000 r-xp 00000000 103:02 4342141                   /home/pan/.jdks/corretto-17.0.14/lib/libverify.so
76e8b1c0d000-76e8b1e0c000 ---p 0000d000 103:02 4342141                   /home/pan/.jdks/corretto-17.0.14/lib/libverify.so
76e8b1e0c000-76e8b1e0e000 r--p 0000c000 103:02 4342141                   /home/pan/.jdks/corretto-17.0.14/lib/libverify.so
76e8b1e0e000-76e8b1e0f000 rw-p 00000000 00:00 0 
76e8b1efd000-76e8b1efe000 ---p 00000000 00:00 0 
76e8b1efe000-76e8b1ffe000 rw-p 00000000 00:00 0 
76e8b1ffe000-76e8b1fff000 ---p 00000000 00:00 0 
76e8b1fff000-76e8b20ff000 rw-p 00000000 00:00 0 
76e8b20ff000-76e8b2100000 ---p 00000000 00:00 0 
76e8b2100000-76e8b2200000 rw-p 00000000 00:00 0 
76e8b2200000-76e8b2205000 r-xp 00000000 103:02 4342184                   /home/pan/.jdks/corretto-17.0.14/lib/libmanagement_ext.so
76e8b2205000-76e8b2405000 ---p 00005000 103:02 4342184                   /home/pan/.jdks/corretto-17.0.14/lib/libmanagement_ext.so
76e8b2405000-76e8b2406000 r--p 00005000 103:02 4342184                   /home/pan/.jdks/corretto-17.0.14/lib/libmanagement_ext.so
76e8b2406000-76e8b2407000 rw-p 00000000 00:00 0 
76e8b24fd000-76e8b24fe000 ---p 00000000 00:00 0 
76e8b24fe000-76e8b25fe000 rw-p 00000000 00:00 0 
76e8b25fe000-76e8b25ff000 ---p 00000000 00:00 0 
76e8b25ff000-76e8b26ff000 rw-p 00000000 00:00 0 
76e8b26ff000-76e8b2700000 ---p 00000000 00:00 0 
76e8b2700000-76e8b2800000 rw-p 00000000 00:00 0 
76e8b2800000-76e8b2804000 r-xp 00000000 103:02 4342168                   /home/pan/.jdks/corretto-17.0.14/lib/libmanagement.so
76e8b2804000-76e8b2a03000 ---p 00004000 103:02 4342168                   /home/pan/.jdks/corretto-17.0.14/lib/libmanagement.so
76e8b2a03000-76e8b2a04000 r--p 00003000 103:02 4342168                   /home/pan/.jdks/corretto-17.0.14/lib/libmanagement.so
76e8b2a04000-76e8b2a05000 rw-p 00000000 00:00 0 
76e8b2afd000-76e8b2afe000 ---p 00000000 00:00 0 
76e8b2afe000-76e8b2bfe000 rw-p 00000000 00:00 0 
76e8b2bfe000-76e8b2bff000 ---p 00000000 00:00 0 
76e8b2bff000-76e8b2cff000 rw-p 00000000 00:00 0 
76e8b2cff000-76e8b2d00000 ---p 00000000 00:00 0 
76e8b2d00000-76e8b2e00000 rw-p 00000000 00:00 0 
76e8b2e00000-76e8b2e02000 r-xp 00000000 103:02 4342186                   /home/pan/.jdks/corretto-17.0.14/lib/libextnet.so
76e8b2e02000-76e8b3001000 ---p 00002000 103:02 4342186                   /home/pan/.jdks/corretto-17.0.14/lib/libextnet.so
76e8b3001000-76e8b3002000 r--p 00001000 103:02 4342186                   /home/pan/.jdks/corretto-17.0.14/lib/libextnet.so
76e8b3002000-76e8b3003000 rw-p 00000000 00:00 0 
76e8b30fe000-76e8b30ff000 ---p 00000000 00:00 0 
76e8b30ff000-76e8b31ff000 rw-p 00000000 00:00 0 
76e8b31ff000-76e8b3200000 ---p 00000000 00:00 0 
76e8b3200000-76e8b3300000 rw-p 00000000 00:00 0 
76e8b3300000-76e8b3304000 ---p 00000000 00:00 0 
76e8b3304000-76e8b3400000 rw-p 00000000 00:00 0 
76e8b3400000-76e8b3415000 r-xp 00000000 103:02 4342139                   /home/pan/.jdks/corretto-17.0.14/lib/libnet.so
76e8b3415000-76e8b3614000 ---p 00015000 103:02 4342139                   /home/pan/.jdks/corretto-17.0.14/lib/libnet.so
76e8b3614000-76e8b3615000 r--p 00014000 103:02 4342139                   /home/pan/.jdks/corretto-17.0.14/lib/libnet.so
76e8b3615000-76e8b3616000 rw-p 00015000 103:02 4342139                   /home/pan/.jdks/corretto-17.0.14/lib/libnet.so
76e8b3700000-76e8b3704000 ---p 00000000 00:00 0 
76e8b3704000-76e8b3800000 rw-p 00000000 00:00 0 
76e8b3800000-76e8b3804000 ---p 00000000 00:00 0 
76e8b3804000-76e8b3900000 rw-p 00000000 00:00 0 
76e8b3900000-76e8b3904000 ---p 00000000 00:00 0 
76e8b3904000-76e8b3a00000 rw-p 00000000 00:00 0 
76e8b3a00000-76e8b3a12000 r-xp 00000000 103:02 4342140                   /home/pan/.jdks/corretto-17.0.14/lib/libnio.so
76e8b3a12000-76e8b3c12000 ---p 00012000 103:02 4342140                   /home/pan/.jdks/corretto-17.0.14/lib/libnio.so
76e8b3c12000-76e8b3c13000 r--p 00012000 103:02 4342140                   /home/pan/.jdks/corretto-17.0.14/lib/libnio.so
76e8b3c13000-76e8b3c14000 rw-p 00013000 103:02 4342140                   /home/pan/.jdks/corretto-17.0.14/lib/libnio.so
76e8b3cff000-76e8b3d03000 ---p 00000000 00:00 0 
76e8b3d03000-76e8b3dff000 rw-p 00000000 00:00 0 
76e8b3dff000-76e8b3e00000 ---p 00000000 00:00 0 
76e8b3e00000-76e8b3f00000 rw-p 00000000 00:00 0 
76e8b3f00000-76e8b3f04000 ---p 00000000 00:00 0 
76e8b3f04000-76e8b4000000 rw-p 00000000 00:00 0 
76e8b4000000-76e8b4021000 rw-p 00000000 00:00 0 
76e8b4021000-76e8b8000000 ---p 00000000 00:00 0 
76e8b8000000-76e8b8021000 rw-p 00000000 00:00 0 
76e8b8021000-76e8bc000000 ---p 00000000 00:00 0 
76e8bc000000-76e8bc004000 ---p 00000000 00:00 0 
76e8bc004000-76e8bc100000 rw-p 00000000 00:00 0 
76e8bc100000-76e8bc104000 ---p 00000000 00:00 0 
76e8bc104000-76e8bc200000 rw-p 00000000 00:00 0 
76e8bc200000-76e8bc204000 ---p 00000000 00:00 0 
76e8bc204000-76e8bc300000 rw-p 00000000 00:00 0 
76e8bc300000-76e8bc304000 ---p 00000000 00:00 0 
76e8bc304000-76e8bc400000 rw-p 00000000 00:00 0 
76e8bc400000-76e8bc407000 r-xp 00000000 103:02 4342142                   /home/pan/.jdks/corretto-17.0.14/lib/libzip.so
76e8bc407000-76e8bc607000 ---p 00007000 103:02 4342142                   /home/pan/.jdks/corretto-17.0.14/lib/libzip.so
76e8bc607000-76e8bc608000 r--p 00007000 103:02 4342142                   /home/pan/.jdks/corretto-17.0.14/lib/libzip.so
76e8bc608000-76e8bc609000 rw-p 00000000 00:00 0 
76e8bc700000-76e8bc704000 ---p 00000000 00:00 0 
76e8bc704000-76e8bc800000 rw-p 00000000 00:00 0 
76e8bc800000-76e8bc804000 ---p 00000000 00:00 0 
76e8bc804000-76e8bc900000 rw-p 00000000 00:00 0 
76e8bc900000-76e8bc904000 ---p 00000000 00:00 0 
76e8bc904000-76e8bca00000 rw-p 00000000 00:00 0 
76e8bca00000-76e8bca04000 ---p 00000000 00:00 0 
76e8bca04000-76e8bcb00000 rw-p 00000000 00:00 0 
76e8bcb00000-76e8bcb04000 ---p 00000000 00:00 0 
76e8bcb04000-76e8bcc00000 rw-p 00000000 00:00 0 
76e8bcc00000-76e8bcc04000 ---p 00000000 00:00 0 
76e8bcc04000-76e8bcd00000 rw-p 00000000 00:00 0 
76e8bce00000-76e8bce04000 ---p 00000000 00:00 0 
76e8bce04000-76e8bcf00000 rw-p 00000000 00:00 0 
76e8bcf00000-76e8bcf04000 ---p 00000000 00:00 0 
76e8bcf04000-76e8bd000000 rw-p 00000000 00:00 0 
76e8bd000000-76e8bd878000 r--p 00000000 103:02 11820149                  /usr/lib/locale/locale-archive
76e8bd900000-76e8bd904000 ---p 00000000 00:00 0 
76e8bd904000-76e8bda00000 rw-p 00000000 00:00 0 
76e8bda00000-76e8bdace000 r-xp 00000000 103:02 4342178                   /home/pan/.jdks/corretto-17.0.14/lib/libjsvml.so
76e8bdace000-76e8bdccd000 ---p 000ce000 103:02 4342178                   /home/pan/.jdks/corretto-17.0.14/lib/libjsvml.so
76e8bdccd000-76e8bdcce000 r--p 000cd000 103:02 4342178                   /home/pan/.jdks/corretto-17.0.14/lib/libjsvml.so
76e8bdcce000-76e8bdccf000 rw-p 000ce000 103:02 4342178                   /home/pan/.jdks/corretto-17.0.14/lib/libjsvml.so
76e8bdd00000-76e8bdd04000 ---p 00000000 00:00 0 
76e8bdd04000-76e8bde00000 rw-p 00000000 00:00 0 
76e8bde00000-76e8bde04000 ---p 00000000 00:00 0 
76e8bde04000-76e8bdf00000 rw-p 00000000 00:00 0 
76e8bdf00000-76e8bdf04000 ---p 00000000 00:00 0 
76e8bdf04000-76e8be000000 rw-p 00000000 00:00 0 
76e8be000000-76e8c0000000 rw-p 00000000 00:00 0 
76e8c0000000-76e8c0047000 rw-p 00000000 00:00 0 
76e8c0047000-76e8c4000000 ---p 00000000 00:00 0 
76e8c401b000-76e8c4025000 r--p 00000000 103:02 5259728                   /home/pan/.javacpp/cache/opencv-4.7.0-1.5.9-linux-x86_64.jar/org/bytedeco/opencv/linux-x86_64/libjniopencv_imgcodecs.so
76e8c4025000-76e8c404c000 r-xp 0000a000 103:02 5259728                   /home/pan/.javacpp/cache/opencv-4.7.0-1.5.9-linux-x86_64.jar/org/bytedeco/opencv/linux-x86_64/libjniopencv_imgcodecs.so
76e8c404c000-76e8c4056000 r--p 00031000 103:02 5259728                   /home/pan/.javacpp/cache/opencv-4.7.0-1.5.9-linux-x86_64.jar/org/bytedeco/opencv/linux-x86_64/libjniopencv_imgcodecs.so
76e8c4056000-76e8c4057000 ---p 0003b000 103:02 5259728                   /home/pan/.javacpp/cache/opencv-4.7.0-1.5.9-linux-x86_64.jar/org/bytedeco/opencv/linux-x86_64/libjniopencv_imgcodecs.so
76e8c4057000-76e8c4058000 r--p 0003b000 103:02 5259728                   /home/pan/.javacpp/cache/opencv-4.7.0-1.5.9-linux-x86_64.jar/org/bytedeco/opencv/linux-x86_64/libjniopencv_imgcodecs.so
76e8c4058000-76e8c4059000 rw-p 0003c000 103:02 5259728                   /home/pan/.javacpp/cache/opencv-4.7.0-1.5.9-linux-x86_64.jar/org/bytedeco/opencv/linux-x86_64/libjniopencv_imgcodecs.so
76e8c4059000-76e8c405c000 r--p 00000000 103:02 5259685                   /home/pan/.javacpp/cache/ffmpeg-6.0-1.5.9-linux-x86_64.jar/org/bytedeco/ffmpeg/linux-x86_64/libswscale.so.7
76e8c405c000-76e8c40d3000 r-xp 00003000 103:02 5259685                   /home/pan/.javacpp/cache/ffmpeg-6.0-1.5.9-linux-x86_64.jar/org/bytedeco/ffmpeg/linux-x86_64/libswscale.so.7
76e8c40d3000-76e8c40e3000 r--p 0007a000 103:02 5259685                   /home/pan/.javacpp/cache/ffmpeg-6.0-1.5.9-linux-x86_64.jar/org/bytedeco/ffmpeg/linux-x86_64/libswscale.so.7
76e8c40e3000-76e8c40e4000 ---p 0008a000 103:02 5259685                   /home/pan/.javacpp/cache/ffmpeg-6.0-1.5.9-linux-x86_64.jar/org/bytedeco/ffmpeg/linux-x86_64/libswscale.so.7
76e8c40e4000-76e8c40e5000 r--p 0008a000 103:02 5259685                   /home/pan/.javacpp/cache/ffmpeg-6.0-1.5.9-linux-x86_64.jar/org/bytedeco/ffmpeg/linux-x86_64/libswscale.so.7
76e8c40e5000-76e8c40e6000 rw-p 0008b000 103:02 5259685                   /home/pan/.javacpp/cache/ffmpeg-6.0-1.5.9-linux-x86_64.jar/org/bytedeco/ffmpeg/linux-x86_64/libswscale.so.7
76e8c40e6000-76e8c40ee000 rw-p 00000000 00:00 0 
76e8c40ee000-76e8c40f2000 ---p 00000000 00:00 0 
76e8c40f2000-76e8c41ee000 rw-p 00000000 00:00 0 
76e8c41ee000-76e8c41ef000 ---p 00000000 00:00 0 
76e8c41ef000-76e8c42ef000 rw-p 00000000 00:00 0 
76e8c42ef000-76e8c42f0000 ---p 00000000 00:00 0 
76e8c42f0000-76e8c43f0000 rw-p 00000000 00:00 0 
76e8c43f0000-76e8c43f1000 ---p 00000000 00:00 0 
76e8c43f1000-76e8c44f1000 rw-p 00000000 00:00 0 
76e8c44f1000-76e8c51fe000 rw-p 00000000 00:00 0 
76e8c51fe000-76e8c51ff000 ---p 00000000 00:00 0 
76e8c51ff000-76e8c52ff000 rw-p 00000000 00:00 0 
76e8c52ff000-76e8c5300000 ---p 00000000 00:00 0 
76e8c5300000-76e8c5400000 rw-p 00000000 00:00 0 
76e8c5400000-76e8cd400000 rw-p 00000000 00:00 0 
76e8cd400000-76e8ce5b0000 rwxp 00000000 00:00 0 
76e8ce5b0000-76e8d0400000 ---p 00000000 00:00 0 
76e8d0400000-76e8d7fdf000 r--s 00000000 103:02 4342129                   /home/pan/.jdks/corretto-17.0.14/lib/modules
76e8d8000000-76e8db2fa000 rw-p 00000000 00:00 0 
76e8db2fa000-76e8dc000000 ---p 00000000 00:00 0 
76e8dc029000-76e8dc02d000 r--p 00000000 103:02 11847081                  /usr/lib/x86_64-linux-gnu/libbsd.so.0.11.5
76e8dc02d000-76e8dc03a000 r-xp 00004000 103:02 11847081                  /usr/lib/x86_64-linux-gnu/libbsd.so.0.11.5
76e8dc03a000-76e8dc03d000 r--p 00011000 103:02 11847081                  /usr/lib/x86_64-linux-gnu/libbsd.so.0.11.5
76e8dc03d000-76e8dc03e000 ---p 00014000 103:02 11847081                  /usr/lib/x86_64-linux-gnu/libbsd.so.0.11.5
76e8dc03e000-76e8dc03f000 r--p 00014000 103:02 11847081                  /usr/lib/x86_64-linux-gnu/libbsd.so.0.11.5
76e8dc03f000-76e8dc040000 rw-p 00015000 103:02 11847081                  /usr/lib/x86_64-linux-gnu/libbsd.so.0.11.5
76e8dc040000-76e8dc041000 rw-p 00000000 00:00 0 
76e8dc041000-76e8dc04c000 r--p 00000000 103:02 11848391                  /usr/lib/x86_64-linux-gnu/libxcb.so.1.1.0
76e8dc04c000-76e8dc060000 r-xp 0000b000 103:02 11848391                  /usr/lib/x86_64-linux-gnu/libxcb.so.1.1.0
76e8dc060000-76e8dc069000 r--p 0001f000 103:02 11848391                  /usr/lib/x86_64-linux-gnu/libxcb.so.1.1.0
76e8dc069000-76e8dc06a000 r--p 00027000 103:02 11848391                  /usr/lib/x86_64-linux-gnu/libxcb.so.1.1.0
76e8dc06a000-76e8dc06b000 rw-p 00028000 103:02 11848391                  /usr/lib/x86_64-linux-gnu/libxcb.so.1.1.0
76e8dc06b000-76e8dc096000 r--p 00000000 103:02 5259684                   /home/pan/.javacpp/cache/ffmpeg-6.0-1.5.9-linux-x86_64.jar/org/bytedeco/ffmpeg/linux-x86_64/libjniavformat.so
76e8dc096000-76e8dc0d2000 r-xp 0002b000 103:02 5259684                   /home/pan/.javacpp/cache/ffmpeg-6.0-1.5.9-linux-x86_64.jar/org/bytedeco/ffmpeg/linux-x86_64/libjniavformat.so
76e8dc0d2000-76e8dc0f2000 r--p 00067000 103:02 5259684                   /home/pan/.javacpp/cache/ffmpeg-6.0-1.5.9-linux-x86_64.jar/org/bytedeco/ffmpeg/linux-x86_64/libjniavformat.so
76e8dc0f2000-76e8dc0fd000 r--p 00086000 103:02 5259684                   /home/pan/.javacpp/cache/ffmpeg-6.0-1.5.9-linux-x86_64.jar/org/bytedeco/ffmpeg/linux-x86_64/libjniavformat.so
76e8dc0fd000-76e8dc0fe000 rw-p 00091000 103:02 5259684                   /home/pan/.javacpp/cache/ffmpeg-6.0-1.5.9-linux-x86_64.jar/org/bytedeco/ffmpeg/linux-x86_64/libjniavformat.so
76e8dc0fe000-76e8dc0ff000 rw-p 00000000 00:00 0 
76e8dc0ff000-76e8dc100000 ---p 00000000 00:00 0 
76e8dc100000-76e8dc200000 rw-p 00000000 00:00 0 
76e8dc200000-76e8dda00000 rw-p 00000000 00:00 0 
76e8dda00000-76e8dda24000 r-xp 00000000 103:02 4342135                   /home/pan/.jdks/corretto-17.0.14/lib/libjava.so
76e8dda24000-76e8ddc24000 ---p 00024000 103:02 4342135                   /home/pan/.jdks/corretto-17.0.14/lib/libjava.so
76e8ddc24000-76e8ddc25000 r--p 00024000 103:02 4342135                   /home/pan/.jdks/corretto-17.0.14/lib/libjava.so
76e8ddc25000-76e8ddc26000 rw-p 00025000 103:02 4342135                   /home/pan/.jdks/corretto-17.0.14/lib/libjava.so
76e8ddc26000-76e8ddc27000 rw-p 00000000 00:00 0 
76e8ddc39000-76e8ddc40000 r--p 00000000 103:02 5259693                   /home/pan/.javacpp/cache/ffmpeg-6.0-1.5.9-linux-x86_64.jar/org/bytedeco/ffmpeg/linux-x86_64/libjniavdevice.so
76e8ddc40000-76e8ddc4a000 r-xp 00007000 103:02 5259693                   /home/pan/.javacpp/cache/ffmpeg-6.0-1.5.9-linux-x86_64.jar/org/bytedeco/ffmpeg/linux-x86_64/libjniavdevice.so
76e8ddc4a000-76e8ddc4f000 r--p 00011000 103:02 5259693                   /home/pan/.javacpp/cache/ffmpeg-6.0-1.5.9-linux-x86_64.jar/org/bytedeco/ffmpeg/linux-x86_64/libjniavdevice.so
76e8ddc4f000-76e8ddc50000 ---p 00016000 103:02 5259693                   /home/pan/.javacpp/cache/ffmpeg-6.0-1.5.9-linux-x86_64.jar/org/bytedeco/ffmpeg/linux-x86_64/libjniavdevice.so
76e8ddc50000-76e8ddc51000 r--p 00016000 103:02 5259693                   /home/pan/.javacpp/cache/ffmpeg-6.0-1.5.9-linux-x86_64.jar/org/bytedeco/ffmpeg/linux-x86_64/libjniavdevice.so
76e8ddc51000-76e8ddc52000 rw-p 00017000 103:02 5259693                   /home/pan/.javacpp/cache/ffmpeg-6.0-1.5.9-linux-x86_64.jar/org/bytedeco/ffmpeg/linux-x86_64/libjniavdevice.so
76e8ddc52000-76e8ddc7f000 r--p 00000000 103:02 5259681                   /home/pan/.javacpp/cache/ffmpeg-6.0-1.5.9-linux-x86_64.jar/org/bytedeco/ffmpeg/linux-x86_64/libjniavcodec.so
76e8ddc7f000-76e8ddcbc000 r-xp 0002d000 103:02 5259681                   /home/pan/.javacpp/cache/ffmpeg-6.0-1.5.9-linux-x86_64.jar/org/bytedeco/ffmpeg/linux-x86_64/libjniavcodec.so
76e8ddcbc000-76e8ddce4000 r--p 0006a000 103:02 5259681                   /home/pan/.javacpp/cache/ffmpeg-6.0-1.5.9-linux-x86_64.jar/org/bytedeco/ffmpeg/linux-x86_64/libjniavcodec.so
76e8ddce4000-76e8ddcfb000 r--p 00091000 103:02 5259681                   /home/pan/.javacpp/cache/ffmpeg-6.0-1.5.9-linux-x86_64.jar/org/bytedeco/ffmpeg/linux-x86_64/libjniavcodec.so
76e8ddcfb000-76e8ddcfc000 rw-p 000a8000 103:02 5259681                   /home/pan/.javacpp/cache/ffmpeg-6.0-1.5.9-linux-x86_64.jar/org/bytedeco/ffmpeg/linux-x86_64/libjniavcodec.so
76e8ddcfc000-76e8de000000 rw-p 00000000 00:00 0 
76e8de000000-76e8de00a000 r-xp 00000000 103:02 4342167                   /home/pan/.jdks/corretto-17.0.14/lib/libinstrument.so
76e8de00a000-76e8de209000 ---p 0000a000 103:02 4342167                   /home/pan/.jdks/corretto-17.0.14/lib/libinstrument.so
76e8de209000-76e8de20a000 r--p 00009000 103:02 4342167                   /home/pan/.jdks/corretto-17.0.14/lib/libinstrument.so
76e8de20a000-76e8de20b000 rw-p 0000a000 103:02 4342167                   /home/pan/.jdks/corretto-17.0.14/lib/libinstrument.so
76e8de20f000-76e8de211000 r--p 00000000 103:02 11847745                  /usr/lib/x86_64-linux-gnu/libmd.so.0.0.5
76e8de211000-76e8de218000 r-xp 00002000 103:02 11847745                  /usr/lib/x86_64-linux-gnu/libmd.so.0.0.5
76e8de218000-76e8de21a000 r--p 00009000 103:02 11847745                  /usr/lib/x86_64-linux-gnu/libmd.so.0.0.5
76e8de21a000-76e8de21b000 r--p 0000a000 103:02 11847745                  /usr/lib/x86_64-linux-gnu/libmd.so.0.0.5
76e8de21b000-76e8de21c000 rw-p 0000b000 103:02 11847745                  /usr/lib/x86_64-linux-gnu/libmd.so.0.0.5
76e8de21c000-76e8de222000 r--p 00000000 103:02 5259691                   /home/pan/.javacpp/cache/ffmpeg-6.0-1.5.9-linux-x86_64.jar/org/bytedeco/ffmpeg/linux-x86_64/libavdevice.so.60
76e8de222000-76e8de22b000 r-xp 00006000 103:02 5259691                   /home/pan/.javacpp/cache/ffmpeg-6.0-1.5.9-linux-x86_64.jar/org/bytedeco/ffmpeg/linux-x86_64/libavdevice.so.60
76e8de22b000-76e8de22f000 r--p 0000f000 103:02 5259691                   /home/pan/.javacpp/cache/ffmpeg-6.0-1.5.9-linux-x86_64.jar/org/bytedeco/ffmpeg/linux-x86_64/libavdevice.so.60
76e8de22f000-76e8de230000 ---p 00013000 103:02 5259691                   /home/pan/.javacpp/cache/ffmpeg-6.0-1.5.9-linux-x86_64.jar/org/bytedeco/ffmpeg/linux-x86_64/libavdevice.so.60
76e8de230000-76e8de232000 r--p 00013000 103:02 5259691                   /home/pan/.javacpp/cache/ffmpeg-6.0-1.5.9-linux-x86_64.jar/org/bytedeco/ffmpeg/linux-x86_64/libavdevice.so.60
76e8de232000-76e8de233000 rw-p 00015000 103:02 5259691                   /home/pan/.javacpp/cache/ffmpeg-6.0-1.5.9-linux-x86_64.jar/org/bytedeco/ffmpeg/linux-x86_64/libavdevice.so.60
76e8de233000-76e8de249000 r--p 00000000 103:02 5259690                   /home/pan/.javacpp/cache/ffmpeg-6.0-1.5.9-linux-x86_64.jar/org/bytedeco/ffmpeg/linux-x86_64/libjniavfilter.so
76e8de249000-76e8de268000 r-xp 00016000 103:02 5259690                   /home/pan/.javacpp/cache/ffmpeg-6.0-1.5.9-linux-x86_64.jar/org/bytedeco/ffmpeg/linux-x86_64/libjniavfilter.so
76e8de268000-76e8de278000 r--p 00035000 103:02 5259690                   /home/pan/.javacpp/cache/ffmpeg-6.0-1.5.9-linux-x86_64.jar/org/bytedeco/ffmpeg/linux-x86_64/libjniavfilter.so
76e8de278000-76e8de27c000 r--p 00044000 103:02 5259690                   /home/pan/.javacpp/cache/ffmpeg-6.0-1.5.9-linux-x86_64.jar/org/bytedeco/ffmpeg/linux-x86_64/libjniavfilter.so
76e8de27c000-76e8de27d000 rw-p 00048000 103:02 5259690                   /home/pan/.javacpp/cache/ffmpeg-6.0-1.5.9-linux-x86_64.jar/org/bytedeco/ffmpeg/linux-x86_64/libjniavfilter.so
76e8de27d000-76e8de285000 r--p 00000000 103:02 5259687                   /home/pan/.javacpp/cache/ffmpeg-6.0-1.5.9-linux-x86_64.jar/org/bytedeco/ffmpeg/linux-x86_64/libjniswscale.so
76e8de285000-76e8de292000 r-xp 00008000 103:02 5259687                   /home/pan/.javacpp/cache/ffmpeg-6.0-1.5.9-linux-x86_64.jar/org/bytedeco/ffmpeg/linux-x86_64/libjniswscale.so
76e8de292000-76e8de297000 r--p 00015000 103:02 5259687                   /home/pan/.javacpp/cache/ffmpeg-6.0-1.5.9-linux-x86_64.jar/org/bytedeco/ffmpeg/linux-x86_64/libjniswscale.so
76e8de297000-76e8de298000 ---p 0001a000 103:02 5259687                   /home/pan/.javacpp/cache/ffmpeg-6.0-1.5.9-linux-x86_64.jar/org/bytedeco/ffmpeg/linux-x86_64/libjniswscale.so
76e8de298000-76e8de299000 r--p 0001a000 103:02 5259687                   /home/pan/.javacpp/cache/ffmpeg-6.0-1.5.9-linux-x86_64.jar/org/bytedeco/ffmpeg/linux-x86_64/libjniswscale.so
76e8de299000-76e8de29a000 rw-p 0001b000 103:02 5259687                   /home/pan/.javacpp/cache/ffmpeg-6.0-1.5.9-linux-x86_64.jar/org/bytedeco/ffmpeg/linux-x86_64/libjniswscale.so
76e8de29a000-76e8de2a0000 r--p 00000000 103:02 5259678                   /home/pan/.javacpp/cache/ffmpeg-6.0-1.5.9-linux-x86_64.jar/org/bytedeco/ffmpeg/linux-x86_64/libjniswresample.so
76e8de2a0000-76e8de2aa000 r-xp 00006000 103:02 5259678                   /home/pan/.javacpp/cache/ffmpeg-6.0-1.5.9-linux-x86_64.jar/org/bytedeco/ffmpeg/linux-x86_64/libjniswresample.so
76e8de2aa000-76e8de2af000 r--p 00010000 103:02 5259678                   /home/pan/.javacpp/cache/ffmpeg-6.0-1.5.9-linux-x86_64.jar/org/bytedeco/ffmpeg/linux-x86_64/libjniswresample.so
76e8de2af000-76e8de2b0000 r--p 00014000 103:02 5259678                   /home/pan/.javacpp/cache/ffmpeg-6.0-1.5.9-linux-x86_64.jar/org/bytedeco/ffmpeg/linux-x86_64/libjniswresample.so
76e8de2b0000-76e8de2b1000 rw-p 00015000 103:02 5259678                   /home/pan/.javacpp/cache/ffmpeg-6.0-1.5.9-linux-x86_64.jar/org/bytedeco/ffmpeg/linux-x86_64/libjniswresample.so
76e8de2b1000-76e8de2c3000 r--p 00000000 103:02 5259707                   /home/pan/.javacpp/cache/openblas-0.3.23-1.5.9-linux-x86_64.jar/org/bytedeco/openblas/linux-x86_64/libjniopenblas_nolapack.so
76e8de2c3000-76e8de2ee000 r-xp 00012000 103:02 5259707                   /home/pan/.javacpp/cache/openblas-0.3.23-1.5.9-linux-x86_64.jar/org/bytedeco/openblas/linux-x86_64/libjniopenblas_nolapack.so
76e8de2ee000-76e8de2fb000 r--p 0003d000 103:02 5259707                   /home/pan/.javacpp/cache/openblas-0.3.23-1.5.9-linux-x86_64.jar/org/bytedeco/openblas/linux-x86_64/libjniopenblas_nolapack.so
76e8de2fb000-76e8de2fc000 r--p 00049000 103:02 5259707                   /home/pan/.javacpp/cache/openblas-0.3.23-1.5.9-linux-x86_64.jar/org/bytedeco/openblas/linux-x86_64/libjniopenblas_nolapack.so
76e8de2fc000-76e8de2fd000 rw-p 0004a000 103:02 5259707                   /home/pan/.javacpp/cache/openblas-0.3.23-1.5.9-linux-x86_64.jar/org/bytedeco/openblas/linux-x86_64/libjniopenblas_nolapack.so
76e8de2fd000-76e8de600000 rw-p 00000000 00:00 0 
76e8de600000-76e8de61b000 r-xp 00000000 103:02 4342136                   /home/pan/.jdks/corretto-17.0.14/lib/libjimage.so
76e8de61b000-76e8de81a000 ---p 0001b000 103:02 4342136                   /home/pan/.jdks/corretto-17.0.14/lib/libjimage.so
76e8de81a000-76e8de81c000 r--p 0001a000 103:02 4342136                   /home/pan/.jdks/corretto-17.0.14/lib/libjimage.so
76e8de81c000-76e8de81d000 rw-p 0001c000 103:02 4342136                   /home/pan/.jdks/corretto-17.0.14/lib/libjimage.so
76e8de821000-76e8dec00000 rw-p 00000000 00:00 0 
76e8dec00000-76e8dfec9000 r-xp 00000000 103:02 4342150                   /home/pan/.jdks/corretto-17.0.14/lib/server/libjvm.so
76e8dfec9000-76e8e00c9000 ---p 012c9000 103:02 4342150                   /home/pan/.jdks/corretto-17.0.14/lib/server/libjvm.so
76e8e00c9000-76e8e0182000 r--p 012c9000 103:02 4342150                   /home/pan/.jdks/corretto-17.0.14/lib/server/libjvm.so
76e8e0182000-76e8e01b7000 rw-p 01382000 103:02 4342150                   /home/pan/.jdks/corretto-17.0.14/lib/server/libjvm.so
76e8e01b7000-76e8e0212000 rw-p 00000000 00:00 0 
76e8e0218000-76e8e021b000 r--p 00000000 103:02 11847384                  /usr/lib/x86_64-linux-gnu/libgcc_s.so.1
76e8e021b000-76e8e0232000 r-xp 00003000 103:02 11847384                  /usr/lib/x86_64-linux-gnu/libgcc_s.so.1
76e8e0232000-76e8e0236000 r--p 0001a000 103:02 11847384                  /usr/lib/x86_64-linux-gnu/libgcc_s.so.1
76e8e0236000-76e8e0237000 r--p 0001d000 103:02 11847384                  /usr/lib/x86_64-linux-gnu/libgcc_s.so.1
76e8e0237000-76e8e0238000 rw-p 0001e000 103:02 11847384                  /usr/lib/x86_64-linux-gnu/libgcc_s.so.1
76e8e0238000-76e8e0600000 rw-p 00000000 00:00 0 
76e8e0600000-76e8e0628000 r--p 00000000 103:02 11819770                  /usr/lib/x86_64-linux-gnu/libc.so.6
76e8e0628000-76e8e07bd000 r-xp 00028000 103:02 11819770                  /usr/lib/x86_64-linux-gnu/libc.so.6
76e8e07bd000-76e8e0815000 r--p 001bd000 103:02 11819770                  /usr/lib/x86_64-linux-gnu/libc.so.6
76e8e0815000-76e8e0816000 ---p 00215000 103:02 11819770                  /usr/lib/x86_64-linux-gnu/libc.so.6
76e8e0816000-76e8e081a000 r--p 00215000 103:02 11819770                  /usr/lib/x86_64-linux-gnu/libc.so.6
76e8e081a000-76e8e081c000 rw-p 00219000 103:02 11819770                  /usr/lib/x86_64-linux-gnu/libc.so.6
76e8e081c000-76e8e0829000 rw-p 00000000 00:00 0 
76e8e082c000-76e8e082e000 r--p 00000000 103:02 11846801                  /usr/lib/x86_64-linux-gnu/libXdmcp.so.6.0.0
76e8e082e000-76e8e0830000 r-xp 00002000 103:02 11846801                  /usr/lib/x86_64-linux-gnu/libXdmcp.so.6.0.0
76e8e0830000-76e8e0832000 r--p 00004000 103:02 11846801                  /usr/lib/x86_64-linux-gnu/libXdmcp.so.6.0.0
76e8e0832000-76e8e0833000 r--p 00005000 103:02 11846801                  /usr/lib/x86_64-linux-gnu/libXdmcp.so.6.0.0
76e8e0833000-76e8e0834000 rw-p 00006000 103:02 11846801                  /usr/lib/x86_64-linux-gnu/libXdmcp.so.6.0.0
76e8e0834000-76e8e0837000 r--p 00000000 103:02 11848385                  /usr/lib/x86_64-linux-gnu/libxcb-xfixes.so.0.0.0
76e8e0837000-76e8e083a000 r-xp 00003000 103:02 11848385                  /usr/lib/x86_64-linux-gnu/libxcb-xfixes.so.0.0.0
76e8e083a000-76e8e083b000 r--p 00006000 103:02 11848385                  /usr/lib/x86_64-linux-gnu/libxcb-xfixes.so.0.0.0
76e8e083b000-76e8e083c000 ---p 00007000 103:02 11848385                  /usr/lib/x86_64-linux-gnu/libxcb-xfixes.so.0.0.0
76e8e083c000-76e8e083d000 r--p 00007000 103:02 11848385                  /usr/lib/x86_64-linux-gnu/libxcb-xfixes.so.0.0.0
76e8e083d000-76e8e083e000 rw-p 00008000 103:02 11848385                  /usr/lib/x86_64-linux-gnu/libxcb-xfixes.so.0.0.0
76e8e083e000-76e8e0841000 r--p 00000000 103:02 5259676                   /home/pan/.javacpp/cache/ffmpeg-6.0-1.5.9-linux-x86_64.jar/org/bytedeco/ffmpeg/linux-x86_64/libswresample.so.4
76e8e0841000-76e8e0855000 r-xp 00003000 103:02 5259676                   /home/pan/.javacpp/cache/ffmpeg-6.0-1.5.9-linux-x86_64.jar/org/bytedeco/ffmpeg/linux-x86_64/libswresample.so.4
76e8e0855000-76e8e085a000 r--p 00017000 103:02 5259676                   /home/pan/.javacpp/cache/ffmpeg-6.0-1.5.9-linux-x86_64.jar/org/bytedeco/ffmpeg/linux-x86_64/libswresample.so.4
76e8e085a000-76e8e085b000 ---p 0001c000 103:02 5259676                   /home/pan/.javacpp/cache/ffmpeg-6.0-1.5.9-linux-x86_64.jar/org/bytedeco/ffmpeg/linux-x86_64/libswresample.so.4
76e8e085b000-76e8e085d000 r--p 0001c000 103:02 5259676                   /home/pan/.javacpp/cache/ffmpeg-6.0-1.5.9-linux-x86_64.jar/org/bytedeco/ffmpeg/linux-x86_64/libswresample.so.4
76e8e085d000-76e8e085e000 rw-p 0001e000 103:02 5259676                   /home/pan/.javacpp/cache/ffmpeg-6.0-1.5.9-linux-x86_64.jar/org/bytedeco/ffmpeg/linux-x86_64/libswresample.so.4
76e8e085e000-76e8e09c4000 rw-p 00000000 00:00 0 
76e8e09c4000-76e8e0a00000 ---p 00000000 00:00 0 
76e8e0a00000-76e8e0a0f000 r-xp 00000000 103:02 4342137                   /home/pan/.jdks/corretto-17.0.14/lib/libjli.so
76e8e0a0f000-76e8e0c0e000 ---p 0000f000 103:02 4342137                   /home/pan/.jdks/corretto-17.0.14/lib/libjli.so
76e8e0c0e000-76e8e0c0f000 r--p 0000e000 103:02 4342137                   /home/pan/.jdks/corretto-17.0.14/lib/libjli.so
76e8e0c0f000-76e8e0c10000 rw-p 0000f000 103:02 4342137                   /home/pan/.jdks/corretto-17.0.14/lib/libjli.so
76e8e0c10000-76e8e0c11000 r--p 00000000 103:02 11846790                  /usr/lib/x86_64-linux-gnu/libXau.so.6.0.0
76e8e0c11000-76e8e0c13000 r-xp 00001000 103:02 11846790                  /usr/lib/x86_64-linux-gnu/libXau.so.6.0.0
76e8e0c13000-76e8e0c14000 r--p 00003000 103:02 11846790                  /usr/lib/x86_64-linux-gnu/libXau.so.6.0.0
76e8e0c14000-76e8e0c15000 r--p 00003000 103:02 11846790                  /usr/lib/x86_64-linux-gnu/libXau.so.6.0.0
76e8e0c15000-76e8e0c16000 rw-p 00004000 103:02 11846790                  /usr/lib/x86_64-linux-gnu/libXau.so.6.0.0
76e8e0c16000-76e8e0c17000 r--p 00000000 103:02 11848377                  /usr/lib/x86_64-linux-gnu/libxcb-shape.so.0.0.0
76e8e0c17000-76e8e0c18000 r-xp 00001000 103:02 11848377                  /usr/lib/x86_64-linux-gnu/libxcb-shape.so.0.0.0
76e8e0c18000-76e8e0c19000 r--p 00002000 103:02 11848377                  /usr/lib/x86_64-linux-gnu/libxcb-shape.so.0.0.0
76e8e0c19000-76e8e0c1a000 r--p 00002000 103:02 11848377                  /usr/lib/x86_64-linux-gnu/libxcb-shape.so.0.0.0
76e8e0c1a000-76e8e0c1b000 rw-p 00003000 103:02 11848377                  /usr/lib/x86_64-linux-gnu/libxcb-shape.so.0.0.0
76e8e0c1b000-76e8e0c1c000 r--p 00000000 103:02 11848379                  /usr/lib/x86_64-linux-gnu/libxcb-shm.so.0.0.0
76e8e0c1c000-76e8e0c1d000 r-xp 00001000 103:02 11848379                  /usr/lib/x86_64-linux-gnu/libxcb-shm.so.0.0.0
76e8e0c1d000-76e8e0c1e000 r--p 00002000 103:02 11848379                  /usr/lib/x86_64-linux-gnu/libxcb-shm.so.0.0.0
76e8e0c1e000-76e8e0c1f000 r--p 00002000 103:02 11848379                  /usr/lib/x86_64-linux-gnu/libxcb-shm.so.0.0.0
76e8e0c1f000-76e8e0c20000 rw-p 00003000 103:02 11848379                  /usr/lib/x86_64-linux-gnu/libxcb-shm.so.0.0.0
76e8e0c20000-76e8e0c24000 r--p 00000000 103:02 5259663                   /home/pan/.javacpp/cache/javacpp-1.5.9-linux-x86_64.jar/org/bytedeco/javacpp/linux-x86_64/libjnijavacpp.so
76e8e0c24000-76e8e0c2b000 r-xp 00004000 103:02 5259663                   /home/pan/.javacpp/cache/javacpp-1.5.9-linux-x86_64.jar/org/bytedeco/javacpp/linux-x86_64/libjnijavacpp.so
76e8e0c2b000-76e8e0c2f000 r--p 0000b000 103:02 5259663                   /home/pan/.javacpp/cache/javacpp-1.5.9-linux-x86_64.jar/org/bytedeco/javacpp/linux-x86_64/libjnijavacpp.so
76e8e0c2f000-76e8e0c30000 r--p 0000e000 103:02 5259663                   /home/pan/.javacpp/cache/javacpp-1.5.9-linux-x86_64.jar/org/bytedeco/javacpp/linux-x86_64/libjnijavacpp.so
76e8e0c30000-76e8e0c31000 rw-p 0000f000 103:02 5259663                   /home/pan/.javacpp/cache/javacpp-1.5.9-linux-x86_64.jar/org/bytedeco/javacpp/linux-x86_64/libjnijavacpp.so
76e8e0c31000-76e8e0c52000 r--p 00000000 103:02 12351393                  /usr/share/locale-langpack/zh_CN/LC_MESSAGES/libc.mo
76e8e0c52000-76e8e0c56000 ---p 00000000 00:00 0 
76e8e0c56000-76e8e0d52000 rw-p 00000000 00:00 0 
76e8e0d52000-76e8e0d60000 r--p 00000000 103:02 11819841                  /usr/lib/x86_64-linux-gnu/libm.so.6
76e8e0d60000-76e8e0ddc000 r-xp 0000e000 103:02 11819841                  /usr/lib/x86_64-linux-gnu/libm.so.6
76e8e0ddc000-76e8e0e37000 r--p 0008a000 103:02 11819841                  /usr/lib/x86_64-linux-gnu/libm.so.6
76e8e0e37000-76e8e0e38000 r--p 000e4000 103:02 11819841                  /usr/lib/x86_64-linux-gnu/libm.so.6
76e8e0e38000-76e8e0e39000 rw-p 000e5000 103:02 11819841                  /usr/lib/x86_64-linux-gnu/libm.so.6
76e8e0e39000-76e8e0e3a000 r--p 00000000 103:02 11820205                  /usr/lib/x86_64-linux-gnu/librt.so.1
76e8e0e3a000-76e8e0e3b000 r-xp 00001000 103:02 11820205                  /usr/lib/x86_64-linux-gnu/librt.so.1
76e8e0e3b000-76e8e0e3c000 r--p 00002000 103:02 11820205                  /usr/lib/x86_64-linux-gnu/librt.so.1
76e8e0e3c000-76e8e0e3d000 r--p 00002000 103:02 11820205                  /usr/lib/x86_64-linux-gnu/librt.so.1
76e8e0e3d000-76e8e0e3e000 rw-p 00003000 103:02 11820205                  /usr/lib/x86_64-linux-gnu/librt.so.1
76e8e0e3e000-76e8e0e42000 rw-p 00000000 00:00 0 
76e8e0e42000-76e8e0e43000 r--p 00000000 103:02 11819839                  /usr/lib/x86_64-linux-gnu/libdl.so.2
76e8e0e43000-76e8e0e44000 r-xp 00001000 103:02 11819839                  /usr/lib/x86_64-linux-gnu/libdl.so.2
76e8e0e44000-76e8e0e45000 r--p 00002000 103:02 11819839                  /usr/lib/x86_64-linux-gnu/libdl.so.2
76e8e0e45000-76e8e0e46000 r--p 00002000 103:02 11819839                  /usr/lib/x86_64-linux-gnu/libdl.so.2
76e8e0e46000-76e8e0e47000 rw-p 00003000 103:02 11819839                  /usr/lib/x86_64-linux-gnu/libdl.so.2
76e8e0e47000-76e8e0e48000 r--p 00000000 103:02 11820201                  /usr/lib/x86_64-linux-gnu/libpthread.so.0
76e8e0e48000-76e8e0e49000 r-xp 00001000 103:02 11820201                  /usr/lib/x86_64-linux-gnu/libpthread.so.0
76e8e0e49000-76e8e0e4a000 r--p 00002000 103:02 11820201                  /usr/lib/x86_64-linux-gnu/libpthread.so.0
76e8e0e4a000-76e8e0e4b000 r--p 00002000 103:02 11820201                  /usr/lib/x86_64-linux-gnu/libpthread.so.0
76e8e0e4b000-76e8e0e4c000 rw-p 00003000 103:02 11820201                  /usr/lib/x86_64-linux-gnu/libpthread.so.0
76e8e0e4c000-76e8e0e4e000 r--p 00000000 103:02 11848427                  /usr/lib/x86_64-linux-gnu/libz.so.1.2.11
76e8e0e4e000-76e8e0e5f000 r-xp 00002000 103:02 11848427                  /usr/lib/x86_64-linux-gnu/libz.so.1.2.11
76e8e0e5f000-76e8e0e65000 r--p 00013000 103:02 11848427                  /usr/lib/x86_64-linux-gnu/libz.so.1.2.11
76e8e0e65000-76e8e0e66000 ---p 00019000 103:02 11848427                  /usr/lib/x86_64-linux-gnu/libz.so.1.2.11
76e8e0e66000-76e8e0e67000 r--p 00019000 103:02 11848427                  /usr/lib/x86_64-linux-gnu/libz.so.1.2.11
76e8e0e67000-76e8e0e68000 rw-p 0001a000 103:02 11848427                  /usr/lib/x86_64-linux-gnu/libz.so.1.2.11
76e8e0e69000-76e8e0e6a000 r--p 00000000 103:02 11847860                  /usr/lib/x86_64-linux-gnu/libnss_mdns4_minimal.so.2
76e8e0e6a000-76e8e0e6c000 r-xp 00001000 103:02 11847860                  /usr/lib/x86_64-linux-gnu/libnss_mdns4_minimal.so.2
76e8e0e6c000-76e8e0e6d000 r--p 00003000 103:02 11847860                  /usr/lib/x86_64-linux-gnu/libnss_mdns4_minimal.so.2
76e8e0e6d000-76e8e0e6e000 r--p 00003000 103:02 11847860                  /usr/lib/x86_64-linux-gnu/libnss_mdns4_minimal.so.2
76e8e0e6e000-76e8e0e6f000 rw-p 00004000 103:02 11847860                  /usr/lib/x86_64-linux-gnu/libnss_mdns4_minimal.so.2
76e8e0e6f000-76e8e0e76000 r--s 00000000 103:02 11825073                  /usr/lib/x86_64-linux-gnu/gconv/gconv-modules.cache
76e8e0e76000-76e8e0e7e000 rw-s 00000000 103:02 6305853                   /tmp/hsperfdata_pan/21180
76e8e0e7e000-76e8e0e7f000 ---p 00000000 00:00 0 
76e8e0e7f000-76e8e0e80000 r--p 00000000 00:00 0 
76e8e0e80000-76e8e0e82000 rw-p 00000000 00:00 0 
76e8e0e82000-76e8e0e84000 r--p 00000000 103:02 11819686                  /usr/lib/x86_64-linux-gnu/ld-linux-x86-64.so.2
76e8e0e84000-76e8e0eae000 r-xp 00002000 103:02 11819686                  /usr/lib/x86_64-linux-gnu/ld-linux-x86-64.so.2
76e8e0eae000-76e8e0eb9000 r--p 0002c000 103:02 11819686                  /usr/lib/x86_64-linux-gnu/ld-linux-x86-64.so.2
76e8e0eb9000-76e8e0eba000 ---p 00000000 00:00 0 
76e8e0eba000-76e8e0ebc000 r--p 00037000 103:02 11819686                  /usr/lib/x86_64-linux-gnu/ld-linux-x86-64.so.2
76e8e0ebc000-76e8e0ebe000 rw-p 00039000 103:02 11819686                  /usr/lib/x86_64-linux-gnu/ld-linux-x86-64.so.2
7fff2625d000-7fff2627e000 rw-p 00000000 00:00 0                          [stack]
7fff263e9000-7fff263ed000 r--p 00000000 00:00 0                          [vvar]
7fff263ed000-7fff263ef000 r-xp 00000000 00:00 0                          [vdso]
ffffffffff600000-ffffffffff601000 --xp 00000000 00:00 0                  [vsyscall]


VM Arguments:
jvm_args: -Xms4g -Xmx4g -XX:NewRatio=2 -XX:SurvivorRatio=6 -XX:MaxTenuringThreshold=15 -XX:TargetSurvivorRatio=70 -XX:+UseG1GC -XX:TieredStopAtLevel=1 -Dspring.output.ansi.enabled=always -Dcom.sun.management.jmxremote -Dspring.jmx.enabled=true -Dspring.liveBeansView.mbeanDomain -Dspring.application.admin.enabled=true -Dmanagement.endpoints.jmx.exposure.include=* -javaagent:/opt/idea/lib/idea_rt.jar=40031:/opt/idea/bin -Dfile.encoding=UTF-8 
java_command: com.saigou.analyzerServer
java_class_path (initial): /media/pan/95C15E65414BD009/ubuntu/houduan/pandaSystem/analyzer-server-10001/target/classes:/home/pan/.m2/repository/org/bytedeco/javacv-platform/1.5.9/javacv-platform-1.5.9.jar:/home/pan/.m2/repository/org/bytedeco/javacv/1.5.9/javacv-1.5.9.jar:/home/pan/.m2/repository/org/bytedeco/javacpp/1.5.9/javacpp-1.5.9.jar:/home/pan/.m2/repository/org/bytedeco/openblas/0.3.23-1.5.9/openblas-0.3.23-1.5.9.jar:/home/pan/.m2/repository/org/bytedeco/opencv/4.7.0-1.5.9/opencv-4.7.0-1.5.9.jar:/home/pan/.m2/repository/org/bytedeco/ffmpeg/6.0-1.5.9/ffmpeg-6.0-1.5.9.jar:/home/pan/.m2/repository/org/bytedeco/flycapture/2.13.3.31-1.5.9/flycapture-2.13.3.31-1.5.9.jar:/home/pan/.m2/repository/org/bytedeco/libdc1394/2.2.6-1.5.9/libdc1394-2.2.6-1.5.9.jar:/home/pan/.m2/repository/org/bytedeco/libfreenect/0.5.7-1.5.9/libfreenect-0.5.7-1.5.9.jar:/home/pan/.m2/repository/org/bytedeco/libfreenect2/0.2.0-1.5.9/libfreenect2-0.2.0-1.5.9.jar:/home/pan/.m2/repository/org/bytedeco/librealsense/1.12.4-1.5.9/librealsense-1.12.4-1.5.9.jar:/home/pan/.m2/repository/org/bytedeco/librealsense2/2.53.1-1.5.9/librealsense2-2.53.1-1.5.9.jar:/home/pan/.m2/repository/org/bytedeco/videoinput/0.200-1.5.9/videoinput-0.200-1.5.9.jar:/home/pan/.m2/repository/org/bytedeco/artoolkitplus/2.3.1-1.5.9/artoolkitplus-2.3.1-1.5.9.jar:/home/pan/.m2/repository/org/bytedeco/leptonica/1.83.0-1.5.9/leptonica-1.83.0-1.5.9.jar:/home/pan/.m2/repository/org/bytedeco/tesseract/5.3.1-1.5.9/tesseract-5.3.1-1.5.9.jar:/home/pan/.m2/repository/org/openjfx/javafx-graphics/17/javafx-graphics-17.jar:/home/pan/.m2/repository/org/openjfx/javafx-graphics/17/javafx-graphics-17-linux.jar:/home/pan/.m2/repository/org/openjfx/javafx-base/17/javafx-base-17.jar:/home/pan/.m2/repository/org/openjfx/javafx-base/17/javafx-base-17-linux.jar:/home/pan/.m2/repository/org/bytedeco/openblas-platform/0.3.23-1.5.9/openblas-platform-0.3.23-1.5.9.jar:/home/pan/.m2/repository/org/bytedeco/javacpp-platform/1.5.9/javacpp-platform-1.5.9.jar
Launcher Type: SUN_STANDARD

[Global flags]
     bool AlwaysTenure                             = false                                     {product} {command line}
     intx CICompilerCount                          = 12                                        {product} {ergonomic}
     uint ConcGCThreads                            = 3                                         {product} {ergonomic}
     uint G1ConcRefinementThreads                  = 13                                        {product} {ergonomic}
   size_t G1HeapRegionSize                         = 2097152                                   {product} {ergonomic}
    uintx GCDrainStackTargetSize                   = 64                                        {product} {ergonomic}
   size_t InitialHeapSize                          = 4294967296                                {product} {command line}
     bool ManagementServer                         = true                                      {product} {command line}
   size_t MarkStackSize                            = 4194304                                   {product} {ergonomic}
   size_t MaxHeapSize                              = 4294967296                                {product} {command line}
   size_t MaxNewSize                               = 1430257664                                {product} {ergonomic}
    uintx MaxTenuringThreshold                     = 15                                        {product} {command line}
   size_t MinHeapDeltaBytes                        = 2097152                                   {product} {ergonomic}
   size_t MinHeapSize                              = 4294967296                                {product} {command line}
     bool NeverTenure                              = false                                     {product} {command line}
    uintx NewRatio                                 = 2                                         {product} {command line}
    uintx NonProfiledCodeHeapSize                  = 0                                      {pd product} {ergonomic}
     bool ProfileInterpreter                       = false                                  {pd product} {command line}
    uintx ProfiledCodeHeapSize                     = 0                                      {pd product} {ergonomic}
   size_t SoftMaxHeapSize                          = 4294967296                             {manageable} {ergonomic}
    uintx SurvivorRatio                            = 6                                         {product} {command line}
    uintx TargetSurvivorRatio                      = 70                                        {product} {command line}
     intx TieredStopAtLevel                        = 1                                         {product} {command line}
     bool UseCompressedClassPointers               = true                           {product lp64_product} {ergonomic}
     bool UseCompressedOops                        = true                           {product lp64_product} {ergonomic}
     bool UseG1GC                                  = true                                      {product} {command line}

Logging:
Log output configuration:
 #0: stdout all=warning uptime,level,tags
 #1: stderr all=off uptime,level,tags

Environment Variables:
PATH=/usr/local/sbin:/usr/local/bin:/usr/sbin:/usr/bin:/sbin:/bin:/usr/games:/usr/local/games:/snap/bin:/snap/bin
USERNAME=pan
SHELL=/bin/bash
DISPLAY=:0
LANG=zh_CN.UTF-8
LC_NUMERIC=zh_CN.UTF-8
LC_TIME=zh_CN.UTF-8

Active Locale:
LC_ALL=zh_CN.UTF-8
LC_COLLATE=zh_CN.UTF-8
LC_CTYPE=zh_CN.UTF-8
LC_MESSAGES=zh_CN.UTF-8
LC_MONETARY=zh_CN.UTF-8
LC_NUMERIC=zh_CN.UTF-8
LC_TIME=zh_CN.UTF-8

Signal Handlers:
   SIGSEGV: crash_handler in libjvm.so, mask=11100100010111111101111111111110, flags=SA_RESTART|SA_SIGINFO, unblocked
    SIGBUS: crash_handler in libjvm.so, mask=11100100010111111101111111111110, flags=SA_RESTART|SA_SIGINFO, unblocked
    SIGFPE: crash_handler in libjvm.so, mask=11100100010111111101111111111110, flags=SA_RESTART|SA_SIGINFO, unblocked
   SIGPIPE: javaSignalHandler in libjvm.so, mask=11100100010111111101111111111110, flags=SA_RESTART|SA_SIGINFO, blocked
   SIGXFSZ: javaSignalHandler in libjvm.so, mask=11100100010111111101111111111110, flags=SA_RESTART|SA_SIGINFO, blocked
    SIGILL: crash_handler in libjvm.so, mask=11100100010111111101111111111110, flags=SA_RESTART|SA_SIGINFO, unblocked
   SIGUSR2: SR_handler in libjvm.so, mask=00100000000000000000000000000000, flags=SA_RESTART|SA_SIGINFO, blocked
    SIGHUP: UserHandler in libjvm.so, mask=11100100010111111101111111111110, flags=SA_RESTART|SA_SIGINFO, blocked
    SIGINT: UserHandler in libjvm.so, mask=11100100010111111101111111111110, flags=SA_RESTART|SA_SIGINFO, blocked
   SIGTERM: UserHandler in libjvm.so, mask=11100100010111111101111111111110, flags=SA_RESTART|SA_SIGINFO, blocked
   SIGQUIT: UserHandler in libjvm.so, mask=11100100010111111101111111111110, flags=SA_RESTART|SA_SIGINFO, blocked
   SIGTRAP: crash_handler in libjvm.so, mask=11100100010111111101111111111110, flags=SA_RESTART|SA_SIGINFO, unblocked


Periodic native trim disabled


---------------  S Y S T E M  ---------------

OS:
DISTRIB_ID=Ubuntu
DISTRIB_RELEASE=22.04
DISTRIB_CODENAME=jammy
DISTRIB_DESCRIPTION="Ubuntu 22.04.5 LTS"
uname: Linux 6.8.0-52-generic #53~22.04.1-Ubuntu SMP PREEMPT_DYNAMIC Wed Jan 15 19:18:46 UTC 2 x86_64
OS uptime: 0 days 0:43 hours
libc: glibc 2.35 NPTL 2.35 
rlimit (soft/hard): STACK 8192k/infinity , CORE 0k/infinity , NPROC 111345/111345 , NOFILE 1048576/1048576 , AS infinity/infinity , CPU infinity/infinity , DATA infinity/infinity , FSIZE infinity/infinity , MEMLOCK 3572968k/3572968k
load average: 2.73 1.59 1.37

/proc/meminfo:
MemTotal:       28583756 kB
MemFree:         1844304 kB
MemAvailable:    5421104 kB
Buffers:          122020 kB
Cached:          3799536 kB
SwapCached:            0 kB
Active:          8706628 kB
Inactive:       16564640 kB
Active(anon):    7370872 kB
Inactive(anon): 14187144 kB
Active(file):    1335756 kB
Inactive(file):  2377496 kB
Unevictable:         116 kB
Mlocked:             116 kB
SwapTotal:             0 kB
SwapFree:              0 kB
Zswap:                 0 kB
Zswapped:              0 kB
Dirty:            151576 kB
Writeback:             0 kB
AnonPages:      21333372 kB
Mapped:          2245756 kB
Shmem:            208116 kB
KReclaimable:     294892 kB
Slab:             683652 kB
SReclaimable:     294892 kB
SUnreclaim:       388760 kB
KernelStack:       50752 kB
PageTables:       156884 kB
SecPageTables:         0 kB
NFS_Unstable:          0 kB
Bounce:                0 kB
WritebackTmp:          0 kB
CommitLimit:    14291876 kB
Committed_AS:   56968296 kB
VmallocTotal:   34359738367 kB
VmallocUsed:      102556 kB
VmallocChunk:          0 kB
Percpu:            18112 kB
HardwareCorrupted:     0 kB
AnonHugePages:    481280 kB
ShmemHugePages:        0 kB
ShmemPmdMapped:        0 kB
FileHugePages:         0 kB
FilePmdMapped:         0 kB
Unaccepted:            0 kB
HugePages_Total:       0
HugePages_Free:        0
HugePages_Rsvd:        0
HugePages_Surp:        0
Hugepagesize:       2048 kB
Hugetlb:               0 kB
DirectMap4k:      555460 kB
DirectMap2M:    22362112 kB
DirectMap1G:     6291456 kB

/sys/kernel/mm/transparent_hugepage/enabled: always [madvise] never
/sys/kernel/mm/transparent_hugepage/hpage_pmd_size: 2097152
/sys/kernel/mm/transparent_hugepage/defrag (defrag/compaction efforts parameter): always defer defer+madvise [madvise] never

Process Memory:
Virtual Size: 23442832K (peak: 23611368K)
Resident Set Size: 4950772K (peak: 6544844K) (anon: 4901524K, file: 49248K, shmem: 0K)
Swapped out: 0K
C-Heap outstanding allocations: 3007347K, retained: 1893648K
glibc malloc tunables: (default)

/proc/sys/kernel/threads-max (system-wide limit on the number of threads): 222691
/proc/sys/vm/max_map_count (maximum number of memory map areas a process may have): 65530
/proc/sys/vm/swappiness (control to define how aggressively the kernel swaps out anonymous memory): 60
/proc/sys/kernel/pid_max (system-wide limit on number of process identifiers): 4194304

container (cgroup) information:
container_type: cgroupv2
cpu_cpuset_cpus: not supported
cpu_memory_nodes: not supported
active_processor_count: 16
cpu_quota: not supported
cpu_period: not supported
cpu_shares: not supported
memory_limit_in_bytes: unlimited
memory_and_swap_limit_in_bytes: unlimited
memory_soft_limit_in_bytes: unlimited
memory_usage_in_bytes: 13119816 k
memory_max_usage_in_bytes: not supported
memory_swap_current_in_bytes: unlimited
memory_swap_max_limit_in_bytes: unlimited
maximum number of tasks: 33403
current number of tasks: 1278

Steal ticks since vm start: 0
Steal ticks percentage since vm start:  0.000

CPU: total 16 (initial active 16) (16 cores per cpu, 2 threads per core) family 25 model 80 stepping 0 microcode 0xa50000c, cx8, cmov, fxsr, ht, mmx, 3dnowpref, sse, sse2, sse3, ssse3, sse4a, sse4.1, sse4.2, popcnt, lzcnt, tsc, tscinvbit, avx, avx2, aes, erms, clmul, bmi1, bmi2, adx, sha, fma, vzeroupper, clflush, clflushopt
CPU Model and flags from /proc/cpuinfo:
model name	: AMD Ryzen 7 5800H with Radeon Graphics
flags		: fpu vme de pse tsc msr pae mce cx8 apic sep mtrr pge mca cmov pat pse36 clflush mmx fxsr sse sse2 ht syscall nx mmxext fxsr_opt pdpe1gb rdtscp lm constant_tsc rep_good nopl nonstop_tsc cpuid extd_apicid aperfmperf rapl pni pclmulqdq monitor ssse3 fma cx16 sse4_1 sse4_2 movbe popcnt aes xsave avx f16c rdrand lahf_lm cmp_legacy svm extapic cr8_legacy abm sse4a misalignsse 3dnowprefetch osvw ibs skinit wdt tce topoext perfctr_core perfctr_nb bpext perfctr_llc mwaitx cpb cat_l3 cdp_l3 hw_pstate ssbd mba ibrs ibpb stibp vmmcall fsgsbase bmi1 avx2 smep bmi2 erms invpcid cqm rdt_a rdseed adx smap clflushopt clwb sha_ni xsaveopt xsavec xgetbv1 xsaves cqm_llc cqm_occup_llc cqm_mbm_total cqm_mbm_local user_shstk clzero irperf xsaveerptr rdpru wbnoinvd cppc arat npt lbrv svm_lock nrip_save tsc_scale vmcb_clean flushbyasid decodeassists pausefilter pfthreshold avic v_vmsave_vmload vgif v_spec_ctrl umip pku ospke vaes vpclmulqdq rdpid overflow_recov succor smca fsrm debug_swap

Online cpus: 0-15
Offline cpus: 
BIOS frequency limitation: <Not Available>
Frequency switch latency (ns): 0
Available cpu frequencies: <Not Available>
Current governor: powersave
Core performance/turbo boost: <Not Available>

Memory: 4k page, physical 28583756k(1844304k free), swap 0k(0k free)
Page Sizes: 4k

vm_info: OpenJDK 64-Bit Server VM (17.0.14+7-LTS) for linux-amd64 JRE (17.0.14+7-LTS), built on Jan  7 2025 20:04:38 by "jenkins" with gcc 7.3.1 20180303 (Red Hat 7.3.1-5)

END.
