#
# A fatal error has been detected by the Java Runtime Environment:
#
#  SIGSEGV (0xb) at pc=0x00007988f3c970f0, pid=25897, tid=26097
#
# JRE version: OpenJDK Runtime Environment Corretto-17.0.14.7.1 (17.0.14+7) (build 17.0.14+7-LTS)
# Java VM: OpenJDK 64-Bit Server VM Corretto-17.0.14.7.1 (17.0.14+7-LTS, mixed mode, sharing, tiered, compressed oops, compressed class ptrs, g1 gc, linux-amd64)
# Problematic frame:
# v  ~StubRoutines::jlong_disjoint_arraycopy
#
# Core dump will be written. Default location: Core dumps may be processed with "/usr/share/apport/apport -p%p -s%s -c%c -d%d -P%P -u%u -g%g -- %E" (or dumping to /media/pan/95C15E65414BD009/ubuntu/houduan/pandaSystem/core.25897)
#
# If you would like to submit a bug report, please visit:
#   https://github.com/corretto/corretto-17/issues/
#

---------------  S U M M A R Y ------------

Command Line: -javaagent:/opt/idea/lib/idea_rt.jar=45309:/opt/idea/bin -Dfile.encoding=UTF-8 com.saigou.Processor

Host: AMD Ryzen 7 5800H with Radeon Graphics, 16 cores, 27G, Ubuntu 22.04.5 LTS
Time: Wed Feb 26 18:40:17 2025 CST elapsed time: 1002.796434 seconds (0d 0h 16m 42s)

---------------  T H R E A D  ---------------

Current thread (0x0000798906aeba30):  JavaThread "Thread-0" [_thread_in_Java, id=26097, stack(0x00007988cba00000,0x00007988cbb00000)]

Stack: [0x00007988cba00000,0x00007988cbb00000],  sp=0x00007988cbafe860,  free space=1018k
Native frames: (J=compiled Java code, j=interpreted, Vv=VM code, C=native code)
v  ~StubRoutines::jlong_disjoint_arraycopy


siginfo: si_signo: 11 (SIGSEGV), si_code: 1 (SEGV_MAPERR), si_addr: 0x0000798870237000

Registers:
RAX=0x00007988707eec40, RBX=0x000000064cb140e0, RCX=0x0000798527b538c8, RDX=0xfffffffffff49080
RSP=0x00007988cbafe860, RBP=0x00007988cbafe860, RSI=0x0000798527564cd0, RDI=0x00007988707eec38
R8 =0x0000000000000000, R9 =0x0000000000000000, R10=0x00007988f3c97d80, R11=0x0000000000000000
R12=0x0000000000000000, R13=0x00000000005eec00, R14=0x00000000005eec00, R15=0x0000798906aeba30
RIP=0x00007988f3c970f0, EFLAGS=0x0000000000010292, CSGSFS=0x002b000000000033, ERR=0x0000000000000004
  TRAPNO=0x000000000000000e


Register to memory mapping:

RAX=0x00007988707eec40 is an unknown value
RBX=0x000000064cb140e0 is an oop: java.nio.DirectByteBuffer 
{0x000000064cb140e0} - klass: 'java/nio/DirectByteBuffer'
 - ---- fields (total size 8 words):
 - private 'mark' 'I' @12  -1 (ffffffff)
 - 'address' 'J' @16  133626903658560 (70200040 7988)
 - private 'position' 'I' @24  0
 - private 'limit' 'I' @28  6220800 (5eec00)
 - private 'capacity' 'I' @32  6220800 (5eec00)
 - final 'segment' 'Ljdk/internal/access/foreign/MemorySegmentProxy;' @36  NULL (0)
 - final 'offset' 'I' @40  0
 - 'isReadOnly' 'Z' @44  false
 - 'bigEndian' 'Z' @45  false
 - 'nativeByteOrder' 'Z' @46  true
 - final 'hb' '[B' @48  NULL (0)
 - private final 'isSync' 'Z' @47  false
 - private final 'fd' 'Ljava/io/FileDescriptor;' @52  NULL (0)
 - private final 'att' 'Ljava/lang/Object;' @56  NULL (0)
 - private final 'cleaner' 'Ljdk/internal/ref/Cleaner;' @60  NULL (0)
RCX=0x0000798527b538c8 points into unknown readable memory: 0x7077727178737077 | 77 70 73 78 71 72 77 70
RDX=0xfffffffffff49080 is an unknown value
RSP=0x00007988cbafe860 is pointing into the stack for thread: 0x0000798906aeba30
RBP=0x00007988cbafe860 is pointing into the stack for thread: 0x0000798906aeba30
RSI=0x0000798527564cd0 points into unknown readable memory: 0xa49ca3a49ca3a49c | 9c a4 a3 9c a4 a3 9c a4
RDI=0x00007988707eec38 is an unknown value
R8 =0x0 is NULL
R9 =0x0 is NULL
R10=0x00007988f3c97d80 is at begin+0 in a stub
StubRoutines::unsafe_arraycopy [0x00007988f3c97d80, 0x00007988f3c97dba] (58 bytes)
R11=0x0 is NULL
R12=0x0 is NULL
R13=0x00000000005eec00 is an unknown value
R14=0x00000000005eec00 is an unknown value
R15=0x0000798906aeba30 is a thread


Top of Stack: (sp=0x00007988cbafe860)
0x00007988cbafe860:   00000000005eec00 00007988f461b46a
0x00007988cbafe870:   000000064cb140c8 0000000000000000
0x00007988cbafe880:   0000000000000001 000000064e9532c8
0x00007988cbafe890:   000000064e9532b0 0000000000000000
0x00007988cbafe8a0:   0000000000000010 0000798800000000
0x00007988cbafe8b0:   000000064c804d28 00000001c995f7ad
0x00007988cbafe8c0:   0000000000000001 00000000c99c3c77
0x00007988cbafe8d0:   000000064cafbd68 000000064e953380
0x00007988cbafe8e0:   0000000100000001 41cddc83c995f7ad
0x00007988cbafe8f0:   000000064e953110 000000064c801910
0x00007988cbafe900:   000000064e953290 00007988f464b540
0x00007988cbafe910:   000000064cafbd68 000000064e953240
0x00007988cbafe920:   00007988cbafea60 00007988f45c456c
0x00007988cbafe930:   00007987cc1009b0 000079887c628000
0x00007988cbafe940:   00007988cbafea60 00007988ecc6bfd4
0x00007988cbafe950:   0000000000000063 000079887b4eff58
0x00007988cbafe960:   000079887b4f0032 00007988cbafe9f8
0x00007988cbafe970:   00007988cbafe9d0 00007988f3c75154
0x00007988cbafe980:   00007988f3c7510f 00007988cbafe988
0x00007988cbafe990:   000079887b4f0032 0000757500005da5
0x00007988cbafe9a0:   000000064c801910 000000064c801910
0x00007988cbafe9b0:   000000064c807338 000000064cafbd68
0x00007988cbafe9c0:   0000000000007576 00007988cbafe9f8
0x00007988cbafe9d0:   00007988cbafea60 00007988f3c5fcc9
0x00007988cbafe9e0:   00007988cbafea60 00007988f3c5fcc9
0x00007988cbafe9f0:   000000064cafbd68 000000064c801910
0x00007988cbafea00:   0000798800001fa0 00007988cbafeaa0
0x00007988cbafea10:   00007988cbafeb70 00007988cbafece8
0x00007988cbafea20:   00007988cbafec00 0000798906aeba30
0x00007988cbafea30:   00007988cbafeae0 00007988cbafece8
0x00007988cbafea40:   000079880000000a 000079887b4eff58
0x00007988cbafea50:   00007988f3c6b540 00007988cbafec08 

Instructions: (pc=0x00007988f3c970f0)
0x00007988f3c96ff0:   ea 04 7f 10 c5 fe 6f 44 d7 e8 c5 fe 7f 44 d6 e8
0x00007988f3c97000:   48 83 c2 04 c5 fd ef c0 c5 f5 ef c9 48 83 ea 04
0x00007988f3c97010:   7c 8a eb 97 66 0f 1f 44 00 00 66 0f 1f 44 00 00
0x00007988f3c97020:   55 48 8b ec 48 3b f7 48 8d 04 97 0f 86 53 ff ff
0x00007988f3c97030:   ff 48 3b f0 0f 83 4a ff ff ff 48 8b ca 48 d1 ea
0x00007988f3c97040:   f7 c1 01 00 00 00 0f 84 3a 00 00 00 8b 44 8f fc
0x00007988f3c97050:   89 44 8e fc e9 2d 00 00 00 48 8b 44 d7 f8 48 89
0x00007988f3c97060:   44 d6 f8 48 ff ca 75 f1 48 33 c0 c5 f8 77 c9 c3
0x00007988f3c97070:   c5 fe 6f 44 d7 20 c5 fe 7f 44 d6 20 c5 fe 6f 0c
0x00007988f3c97080:   d7 c5 fe 7f 0c d6 48 83 ea 08 7d e4 48 83 c2 04
0x00007988f3c97090:   7c 0e c5 fe 6f 04 d7 c5 fe 7f 04 d6 48 83 ea 04
0x00007988f3c970a0:   c5 fd ef c0 c5 f5 ef c9 48 83 c2 04 7f ab 48 33
0x00007988f3c970b0:   c0 c5 f8 77 c9 c3 66 66 0f 1f 84 00 00 00 00 00
0x00007988f3c970c0:   55 48 8b ec 48 8d 7c d7 f8 48 8d 4c d6 f8 48 f7
0x00007988f3c970d0:   da e9 32 00 00 00 48 8b 44 d7 08 48 89 44 d1 08
0x00007988f3c970e0:   48 ff c2 75 f1 48 33 c0 c5 f8 77 c9 c3 66 66 90
0x00007988f3c970f0:   c5 fe 6f 44 d7 c8 c5 fe 7f 44 d1 c8 c5 fe 6f 4c
0x00007988f3c97100:   d7 e8 c5 fe 7f 4c d1 e8 48 83 c2 08 7e e2 48 83
0x00007988f3c97110:   ea 04 7f 10 c5 fe 6f 44 d7 e8 c5 fe 7f 44 d1 e8
0x00007988f3c97120:   48 83 c2 04 c5 fd ef c0 c5 f5 ef c9 48 83 ea 04
0x00007988f3c97130:   7c a4 c5 f8 77 48 33 c0 c9 c3 66 0f 1f 44 00 00
0x00007988f3c97140:   55 48 8b ec 48 3b f7 48 8d 04 d7 0f 86 73 ff ff
0x00007988f3c97150:   ff 48 3b f0 0f 83 6a ff ff ff e9 37 00 00 00 48
0x00007988f3c97160:   8b 44 d7 f8 48 89 44 d6 f8 48 ff ca 75 f1 48 33
0x00007988f3c97170:   c0 c5 f8 77 c9 c3 66 66 0f 1f 84 00 00 00 00 00
0x00007988f3c97180:   c5 fe 6f 44 d7 20 c5 fe 7f 44 d6 20 c5 fe 6f 0c
0x00007988f3c97190:   d7 c5 fe 7f 0c d6 48 83 ea 08 7d e4 48 83 c2 04
0x00007988f3c971a0:   7c 0e c5 fe 6f 04 d7 c5 fe 7f 04 d6 48 83 ea 04
0x00007988f3c971b0:   c5 fd ef c0 c5 f5 ef c9 48 83 c2 04 7f a1 c5 f8
0x00007988f3c971c0:   77 48 33 c0 c9 c3 66 66 66 0f 1f 84 00 00 00 00
0x00007988f3c971d0:   00 0f 1f 84 00 00 00 00 00 0f 1f 80 00 00 00 00
0x00007988f3c971e0:   55 48 8b ec 4c 8b de 41 80 7f 38 00 0f 84 cb 00 


Stack slot to memory mapping:
stack at sp + 0 slots: 0x00000000005eec00 is an unknown value
stack at sp + 1 slots: 0x00007988f461b46a is at entry_point+810 in (nmethod*)0x00007988f461af10
Compiled method (c2) 1002799 4025       4       org.bytedeco.javacv.Frame::cloneBufferArray (621 bytes)
 total in heap  [0x00007988f461af10,0x00007988f461cab0] = 7072
 relocation     [0x00007988f461b070,0x00007988f461b128] = 184
 main code      [0x00007988f461b140,0x00007988f461be80] = 3392
 stub code      [0x00007988f461be80,0x00007988f461beb8] = 56
 oops           [0x00007988f461beb8,0x00007988f461bed8] = 32
 metadata       [0x00007988f461bed8,0x00007988f461bff8] = 288
 scopes data    [0x00007988f461bff8,0x00007988f461c690] = 1688
 scopes pcs     [0x00007988f461c690,0x00007988f461c9b0] = 800
 dependencies   [0x00007988f461c9b0,0x00007988f461c9f8] = 72
 handler table  [0x00007988f461c9f8,0x00007988f461ca58] = 96
 nul chk table  [0x00007988f461ca58,0x00007988f461cab0] = 88
stack at sp + 2 slots: 0x000000064cb140c8 is an oop: [Ljava.nio.Buffer; 
{0x000000064cb140c8} - klass: 'java/nio/Buffer'[]
 - length: 1
stack at sp + 3 slots: 0x0 is NULL
stack at sp + 4 slots: 0x0000000000000001 is an unknown value
stack at sp + 5 slots: 0x000000064e9532c8 is an oop: org.bytedeco.javacpp.BytePointer 
{0x000000064e9532c8} - klass: 'org/bytedeco/javacpp/BytePointer'
 - ---- fields (total size 6 words):
 - private 'deallocator' 'Lorg/bytedeco/javacpp/Pointer$Deallocator;' @12  a 'org/bytedeco/javacpp/Pointer$NativeDeallocator'{0x000000064e9532f8} (c9d2a65f)
 - protected 'address' 'J' @16  133612797578448 (27564cd0 7985)
 - protected 'position' 'J' @24  0 (0 0)
 - protected 'limit' 'J' @32  6220800 (5eec00 0)
 - protected 'capacity' 'J' @40  6220800 (5eec00 0)
stack at sp + 6 slots: 0x000000064e9532b0 is an oop: [Ljava.nio.Buffer; 
{0x000000064e9532b0} - klass: 'java/nio/Buffer'[]
 - length: 1
stack at sp + 7 slots: 0x0 is NULL

StubRoutines::jlong_disjoint_arraycopy [0x00007988f3c970c0, 0x00007988f3c9713a] (122 bytes)
[MachCode]
  0x00007988f3c970c0: 5548 8bec | 488d 7cd7 | f848 8d4c | d6f8 48f7 | dae9 3200 | 0000 488b | 44d7 0848 | 8944 d108 
  0x00007988f3c970e0: 48ff c275 | f148 33c0 | c5f8 77c9 | c366 6690 | c5fe 6f44 | d7c8 c5fe | 7f44 d1c8 | c5fe 6f4c 
  0x00007988f3c97100: d7e8 c5fe | 7f4c d1e8 | 4883 c208 | 7ee2 4883 | ea04 7f10 | c5fe 6f44 | d7e8 c5fe | 7f44 d1e8 
  0x00007988f3c97120: 4883 c204 | c5fd efc0 | c5f5 efc9 | 4883 ea04 | 7ca4 c5f8 | 7748 33c0 | 
[/MachCode]

---------------  P R O C E S S  ---------------

Threads class SMR info:
_java_thread_list=0x00007987c00caa60, length=53, elements={
0x0000798904033a30, 0x000079890415a620, 0x000079890415ba10, 0x00007989041611d0,
0x0000798904162590, 0x00007989041639b0, 0x00007989041653f0, 0x0000798904166930,
0x0000798904167db0, 0x00007989041714f0, 0x0000798904baa5b0, 0x0000798904f51d80,
0x0000798904f5ab30, 0x0000798860000ff0, 0x0000798905fa61d0, 0x0000798905fa93d0,
0x00007987cc183460, 0x0000798906aeba30, 0x0000798906aebfb0, 0x0000798906ae9270,
0x0000798906ebaab0, 0x00007986ac0025d0, 0x00007986ac003710, 0x00007986ac004760,
0x00007986ac0057b0, 0x00007986ac006800, 0x00007986ac0078a0, 0x00007986ac0088f0,
0x00007986ac009a50, 0x00007986ac00abb0, 0x00007986ac00bd40, 0x00007986ac00ceb0,
0x00007986ac00e030, 0x00007986ac00f1c0, 0x00007986ac010350, 0x00007986ac0114f0,
0x00007986ac012690, 0x00007987cc616d70, 0x00007987cc111db0, 0x00007987cc112d90,
0x00007987cc77d020, 0x00007987cc5b48a0, 0x00007987cc5b5880, 0x00007987cc5b6a50,
0x00007987cc5b7a90, 0x00007987cc5b8c70, 0x00007987cc5f9580, 0x00007987cc5fa300,
0x00007987cc5fb4d0, 0x00007987cc5fc6d0, 0x00007987cc5fd720, 0x00007987cc5fe770,
0x00007987cc5ff7b0
}

Java Threads: ( => current thread )
  0x0000798904033a30 JavaThread "main" [_thread_in_native, id=25900, stack(0x000079890ad25000,0x000079890ae25000)]
  0x000079890415a620 JavaThread "Reference Handler" daemon [_thread_blocked, id=25907, stack(0x00007988d50f2000,0x00007988d51f2000)]
  0x000079890415ba10 JavaThread "Finalizer" daemon [_thread_blocked, id=25908, stack(0x00007988d4d00000,0x00007988d4e00000)]
  0x00007989041611d0 JavaThread "Signal Dispatcher" daemon [_thread_blocked, id=25909, stack(0x00007988d4300000,0x00007988d4400000)]
  0x0000798904162590 JavaThread "Service Thread" daemon [_thread_blocked, id=25910, stack(0x00007988d4200000,0x00007988d4300000)]
  0x00007989041639b0 JavaThread "Monitor Deflation Thread" daemon [_thread_blocked, id=25911, stack(0x00007988d4100000,0x00007988d4200000)]
  0x00007989041653f0 JavaThread "C2 CompilerThread0" daemon [_thread_blocked, id=25912, stack(0x00007988d4000000,0x00007988d4100000)]
  0x0000798904166930 JavaThread "C1 CompilerThread0" daemon [_thread_blocked, id=25913, stack(0x00007988cbf00000,0x00007988cc000000)]
  0x0000798904167db0 JavaThread "Sweeper thread" daemon [_thread_blocked, id=25914, stack(0x00007988cbe00000,0x00007988cbf00000)]
  0x00007989041714f0 JavaThread "Common-Cleaner" daemon [_thread_blocked, id=25915, stack(0x00007988cbd00000,0x00007988cbe00000)]
  0x0000798904baa5b0 JavaThread "Monitor Ctrl-Break" daemon [_thread_in_native, id=25921, stack(0x00007988cb900000,0x00007988cba00000)]
  0x0000798904f51d80 JavaThread "Notification Thread" daemon [_thread_blocked, id=25922, stack(0x00007988cb800000,0x00007988cb900000)]
  0x0000798904f5ab30 JavaThread "JavaCPP Deallocator" daemon [_thread_blocked, id=25924, stack(0x00007988cb300000,0x00007988cb400000)]
  0x0000798860000ff0 JavaThread "Attach Listener" daemon [_thread_blocked, id=25994, stack(0x00007988c8dfd000,0x00007988c8efd000)]
  0x0000798905fa61d0 JavaThread "grpc-default-worker-ELG-1-1" daemon [_thread_in_native, id=26024, stack(0x00007988c9c00000,0x00007988c9d00000)]
  0x0000798905fa93d0 JavaThread "grpc-default-executor-0" daemon [_thread_blocked, id=26025, stack(0x00007988c9b00000,0x00007988c9c00000)]
  0x00007987cc183460 JavaThread "grpc-default-worker-ELG-1-2" daemon [_thread_in_native, id=26060, stack(0x00007988c9300000,0x00007988c9400000)]
=>0x0000798906aeba30 JavaThread "Thread-0" [_thread_in_Java, id=26097, stack(0x00007988cba00000,0x00007988cbb00000)]
  0x0000798906aebfb0 JavaThread "Thread-1" [_thread_blocked, id=26098, stack(0x00007988c9d00000,0x00007988c9e00000)]
  0x0000798906ae9270 JavaThread "Thread-2" [_thread_blocked, id=26099, stack(0x0000798878500000,0x0000798878600000)]
  0x0000798906ebaab0 JavaThread "Thread-3" [_thread_in_native, id=26100, stack(0x0000798878100000,0x0000798878200000)]
  0x00007986ac0025d0 JavaThread "pool-2-thread-1" [_thread_blocked, id=26101, stack(0x0000798878000000,0x0000798878100000)]
  0x00007986ac003710 JavaThread "pool-2-thread-2" [_thread_blocked, id=26102, stack(0x0000798872500000,0x0000798872600000)]
  0x00007986ac004760 JavaThread "pool-2-thread-3" [_thread_blocked, id=26118, stack(0x0000798871b00000,0x0000798871c00000)]
  0x00007986ac0057b0 JavaThread "pool-2-thread-4" [_thread_blocked, id=26119, stack(0x0000798871100000,0x0000798871200000)]
  0x00007986ac006800 JavaThread "pool-2-thread-5" [_thread_blocked, id=26121, stack(0x0000798870100000,0x0000798870200000)]
  0x00007986ac0078a0 JavaThread "pool-2-thread-6" [_thread_blocked, id=26122, stack(0x0000798870000000,0x0000798870100000)]
  0x00007986ac0088f0 JavaThread "pool-2-thread-7" [_thread_blocked, id=26123, stack(0x0000798867f00000,0x0000798868000000)]
  0x00007986ac009a50 JavaThread "pool-2-thread-8" [_thread_blocked, id=26124, stack(0x0000798867500000,0x0000798867600000)]
  0x00007986ac00abb0 JavaThread "pool-2-thread-9" [_thread_blocked, id=26126, stack(0x0000798866b00000,0x0000798866c00000)]
  0x00007986ac00bd40 JavaThread "pool-2-thread-10" [_thread_blocked, id=26127, stack(0x0000798866100000,0x0000798866200000)]
  0x00007986ac00ceb0 JavaThread "pool-2-thread-11" [_thread_blocked, id=26128, stack(0x0000798865700000,0x0000798865800000)]
  0x00007986ac00e030 JavaThread "pool-2-thread-12" [_thread_blocked, id=26130, stack(0x0000798864300000,0x0000798864400000)]
  0x00007986ac00f1c0 JavaThread "pool-2-thread-13" [_thread_blocked, id=26131, stack(0x0000798864200000,0x0000798864300000)]
  0x00007986ac010350 JavaThread "pool-2-thread-14" [_thread_blocked, id=26132, stack(0x0000798864100000,0x0000798864200000)]
  0x00007986ac0114f0 JavaThread "pool-2-thread-15" [_thread_blocked, id=26133, stack(0x0000798864000000,0x0000798864100000)]
  0x00007986ac012690 JavaThread "pool-2-thread-16" [_thread_blocked, id=26134, stack(0x0000798864d00000,0x0000798864e00000)]
  0x00007987cc616d70 JavaThread "pool-3-thread-1" [_thread_blocked, id=26141, stack(0x000079885bf00000,0x000079885c000000)]
  0x00007987cc111db0 JavaThread "pool-3-thread-2" [_thread_blocked, id=26143, stack(0x000079885b500000,0x000079885b600000)]
  0x00007987cc112d90 JavaThread "pool-3-thread-3" [_thread_blocked, id=26150, stack(0x000079885ab00000,0x000079885ac00000)]
  0x00007987cc77d020 JavaThread "pool-3-thread-4" [_thread_blocked, id=26151, stack(0x000079885a100000,0x000079885a200000)]
  0x00007987cc5b48a0 JavaThread "pool-3-thread-5" [_thread_blocked, id=26154, stack(0x0000798859700000,0x0000798859800000)]
  0x00007987cc5b5880 JavaThread "pool-3-thread-6" [_thread_blocked, id=26159, stack(0x0000798858d00000,0x0000798858e00000)]
  0x00007987cc5b6a50 JavaThread "pool-3-thread-7" [_thread_blocked, id=26160, stack(0x0000798858300000,0x0000798858400000)]
  0x00007987cc5b7a90 JavaThread "pool-3-thread-8" [_thread_blocked, id=26161, stack(0x0000798858200000,0x0000798858300000)]
  0x00007987cc5b8c70 JavaThread "pool-3-thread-9" [_thread_blocked, id=26162, stack(0x0000798858100000,0x0000798858200000)]
  0x00007987cc5f9580 JavaThread "pool-3-thread-10" [_thread_blocked, id=26163, stack(0x0000798858000000,0x0000798858100000)]
  0x00007987cc5fa300 JavaThread "pool-3-thread-11" [_thread_blocked, id=26164, stack(0x000079884ff00000,0x0000798850000000)]
  0x00007987cc5fb4d0 JavaThread "pool-3-thread-12" [_thread_blocked, id=26165, stack(0x000079884fe00000,0x000079884ff00000)]
  0x00007987cc5fc6d0 JavaThread "pool-3-thread-13" [_thread_blocked, id=26166, stack(0x000079884fd00000,0x000079884fe00000)]
  0x00007987cc5fd720 JavaThread "pool-3-thread-14" [_thread_blocked, id=26167, stack(0x000079884f900000,0x000079884fa00000)]
  0x00007987cc5fe770 JavaThread "pool-3-thread-15" [_thread_blocked, id=26170, stack(0x000079884f300000,0x000079884f400000)]
  0x00007987cc5ff7b0 JavaThread "pool-3-thread-16" [_thread_blocked, id=26171, stack(0x000079884f200000,0x000079884f300000)]

Other Threads:
  0x0000798904156560 VMThread "VM Thread" [stack: 0x00007988d51f3000,0x00007988d52f3000] [id=25906]
  0x0000798904036250 WatcherThread [stack: 0x00007988cb700000,0x00007988cb800000] [id=25923]
  0x0000798904060980 GCTaskThread "GC Thread#0" [stack: 0x00007988fc0fe000,0x00007988fc1fe000] [id=25901]
  0x0000798874006c60 GCTaskThread "GC Thread#1" [stack: 0x00007988cb200000,0x00007988cb300000] [id=25925]
  0x0000798874007630 GCTaskThread "GC Thread#2" [stack: 0x00007988cb0ff000,0x00007988cb1ff000] [id=25926]
  0x0000798874008040 GCTaskThread "GC Thread#3" [stack: 0x00007988cad00000,0x00007988cae00000] [id=25927]
  0x0000798874008a50 GCTaskThread "GC Thread#4" [stack: 0x00007988cabff000,0x00007988cacff000] [id=25928]
  0x0000798874009460 GCTaskThread "GC Thread#5" [stack: 0x00007988caafe000,0x00007988cabfe000] [id=25929]
  0x0000798874009ea0 GCTaskThread "GC Thread#6" [stack: 0x00007988ca700000,0x00007988ca800000] [id=25930]
  0x000079887400acd0 GCTaskThread "GC Thread#7" [stack: 0x00007988ca5ff000,0x00007988ca6ff000] [id=25931]
  0x000079887400bb40 GCTaskThread "GC Thread#8" [stack: 0x00007988ca4fe000,0x00007988ca5fe000] [id=25932]
  0x000079887400c9b0 GCTaskThread "GC Thread#9" [stack: 0x00007988ca100000,0x00007988ca200000] [id=25933]
  0x0000798874015720 GCTaskThread "GC Thread#10" [stack: 0x00007988c8cfd000,0x00007988c8dfd000] [id=26092]
  0x0000798874011b10 GCTaskThread "GC Thread#11" [stack: 0x000079884f800000,0x000079884f900000] [id=26168]
  0x0000798874012e70 GCTaskThread "GC Thread#12" [stack: 0x000079884f6ff000,0x000079884f7ff000] [id=26169]
  0x000079890406f940 ConcurrentGCThread "G1 Main Marker" [stack: 0x00007988fbd00000,0x00007988fbe00000] [id=25902]
  0x00007989040708b0 ConcurrentGCThread "G1 Conc#0" [stack: 0x00007988fbbff000,0x00007988fbcff000] [id=25903]
  0x00007988d0000eb0 ConcurrentGCThread "G1 Conc#1" [stack: 0x00007988c8900000,0x00007988c8a00000] [id=26093]
  0x00007988d0001690 ConcurrentGCThread "G1 Conc#2" [stack: 0x00007988c8100000,0x00007988c8200000] [id=26094]
  0x00007989041294c0 ConcurrentGCThread "G1 Refine#0" [stack: 0x00007988d53f5000,0x00007988d54f5000] [id=25904]
  0x000079890412a3c0 ConcurrentGCThread "G1 Service" [stack: 0x00007988d52f4000,0x00007988d53f4000] [id=25905]

Threads with active compile tasks:

VM state: not at safepoint (normal execution)

VM Mutex/Monitor currently owned by a thread: None

Heap address: 0x000000064bc00000, size: 6980 MB, Compressed Oops mode: Zero based, Oop shift amount: 3

CDS archive(s) mapped at: [0x000079887f000000-0x000079887fbc9000-0x000079887fbc9000), size 12357632, SharedBaseAddress: 0x000079887f000000, ArchiveRelocationMode: 1.
Compressed class space mapped at: 0x0000798880000000-0x00007988c0000000, reserved size: 1073741824
Narrow klass base: 0x000079887f000000, Narrow klass shift: 0, Narrow klass range: 0x100000000

GC Precious Log:
 CPUs: 16 total, 16 available
 Memory: 27913M
 Large Page Support: Disabled
 NUMA Support: Disabled
 Compressed Oops: Enabled (Zero based)
 Heap Region Size: 4M
 Heap Min Capacity: 8M
 Heap Initial Capacity: 440M
 Heap Max Capacity: 6980M
 Pre-touch: Disabled
 Parallel Workers: 13
 Concurrent Workers: 3
 Concurrent Refinement Workers: 13
 Periodic GC: Disabled

Heap:
 garbage-first heap   total 110592K, used 73933K [0x000000064bc00000, 0x0000000800000000)
  region size 4096K, 15 young (61440K), 1 survivors (4096K)
 Metaspace       used 24169K, committed 24384K, reserved 1114112K
  class space    used 2203K, committed 2304K, reserved 1048576K

Heap Regions: E=young(eden), S=young(survivor), O=old, HS=humongous(starts), HC=humongous(continues), CS=collection set, F=free, OA=open archive, CA=closed archive, TAMS=top-at-mark-start (previous, next)
|   0|0x000000064bc00000, 0x000000064c000000, 0x000000064c000000|100%| O|  |TAMS 0x000000064c000000, 0x000000064bc00000| Untracked 
|   1|0x000000064c000000, 0x000000064c400000, 0x000000064c400000|100%| O|  |TAMS 0x000000064c400000, 0x000000064c000000| Untracked 
|   2|0x000000064c400000, 0x000000064c7b3a00, 0x000000064c800000| 92%| O|  |TAMS 0x000000064c7b3a00, 0x000000064c400000| Untracked 
|   3|0x000000064c800000, 0x000000064cc00000, 0x000000064cc00000|100%| O|  |TAMS 0x000000064c800000, 0x000000064c800000| Untracked 
|   4|0x000000064cc00000, 0x000000064d000000, 0x000000064d000000|100%| O|  |TAMS 0x000000064cc00000, 0x000000064cc00000| Untracked 
|   5|0x000000064d000000, 0x000000064d07d000, 0x000000064d400000| 12%| O|  |TAMS 0x000000064d000000, 0x000000064d000000| Untracked 
|   6|0x000000064d400000, 0x000000064d400000, 0x000000064d800000|  0%| F|  |TAMS 0x000000064d400000, 0x000000064d400000| Untracked 
|   7|0x000000064d800000, 0x000000064d800000, 0x000000064dc00000|  0%| F|  |TAMS 0x000000064d800000, 0x000000064d800000| Untracked 
|   8|0x000000064dc00000, 0x000000064dc00000, 0x000000064e000000|  0%| F|  |TAMS 0x000000064dc00000, 0x000000064dc00000| Untracked 
|   9|0x000000064e000000, 0x000000064e000000, 0x000000064e400000|  0%| F|  |TAMS 0x000000064e000000, 0x000000064e000000| Untracked 
|  10|0x000000064e400000, 0x000000064e416b30, 0x000000064e800000|  2%| S|CS|TAMS 0x000000064e400000, 0x000000064e400000| Complete 
|  11|0x000000064e800000, 0x000000064eb2f220, 0x000000064ec00000| 79%| E|  |TAMS 0x000000064e800000, 0x000000064e800000| Complete 
|  12|0x000000064ec00000, 0x000000064f000000, 0x000000064f000000|100%| E|  |TAMS 0x000000064ec00000, 0x000000064ec00000| Complete 
|  13|0x000000064f000000, 0x000000064f400000, 0x000000064f400000|100%| E|CS|TAMS 0x000000064f000000, 0x000000064f000000| Complete 
|  14|0x000000064f400000, 0x000000064f800000, 0x000000064f800000|100%| E|CS|TAMS 0x000000064f400000, 0x000000064f400000| Complete 
|  15|0x000000064f800000, 0x000000064fc00000, 0x000000064fc00000|100%| E|CS|TAMS 0x000000064f800000, 0x000000064f800000| Complete 
|  16|0x000000064fc00000, 0x0000000650000000, 0x0000000650000000|100%| E|CS|TAMS 0x000000064fc00000, 0x000000064fc00000| Complete 
|  17|0x0000000650000000, 0x0000000650400000, 0x0000000650400000|100%| E|CS|TAMS 0x0000000650000000, 0x0000000650000000| Complete 
|  18|0x0000000650400000, 0x0000000650800000, 0x0000000650800000|100%| E|CS|TAMS 0x0000000650400000, 0x0000000650400000| Complete 
|  19|0x0000000650800000, 0x0000000650c00000, 0x0000000650c00000|100%| E|CS|TAMS 0x0000000650800000, 0x0000000650800000| Complete 
|  20|0x0000000650c00000, 0x0000000651000000, 0x0000000651000000|100%| E|CS|TAMS 0x0000000650c00000, 0x0000000650c00000| Complete 
|  21|0x0000000651000000, 0x0000000651400000, 0x0000000651400000|100%| E|CS|TAMS 0x0000000651000000, 0x0000000651000000| Complete 
|  71|0x000000065d800000, 0x000000065dc00000, 0x000000065dc00000|100%| E|CS|TAMS 0x000000065d800000, 0x000000065d800000| Complete 
|  72|0x000000065dc00000, 0x000000065e000000, 0x000000065e000000|100%| E|CS|TAMS 0x000000065dc00000, 0x000000065dc00000| Complete 
| 109|0x0000000667000000, 0x0000000667400000, 0x0000000667400000|100%| E|CS|TAMS 0x0000000667000000, 0x0000000667000000| Complete 
|1743|0x00000007ff800000, 0x00000007ffb75000, 0x00000007ffc00000| 86%|OA|  |TAMS 0x00000007ffb75000, 0x00000007ff800000| Untracked 
|1744|0x00000007ffc00000, 0x00000007ffc77000, 0x0000000800000000| 11%|CA|  |TAMS 0x00000007ffc77000, 0x00000007ffc00000| Untracked 

Card table byte_map: [0x00007988eac00000,0x00007988eb9a2000] _byte_map_base: 0x00007988e79a2000

Marking Bits (Prev, Next): (CMBitMap*) 0x0000798904061450, (CMBitMap*) 0x0000798904061410
 Prev Bits: [0x00007988dc200000, 0x00007988e2f10000)
 Next Bits: [0x00007988e3000000, 0x00007988e9d10000)

Polling page: 0x000079890af4c000

Metaspace:

Usage:
  Non-class:     21.45 MB used.
      Class:      2.15 MB used.
       Both:     23.60 MB used.

Virtual space:
  Non-class space:       64.00 MB reserved,      21.56 MB ( 34%) committed,  1 nodes.
      Class space:        1.00 GB reserved,       2.25 MB ( <1%) committed,  1 nodes.
             Both:        1.06 GB reserved,      23.81 MB (  2%) committed. 

Chunk freelists:
   Non-Class:  9.83 MB
       Class:  13.58 MB
        Both:  23.41 MB

MaxMetaspaceSize: unlimited
CompressedClassSpaceSize: 1.00 GB
Initial GC threshold: 21.00 MB
Current GC threshold: 35.25 MB
CDS: on
MetaspaceReclaimPolicy: balanced
 - commit_granule_bytes: 65536.
 - commit_granule_words: 8192.
 - virtual_space_node_default_size: 8388608.
 - enlarge_chunks_in_place: 1.
 - new_chunks_are_fully_committed: 0.
 - uncommit_free_chunks: 1.
 - use_allocation_guard: 0.
 - handle_deallocations: 1.


Internal statistics:

num_allocs_failed_limit: 3.
num_arena_births: 116.
num_arena_deaths: 0.
num_vsnodes_births: 2.
num_vsnodes_deaths: 0.
num_space_committed: 379.
num_space_uncommitted: 0.
num_chunks_returned_to_freelist: 3.
num_chunks_taken_from_freelist: 796.
num_chunk_merges: 3.
num_chunk_splits: 684.
num_chunks_enlarged: 618.
num_inconsistent_stats: 0.

CodeHeap 'non-profiled nmethods': size=119168Kb used=3085Kb max_used=3085Kb free=116082Kb
 bounds [0x00007988f43a0000, 0x00007988f46b0000, 0x00007988fb800000]
CodeHeap 'profiled nmethods': size=119164Kb used=6271Kb max_used=8204Kb free=112892Kb
 bounds [0x00007988ec800000, 0x00007988ed010000, 0x00007988f3c5f000]
CodeHeap 'non-nmethods': size=7428Kb used=1759Kb max_used=3490Kb free=5668Kb
 bounds [0x00007988f3c5f000, 0x00007988f3fcf000, 0x00007988f43a0000]
 total_blobs=4960 nmethods=3781 adapters=1091
 compilation: enabled
              stopped_count=0, restarted_count=0
 full_count=0

Compilation events (20 events):
Event: 966.356 Thread 0x0000798904166930 4476       3       java.io.PrintStream::append (20 bytes)
Event: 966.356 Thread 0x0000798904166930 nmethod 4476 0x00007988ecabe710 code [0x00007988ecabe920, 0x00007988ecabef50]
Event: 966.356 Thread 0x0000798904166930 4477       3       java.lang.String::subSequence (7 bytes)
Event: 966.356 Thread 0x0000798904166930 nmethod 4477 0x00007988ecb42210 code [0x00007988ecb423c0, 0x00007988ecb42500]
Event: 973.109 Thread 0x00007989041653f0 4478   !   4       io.grpc.internal.ContextRunnable::run (35 bytes)
Event: 973.255 Thread 0x00007989041653f0 nmethod 4478 0x00007988f4696010 code [0x00007988f4696700, 0x00007988f469da70]
Event: 977.849 Thread 0x00007989041653f0 4479       4       jdk.internal.misc.Unsafe::checkPointer (19 bytes)
Event: 977.849 Thread 0x00007989041653f0 nmethod 4479 0x00007988f46a1e90 code [0x00007988f46a2020, 0x00007988f46a20d8]
Event: 984.367 Thread 0x00007989041653f0 4480       4       com.google.protobuf.ByteString::<init> (10 bytes)
Event: 984.367 Thread 0x00007989041653f0 nmethod 4480 0x00007988f46a2190 code [0x00007988f46a2300, 0x00007988f46a2378]
Event: 995.130 Thread 0x0000798904166930 4481       3       io.grpc.netty.shaded.io.netty.channel.AdaptiveRecvByteBufAllocator$HandleImpl::lastBytesRead (19 bytes)
Event: 995.130 Thread 0x0000798904166930 nmethod 4481 0x00007988ecdcfe90 code [0x00007988ecdd0040, 0x00007988ecdd0300]
Event: 995.130 Thread 0x0000798904166930 4482       3       io.grpc.netty.shaded.io.netty.channel.DefaultMaxMessagesRecvByteBufAllocator$MaxMessageHandle::lastBytesRead (20 bytes)
Event: 995.130 Thread 0x0000798904166930 nmethod 4482 0x00007988ecb6f090 code [0x00007988ecb6f220, 0x00007988ecb6f370]
Event: 999.469 Thread 0x00007989041653f0 4483       4       io.grpc.netty.shaded.io.netty.channel.RecvByteBufAllocator$DelegatingHandle::lastBytesRead (11 bytes)
Event: 999.470 Thread 0x00007989041653f0 nmethod 4483 0x00007988f46a2490 code [0x00007988f46a2620, 0x00007988f46a27d8]
Event: 999.470 Thread 0x00007989041653f0 4484       4       io.grpc.netty.shaded.io.netty.channel.epoll.EpollRecvByteAllocatorHandle::allocate (22 bytes)
Event: 999.472 Thread 0x00007989041653f0 nmethod 4484 0x00007988f46a2990 code [0x00007988f46a2b40, 0x00007988f46a2da8]
Event: 1001.621 Thread 0x00007989041653f0 4485       4       io.grpc.netty.shaded.io.netty.handler.codec.http2.Http2FrameLogger::isEnabled (14 bytes)
Event: 1001.622 Thread 0x00007989041653f0 nmethod 4485 0x00007988f46a3010 code [0x00007988f46a31c0, 0x00007988f46a3358]

GC Heap History (20 events):
Event: 960.452 GC heap before
{Heap before GC invocations=221 (full 0):
 garbage-first heap   total 110592K, used 82043K [0x000000064bc00000, 0x0000000800000000)
  region size 4096K, 15 young (61440K), 1 survivors (4096K)
 Metaspace       used 24167K, committed 24384K, reserved 1114112K
  class space    used 2203K, committed 2304K, reserved 1048576K
}
Event: 960.454 GC heap after
{Heap after GC invocations=222 (full 0):
 garbage-first heap   total 110592K, used 24707K [0x000000064bc00000, 0x0000000800000000)
  region size 4096K, 1 young (4096K), 1 survivors (4096K)
 Metaspace       used 24167K, committed 24384K, reserved 1114112K
  class space    used 2203K, committed 2304K, reserved 1048576K
}
Event: 964.645 GC heap before
{Heap before GC invocations=222 (full 0):
 garbage-first heap   total 110592K, used 77955K [0x000000064bc00000, 0x0000000800000000)
  region size 4096K, 15 young (61440K), 1 survivors (4096K)
 Metaspace       used 24167K, committed 24384K, reserved 1114112K
  class space    used 2203K, committed 2304K, reserved 1048576K
}
Event: 964.646 GC heap after
{Heap after GC invocations=223 (full 0):
 garbage-first heap   total 110592K, used 24716K [0x000000064bc00000, 0x0000000800000000)
  region size 4096K, 1 young (4096K), 1 survivors (4096K)
 Metaspace       used 24167K, committed 24384K, reserved 1114112K
  class space    used 2203K, committed 2304K, reserved 1048576K
}
Event: 968.815 GC heap before
{Heap before GC invocations=223 (full 0):
 garbage-first heap   total 110592K, used 77964K [0x000000064bc00000, 0x0000000800000000)
  region size 4096K, 15 young (61440K), 1 survivors (4096K)
 Metaspace       used 24168K, committed 24384K, reserved 1114112K
  class space    used 2203K, committed 2304K, reserved 1048576K
}
Event: 968.816 GC heap after
{Heap after GC invocations=224 (full 0):
 garbage-first heap   total 110592K, used 24733K [0x000000064bc00000, 0x0000000800000000)
  region size 4096K, 1 young (4096K), 1 survivors (4096K)
 Metaspace       used 24168K, committed 24384K, reserved 1114112K
  class space    used 2203K, committed 2304K, reserved 1048576K
}
Event: 973.082 GC heap before
{Heap before GC invocations=224 (full 0):
 garbage-first heap   total 110592K, used 77981K [0x000000064bc00000, 0x0000000800000000)
  region size 4096K, 15 young (61440K), 1 survivors (4096K)
 Metaspace       used 24168K, committed 24384K, reserved 1114112K
  class space    used 2203K, committed 2304K, reserved 1048576K
}
Event: 973.083 GC heap after
{Heap after GC invocations=225 (full 0):
 garbage-first heap   total 110592K, used 24907K [0x000000064bc00000, 0x0000000800000000)
  region size 4096K, 1 young (4096K), 1 survivors (4096K)
 Metaspace       used 24168K, committed 24384K, reserved 1114112K
  class space    used 2203K, committed 2304K, reserved 1048576K
}
Event: 977.354 GC heap before
{Heap before GC invocations=225 (full 0):
 garbage-first heap   total 110592K, used 78155K [0x000000064bc00000, 0x0000000800000000)
  region size 4096K, 15 young (61440K), 1 survivors (4096K)
 Metaspace       used 24168K, committed 24384K, reserved 1114112K
  class space    used 2203K, committed 2304K, reserved 1048576K
}
Event: 977.355 GC heap after
{Heap after GC invocations=226 (full 0):
 garbage-first heap   total 110592K, used 24915K [0x000000064bc00000, 0x0000000800000000)
  region size 4096K, 1 young (4096K), 1 survivors (4096K)
 Metaspace       used 24168K, committed 24384K, reserved 1114112K
  class space    used 2203K, committed 2304K, reserved 1048576K
}
Event: 981.557 GC heap before
{Heap before GC invocations=226 (full 0):
 garbage-first heap   total 110592K, used 78163K [0x000000064bc00000, 0x0000000800000000)
  region size 4096K, 15 young (61440K), 1 survivors (4096K)
 Metaspace       used 24168K, committed 24384K, reserved 1114112K
  class space    used 2203K, committed 2304K, reserved 1048576K
}
Event: 981.558 GC heap after
{Heap after GC invocations=227 (full 0):
 garbage-first heap   total 110592K, used 24744K [0x000000064bc00000, 0x0000000800000000)
  region size 4096K, 1 young (4096K), 1 survivors (4096K)
 Metaspace       used 24168K, committed 24384K, reserved 1114112K
  class space    used 2203K, committed 2304K, reserved 1048576K
}
Event: 985.881 GC heap before
{Heap before GC invocations=227 (full 0):
 garbage-first heap   total 110592K, used 77992K [0x000000064bc00000, 0x0000000800000000)
  region size 4096K, 15 young (61440K), 1 survivors (4096K)
 Metaspace       used 24168K, committed 24384K, reserved 1114112K
  class space    used 2203K, committed 2304K, reserved 1048576K
}
Event: 985.882 GC heap after
{Heap after GC invocations=228 (full 0):
 garbage-first heap   total 110592K, used 24751K [0x000000064bc00000, 0x0000000800000000)
  region size 4096K, 1 young (4096K), 1 survivors (4096K)
 Metaspace       used 24168K, committed 24384K, reserved 1114112K
  class space    used 2203K, committed 2304K, reserved 1048576K
}
Event: 990.135 GC heap before
{Heap before GC invocations=228 (full 0):
 garbage-first heap   total 110592K, used 77999K [0x000000064bc00000, 0x0000000800000000)
  region size 4096K, 15 young (61440K), 1 survivors (4096K)
 Metaspace       used 24168K, committed 24384K, reserved 1114112K
  class space    used 2203K, committed 2304K, reserved 1048576K
}
Event: 990.136 GC heap after
{Heap after GC invocations=229 (full 0):
 garbage-first heap   total 110592K, used 24756K [0x000000064bc00000, 0x0000000800000000)
  region size 4096K, 1 young (4096K), 1 survivors (4096K)
 Metaspace       used 24168K, committed 24384K, reserved 1114112K
  class space    used 2203K, committed 2304K, reserved 1048576K
}
Event: 994.411 GC heap before
{Heap before GC invocations=229 (full 0):
 garbage-first heap   total 110592K, used 78004K [0x000000064bc00000, 0x0000000800000000)
  region size 4096K, 15 young (61440K), 1 survivors (4096K)
 Metaspace       used 24168K, committed 24384K, reserved 1114112K
  class space    used 2203K, committed 2304K, reserved 1048576K
}
Event: 994.412 GC heap after
{Heap after GC invocations=230 (full 0):
 garbage-first heap   total 110592K, used 24766K [0x000000064bc00000, 0x0000000800000000)
  region size 4096K, 1 young (4096K), 1 survivors (4096K)
 Metaspace       used 24168K, committed 24384K, reserved 1114112K
  class space    used 2203K, committed 2304K, reserved 1048576K
}
Event: 998.689 GC heap before
{Heap before GC invocations=230 (full 0):
 garbage-first heap   total 110592K, used 78014K [0x000000064bc00000, 0x0000000800000000)
  region size 4096K, 15 young (61440K), 1 survivors (4096K)
 Metaspace       used 24168K, committed 24384K, reserved 1114112K
  class space    used 2203K, committed 2304K, reserved 1048576K
}
Event: 998.690 GC heap after
{Heap after GC invocations=231 (full 0):
 garbage-first heap   total 110592K, used 24781K [0x000000064bc00000, 0x0000000800000000)
  region size 4096K, 1 young (4096K), 1 survivors (4096K)
 Metaspace       used 24168K, committed 24384K, reserved 1114112K
  class space    used 2203K, committed 2304K, reserved 1048576K
}

Dll operation events (20 events):
Event: 0.434 Loaded shared library /home/pan/.javacpp/cache/ffmpeg-6.0-1.5.9-linux-x86_64.jar/org/bytedeco/ffmpeg/linux-x86_64/libswscale.so.7
Event: 0.439 Loaded shared library /home/pan/.javacpp/cache/ffmpeg-6.0-1.5.9-linux-x86_64.jar/org/bytedeco/ffmpeg/linux-x86_64/libjniswscale.so
Event: 0.480 Loaded shared library /home/pan/.javacpp/cache/ffmpeg-6.0-1.5.9-linux-x86_64.jar/org/bytedeco/ffmpeg/linux-x86_64/libavfilter.so.9
Event: 0.486 Loaded shared library /home/pan/.javacpp/cache/ffmpeg-6.0-1.5.9-linux-x86_64.jar/org/bytedeco/ffmpeg/linux-x86_64/libjniavfilter.so
Event: 0.504 Loaded shared library /home/pan/.javacpp/cache/ffmpeg-6.0-1.5.9-linux-x86_64.jar/org/bytedeco/ffmpeg/linux-x86_64/libavdevice.so.60
Event: 0.509 Loaded shared library /home/pan/.javacpp/cache/ffmpeg-6.0-1.5.9-linux-x86_64.jar/org/bytedeco/ffmpeg/linux-x86_64/libjniavdevice.so
Event: 1.426 Loaded shared library /tmp/libio_grpc_netty_shaded_netty_transport_native_epoll_x86_646413044070613449164.so
Event: 1.622 Loaded shared library /home/pan/.javacpp/cache/openblas-0.3.23-1.5.9-linux-x86_64.jar/org/bytedeco/openblas/linux-x86_64/libgcc_s.so.1
Event: 1.625 Loaded shared library /home/pan/.javacpp/cache/openblas-0.3.23-1.5.9-linux-x86_64.jar/org/bytedeco/openblas/linux-x86_64/libquadmath.so.0
Event: 1.628 Loaded shared library /home/pan/.javacpp/cache/openblas-0.3.23-1.5.9-linux-x86_64.jar/org/bytedeco/openblas/linux-x86_64/libgfortran.so.5
Event: 1.648 Loaded shared library /home/pan/.javacpp/cache/openblas-0.3.23-1.5.9-linux-x86_64.jar/org/bytedeco/openblas/linux-x86_64/libopenblas_nolapack.so.0
Event: 1.667 Loaded shared library /home/pan/.javacpp/cache/openblas-0.3.23-1.5.9-linux-x86_64.jar/org/bytedeco/openblas/linux-x86_64/libjniopenblas_nolapack.so
Event: 1.742 Loaded shared library /home/pan/.javacpp/cache/openblas-0.3.23-1.5.9-linux-x86_64.jar/org/bytedeco/openblas/linux-x86_64/libopenblas.so.0
Event: 1.746 Loaded shared library /home/pan/.javacpp/cache/openblas-0.3.23-1.5.9-linux-x86_64.jar/org/bytedeco/openblas/linux-x86_64/libjniopenblas.so
Event: 2.545 Loaded shared library /home/pan/.javacpp/cache/opencv-4.7.0-1.5.9-linux-x86_64.jar/org/bytedeco/opencv/linux-x86_64/libopencv_core.so.407
Event: 2.593 Loaded shared library /home/pan/.javacpp/cache/opencv-4.7.0-1.5.9-linux-x86_64.jar/org/bytedeco/opencv/linux-x86_64/libopencv_imgproc.so.407
Event: 2.606 Loaded shared library /home/pan/.javacpp/cache/opencv-4.7.0-1.5.9-linux-x86_64.jar/org/bytedeco/opencv/linux-x86_64/libjniopencv_core.so
Event: 2.868 Loaded shared library /home/pan/.javacpp/cache/opencv-4.7.0-1.5.9-linux-x86_64.jar/org/bytedeco/opencv/linux-x86_64/libjniopencv_imgproc.so
Event: 2.883 Loaded shared library /home/pan/.javacpp/cache/opencv-4.7.0-1.5.9-linux-x86_64.jar/org/bytedeco/opencv/linux-x86_64/libopencv_imgcodecs.so.407
Event: 2.887 Loaded shared library /home/pan/.javacpp/cache/opencv-4.7.0-1.5.9-linux-x86_64.jar/org/bytedeco/opencv/linux-x86_64/libjniopencv_imgcodecs.so

Deoptimization events (20 events):
Event: 605.086 Thread 0x00007987cc183460 Uncommon trap: trap_request=0xffffff45 fr.pc=0x00007988f44078d0 relative=0x00000000000017f0
Event: 605.086 Thread 0x00007987cc183460 Uncommon trap: reason=unstable_if action=reinterpret pc=0x00007988f44078d0 method=io.grpc.netty.shaded.io.netty.buffer.SizeClasses.pages2pageIdxCompute(IZ)I @ 72 c2
Event: 605.086 Thread 0x00007987cc183460 DEOPT PACKING pc=0x00007988f44078d0 sp=0x00007988c93fe1f0
Event: 605.086 Thread 0x00007987cc183460 DEOPT UNPACKING pc=0x00007988f3cb5699 sp=0x00007988c93fdfd8 mode 2
Event: 716.054 Thread 0x00007987cc183460 Uncommon trap: trap_request=0xffffffde fr.pc=0x00007988f4647460 relative=0x00000000000012a0
Event: 716.054 Thread 0x00007987cc183460 Uncommon trap: reason=class_check action=maybe_recompile pc=0x00007988f4647460 method=io.grpc.netty.shaded.io.netty.handler.codec.http2.DefaultHttp2FrameReader.processPayloadState(Lio/grpc/netty/shaded/io/netty/channel/ChannelHandlerContext;Lio/grpc/netty
Event: 716.054 Thread 0x00007987cc183460 DEOPT PACKING pc=0x00007988f4647460 sp=0x00007988c93fe350
Event: 716.054 Thread 0x00007987cc183460 DEOPT UNPACKING pc=0x00007988f3cb5699 sp=0x00007988c93fe090 mode 2
Event: 915.289 Thread 0x00007987cc183460 Uncommon trap: trap_request=0xffffffde fr.pc=0x00007988f4647460 relative=0x00000000000012a0
Event: 915.289 Thread 0x00007987cc183460 Uncommon trap: reason=class_check action=maybe_recompile pc=0x00007988f4647460 method=io.grpc.netty.shaded.io.netty.handler.codec.http2.DefaultHttp2FrameReader.processPayloadState(Lio/grpc/netty/shaded/io/netty/channel/ChannelHandlerContext;Lio/grpc/netty
Event: 915.289 Thread 0x00007987cc183460 DEOPT PACKING pc=0x00007988f4647460 sp=0x00007988c93fe3e0
Event: 915.289 Thread 0x00007987cc183460 DEOPT UNPACKING pc=0x00007988f3cb5699 sp=0x00007988c93fe120 mode 2
Event: 988.177 Thread 0x00007987cc183460 Uncommon trap: trap_request=0xffffff45 fr.pc=0x00007988f467c608 relative=0x0000000000000d68
Event: 988.177 Thread 0x00007987cc183460 Uncommon trap: reason=unstable_if action=reinterpret pc=0x00007988f467c608 method=io.grpc.netty.shaded.io.netty.channel.unix.Socket.recvAddress(JII)I @ 15 c2
Event: 988.177 Thread 0x00007987cc183460 DEOPT PACKING pc=0x00007988f467c608 sp=0x00007988c93fe5c0
Event: 988.177 Thread 0x00007987cc183460 DEOPT UNPACKING pc=0x00007988f3cb5699 sp=0x00007988c93fe488 mode 2
Event: 988.177 Thread 0x00007987cc183460 Uncommon trap: trap_request=0xffffff45 fr.pc=0x00007988f447f44c relative=0x000000000000012c
Event: 988.177 Thread 0x00007987cc183460 Uncommon trap: reason=unstable_if action=reinterpret pc=0x00007988f447f44c method=io.grpc.netty.shaded.io.netty.channel.DefaultMaxMessagesRecvByteBufAllocator$MaxMessageHandle.lastBytesRead(I)V @ 6 c2
Event: 988.177 Thread 0x00007987cc183460 DEOPT PACKING pc=0x00007988f447f44c sp=0x00007988c93fe510
Event: 988.177 Thread 0x00007987cc183460 DEOPT UNPACKING pc=0x00007988f3cb5699 sp=0x00007988c93fe468 mode 2

Classes loaded (20 events):
Event: 2.796 Loading class java/nio/DirectFloatBufferU
Event: 2.796 Loading class java/nio/DirectFloatBufferU done
Event: 2.796 Loading class java/nio/DirectShortBufferU
Event: 2.796 Loading class java/nio/DirectShortBufferU done
Event: 2.846 Loading class java/util/concurrent/locks/AbstractQueuedSynchronizer$ExclusiveNode
Event: 2.846 Loading class java/util/concurrent/locks/AbstractQueuedSynchronizer$ExclusiveNode done
Event: 2.847 Loading class java/util/concurrent/FutureTask
Event: 2.847 Loading class java/util/concurrent/FutureTask done
Event: 2.847 Loading class java/util/concurrent/FutureTask$WaitNode
Event: 2.847 Loading class java/util/concurrent/FutureTask$WaitNode done
Event: 6.923 Loading class java/util/concurrent/atomic/Striped64$Cell
Event: 6.923 Loading class java/util/concurrent/atomic/Striped64$Cell done
Event: 7.823 Loading class jdk/internal/math/FormattedFloatingDecimal$Form
Event: 7.823 Loading class jdk/internal/math/FormattedFloatingDecimal$Form done
Event: 7.823 Loading class jdk/internal/math/FormattedFloatingDecimal
Event: 7.823 Loading class jdk/internal/math/FormattedFloatingDecimal done
Event: 7.823 Loading class jdk/internal/math/FormattedFloatingDecimal$1
Event: 7.823 Loading class jdk/internal/math/FormattedFloatingDecimal$1 done
Event: 7.823 Loading class jdk/internal/math/FormattedFloatingDecimal$2
Event: 7.823 Loading class jdk/internal/math/FormattedFloatingDecimal$2 done

Classes unloaded (0 events):
No events

Classes redefined (0 events):
No events

Internal exceptions (20 events):
Event: 0.185 Thread 0x0000798904033a30 Exception <a 'java/lang/NoSuchMethodError'{0x0000000667019670}: 'int java.lang.invoke.DirectMethodHandle$Holder.invokeStaticInit(java.lang.Object, java.lang.Object)'> (0x0000000667019670) 
thrown [src/hotspot/share/interpreter/linkResolver.cpp, line 759]
Event: 1.305 Thread 0x0000798904033a30 Exception <a 'java/lang/NoSuchMethodError'{0x00000006651c0310}: 'java.lang.Object java.lang.invoke.DirectMethodHandle$Holder.invokeSpecial(java.lang.Object, java.lang.Object, java.lang.Object, long, java.lang.Object)'> (0x00000006651c0310) 
thrown [src/hotspot/share/interpreter/linkResolver.cpp, line 759]
Event: 1.305 Thread 0x0000798904033a30 Exception <a 'java/lang/NoSuchMethodError'{0x00000006651c3ee0}: 'java.lang.Object java.lang.invoke.Invokers$Holder.linkToTargetMethod(java.lang.Object, long, java.lang.Object, java.lang.Object)'> (0x00000006651c3ee0) 
thrown [src/hotspot/share/interpreter/linkResolver.cpp, line 759]
Event: 1.313 Thread 0x0000798904033a30 Exception <a 'java/lang/ClassNotFoundException'{0x00000006651fdd20}: javax/smartcardio/CardPermission> (0x00000006651fdd20) 
thrown [src/hotspot/share/classfile/systemDictionary.cpp, line 256]
Event: 1.314 Thread 0x0000798904033a30 Exception <a 'java/io/FileNotFoundException'{0x000000066520b520}> (0x000000066520b520) 
thrown [src/hotspot/share/prims/jni.cpp, line 516]
Event: 1.328 Thread 0x0000798904033a30 Implicit null exception at 0x00007988f43db8bb to 0x00007988f43dc0e0
Event: 1.328 Thread 0x0000798904033a30 Implicit null exception at 0x00007988f43cf32f to 0x00007988f43cf3a9
Event: 1.409 Thread 0x0000798904033a30 Exception <a 'java/lang/UnsatisfiedLinkError'{0x000000066460cc08}: 'int io.grpc.netty.shaded.io.netty.channel.epoll.Native.offsetofEpollData()'> (0x000000066460cc08) 
thrown [src/hotspot/share/prims/nativeLookup.cpp, line 543]
Event: 1.411 Thread 0x0000798904033a30 Exception <a 'java/lang/reflect/InvocationTargetException'{0x0000000664636290}> (0x0000000664636290) 
thrown [src/hotspot/share/runtime/reflection.cpp, line 1128]
Event: 1.790 Thread 0x0000798905fa93d0 Exception <a 'java/lang/NoSuchMethodError'{0x000000066243deb8}: 'java.lang.Object java.lang.invoke.DirectMethodHandle$Holder.invokeStatic(java.lang.Object, java.lang.Object, long, java.lang.Object)'> (0x000000066243deb8) 
thrown [src/hotspot/share/interpreter/linkResolver.cpp, line 759]
Event: 1.790 Thread 0x0000798905fa93d0 Exception <a 'java/lang/NoSuchMethodError'{0x0000000662441950}: 'java.lang.Object java.lang.invoke.DirectMethodHandle$Holder.invokeStaticInit(java.lang.Object, java.lang.Object, long, java.lang.Object)'> (0x0000000662441950) 
thrown [src/hotspot/share/interpreter/linkResolver.cpp, line 759]
Event: 1.791 Thread 0x0000798905fa93d0 Exception <a 'java/lang/NoSuchMethodError'{0x0000000662447f50}: 'java.lang.Object java.lang.invoke.DirectMethodHandle$Holder.newInvokeSpecial(java.lang.Object, java.lang.Object, long)'> (0x0000000662447f50) 
thrown [src/hotspot/share/interpreter/linkResolver.cpp, line 759]
Event: 1.791 Thread 0x0000798905fa93d0 Exception <a 'java/lang/NoSuchMethodError'{0x000000066244bac0}: 'java.lang.Object java.lang.invoke.Invokers$Holder.linkToTargetMethod(java.lang.Object, long, java.lang.Object)'> (0x000000066244bac0) 
thrown [src/hotspot/share/interpreter/linkResolver.cpp, line 759]
Event: 2.846 Thread 0x0000798906aebfb0 Exception <a 'java/lang/NoSuchMethodError'{0x0000000650c00cf0}: 'void java.lang.invoke.DirectMethodHandle$Holder.invokeSpecial(java.lang.Object, java.lang.Object, java.lang.Object)'> (0x0000000650c00cf0) 
thrown [src/hotspot/share/interpreter/linkResolver.cpp, line 759]
Event: 2.912 Thread 0x0000798906ae9270 Exception <a 'java/lang/NoSuchMethodError'{0x0000000650014930}: 'java.lang.Object java.lang.invoke.DirectMethodHandle$Holder.newInvokeSpecial(java.lang.Object, java.lang.Object, int, int)'> (0x0000000650014930) 
thrown [src/hotspot/share/interpreter/linkResolver.cpp, line 759]
Event: 4.672 Thread 0x0000798906ebaab0 Implicit null exception at 0x00007988f4528ef8 to 0x00007988f45290a0
Event: 131.583 Thread 0x00007987cc183460 Implicit null exception at 0x00007988f460de5c to 0x00007988f460e3c0
Event: 131.583 Thread 0x00007987cc183460 Implicit null exception at 0x00007988f460de5c to 0x00007988f460e3c0
Event: 131.583 Thread 0x00007987cc183460 Implicit null exception at 0x00007988f460de5c to 0x00007988f460e3c0
Event: 131.583 Thread 0x00007987cc183460 Implicit null exception at 0x00007988f460de5c to 0x00007988f460e3c0

VM Operations (20 events):
Event: 973.082 Executing VM operation: G1CollectForAllocation
Event: 973.084 Executing VM operation: G1CollectForAllocation done
Event: 977.354 Executing VM operation: G1CollectForAllocation
Event: 977.355 Executing VM operation: G1CollectForAllocation done
Event: 981.557 Executing VM operation: G1CollectForAllocation
Event: 981.558 Executing VM operation: G1CollectForAllocation done
Event: 985.881 Executing VM operation: G1CollectForAllocation
Event: 985.882 Executing VM operation: G1CollectForAllocation done
Event: 988.882 Executing VM operation: Cleanup
Event: 988.882 Executing VM operation: Cleanup done
Event: 990.135 Executing VM operation: G1CollectForAllocation
Event: 990.136 Executing VM operation: G1CollectForAllocation done
Event: 994.411 Executing VM operation: G1CollectForAllocation
Event: 994.412 Executing VM operation: G1CollectForAllocation done
Event: 995.412 Executing VM operation: Cleanup
Event: 995.412 Executing VM operation: Cleanup done
Event: 998.689 Executing VM operation: G1CollectForAllocation
Event: 998.690 Executing VM operation: G1CollectForAllocation done
Event: 999.690 Executing VM operation: Cleanup
Event: 999.690 Executing VM operation: Cleanup done

Memory protections (20 events):
Event: 6.086 Protecting memory [0x000079884f900000,0x000079884f904000] with protection modes 0
Event: 6.110 Protecting memory [0x000079884f300000,0x000079884f304000] with protection modes 0
Event: 6.138 Protecting memory [0x000079884f200000,0x000079884f204000] with protection modes 0
Event: 20.325 Protecting memory [0x00007988cbb00000,0x00007988cbb04000] with protection modes 0
Event: 20.325 Protecting memory [0x00007988c9400000,0x00007988c9404000] with protection modes 0
Event: 20.325 Protecting memory [0x00007988cbc00000,0x00007988cbc04000] with protection modes 0
Event: 64.455 Protecting memory [0x00007988c9a00000,0x00007988c9a04000] with protection modes 0
Event: 64.455 Protecting memory [0x00007988c9500000,0x00007988c9504000] with protection modes 0
Event: 64.455 Protecting memory [0x00007988cbc00000,0x00007988cbc04000] with protection modes 0
Event: 68.555 Protecting memory [0x00007988cbc00000,0x00007988cbc04000] with protection modes 0
Event: 85.985 Protecting memory [0x00007988cbc00000,0x00007988cbc04000] with protection modes 0
Event: 85.985 Protecting memory [0x00007988c9500000,0x00007988c9504000] with protection modes 0
Event: 85.985 Protecting memory [0x00007988c9a00000,0x00007988c9a04000] with protection modes 0
Event: 107.323 Protecting memory [0x00007988cbc00000,0x00007988cbc04000] with protection modes 0
Event: 107.323 Protecting memory [0x00007988c9500000,0x00007988c9504000] with protection modes 0
Event: 107.323 Protecting memory [0x00007988c9a00000,0x00007988c9a04000] with protection modes 0
Event: 595.114 Protecting memory [0x00007988cbc00000,0x00007988cbc04000] with protection modes 0
Event: 595.114 Protecting memory [0x00007988c9500000,0x00007988c9504000] with protection modes 0
Event: 595.115 Protecting memory [0x00007988c9a00000,0x00007988c9a04000] with protection modes 0
Event: 645.269 Protecting memory [0x00007988cbc00000,0x00007988cbc04000] with protection modes 0

Nmethod flushes (20 events):
Event: 206.913 Thread 0x0000798904167db0 flushing  nmethod 0x00007988ece3f710
Event: 206.913 Thread 0x0000798904167db0 flushing  nmethod 0x00007988ece4ad10
Event: 206.913 Thread 0x0000798904167db0 flushing  nmethod 0x00007988ece69b90
Event: 206.913 Thread 0x0000798904167db0 flushing  nmethod 0x00007988ece6ac10
Event: 206.913 Thread 0x0000798904167db0 flushing  nmethod 0x00007988ece6f190
Event: 206.913 Thread 0x0000798904167db0 flushing  nmethod 0x00007988ece76610
Event: 206.913 Thread 0x0000798904167db0 flushing  nmethod 0x00007988ece7a910
Event: 206.913 Thread 0x0000798904167db0 flushing  nmethod 0x00007988ece82c10
Event: 206.913 Thread 0x0000798904167db0 flushing  nmethod 0x00007988eceaac90
Event: 206.913 Thread 0x0000798904167db0 flushing  nmethod 0x00007988eceab410
Event: 206.913 Thread 0x0000798904167db0 flushing  nmethod 0x00007988ecec7090
Event: 206.913 Thread 0x0000798904167db0 flushing  nmethod 0x00007988ecee6290
Event: 206.913 Thread 0x0000798904167db0 flushing  nmethod 0x00007988eceefc10
Event: 206.913 Thread 0x0000798904167db0 flushing  nmethod 0x00007988ecf0cb10
Event: 206.913 Thread 0x0000798904167db0 flushing  nmethod 0x00007988ecf0de10
Event: 206.913 Thread 0x0000798904167db0 flushing  nmethod 0x00007988ecf5d590
Event: 206.913 Thread 0x0000798904167db0 flushing  nmethod 0x00007988ecfa2090
Event: 206.913 Thread 0x0000798904167db0 flushing  nmethod 0x00007988ecfa4c90
Event: 206.913 Thread 0x0000798904167db0 flushing  nmethod 0x00007988ecfa7290
Event: 206.913 Thread 0x0000798904167db0 flushing  nmethod 0x00007988ecfaa990

Events (20 events):
Event: 85.985 Thread 0x0000798904166930 Thread added: 0x00007988480daf50
Event: 85.985 Thread 0x0000798904166930 Thread added: 0x00007988480da410
Event: 85.985 Thread 0x0000798904166930 Thread added: 0x0000798848025450
Event: 87.065 Thread 0x0000798848025450 Thread exited: 0x0000798848025450
Event: 87.423 Thread 0x00007988480da410 Thread exited: 0x00007988480da410
Event: 87.423 Thread 0x00007988480daf50 Thread exited: 0x00007988480daf50
Event: 107.323 Thread 0x00007989041653f0 Thread added: 0x0000798850d0f970
Event: 107.323 Thread 0x00007989041653f0 Thread added: 0x0000798850d102d0
Event: 107.323 Thread 0x00007989041653f0 Thread added: 0x0000798850d10f80
Event: 108.979 Thread 0x0000798850d10f80 Thread exited: 0x0000798850d10f80
Event: 108.979 Thread 0x0000798850d102d0 Thread exited: 0x0000798850d102d0
Event: 110.365 Thread 0x0000798850d0f970 Thread exited: 0x0000798850d0f970
Event: 595.114 Thread 0x0000798904166930 Thread added: 0x0000798848028fd0
Event: 595.114 Thread 0x0000798904166930 Thread added: 0x0000798848029be0
Event: 595.115 Thread 0x0000798904166930 Thread added: 0x00007988480cce70
Event: 600.116 Thread 0x00007988480cce70 Thread exited: 0x00007988480cce70
Event: 600.116 Thread 0x0000798848029be0 Thread exited: 0x0000798848029be0
Event: 603.251 Thread 0x0000798848028fd0 Thread exited: 0x0000798848028fd0
Event: 645.269 Thread 0x0000798904166930 Thread added: 0x0000798848028f20
Event: 650.269 Thread 0x0000798848028f20 Thread exited: 0x0000798848028f20


Dynamic libraries:
64bc00000-651400000 rw-p 00000000 00:00 0 
651400000-65d800000 ---p 00000000 00:00 0 
65d800000-65e000000 rw-p 00000000 00:00 0 
65e000000-667000000 ---p 00000000 00:00 0 
667000000-667400000 rw-p 00000000 00:00 0 
667400000-7ff800000 ---p 00000000 00:00 0 
7ff800000-7ffb00000 rw-p 00000000 00:00 0 
7ffb00000-7ffb75000 rw-p 00c78000 103:02 4342152                         /home/pan/.jdks/corretto-17.0.14/lib/server/classes.jsa
7ffb75000-7ffc00000 rw-p 00000000 00:00 0 
7ffc00000-7ffc77000 rw-p 00c01000 103:02 4342152                         /home/pan/.jdks/corretto-17.0.14/lib/server/classes.jsa
7ffc77000-800000000 rw-p 00000000 00:00 0 
613456000000-613456001000 r-xp 00000000 103:02 4342252                   /home/pan/.jdks/corretto-17.0.14/bin/java
613456201000-613456202000 r--p 00001000 103:02 4342252                   /home/pan/.jdks/corretto-17.0.14/bin/java
613456202000-613456203000 rw-p 00002000 103:02 4342252                   /home/pan/.jdks/corretto-17.0.14/bin/java
6134841c5000-613484207000 rw-p 00000000 00:00 0                          [heap]
7984dc000000-7984dddaa000 rw-p 00000000 00:00 0 
7984dddaa000-7984e0000000 ---p 00000000 00:00 0 
7984e4000000-7984e7b69000 rw-p 00000000 00:00 0 
7984e7b69000-7984e8000000 ---p 00000000 00:00 0 
7984ec000000-7984efb54000 rw-p 00000000 00:00 0 
7984efb54000-7984f0000000 ---p 00000000 00:00 0 
7984f4000000-7984f7b54000 rw-p 00000000 00:00 0 
7984f7b54000-7984f8000000 ---p 00000000 00:00 0 
7984f8000000-7984fbb54000 rw-p 00000000 00:00 0 
7984fbb54000-7984fc000000 ---p 00000000 00:00 0 
798500000000-7985007cc000 rw-p 00000000 00:00 0 
7985007cc000-798504000000 ---p 00000000 00:00 0 
798504000000-7985047cc000 rw-p 00000000 00:00 0 
7985047cc000-798508000000 ---p 00000000 00:00 0 
79850c000000-79850c021000 rw-p 00000000 00:00 0 
79850c021000-798510000000 ---p 00000000 00:00 0 
798510000000-798510021000 rw-p 00000000 00:00 0 
798510021000-798514000000 ---p 00000000 00:00 0 
798518000000-798518919000 rw-p 00000000 00:00 0 
798518919000-79851c000000 ---p 00000000 00:00 0 
79851c000000-79851c7cd000 rw-p 00000000 00:00 0 
79851c7cd000-798520000000 ---p 00000000 00:00 0 
798524000000-798527b54000 rw-p 00000000 00:00 0 
798527b54000-798528000000 ---p 00000000 00:00 0 
798528000000-79852891c000 rw-p 00000000 00:00 0 
79852891c000-79852c000000 ---p 00000000 00:00 0 
798530000000-7985307a4000 rw-p 00000000 00:00 0 
7985307a4000-798534000000 ---p 00000000 00:00 0 
798534000000-7985347cf000 rw-p 00000000 00:00 0 
7985347cf000-798538000000 ---p 00000000 00:00 0 
79853c000000-79853c920000 rw-p 00000000 00:00 0 
79853c920000-798540000000 ---p 00000000 00:00 0 
798540000000-7985407a4000 rw-p 00000000 00:00 0 
7985407a4000-798544000000 ---p 00000000 00:00 0 
798548000000-79854bb54000 rw-p 00000000 00:00 0 
79854bb54000-79854c000000 ---p 00000000 00:00 0 
79854c000000-79854c7a4000 rw-p 00000000 00:00 0 
79854c7a4000-798550000000 ---p 00000000 00:00 0 
798554000000-7985547cf000 rw-p 00000000 00:00 0 
7985547cf000-798558000000 ---p 00000000 00:00 0 
798558000000-7985587d0000 rw-p 00000000 00:00 0 
7985587d0000-79855c000000 ---p 00000000 00:00 0 
798560000000-798563b54000 rw-p 00000000 00:00 0 
798563b54000-798564000000 ---p 00000000 00:00 0 
798564000000-7985647a4000 rw-p 00000000 00:00 0 
7985647a4000-798568000000 ---p 00000000 00:00 0 
79856c000000-79856c7cf000 rw-p 00000000 00:00 0 
79856c7cf000-798570000000 ---p 00000000 00:00 0 
798570000000-798573b54000 rw-p 00000000 00:00 0 
798573b54000-798574000000 ---p 00000000 00:00 0 
798578000000-79857bb54000 rw-p 00000000 00:00 0 
79857bb54000-79857c000000 ---p 00000000 00:00 0 
79857c000000-79857c7a4000 rw-p 00000000 00:00 0 
79857c7a4000-798580000000 ---p 00000000 00:00 0 
798584000000-7985847a0000 rw-p 00000000 00:00 0 
7985847a0000-798588000000 ---p 00000000 00:00 0 
798588000000-7985881d2000 rw-p 00000000 00:00 0 
7985881d2000-79858c000000 ---p 00000000 00:00 0 
798590000000-7985901d2000 rw-p 00000000 00:00 0 
7985901d2000-798594000000 ---p 00000000 00:00 0 
798594000000-7985941d1000 rw-p 00000000 00:00 0 
7985941d1000-798598000000 ---p 00000000 00:00 0 
79859c000000-79859c1d1000 rw-p 00000000 00:00 0 
79859c1d1000-7985a0000000 ---p 00000000 00:00 0 
7985a0000000-7985a01d2000 rw-p 00000000 00:00 0 
7985a01d2000-7985a4000000 ---p 00000000 00:00 0 
7985a8000000-7985a81d4000 rw-p 00000000 00:00 0 
7985a81d4000-7985ac000000 ---p 00000000 00:00 0 
7985ac000000-7985ac1d1000 rw-p 00000000 00:00 0 
7985ac1d1000-7985b0000000 ---p 00000000 00:00 0 
7985b4000000-7985b41d1000 rw-p 00000000 00:00 0 
7985b41d1000-7985b8000000 ---p 00000000 00:00 0 
7985b8000000-7985b81d1000 rw-p 00000000 00:00 0 
7985b81d1000-7985bc000000 ---p 00000000 00:00 0 
7985c0000000-7985c01d1000 rw-p 00000000 00:00 0 
7985c01d1000-7985c4000000 ---p 00000000 00:00 0 
7985c4000000-7985c41d2000 rw-p 00000000 00:00 0 
7985c41d2000-7985c8000000 ---p 00000000 00:00 0 
7985cc000000-7985cc2fc000 rw-p 00000000 00:00 0 
7985cc2fc000-7985d0000000 ---p 00000000 00:00 0 
7985d0000000-7985d01d0000 rw-p 00000000 00:00 0 
7985d01d0000-7985d4000000 ---p 00000000 00:00 0 
7985d8000000-7985d81d3000 rw-p 00000000 00:00 0 
7985d81d3000-7985dc000000 ---p 00000000 00:00 0 
7985dc000000-7985dc021000 rw-p 00000000 00:00 0 
7985dc021000-7985e0000000 ---p 00000000 00:00 0 
7985e4000000-7985e4021000 rw-p 00000000 00:00 0 
7985e4021000-7985e8000000 ---p 00000000 00:00 0 
7985e8000000-7985e8021000 rw-p 00000000 00:00 0 
7985e8021000-7985ec000000 ---p 00000000 00:00 0 
7985f0000000-7985f0021000 rw-p 00000000 00:00 0 
7985f0021000-7985f4000000 ---p 00000000 00:00 0 
7985f4000000-7985f4021000 rw-p 00000000 00:00 0 
7985f4021000-7985f8000000 ---p 00000000 00:00 0 
7985f8000000-7985f8021000 rw-p 00000000 00:00 0 
7985f8021000-7985fc000000 ---p 00000000 00:00 0 
7985fc000000-7985fc021000 rw-p 00000000 00:00 0 
7985fc021000-798600000000 ---p 00000000 00:00 0 
798604000000-798604021000 rw-p 00000000 00:00 0 
798604021000-798608000000 ---p 00000000 00:00 0 
798608000000-798608021000 rw-p 00000000 00:00 0 
798608021000-79860c000000 ---p 00000000 00:00 0 
798610000000-798610021000 rw-p 00000000 00:00 0 
798610021000-798614000000 ---p 00000000 00:00 0 
798614000000-798614021000 rw-p 00000000 00:00 0 
798614021000-798618000000 ---p 00000000 00:00 0 
79861c000000-79861c021000 rw-p 00000000 00:00 0 
79861c021000-798620000000 ---p 00000000 00:00 0 
798620000000-798620021000 rw-p 00000000 00:00 0 
798620021000-798624000000 ---p 00000000 00:00 0 
798628000000-798628021000 rw-p 00000000 00:00 0 
798628021000-79862c000000 ---p 00000000 00:00 0 
79862c000000-79862c021000 rw-p 00000000 00:00 0 
79862c021000-798630000000 ---p 00000000 00:00 0 
798634000000-798634309000 rw-p 00000000 00:00 0 
798634309000-798638000000 ---p 00000000 00:00 0 
798638000000-798638221000 rw-p 00000000 00:00 0 
798638221000-79863c000000 ---p 00000000 00:00 0 
798640000000-79864067b000 rw-p 00000000 00:00 0 
79864067b000-798644000000 ---p 00000000 00:00 0 
798644000000-798644620000 rw-p 00000000 00:00 0 
798644620000-798648000000 ---p 00000000 00:00 0 
79864c000000-79864c625000 rw-p 00000000 00:00 0 
79864c625000-798650000000 ---p 00000000 00:00 0 
798650000000-79865063a000 rw-p 00000000 00:00 0 
79865063a000-798654000000 ---p 00000000 00:00 0 
798658000000-798658627000 rw-p 00000000 00:00 0 
798658627000-79865c000000 ---p 00000000 00:00 0 
79865c000000-79865c63a000 rw-p 00000000 00:00 0 
79865c63a000-798660000000 ---p 00000000 00:00 0 
798664000000-798664628000 rw-p 00000000 00:00 0 
798664628000-798668000000 ---p 00000000 00:00 0 
798668000000-7986686af000 rw-p 00000000 00:00 0 
7986686af000-79866c000000 ---p 00000000 00:00 0 
798670000000-798670624000 rw-p 00000000 00:00 0 
798670624000-798674000000 ---p 00000000 00:00 0 
798674000000-79867463b000 rw-p 00000000 00:00 0 
79867463b000-798678000000 ---p 00000000 00:00 0 
79867c000000-79867c626000 rw-p 00000000 00:00 0 
79867c626000-798680000000 ---p 00000000 00:00 0 
798680000000-79868063a000 rw-p 00000000 00:00 0 
79868063a000-798684000000 ---p 00000000 00:00 0 
798688000000-798688623000 rw-p 00000000 00:00 0 
798688623000-79868c000000 ---p 00000000 00:00 0 
79868c000000-79868c63e000 rw-p 00000000 00:00 0 
79868c63e000-798690000000 ---p 00000000 00:00 0 
798694000000-798694677000 rw-p 00000000 00:00 0 
798694677000-798698000000 ---p 00000000 00:00 0 
798698000000-7986989c1000 rw-p 00000000 00:00 0 
7986989c1000-79869c000000 ---p 00000000 00:00 0 
7986a0000000-7986a0c4c000 rw-p 00000000 00:00 0 
7986a0c4c000-7986a4000000 ---p 00000000 00:00 0 
7986a4000000-7986a421c000 rw-p 00000000 00:00 0 
7986a421c000-7986a8000000 ---p 00000000 00:00 0 
7986ac000000-7986ac021000 rw-p 00000000 00:00 0 
7986ac021000-7986b0000000 ---p 00000000 00:00 0 
7986b0000000-7986b3c5f000 rw-p 00000000 00:00 0 
7986b3c5f000-7986b4000000 ---p 00000000 00:00 0 
7986b8000000-7986b8021000 rw-p 00000000 00:00 0 
7986b8021000-7986bc000000 ---p 00000000 00:00 0 
7986bc000000-7987ac000000 rw-p 00000000 00:00 0 
7987ac000000-7987ac042000 rw-p 00000000 00:00 0 
7987ac042000-7987b0000000 ---p 00000000 00:00 0 
7987b4000000-7987b454a000 rw-p 00000000 00:00 0 
7987b454a000-7987b8000000 ---p 00000000 00:00 0 
7987b8000000-7987b85cd000 rw-p 00000000 00:00 0 
7987b85cd000-7987bc000000 ---p 00000000 00:00 0 
7987c0000000-7987c034b000 rw-p 00000000 00:00 0 
7987c034b000-7987c4000000 ---p 00000000 00:00 0 
7987c4000000-7987c4fb3000 rw-p 00000000 00:00 0 
7987c4fb3000-7987c8000000 ---p 00000000 00:00 0 
7987cc000000-7987ccd6a000 rw-p 00000000 00:00 0 
7987ccd6a000-7987d0000000 ---p 00000000 00:00 0 
7987d0000000-7987d0f76000 rw-p 00000000 00:00 0 
7987d0f76000-7987d4000000 ---p 00000000 00:00 0 
7987d4800000-7987d481e000 r--p 00000000 103:02 5259726                   /home/pan/.javacpp/cache/opencv-4.7.0-1.5.9-linux-x86_64.jar/org/bytedeco/opencv/linux-x86_64/libopencv_imgcodecs.so.407
7987d481e000-7987d4a2e000 r-xp 0001e000 103:02 5259726                   /home/pan/.javacpp/cache/opencv-4.7.0-1.5.9-linux-x86_64.jar/org/bytedeco/opencv/linux-x86_64/libopencv_imgcodecs.so.407
7987d4a2e000-7987d4b4c000 r--p 0022e000 103:02 5259726                   /home/pan/.javacpp/cache/opencv-4.7.0-1.5.9-linux-x86_64.jar/org/bytedeco/opencv/linux-x86_64/libopencv_imgcodecs.so.407
7987d4b4c000-7987d4b56000 r--p 0034b000 103:02 5259726                   /home/pan/.javacpp/cache/opencv-4.7.0-1.5.9-linux-x86_64.jar/org/bytedeco/opencv/linux-x86_64/libopencv_imgcodecs.so.407
7987d4b56000-7987d4b5b000 rw-p 00355000 103:02 5259726                   /home/pan/.javacpp/cache/opencv-4.7.0-1.5.9-linux-x86_64.jar/org/bytedeco/opencv/linux-x86_64/libopencv_imgcodecs.so.407
7987d4b5b000-7987d4bc4000 rw-p 00000000 00:00 0 
7987d5800000-7987d5801000 ---p 00000000 00:00 0 
7987d5801000-7987d6001000 rw-p 00000000 00:00 0 
7987d6200000-7987d6201000 ---p 00000000 00:00 0 
7987d6201000-7987d6a01000 rw-p 00000000 00:00 0 
7987d6c00000-7987d6c01000 ---p 00000000 00:00 0 
7987d6c01000-7987d7401000 rw-p 00000000 00:00 0 
7987d7600000-7987d7601000 ---p 00000000 00:00 0 
7987d7601000-7987d7e01000 rw-p 00000000 00:00 0 
7987d8000000-7987d90b9000 rw-p 00000000 00:00 0 
7987d90b9000-7987dc000000 ---p 00000000 00:00 0 
7987dc000000-7987dc021000 rw-p 00000000 00:00 0 
7987dc021000-7987e0000000 ---p 00000000 00:00 0 
7987e0400000-7987e0401000 ---p 00000000 00:00 0 
7987e0401000-7987e0c01000 rw-p 00000000 00:00 0 
7987e0e00000-7987e0e01000 ---p 00000000 00:00 0 
7987e0e01000-7987e1601000 rw-p 00000000 00:00 0 
7987e1800000-7987e1801000 ---p 00000000 00:00 0 
7987e1801000-7987e2001000 rw-p 00000000 00:00 0 
7987e2200000-7987e2201000 ---p 00000000 00:00 0 
7987e2201000-7987e2a01000 rw-p 00000000 00:00 0 
7987e2c00000-7987e2c01000 ---p 00000000 00:00 0 
7987e2c01000-7987e3401000 rw-p 00000000 00:00 0 
7987e3600000-7987e3601000 ---p 00000000 00:00 0 
7987e3601000-7987e3e01000 rw-p 00000000 00:00 0 
7987e4000000-7987e4021000 rw-p 00000000 00:00 0 
7987e4021000-7987e8000000 ---p 00000000 00:00 0 
7987e8000000-7987e8021000 rw-p 00000000 00:00 0 
7987e8021000-7987ec000000 ---p 00000000 00:00 0 
7987ec200000-7987ec201000 ---p 00000000 00:00 0 
7987ec201000-7987eca01000 rw-p 00000000 00:00 0 
7987ecc00000-7987ecc01000 ---p 00000000 00:00 0 
7987ecc01000-7987ed401000 rw-p 00000000 00:00 0 
7987ed600000-7987ed601000 ---p 00000000 00:00 0 
7987ed601000-7987ede01000 rw-p 00000000 00:00 0 
7987ee000000-7987ee001000 ---p 00000000 00:00 0 
7987ee001000-7987ee801000 rw-p 00000000 00:00 0 
7987eea00000-7987eea01000 ---p 00000000 00:00 0 
7987eea01000-7987ef201000 rw-p 00000000 00:00 0 
7987f0000000-7987f0021000 rw-p 00000000 00:00 0 
7987f0021000-7987f4000000 ---p 00000000 00:00 0 
7987f4000000-7987f4021000 rw-p 00000000 00:00 0 
7987f4021000-7987f8000000 ---p 00000000 00:00 0 
7987fa000000-7987fa2f8000 rw-p 00000000 00:00 0 
7987fa400000-7987fa746000 rw-p 00000000 00:00 0 
7987fa800000-7987fab46000 rw-p 00000000 00:00 0 
7987fac00000-7987faf46000 rw-p 00000000 00:00 0 
7987fb000000-7987fb346000 rw-p 00000000 00:00 0 
7987fb400000-7987fb746000 rw-p 00000000 00:00 0 
7987fb800000-7987fb86c000 r--p 00000000 103:02 5259722                   /home/pan/.javacpp/cache/opencv-4.7.0-1.5.9-linux-x86_64.jar/org/bytedeco/opencv/linux-x86_64/libopencv_imgproc.so.407
7987fb86c000-7987fbcc4000 r-xp 0006c000 103:02 5259722                   /home/pan/.javacpp/cache/opencv-4.7.0-1.5.9-linux-x86_64.jar/org/bytedeco/opencv/linux-x86_64/libopencv_imgproc.so.407
7987fbcc4000-7987fbddf000 r--p 004c4000 103:02 5259722                   /home/pan/.javacpp/cache/opencv-4.7.0-1.5.9-linux-x86_64.jar/org/bytedeco/opencv/linux-x86_64/libopencv_imgproc.so.407
7987fbddf000-7987fbdfb000 r--p 005de000 103:02 5259722                   /home/pan/.javacpp/cache/opencv-4.7.0-1.5.9-linux-x86_64.jar/org/bytedeco/opencv/linux-x86_64/libopencv_imgproc.so.407
7987fbdfb000-7987fbe04000 rw-p 005fa000 103:02 5259722                   /home/pan/.javacpp/cache/opencv-4.7.0-1.5.9-linux-x86_64.jar/org/bytedeco/opencv/linux-x86_64/libopencv_imgproc.so.407
7987fbe04000-7987fbea4000 rw-p 00000000 00:00 0 
7987fc000000-7987fc021000 rw-p 00000000 00:00 0 
7987fc021000-798800000000 ---p 00000000 00:00 0 
798800000000-798800021000 rw-p 00000000 00:00 0 
798800021000-798804000000 ---p 00000000 00:00 0 
798804400000-798804462000 r--p 00000000 103:02 5259716                   /home/pan/.javacpp/cache/opencv-4.7.0-1.5.9-linux-x86_64.jar/org/bytedeco/opencv/linux-x86_64/libopencv_core.so.407
798804462000-798804766000 r-xp 00062000 103:02 5259716                   /home/pan/.javacpp/cache/opencv-4.7.0-1.5.9-linux-x86_64.jar/org/bytedeco/opencv/linux-x86_64/libopencv_core.so.407
798804766000-798804834000 r--p 00366000 103:02 5259716                   /home/pan/.javacpp/cache/opencv-4.7.0-1.5.9-linux-x86_64.jar/org/bytedeco/opencv/linux-x86_64/libopencv_core.so.407
798804834000-798804842000 r--p 00433000 103:02 5259716                   /home/pan/.javacpp/cache/opencv-4.7.0-1.5.9-linux-x86_64.jar/org/bytedeco/opencv/linux-x86_64/libopencv_core.so.407
798804842000-798804848000 rw-p 00441000 103:02 5259716                   /home/pan/.javacpp/cache/opencv-4.7.0-1.5.9-linux-x86_64.jar/org/bytedeco/opencv/linux-x86_64/libopencv_core.so.407
798804848000-79880484e000 rw-p 00000000 00:00 0 
798804a00000-798804de9000 r--p 00000000 103:02 5259710                   /home/pan/.javacpp/cache/openblas-0.3.23-1.5.9-linux-x86_64.jar/org/bytedeco/openblas/linux-x86_64/libjniopenblas.so
798804de9000-798805f06000 r-xp 003e9000 103:02 5259710                   /home/pan/.javacpp/cache/openblas-0.3.23-1.5.9-linux-x86_64.jar/org/bytedeco/openblas/linux-x86_64/libjniopenblas.so
798805f06000-7988060b0000 r--p 01506000 103:02 5259710                   /home/pan/.javacpp/cache/openblas-0.3.23-1.5.9-linux-x86_64.jar/org/bytedeco/openblas/linux-x86_64/libjniopenblas.so
7988060b0000-7988060b1000 ---p 016b0000 103:02 5259710                   /home/pan/.javacpp/cache/openblas-0.3.23-1.5.9-linux-x86_64.jar/org/bytedeco/openblas/linux-x86_64/libjniopenblas.so
7988060b1000-7988060b2000 r--p 016b0000 103:02 5259710                   /home/pan/.javacpp/cache/openblas-0.3.23-1.5.9-linux-x86_64.jar/org/bytedeco/openblas/linux-x86_64/libjniopenblas.so
7988060b2000-7988060ba000 rw-p 016b1000 103:02 5259710                   /home/pan/.javacpp/cache/openblas-0.3.23-1.5.9-linux-x86_64.jar/org/bytedeco/openblas/linux-x86_64/libjniopenblas.so
7988060ba000-7988060bb000 rw-p 00000000 00:00 0 
798806200000-798806201000 ---p 00000000 00:00 0 
798806201000-798806a01000 rw-p 00000000 00:00 0 
798806c00000-798806c01000 ---p 00000000 00:00 0 
798806c01000-798807401000 rw-p 00000000 00:00 0 
798807600000-798807601000 ---p 00000000 00:00 0 
798807601000-798807e01000 rw-p 00000000 00:00 0 
798808000000-798808021000 rw-p 00000000 00:00 0 
798808021000-79880c000000 ---p 00000000 00:00 0 
79880c000000-79880c021000 rw-p 00000000 00:00 0 
79880c021000-798810000000 ---p 00000000 00:00 0 
798810400000-798810401000 ---p 00000000 00:00 0 
798810401000-798810c01000 rw-p 00000000 00:00 0 
798810e00000-798810e01000 ---p 00000000 00:00 0 
798810e01000-798811601000 rw-p 00000000 00:00 0 
798811800000-798811801000 ---p 00000000 00:00 0 
798811801000-798812001000 rw-p 00000000 00:00 0 
798812200000-798812201000 ---p 00000000 00:00 0 
798812201000-798812a01000 rw-p 00000000 00:00 0 
798812c00000-798812c01000 ---p 00000000 00:00 0 
798812c01000-798813401000 rw-p 00000000 00:00 0 
798813600000-798813601000 ---p 00000000 00:00 0 
798813601000-798813e01000 rw-p 00000000 00:00 0 
798814000000-798814021000 rw-p 00000000 00:00 0 
798814021000-798818000000 ---p 00000000 00:00 0 
798818000000-798818021000 rw-p 00000000 00:00 0 
798818021000-79881c000000 ---p 00000000 00:00 0 
79881c400000-79881c401000 ---p 00000000 00:00 0 
79881c401000-79881cc01000 rw-p 00000000 00:00 0 
79881ce00000-79881ce01000 ---p 00000000 00:00 0 
79881ce01000-79881d601000 rw-p 00000000 00:00 0 
79881d800000-79881d801000 ---p 00000000 00:00 0 
79881d801000-79881e001000 rw-p 00000000 00:00 0 
79881e200000-79881e201000 ---p 00000000 00:00 0 
79881e201000-79881ea01000 rw-p 00000000 00:00 0 
79881ec00000-79881ec01000 ---p 00000000 00:00 0 
79881ec01000-79881f401000 rw-p 00000000 00:00 0 
79881f600000-79881f601000 ---p 00000000 00:00 0 
79881f601000-79881fe01000 rw-p 00000000 00:00 0 
798820000000-798820021000 rw-p 00000000 00:00 0 
798820021000-798824000000 ---p 00000000 00:00 0 
798824000000-79882409b000 rw-p 00000000 00:00 0 
79882409b000-798828000000 ---p 00000000 00:00 0 
798828200000-798828306000 r--p 00000000 103:02 5259708                   /home/pan/.javacpp/cache/openblas-0.3.23-1.5.9-linux-x86_64.jar/org/bytedeco/openblas/linux-x86_64/libopenblas.so.0
798828306000-798828316000 r-xp 00106000 103:02 5259708                   /home/pan/.javacpp/cache/openblas-0.3.23-1.5.9-linux-x86_64.jar/org/bytedeco/openblas/linux-x86_64/libopenblas.so.0
798828316000-798828318000 ---p 00116000 103:02 5259708                   /home/pan/.javacpp/cache/openblas-0.3.23-1.5.9-linux-x86_64.jar/org/bytedeco/openblas/linux-x86_64/libopenblas.so.0
798828318000-798829ded000 r-xp 00118000 103:02 5259708                   /home/pan/.javacpp/cache/openblas-0.3.23-1.5.9-linux-x86_64.jar/org/bytedeco/openblas/linux-x86_64/libopenblas.so.0
798829ded000-798829fdc000 r--p 01bed000 103:02 5259708                   /home/pan/.javacpp/cache/openblas-0.3.23-1.5.9-linux-x86_64.jar/org/bytedeco/openblas/linux-x86_64/libopenblas.so.0
798829fdc000-798829fe2000 r--p 01ddb000 103:02 5259708                   /home/pan/.javacpp/cache/openblas-0.3.23-1.5.9-linux-x86_64.jar/org/bytedeco/openblas/linux-x86_64/libopenblas.so.0
798829fe2000-798829ffa000 rw-p 01de1000 103:02 5259708                   /home/pan/.javacpp/cache/openblas-0.3.23-1.5.9-linux-x86_64.jar/org/bytedeco/openblas/linux-x86_64/libopenblas.so.0
798829ffa000-79882a007000 rw-p 00000000 00:00 0 
79882a200000-79882a201000 ---p 00000000 00:00 0 
79882a201000-79882aa01000 rw-p 00000000 00:00 0 
79882ac00000-79882ac01000 ---p 00000000 00:00 0 
79882ac01000-79882b401000 rw-p 00000000 00:00 0 
79882b600000-79882b601000 ---p 00000000 00:00 0 
79882b601000-79882be01000 rw-p 00000000 00:00 0 
79882c000000-79882ce1b000 rw-p 00000000 00:00 0 
79882ce1b000-798830000000 ---p 00000000 00:00 0 
798830000000-7988303bb000 rw-p 00000000 00:00 0 
7988303bb000-798834000000 ---p 00000000 00:00 0 
798834400000-798834401000 ---p 00000000 00:00 0 
798834401000-798834c01000 rw-p 00000000 00:00 0 
798834e00000-798834e01000 ---p 00000000 00:00 0 
798834e01000-798835601000 rw-p 00000000 00:00 0 
798835800000-798835801000 ---p 00000000 00:00 0 
798835801000-798836001000 rw-p 00000000 00:00 0 
798836200000-798836201000 ---p 00000000 00:00 0 
798836201000-798836a01000 rw-p 00000000 00:00 0 
798836c00000-798836c01000 ---p 00000000 00:00 0 
798836c01000-798837401000 rw-p 00000000 00:00 0 
798837600000-798837601000 ---p 00000000 00:00 0 
798837601000-798837e01000 rw-p 00000000 00:00 0 
798838000000-798838350000 rw-p 00000000 00:00 0 
798838350000-79883c000000 ---p 00000000 00:00 0 
79883c000000-79883c021000 rw-p 00000000 00:00 0 
79883c021000-798840000000 ---p 00000000 00:00 0 
798840400000-798840401000 ---p 00000000 00:00 0 
798840401000-798840c01000 rw-p 00000000 00:00 0 
798840e00000-798840e01000 ---p 00000000 00:00 0 
798840e01000-798841601000 rw-p 00000000 00:00 0 
798841800000-798841801000 ---p 00000000 00:00 0 
798841801000-798842001000 rw-p 00000000 00:00 0 
798842200000-798842201000 ---p 00000000 00:00 0 
798842201000-798842a01000 rw-p 00000000 00:00 0 
798842c00000-798842c01000 ---p 00000000 00:00 0 
798842c01000-798843401000 rw-p 00000000 00:00 0 
798843600000-798843601000 ---p 00000000 00:00 0 
798843601000-798843e01000 rw-p 00000000 00:00 0 
798844000000-798844021000 rw-p 00000000 00:00 0 
798844021000-798848000000 ---p 00000000 00:00 0 
798848000000-79884859b000 rw-p 00000000 00:00 0 
79884859b000-79884c000000 ---p 00000000 00:00 0 
79884c200000-79884c4fe000 rw-p 00000000 00:00 0 
79884c600000-79884c706000 r--p 00000000 103:02 5259705                   /home/pan/.javacpp/cache/openblas-0.3.23-1.5.9-linux-x86_64.jar/org/bytedeco/openblas/linux-x86_64/libopenblas_nolapack.so.0
79884c706000-79884c716000 r-xp 00106000 103:02 5259705                   /home/pan/.javacpp/cache/openblas-0.3.23-1.5.9-linux-x86_64.jar/org/bytedeco/openblas/linux-x86_64/libopenblas_nolapack.so.0
79884c716000-79884c718000 ---p 00116000 103:02 5259705                   /home/pan/.javacpp/cache/openblas-0.3.23-1.5.9-linux-x86_64.jar/org/bytedeco/openblas/linux-x86_64/libopenblas_nolapack.so.0
79884c718000-79884e1ed000 r-xp 00118000 103:02 5259705                   /home/pan/.javacpp/cache/openblas-0.3.23-1.5.9-linux-x86_64.jar/org/bytedeco/openblas/linux-x86_64/libopenblas_nolapack.so.0
79884e1ed000-79884e3dc000 r--p 01bed000 103:02 5259705                   /home/pan/.javacpp/cache/openblas-0.3.23-1.5.9-linux-x86_64.jar/org/bytedeco/openblas/linux-x86_64/libopenblas_nolapack.so.0
79884e3dc000-79884e3e2000 r--p 01ddb000 103:02 5259705                   /home/pan/.javacpp/cache/openblas-0.3.23-1.5.9-linux-x86_64.jar/org/bytedeco/openblas/linux-x86_64/libopenblas_nolapack.so.0
79884e3e2000-79884e3fa000 rw-p 01de1000 103:02 5259705                   /home/pan/.javacpp/cache/openblas-0.3.23-1.5.9-linux-x86_64.jar/org/bytedeco/openblas/linux-x86_64/libopenblas_nolapack.so.0
79884e3fa000-79884e407000 rw-p 00000000 00:00 0 
79884e600000-79884e876000 r-xp 00000000 103:02 5259703                   /home/pan/.javacpp/cache/openblas-0.3.23-1.5.9-linux-x86_64.jar/org/bytedeco/openblas/linux-x86_64/libgfortran.so.5
79884e876000-79884ea75000 ---p 00276000 103:02 5259703                   /home/pan/.javacpp/cache/openblas-0.3.23-1.5.9-linux-x86_64.jar/org/bytedeco/openblas/linux-x86_64/libgfortran.so.5
79884ea75000-79884ea76000 r--p 00275000 103:02 5259703                   /home/pan/.javacpp/cache/openblas-0.3.23-1.5.9-linux-x86_64.jar/org/bytedeco/openblas/linux-x86_64/libgfortran.so.5
79884ea76000-79884ea78000 rw-p 00276000 103:02 5259703                   /home/pan/.javacpp/cache/openblas-0.3.23-1.5.9-linux-x86_64.jar/org/bytedeco/openblas/linux-x86_64/libgfortran.so.5
79884ee00000-79884ee3b000 r-xp 00000000 103:02 5259701                   /home/pan/.javacpp/cache/openblas-0.3.23-1.5.9-linux-x86_64.jar/org/bytedeco/openblas/linux-x86_64/libquadmath.so.0
79884ee3b000-79884f03a000 ---p 0003b000 103:02 5259701                   /home/pan/.javacpp/cache/openblas-0.3.23-1.5.9-linux-x86_64.jar/org/bytedeco/openblas/linux-x86_64/libquadmath.so.0
79884f03a000-79884f03b000 r--p 0003a000 103:02 5259701                   /home/pan/.javacpp/cache/openblas-0.3.23-1.5.9-linux-x86_64.jar/org/bytedeco/openblas/linux-x86_64/libquadmath.so.0
79884f03b000-79884f03c000 rw-p 0003b000 103:02 5259701                   /home/pan/.javacpp/cache/openblas-0.3.23-1.5.9-linux-x86_64.jar/org/bytedeco/openblas/linux-x86_64/libquadmath.so.0
79884f200000-79884f204000 ---p 00000000 00:00 0 
79884f204000-79884f300000 rw-p 00000000 00:00 0 
79884f300000-79884f304000 ---p 00000000 00:00 0 
79884f304000-79884f400000 rw-p 00000000 00:00 0 
79884f400000-79884f415000 r-xp 00000000 103:02 5259699                   /home/pan/.javacpp/cache/openblas-0.3.23-1.5.9-linux-x86_64.jar/org/bytedeco/openblas/linux-x86_64/libgcc_s.so.1
79884f415000-79884f614000 ---p 00015000 103:02 5259699                   /home/pan/.javacpp/cache/openblas-0.3.23-1.5.9-linux-x86_64.jar/org/bytedeco/openblas/linux-x86_64/libgcc_s.so.1
79884f614000-79884f615000 r--p 00014000 103:02 5259699                   /home/pan/.javacpp/cache/openblas-0.3.23-1.5.9-linux-x86_64.jar/org/bytedeco/openblas/linux-x86_64/libgcc_s.so.1
79884f615000-79884f616000 rw-p 00015000 103:02 5259699                   /home/pan/.javacpp/cache/openblas-0.3.23-1.5.9-linux-x86_64.jar/org/bytedeco/openblas/linux-x86_64/libgcc_s.so.1
79884f6fe000-79884f6ff000 ---p 00000000 00:00 0 
79884f6ff000-79884f7ff000 rw-p 00000000 00:00 0 
79884f7ff000-79884f800000 ---p 00000000 00:00 0 
79884f800000-79884f900000 rw-p 00000000 00:00 0 
79884f900000-79884f904000 ---p 00000000 00:00 0 
79884f904000-79884fa00000 rw-p 00000000 00:00 0 
79884fa00000-79884fa12000 r-xp 00000000 103:02 1181995                   /tmp/libio_grpc_netty_shaded_netty_transport_native_epoll_x86_646413044070613449164.so (deleted)
79884fa12000-79884fc11000 ---p 00012000 103:02 1181995                   /tmp/libio_grpc_netty_shaded_netty_transport_native_epoll_x86_646413044070613449164.so (deleted)
79884fc11000-79884fc13000 r--p 00011000 103:02 1181995                   /tmp/libio_grpc_netty_shaded_netty_transport_native_epoll_x86_646413044070613449164.so (deleted)
79884fc13000-79884fc14000 rw-p 00000000 00:00 0 
79884fd00000-79884fd04000 ---p 00000000 00:00 0 
79884fd04000-79884fe00000 rw-p 00000000 00:00 0 
79884fe00000-79884fe04000 ---p 00000000 00:00 0 
79884fe04000-79884ff00000 rw-p 00000000 00:00 0 
79884ff00000-79884ff04000 ---p 00000000 00:00 0 
79884ff04000-798850000000 rw-p 00000000 00:00 0 
798850000000-798851bdd000 rw-p 00000000 00:00 0 
798851bdd000-798854000000 ---p 00000000 00:00 0 
798854000000-798854021000 rw-p 00000000 00:00 0 
798854021000-798858004000 ---p 00000000 00:00 0 
798858004000-798858100000 rw-p 00000000 00:00 0 
798858100000-798858104000 ---p 00000000 00:00 0 
798858104000-798858200000 rw-p 00000000 00:00 0 
798858200000-798858204000 ---p 00000000 00:00 0 
798858204000-798858300000 rw-p 00000000 00:00 0 
798858300000-798858304000 ---p 00000000 00:00 0 
798858304000-798858400000 rw-p 00000000 00:00 0 
798858d00000-798858d04000 ---p 00000000 00:00 0 
798858d04000-798858e00000 rw-p 00000000 00:00 0 
798859700000-798859704000 ---p 00000000 00:00 0 
798859704000-798859800000 rw-p 00000000 00:00 0 
79885a100000-79885a104000 ---p 00000000 00:00 0 
79885a104000-79885a200000 rw-p 00000000 00:00 0 
79885ab00000-79885ab04000 ---p 00000000 00:00 0 
79885ab04000-79885ac00000 rw-p 00000000 00:00 0 
79885b500000-79885b504000 ---p 00000000 00:00 0 
79885b504000-79885b600000 rw-p 00000000 00:00 0 
79885bf00000-79885bf04000 ---p 00000000 00:00 0 
79885bf04000-79885c000000 rw-p 00000000 00:00 0 
79885c000000-79885c021000 rw-p 00000000 00:00 0 
79885c021000-798860000000 ---p 00000000 00:00 0 
798860000000-798860021000 rw-p 00000000 00:00 0 
798860021000-798864004000 ---p 00000000 00:00 0 
798864004000-798864100000 rw-p 00000000 00:00 0 
798864100000-798864104000 ---p 00000000 00:00 0 
798864104000-798864200000 rw-p 00000000 00:00 0 
798864200000-798864204000 ---p 00000000 00:00 0 
798864204000-798864300000 rw-p 00000000 00:00 0 
798864300000-798864304000 ---p 00000000 00:00 0 
798864304000-798864400000 rw-p 00000000 00:00 0 
798864d00000-798864d04000 ---p 00000000 00:00 0 
798864d04000-798864e00000 rw-p 00000000 00:00 0 
798865700000-798865704000 ---p 00000000 00:00 0 
798865704000-798865800000 rw-p 00000000 00:00 0 
798866100000-798866104000 ---p 00000000 00:00 0 
798866104000-798866200000 rw-p 00000000 00:00 0 
798866b00000-798866b04000 ---p 00000000 00:00 0 
798866b04000-798866c00000 rw-p 00000000 00:00 0 
798867500000-798867504000 ---p 00000000 00:00 0 
798867504000-798867600000 rw-p 00000000 00:00 0 
798867f00000-798867f04000 ---p 00000000 00:00 0 
798867f04000-798868000000 rw-p 00000000 00:00 0 
798868000000-798868021000 rw-p 00000000 00:00 0 
798868021000-79886c000000 ---p 00000000 00:00 0 
79886c000000-79886c021000 rw-p 00000000 00:00 0 
79886c021000-798870004000 ---p 00000000 00:00 0 
798870004000-798870100000 rw-p 00000000 00:00 0 
798870100000-798870104000 ---p 00000000 00:00 0 
798870104000-798870200000 rw-p 00000000 00:00 0 
798871100000-798871104000 ---p 00000000 00:00 0 
798871104000-798871200000 rw-p 00000000 00:00 0 
798871b00000-798871b04000 ---p 00000000 00:00 0 
798871b04000-798871c00000 rw-p 00000000 00:00 0 
798872500000-798872504000 ---p 00000000 00:00 0 
798872504000-798872600000 rw-p 00000000 00:00 0 
798872e7f000-798872ed5000 r--p 00000000 103:02 5259725                   /home/pan/.javacpp/cache/opencv-4.7.0-1.5.9-linux-x86_64.jar/org/bytedeco/opencv/linux-x86_64/libjniopencv_imgproc.so
798872ed5000-798872fb1000 r-xp 00056000 103:02 5259725                   /home/pan/.javacpp/cache/opencv-4.7.0-1.5.9-linux-x86_64.jar/org/bytedeco/opencv/linux-x86_64/libjniopencv_imgproc.so
798872fb1000-798872ffb000 r--p 00132000 103:02 5259725                   /home/pan/.javacpp/cache/opencv-4.7.0-1.5.9-linux-x86_64.jar/org/bytedeco/opencv/linux-x86_64/libjniopencv_imgproc.so
798872ffb000-798872ffc000 ---p 0017c000 103:02 5259725                   /home/pan/.javacpp/cache/opencv-4.7.0-1.5.9-linux-x86_64.jar/org/bytedeco/opencv/linux-x86_64/libjniopencv_imgproc.so
798872ffc000-798872fff000 r--p 0017c000 103:02 5259725                   /home/pan/.javacpp/cache/opencv-4.7.0-1.5.9-linux-x86_64.jar/org/bytedeco/opencv/linux-x86_64/libjniopencv_imgproc.so
798872fff000-798873000000 rw-p 0017f000 103:02 5259725                   /home/pan/.javacpp/cache/opencv-4.7.0-1.5.9-linux-x86_64.jar/org/bytedeco/opencv/linux-x86_64/libjniopencv_imgproc.so
798873000000-79887308a000 r--p 00000000 103:02 5259688                   /home/pan/.javacpp/cache/ffmpeg-6.0-1.5.9-linux-x86_64.jar/org/bytedeco/ffmpeg/linux-x86_64/libavfilter.so.9
79887308a000-7988733d8000 r-xp 0008a000 103:02 5259688                   /home/pan/.javacpp/cache/ffmpeg-6.0-1.5.9-linux-x86_64.jar/org/bytedeco/ffmpeg/linux-x86_64/libavfilter.so.9
7988733d8000-798873495000 r--p 003d8000 103:02 5259688                   /home/pan/.javacpp/cache/ffmpeg-6.0-1.5.9-linux-x86_64.jar/org/bytedeco/ffmpeg/linux-x86_64/libavfilter.so.9
798873495000-798873517000 r--p 00494000 103:02 5259688                   /home/pan/.javacpp/cache/ffmpeg-6.0-1.5.9-linux-x86_64.jar/org/bytedeco/ffmpeg/linux-x86_64/libavfilter.so.9
798873517000-798873519000 rw-p 00516000 103:02 5259688                   /home/pan/.javacpp/cache/ffmpeg-6.0-1.5.9-linux-x86_64.jar/org/bytedeco/ffmpeg/linux-x86_64/libavfilter.so.9
798873519000-79887351c000 rw-p 00000000 00:00 0 
798873600000-7988736bf000 r--p 00000000 103:02 5259682                   /home/pan/.javacpp/cache/ffmpeg-6.0-1.5.9-linux-x86_64.jar/org/bytedeco/ffmpeg/linux-x86_64/libavformat.so.60
7988736bf000-798873d78000 r-xp 000bf000 103:02 5259682                   /home/pan/.javacpp/cache/ffmpeg-6.0-1.5.9-linux-x86_64.jar/org/bytedeco/ffmpeg/linux-x86_64/libavformat.so.60
798873d78000-798873f3a000 r--p 00778000 103:02 5259682                   /home/pan/.javacpp/cache/ffmpeg-6.0-1.5.9-linux-x86_64.jar/org/bytedeco/ffmpeg/linux-x86_64/libavformat.so.60
798873f3a000-798873fcf000 r--p 00939000 103:02 5259682                   /home/pan/.javacpp/cache/ffmpeg-6.0-1.5.9-linux-x86_64.jar/org/bytedeco/ffmpeg/linux-x86_64/libavformat.so.60
798873fcf000-798873fd8000 rw-p 009ce000 103:02 5259682                   /home/pan/.javacpp/cache/ffmpeg-6.0-1.5.9-linux-x86_64.jar/org/bytedeco/ffmpeg/linux-x86_64/libavformat.so.60
798873fd8000-798873fe1000 rw-p 00000000 00:00 0 
798874000000-798874021000 rw-p 00000000 00:00 0 
798874021000-798878004000 ---p 00000000 00:00 0 
798878004000-798878100000 rw-p 00000000 00:00 0 
798878100000-798878104000 ---p 00000000 00:00 0 
798878104000-798878200000 rw-p 00000000 00:00 0 
798878200000-7988784fe000 rw-p 00000000 00:00 0 
798878500000-798878504000 ---p 00000000 00:00 0 
798878504000-798878600000 rw-p 00000000 00:00 0 
798878600000-7988786ad000 r--p 00000000 103:02 5259679                   /home/pan/.javacpp/cache/ffmpeg-6.0-1.5.9-linux-x86_64.jar/org/bytedeco/ffmpeg/linux-x86_64/libavcodec.so.60
7988786ad000-798879f6c000 r-xp 000ad000 103:02 5259679                   /home/pan/.javacpp/cache/ffmpeg-6.0-1.5.9-linux-x86_64.jar/org/bytedeco/ffmpeg/linux-x86_64/libavcodec.so.60
798879f6c000-79887a544000 r--p 0196c000 103:02 5259679                   /home/pan/.javacpp/cache/ffmpeg-6.0-1.5.9-linux-x86_64.jar/org/bytedeco/ffmpeg/linux-x86_64/libavcodec.so.60
79887a544000-79887a545000 ---p 01f44000 103:02 5259679                   /home/pan/.javacpp/cache/ffmpeg-6.0-1.5.9-linux-x86_64.jar/org/bytedeco/ffmpeg/linux-x86_64/libavcodec.so.60
79887a545000-79887a5d3000 r--p 01f44000 103:02 5259679                   /home/pan/.javacpp/cache/ffmpeg-6.0-1.5.9-linux-x86_64.jar/org/bytedeco/ffmpeg/linux-x86_64/libavcodec.so.60
79887a5d3000-79887a5ea000 rw-p 01fd2000 103:02 5259679                   /home/pan/.javacpp/cache/ffmpeg-6.0-1.5.9-linux-x86_64.jar/org/bytedeco/ffmpeg/linux-x86_64/libavcodec.so.60
79887a5ea000-79887af92000 rw-p 00000000 00:00 0 
79887b000000-79887b3f0000 rw-p 00000000 00:00 0 
79887b3f0000-79887c4f0000 rw-p 00000000 00:00 0 
79887c4f0000-79887c560000 rw-p 00000000 00:00 0 
79887c560000-79887c600000 ---p 00000000 00:00 0 
79887c600000-79887c630000 rw-p 00000000 00:00 0 
79887c630000-79887f000000 ---p 00000000 00:00 0 
79887f000000-79887fbc9000 rw-p 00001000 103:02 4342152                   /home/pan/.jdks/corretto-17.0.14/lib/server/classes.jsa
79887fbc9000-798880000000 ---p 00000000 00:00 0 
798880000000-798880030000 rw-p 00000000 00:00 0 
798880030000-798880070000 rw-p 00000000 00:00 0 
798880070000-7988800f0000 rw-p 00000000 00:00 0 
7988800f0000-798880230000 rw-p 00000000 00:00 0 
798880230000-798880240000 ---p 00000000 00:00 0 
798880240000-798880250000 rw-p 00000000 00:00 0 
798880250000-7988c0000000 ---p 00000000 00:00 0 
7988c0000000-7988c0021000 rw-p 00000000 00:00 0 
7988c0021000-7988c4000000 ---p 00000000 00:00 0 
7988c4000000-7988c4021000 rw-p 00000000 00:00 0 
7988c4021000-7988c8000000 ---p 00000000 00:00 0 
7988c80ff000-7988c8100000 ---p 00000000 00:00 0 
7988c8100000-7988c8200000 rw-p 00000000 00:00 0 
7988c8200000-7988c82cf000 r--p 00000000 103:02 5259724                   /home/pan/.javacpp/cache/opencv-4.7.0-1.5.9-linux-x86_64.jar/org/bytedeco/opencv/linux-x86_64/libjniopencv_core.so
7988c82cf000-7988c84c0000 r-xp 000cf000 103:02 5259724                   /home/pan/.javacpp/cache/opencv-4.7.0-1.5.9-linux-x86_64.jar/org/bytedeco/opencv/linux-x86_64/libjniopencv_core.so
7988c84c0000-7988c8597000 r--p 002c0000 103:02 5259724                   /home/pan/.javacpp/cache/opencv-4.7.0-1.5.9-linux-x86_64.jar/org/bytedeco/opencv/linux-x86_64/libjniopencv_core.so
7988c8597000-7988c85a4000 r--p 00396000 103:02 5259724                   /home/pan/.javacpp/cache/opencv-4.7.0-1.5.9-linux-x86_64.jar/org/bytedeco/opencv/linux-x86_64/libjniopencv_core.so
7988c85a4000-7988c85a7000 rw-p 003a3000 103:02 5259724                   /home/pan/.javacpp/cache/opencv-4.7.0-1.5.9-linux-x86_64.jar/org/bytedeco/opencv/linux-x86_64/libjniopencv_core.so
7988c85a7000-7988c85a8000 rw-p 00000000 00:00 0 
7988c8600000-7988c8617000 r--p 00000000 103:02 5259673                   /home/pan/.javacpp/cache/ffmpeg-6.0-1.5.9-linux-x86_64.jar/org/bytedeco/ffmpeg/linux-x86_64/libavutil.so.58
7988c8617000-7988c86c6000 r-xp 00017000 103:02 5259673                   /home/pan/.javacpp/cache/ffmpeg-6.0-1.5.9-linux-x86_64.jar/org/bytedeco/ffmpeg/linux-x86_64/libavutil.so.58
7988c86c6000-7988c86ea000 r--p 000c6000 103:02 5259673                   /home/pan/.javacpp/cache/ffmpeg-6.0-1.5.9-linux-x86_64.jar/org/bytedeco/ffmpeg/linux-x86_64/libavutil.so.58
7988c86ea000-7988c86eb000 ---p 000ea000 103:02 5259673                   /home/pan/.javacpp/cache/ffmpeg-6.0-1.5.9-linux-x86_64.jar/org/bytedeco/ffmpeg/linux-x86_64/libavutil.so.58
7988c86eb000-7988c86fd000 r--p 000ea000 103:02 5259673                   /home/pan/.javacpp/cache/ffmpeg-6.0-1.5.9-linux-x86_64.jar/org/bytedeco/ffmpeg/linux-x86_64/libavutil.so.58
7988c86fd000-7988c86fe000 rw-p 000fc000 103:02 5259673                   /home/pan/.javacpp/cache/ffmpeg-6.0-1.5.9-linux-x86_64.jar/org/bytedeco/ffmpeg/linux-x86_64/libavutil.so.58
7988c86fe000-7988c880d000 rw-p 00000000 00:00 0 
7988c88ff000-7988c8900000 ---p 00000000 00:00 0 
7988c8900000-7988c8a00000 rw-p 00000000 00:00 0 
7988c8a00000-7988c8a02000 r-xp 00000000 103:02 5259672                   /home/pan/.javacpp/cache/ffmpeg-6.0-1.5.9-linux-x86_64.jar/org/bytedeco/ffmpeg/linux-x86_64/libva-drm.so
7988c8a02000-7988c8c01000 ---p 00002000 103:02 5259672                   /home/pan/.javacpp/cache/ffmpeg-6.0-1.5.9-linux-x86_64.jar/org/bytedeco/ffmpeg/linux-x86_64/libva-drm.so
7988c8c01000-7988c8c02000 r--p 00001000 103:02 5259672                   /home/pan/.javacpp/cache/ffmpeg-6.0-1.5.9-linux-x86_64.jar/org/bytedeco/ffmpeg/linux-x86_64/libva-drm.so
7988c8c02000-7988c8c03000 rw-p 00002000 103:02 5259672                   /home/pan/.javacpp/cache/ffmpeg-6.0-1.5.9-linux-x86_64.jar/org/bytedeco/ffmpeg/linux-x86_64/libva-drm.so
7988c8cfc000-7988c8cfd000 ---p 00000000 00:00 0 
7988c8cfd000-7988c8dfd000 rw-p 00000000 00:00 0 
7988c8dfd000-7988c8e01000 ---p 00000000 00:00 0 
7988c8e01000-7988c8efd000 rw-p 00000000 00:00 0 
7988c8efd000-7988c8f27000 r--p 00000000 103:02 11846987                  /usr/lib/x86_64-linux-gnu/libasound.so.2.0.0
7988c8f27000-7988c8fbe000 r-xp 0002a000 103:02 11846987                  /usr/lib/x86_64-linux-gnu/libasound.so.2.0.0
7988c8fbe000-7988c8ff8000 r--p 000c1000 103:02 11846987                  /usr/lib/x86_64-linux-gnu/libasound.so.2.0.0
7988c8ff8000-7988c8fff000 r--p 000fa000 103:02 11846987                  /usr/lib/x86_64-linux-gnu/libasound.so.2.0.0
7988c8fff000-7988c9000000 rw-p 00101000 103:02 11846987                  /usr/lib/x86_64-linux-gnu/libasound.so.2.0.0
7988c9000000-7988c9010000 r-xp 00000000 103:02 5259670                   /home/pan/.javacpp/cache/ffmpeg-6.0-1.5.9-linux-x86_64.jar/org/bytedeco/ffmpeg/linux-x86_64/libdrm.so.2
7988c9010000-7988c920f000 ---p 00010000 103:02 5259670                   /home/pan/.javacpp/cache/ffmpeg-6.0-1.5.9-linux-x86_64.jar/org/bytedeco/ffmpeg/linux-x86_64/libdrm.so.2
7988c920f000-7988c9210000 r--p 0000f000 103:02 5259670                   /home/pan/.javacpp/cache/ffmpeg-6.0-1.5.9-linux-x86_64.jar/org/bytedeco/ffmpeg/linux-x86_64/libdrm.so.2
7988c9210000-7988c9211000 rw-p 00010000 103:02 5259670                   /home/pan/.javacpp/cache/ffmpeg-6.0-1.5.9-linux-x86_64.jar/org/bytedeco/ffmpeg/linux-x86_64/libdrm.so.2
7988c9300000-7988c9304000 ---p 00000000 00:00 0 
7988c9304000-7988c9400000 rw-p 00000000 00:00 0 
7988c9600000-7988c962b000 r-xp 00000000 103:02 5259669                   /home/pan/.javacpp/cache/ffmpeg-6.0-1.5.9-linux-x86_64.jar/org/bytedeco/ffmpeg/linux-x86_64/libva.so
7988c962b000-7988c982a000 ---p 0002b000 103:02 5259669                   /home/pan/.javacpp/cache/ffmpeg-6.0-1.5.9-linux-x86_64.jar/org/bytedeco/ffmpeg/linux-x86_64/libva.so
7988c982a000-7988c982b000 r--p 0002a000 103:02 5259669                   /home/pan/.javacpp/cache/ffmpeg-6.0-1.5.9-linux-x86_64.jar/org/bytedeco/ffmpeg/linux-x86_64/libva.so
7988c982b000-7988c982c000 rw-p 0002b000 103:02 5259669                   /home/pan/.javacpp/cache/ffmpeg-6.0-1.5.9-linux-x86_64.jar/org/bytedeco/ffmpeg/linux-x86_64/libva.so
7988c98d2000-7988c992e000 r--p 00000000 103:02 5259675                   /home/pan/.javacpp/cache/ffmpeg-6.0-1.5.9-linux-x86_64.jar/org/bytedeco/ffmpeg/linux-x86_64/libjniavutil.so
7988c992e000-7988c99b4000 r-xp 0005c000 103:02 5259675                   /home/pan/.javacpp/cache/ffmpeg-6.0-1.5.9-linux-x86_64.jar/org/bytedeco/ffmpeg/linux-x86_64/libjniavutil.so
7988c99b4000-7988c99f0000 r--p 000e2000 103:02 5259675                   /home/pan/.javacpp/cache/ffmpeg-6.0-1.5.9-linux-x86_64.jar/org/bytedeco/ffmpeg/linux-x86_64/libjniavutil.so
7988c99f0000-7988c99fd000 r--p 0011d000 103:02 5259675                   /home/pan/.javacpp/cache/ffmpeg-6.0-1.5.9-linux-x86_64.jar/org/bytedeco/ffmpeg/linux-x86_64/libjniavutil.so
7988c99fd000-7988c99ff000 rw-p 0012a000 103:02 5259675                   /home/pan/.javacpp/cache/ffmpeg-6.0-1.5.9-linux-x86_64.jar/org/bytedeco/ffmpeg/linux-x86_64/libjniavutil.so
7988c99ff000-7988c9a00000 rw-p 00000000 00:00 0 
7988c9b00000-7988c9b04000 ---p 00000000 00:00 0 
7988c9b04000-7988c9c00000 rw-p 00000000 00:00 0 
7988c9c00000-7988c9c04000 ---p 00000000 00:00 0 
7988c9c04000-7988c9d00000 rw-p 00000000 00:00 0 
7988c9d00000-7988c9d04000 ---p 00000000 00:00 0 
7988c9d04000-7988c9e00000 rw-p 00000000 00:00 0 
7988c9e00000-7988c9e9a000 r--p 00000000 103:02 11848158                  /usr/lib/x86_64-linux-gnu/libstdc++.so.6.0.30
7988c9e9a000-7988c9fab000 r-xp 0009a000 103:02 11848158                  /usr/lib/x86_64-linux-gnu/libstdc++.so.6.0.30
7988c9fab000-7988ca01a000 r--p 001ab000 103:02 11848158                  /usr/lib/x86_64-linux-gnu/libstdc++.so.6.0.30
7988ca01a000-7988ca01b000 ---p 0021a000 103:02 11848158                  /usr/lib/x86_64-linux-gnu/libstdc++.so.6.0.30
7988ca01b000-7988ca026000 r--p 0021a000 103:02 11848158                  /usr/lib/x86_64-linux-gnu/libstdc++.so.6.0.30
7988ca026000-7988ca029000 rw-p 00225000 103:02 11848158                  /usr/lib/x86_64-linux-gnu/libstdc++.so.6.0.30
7988ca029000-7988ca02c000 rw-p 00000000 00:00 0 
7988ca0ff000-7988ca100000 ---p 00000000 00:00 0 
7988ca100000-7988ca200000 rw-p 00000000 00:00 0 
7988ca200000-7988ca202000 r-xp 00000000 103:02 4342186                   /home/pan/.jdks/corretto-17.0.14/lib/libextnet.so
7988ca202000-7988ca401000 ---p 00002000 103:02 4342186                   /home/pan/.jdks/corretto-17.0.14/lib/libextnet.so
7988ca401000-7988ca402000 r--p 00001000 103:02 4342186                   /home/pan/.jdks/corretto-17.0.14/lib/libextnet.so
7988ca402000-7988ca403000 rw-p 00000000 00:00 0 
7988ca4fd000-7988ca4fe000 ---p 00000000 00:00 0 
7988ca4fe000-7988ca5fe000 rw-p 00000000 00:00 0 
7988ca5fe000-7988ca5ff000 ---p 00000000 00:00 0 
7988ca5ff000-7988ca6ff000 rw-p 00000000 00:00 0 
7988ca6ff000-7988ca700000 ---p 00000000 00:00 0 
7988ca700000-7988ca800000 rw-p 00000000 00:00 0 
7988ca800000-7988ca815000 r-xp 00000000 103:02 4342139                   /home/pan/.jdks/corretto-17.0.14/lib/libnet.so
7988ca815000-7988caa14000 ---p 00015000 103:02 4342139                   /home/pan/.jdks/corretto-17.0.14/lib/libnet.so
7988caa14000-7988caa15000 r--p 00014000 103:02 4342139                   /home/pan/.jdks/corretto-17.0.14/lib/libnet.so
7988caa15000-7988caa16000 rw-p 00015000 103:02 4342139                   /home/pan/.jdks/corretto-17.0.14/lib/libnet.so
7988caafd000-7988caafe000 ---p 00000000 00:00 0 
7988caafe000-7988cabfe000 rw-p 00000000 00:00 0 
7988cabfe000-7988cabff000 ---p 00000000 00:00 0 
7988cabff000-7988cacff000 rw-p 00000000 00:00 0 
7988cacff000-7988cad00000 ---p 00000000 00:00 0 
7988cad00000-7988cae00000 rw-p 00000000 00:00 0 
7988cae00000-7988cae12000 r-xp 00000000 103:02 4342140                   /home/pan/.jdks/corretto-17.0.14/lib/libnio.so
7988cae12000-7988cb012000 ---p 00012000 103:02 4342140                   /home/pan/.jdks/corretto-17.0.14/lib/libnio.so
7988cb012000-7988cb013000 r--p 00012000 103:02 4342140                   /home/pan/.jdks/corretto-17.0.14/lib/libnio.so
7988cb013000-7988cb014000 rw-p 00013000 103:02 4342140                   /home/pan/.jdks/corretto-17.0.14/lib/libnio.so
7988cb0fe000-7988cb0ff000 ---p 00000000 00:00 0 
7988cb0ff000-7988cb1ff000 rw-p 00000000 00:00 0 
7988cb1ff000-7988cb200000 ---p 00000000 00:00 0 
7988cb200000-7988cb300000 rw-p 00000000 00:00 0 
7988cb300000-7988cb304000 ---p 00000000 00:00 0 
7988cb304000-7988cb400000 rw-p 00000000 00:00 0 
7988cb400000-7988cb407000 r-xp 00000000 103:02 4342142                   /home/pan/.jdks/corretto-17.0.14/lib/libzip.so
7988cb407000-7988cb607000 ---p 00007000 103:02 4342142                   /home/pan/.jdks/corretto-17.0.14/lib/libzip.so
7988cb607000-7988cb608000 r--p 00007000 103:02 4342142                   /home/pan/.jdks/corretto-17.0.14/lib/libzip.so
7988cb608000-7988cb609000 rw-p 00000000 00:00 0 
7988cb6ff000-7988cb700000 ---p 00000000 00:00 0 
7988cb700000-7988cb800000 rw-p 00000000 00:00 0 
7988cb800000-7988cb804000 ---p 00000000 00:00 0 
7988cb804000-7988cb900000 rw-p 00000000 00:00 0 
7988cb900000-7988cb904000 ---p 00000000 00:00 0 
7988cb904000-7988cba00000 rw-p 00000000 00:00 0 
7988cba00000-7988cba04000 ---p 00000000 00:00 0 
7988cba04000-7988cbb00000 rw-p 00000000 00:00 0 
7988cbd00000-7988cbd04000 ---p 00000000 00:00 0 
7988cbd04000-7988cbe00000 rw-p 00000000 00:00 0 
7988cbe00000-7988cbe04000 ---p 00000000 00:00 0 
7988cbe04000-7988cbf00000 rw-p 00000000 00:00 0 
7988cbf00000-7988cbf04000 ---p 00000000 00:00 0 
7988cbf04000-7988cc000000 rw-p 00000000 00:00 0 
7988cc000000-7988cc021000 rw-p 00000000 00:00 0 
7988cc021000-7988d0000000 ---p 00000000 00:00 0 
7988d0000000-7988d0021000 rw-p 00000000 00:00 0 
7988d0021000-7988d4000000 ---p 00000000 00:00 0 
7988d4000000-7988d4004000 ---p 00000000 00:00 0 
7988d4004000-7988d4100000 rw-p 00000000 00:00 0 
7988d4100000-7988d4104000 ---p 00000000 00:00 0 
7988d4104000-7988d4200000 rw-p 00000000 00:00 0 
7988d4200000-7988d4204000 ---p 00000000 00:00 0 
7988d4204000-7988d4300000 rw-p 00000000 00:00 0 
7988d4300000-7988d4304000 ---p 00000000 00:00 0 
7988d4304000-7988d4400000 rw-p 00000000 00:00 0 
7988d4400000-7988d4c78000 r--p 00000000 103:02 11820149                  /usr/lib/locale/locale-archive
7988d4d00000-7988d4d04000 ---p 00000000 00:00 0 
7988d4d04000-7988d4e00000 rw-p 00000000 00:00 0 
7988d4e00000-7988d4ece000 r-xp 00000000 103:02 4342178                   /home/pan/.jdks/corretto-17.0.14/lib/libjsvml.so
7988d4ece000-7988d50cd000 ---p 000ce000 103:02 4342178                   /home/pan/.jdks/corretto-17.0.14/lib/libjsvml.so
7988d50cd000-7988d50ce000 r--p 000cd000 103:02 4342178                   /home/pan/.jdks/corretto-17.0.14/lib/libjsvml.so
7988d50ce000-7988d50cf000 rw-p 000ce000 103:02 4342178                   /home/pan/.jdks/corretto-17.0.14/lib/libjsvml.so
7988d50f2000-7988d50f6000 ---p 00000000 00:00 0 
7988d50f6000-7988d51f2000 rw-p 00000000 00:00 0 
7988d51f2000-7988d51f3000 ---p 00000000 00:00 0 
7988d51f3000-7988d52f3000 rw-p 00000000 00:00 0 
7988d52f3000-7988d52f4000 ---p 00000000 00:00 0 
7988d52f4000-7988d53f4000 rw-p 00000000 00:00 0 
7988d53f4000-7988d53f5000 ---p 00000000 00:00 0 
7988d53f5000-7988d54f5000 rw-p 00000000 00:00 0 
7988d54f5000-7988d8000000 rw-p 00000000 00:00 0 
7988d8000000-7988d8021000 rw-p 00000000 00:00 0 
7988d8021000-7988dc000000 ---p 00000000 00:00 0 
7988dc0ff000-7988dc360000 rw-p 00000000 00:00 0 
7988dc360000-7988dc670000 ---p 00000000 00:00 0 
7988dc670000-7988dc690000 rw-p 00000000 00:00 0 
7988dc690000-7988dc8d0000 ---p 00000000 00:00 0 
7988dc8d0000-7988dc8e0000 rw-p 00000000 00:00 0 
7988dc8e0000-7988e2ef0000 ---p 00000000 00:00 0 
7988e2ef0000-7988e2f10000 rw-p 00000000 00:00 0 
7988e3000000-7988e3160000 rw-p 00000000 00:00 0 
7988e3160000-7988e3470000 ---p 00000000 00:00 0 
7988e3470000-7988e3490000 rw-p 00000000 00:00 0 
7988e3490000-7988e36d0000 ---p 00000000 00:00 0 
7988e36d0000-7988e36e0000 rw-p 00000000 00:00 0 
7988e36e0000-7988e9cf0000 ---p 00000000 00:00 0 
7988e9cf0000-7988e9d10000 rw-p 00000000 00:00 0 
7988e9e00000-7988e9e2c000 rw-p 00000000 00:00 0 
7988e9e2c000-7988e9e8e000 ---p 00000000 00:00 0 
7988e9e8e000-7988e9e92000 rw-p 00000000 00:00 0 
7988e9e92000-7988e9eda000 ---p 00000000 00:00 0 
7988e9eda000-7988e9edc000 rw-p 00000000 00:00 0 
7988e9edc000-7988eab9e000 ---p 00000000 00:00 0 
7988eab9e000-7988eaba2000 rw-p 00000000 00:00 0 
7988eabc2000-7988eabcc000 r--p 00000000 103:02 5259728                   /home/pan/.javacpp/cache/opencv-4.7.0-1.5.9-linux-x86_64.jar/org/bytedeco/opencv/linux-x86_64/libjniopencv_imgcodecs.so
7988eabcc000-7988eabf3000 r-xp 0000a000 103:02 5259728                   /home/pan/.javacpp/cache/opencv-4.7.0-1.5.9-linux-x86_64.jar/org/bytedeco/opencv/linux-x86_64/libjniopencv_imgcodecs.so
7988eabf3000-7988eabfd000 r--p 00031000 103:02 5259728                   /home/pan/.javacpp/cache/opencv-4.7.0-1.5.9-linux-x86_64.jar/org/bytedeco/opencv/linux-x86_64/libjniopencv_imgcodecs.so
7988eabfd000-7988eabfe000 ---p 0003b000 103:02 5259728                   /home/pan/.javacpp/cache/opencv-4.7.0-1.5.9-linux-x86_64.jar/org/bytedeco/opencv/linux-x86_64/libjniopencv_imgcodecs.so
7988eabfe000-7988eabff000 r--p 0003b000 103:02 5259728                   /home/pan/.javacpp/cache/opencv-4.7.0-1.5.9-linux-x86_64.jar/org/bytedeco/opencv/linux-x86_64/libjniopencv_imgcodecs.so
7988eabff000-7988eac00000 rw-p 0003c000 103:02 5259728                   /home/pan/.javacpp/cache/opencv-4.7.0-1.5.9-linux-x86_64.jar/org/bytedeco/opencv/linux-x86_64/libjniopencv_imgcodecs.so
7988eac00000-7988eac2c000 rw-p 00000000 00:00 0 
7988eac2c000-7988eac8e000 ---p 00000000 00:00 0 
7988eac8e000-7988eac92000 rw-p 00000000 00:00 0 
7988eac92000-7988eacda000 ---p 00000000 00:00 0 
7988eacda000-7988eacdc000 rw-p 00000000 00:00 0 
7988eacdc000-7988eb99e000 ---p 00000000 00:00 0 
7988eb99e000-7988eb9a2000 rw-p 00000000 00:00 0 
7988eb9b4000-7988eb9c6000 r--p 00000000 103:02 5259707                   /home/pan/.javacpp/cache/openblas-0.3.23-1.5.9-linux-x86_64.jar/org/bytedeco/openblas/linux-x86_64/libjniopenblas_nolapack.so
7988eb9c6000-7988eb9f1000 r-xp 00012000 103:02 5259707                   /home/pan/.javacpp/cache/openblas-0.3.23-1.5.9-linux-x86_64.jar/org/bytedeco/openblas/linux-x86_64/libjniopenblas_nolapack.so
7988eb9f1000-7988eb9fe000 r--p 0003d000 103:02 5259707                   /home/pan/.javacpp/cache/openblas-0.3.23-1.5.9-linux-x86_64.jar/org/bytedeco/openblas/linux-x86_64/libjniopenblas_nolapack.so
7988eb9fe000-7988eb9ff000 r--p 00049000 103:02 5259707                   /home/pan/.javacpp/cache/openblas-0.3.23-1.5.9-linux-x86_64.jar/org/bytedeco/openblas/linux-x86_64/libjniopenblas_nolapack.so
7988eb9ff000-7988eba00000 rw-p 0004a000 103:02 5259707                   /home/pan/.javacpp/cache/openblas-0.3.23-1.5.9-linux-x86_64.jar/org/bytedeco/openblas/linux-x86_64/libjniopenblas_nolapack.so
7988eba00000-7988eba2c000 rw-p 00000000 00:00 0 
7988eba2c000-7988eba8e000 ---p 00000000 00:00 0 
7988eba8e000-7988eba92000 rw-p 00000000 00:00 0 
7988eba92000-7988ebada000 ---p 00000000 00:00 0 
7988ebada000-7988ebadc000 rw-p 00000000 00:00 0 
7988ebadc000-7988ec79e000 ---p 00000000 00:00 0 
7988ec79e000-7988ec7a2000 rw-p 00000000 00:00 0 
7988ec7c6000-7988ec7e7000 r--p 00000000 103:02 12351393                  /usr/share/locale-langpack/zh_CN/LC_MESSAGES/libc.mo
7988ec7e7000-7988ec7ee000 r--p 00000000 103:02 5259693                   /home/pan/.javacpp/cache/ffmpeg-6.0-1.5.9-linux-x86_64.jar/org/bytedeco/ffmpeg/linux-x86_64/libjniavdevice.so
7988ec7ee000-7988ec7f8000 r-xp 00007000 103:02 5259693                   /home/pan/.javacpp/cache/ffmpeg-6.0-1.5.9-linux-x86_64.jar/org/bytedeco/ffmpeg/linux-x86_64/libjniavdevice.so
7988ec7f8000-7988ec7fd000 r--p 00011000 103:02 5259693                   /home/pan/.javacpp/cache/ffmpeg-6.0-1.5.9-linux-x86_64.jar/org/bytedeco/ffmpeg/linux-x86_64/libjniavdevice.so
7988ec7fd000-7988ec7fe000 ---p 00016000 103:02 5259693                   /home/pan/.javacpp/cache/ffmpeg-6.0-1.5.9-linux-x86_64.jar/org/bytedeco/ffmpeg/linux-x86_64/libjniavdevice.so
7988ec7fe000-7988ec7ff000 r--p 00016000 103:02 5259693                   /home/pan/.javacpp/cache/ffmpeg-6.0-1.5.9-linux-x86_64.jar/org/bytedeco/ffmpeg/linux-x86_64/libjniavdevice.so
7988ec7ff000-7988ec800000 rw-p 00017000 103:02 5259693                   /home/pan/.javacpp/cache/ffmpeg-6.0-1.5.9-linux-x86_64.jar/org/bytedeco/ffmpeg/linux-x86_64/libjniavdevice.so
7988ec800000-7988ed010000 rwxp 00000000 00:00 0 
7988ed010000-7988f3c5f000 ---p 00000000 00:00 0 
7988f3c5f000-7988f3fcf000 rwxp 00000000 00:00 0 
7988f3fcf000-7988f43a0000 ---p 00000000 00:00 0 
7988f43a0000-7988f46b0000 rwxp 00000000 00:00 0 
7988f46b0000-7988fb800000 ---p 00000000 00:00 0 
7988fb800000-7988fb824000 r-xp 00000000 103:02 4342135                   /home/pan/.jdks/corretto-17.0.14/lib/libjava.so
7988fb824000-7988fba24000 ---p 00024000 103:02 4342135                   /home/pan/.jdks/corretto-17.0.14/lib/libjava.so
7988fba24000-7988fba25000 r--p 00024000 103:02 4342135                   /home/pan/.jdks/corretto-17.0.14/lib/libjava.so
7988fba25000-7988fba26000 rw-p 00025000 103:02 4342135                   /home/pan/.jdks/corretto-17.0.14/lib/libjava.so
7988fba26000-7988fba27000 rw-p 00000000 00:00 0 
7988fba3e000-7988fba49000 r--p 00000000 103:02 11848391                  /usr/lib/x86_64-linux-gnu/libxcb.so.1.1.0
7988fba49000-7988fba5d000 r-xp 0000b000 103:02 11848391                  /usr/lib/x86_64-linux-gnu/libxcb.so.1.1.0
7988fba5d000-7988fba66000 r--p 0001f000 103:02 11848391                  /usr/lib/x86_64-linux-gnu/libxcb.so.1.1.0
7988fba66000-7988fba67000 r--p 00027000 103:02 11848391                  /usr/lib/x86_64-linux-gnu/libxcb.so.1.1.0
7988fba67000-7988fba68000 rw-p 00028000 103:02 11848391                  /usr/lib/x86_64-linux-gnu/libxcb.so.1.1.0
7988fba68000-7988fba6b000 r--p 00000000 103:02 5259685                   /home/pan/.javacpp/cache/ffmpeg-6.0-1.5.9-linux-x86_64.jar/org/bytedeco/ffmpeg/linux-x86_64/libswscale.so.7
7988fba6b000-7988fbae2000 r-xp 00003000 103:02 5259685                   /home/pan/.javacpp/cache/ffmpeg-6.0-1.5.9-linux-x86_64.jar/org/bytedeco/ffmpeg/linux-x86_64/libswscale.so.7
7988fbae2000-7988fbaf2000 r--p 0007a000 103:02 5259685                   /home/pan/.javacpp/cache/ffmpeg-6.0-1.5.9-linux-x86_64.jar/org/bytedeco/ffmpeg/linux-x86_64/libswscale.so.7
7988fbaf2000-7988fbaf3000 ---p 0008a000 103:02 5259685                   /home/pan/.javacpp/cache/ffmpeg-6.0-1.5.9-linux-x86_64.jar/org/bytedeco/ffmpeg/linux-x86_64/libswscale.so.7
7988fbaf3000-7988fbaf4000 r--p 0008a000 103:02 5259685                   /home/pan/.javacpp/cache/ffmpeg-6.0-1.5.9-linux-x86_64.jar/org/bytedeco/ffmpeg/linux-x86_64/libswscale.so.7
7988fbaf4000-7988fbaf5000 rw-p 0008b000 103:02 5259685                   /home/pan/.javacpp/cache/ffmpeg-6.0-1.5.9-linux-x86_64.jar/org/bytedeco/ffmpeg/linux-x86_64/libswscale.so.7
7988fbaf5000-7988fbbfe000 rw-p 00000000 00:00 0 
7988fbbfe000-7988fbbff000 ---p 00000000 00:00 0 
7988fbbff000-7988fbcff000 rw-p 00000000 00:00 0 
7988fbcff000-7988fbd00000 ---p 00000000 00:00 0 
7988fbd00000-7988fbe00000 rw-p 00000000 00:00 0 
7988fbe00000-7988fbe0a000 r-xp 00000000 103:02 4342167                   /home/pan/.jdks/corretto-17.0.14/lib/libinstrument.so
7988fbe0a000-7988fc009000 ---p 0000a000 103:02 4342167                   /home/pan/.jdks/corretto-17.0.14/lib/libinstrument.so
7988fc009000-7988fc00a000 r--p 00009000 103:02 4342167                   /home/pan/.jdks/corretto-17.0.14/lib/libinstrument.so
7988fc00a000-7988fc00b000 rw-p 0000a000 103:02 4342167                   /home/pan/.jdks/corretto-17.0.14/lib/libinstrument.so
7988fc01f000-7988fc035000 r--p 00000000 103:02 5259690                   /home/pan/.javacpp/cache/ffmpeg-6.0-1.5.9-linux-x86_64.jar/org/bytedeco/ffmpeg/linux-x86_64/libjniavfilter.so
7988fc035000-7988fc054000 r-xp 00016000 103:02 5259690                   /home/pan/.javacpp/cache/ffmpeg-6.0-1.5.9-linux-x86_64.jar/org/bytedeco/ffmpeg/linux-x86_64/libjniavfilter.so
7988fc054000-7988fc064000 r--p 00035000 103:02 5259690                   /home/pan/.javacpp/cache/ffmpeg-6.0-1.5.9-linux-x86_64.jar/org/bytedeco/ffmpeg/linux-x86_64/libjniavfilter.so
7988fc064000-7988fc068000 r--p 00044000 103:02 5259690                   /home/pan/.javacpp/cache/ffmpeg-6.0-1.5.9-linux-x86_64.jar/org/bytedeco/ffmpeg/linux-x86_64/libjniavfilter.so
7988fc068000-7988fc069000 rw-p 00048000 103:02 5259690                   /home/pan/.javacpp/cache/ffmpeg-6.0-1.5.9-linux-x86_64.jar/org/bytedeco/ffmpeg/linux-x86_64/libjniavfilter.so
7988fc069000-7988fc094000 r--p 00000000 103:02 5259684                   /home/pan/.javacpp/cache/ffmpeg-6.0-1.5.9-linux-x86_64.jar/org/bytedeco/ffmpeg/linux-x86_64/libjniavformat.so
7988fc094000-7988fc0d0000 r-xp 0002b000 103:02 5259684                   /home/pan/.javacpp/cache/ffmpeg-6.0-1.5.9-linux-x86_64.jar/org/bytedeco/ffmpeg/linux-x86_64/libjniavformat.so
7988fc0d0000-7988fc0f0000 r--p 00067000 103:02 5259684                   /home/pan/.javacpp/cache/ffmpeg-6.0-1.5.9-linux-x86_64.jar/org/bytedeco/ffmpeg/linux-x86_64/libjniavformat.so
7988fc0f0000-7988fc0fb000 r--p 00086000 103:02 5259684                   /home/pan/.javacpp/cache/ffmpeg-6.0-1.5.9-linux-x86_64.jar/org/bytedeco/ffmpeg/linux-x86_64/libjniavformat.so
7988fc0fb000-7988fc0fc000 rw-p 00091000 103:02 5259684                   /home/pan/.javacpp/cache/ffmpeg-6.0-1.5.9-linux-x86_64.jar/org/bytedeco/ffmpeg/linux-x86_64/libjniavformat.so
7988fc0fc000-7988fc0fd000 rw-p 00000000 00:00 0 
7988fc0fd000-7988fc0fe000 ---p 00000000 00:00 0 
7988fc0fe000-7988fc1fe000 rw-p 00000000 00:00 0 
7988fc1fe000-7988fc400000 rw-p 00000000 00:00 0 
7988fc400000-798903fdf000 r--s 00000000 103:02 4342129                   /home/pan/.jdks/corretto-17.0.14/lib/modules
798903fe8000-798903fec000 r--p 00000000 103:02 11847081                  /usr/lib/x86_64-linux-gnu/libbsd.so.0.11.5
798903fec000-798903ff9000 r-xp 00004000 103:02 11847081                  /usr/lib/x86_64-linux-gnu/libbsd.so.0.11.5
798903ff9000-798903ffc000 r--p 00011000 103:02 11847081                  /usr/lib/x86_64-linux-gnu/libbsd.so.0.11.5
798903ffc000-798903ffd000 ---p 00014000 103:02 11847081                  /usr/lib/x86_64-linux-gnu/libbsd.so.0.11.5
798903ffd000-798903ffe000 r--p 00014000 103:02 11847081                  /usr/lib/x86_64-linux-gnu/libbsd.so.0.11.5
798903ffe000-798903fff000 rw-p 00015000 103:02 11847081                  /usr/lib/x86_64-linux-gnu/libbsd.so.0.11.5
798903fff000-798904000000 rw-p 00000000 00:00 0 
798904000000-798906ec8000 rw-p 00000000 00:00 0 
798906ec8000-798908000000 ---p 00000000 00:00 0 
798908007000-798908009000 r--p 00000000 103:02 11847745                  /usr/lib/x86_64-linux-gnu/libmd.so.0.0.5
798908009000-798908010000 r-xp 00002000 103:02 11847745                  /usr/lib/x86_64-linux-gnu/libmd.so.0.0.5
798908010000-798908012000 r--p 00009000 103:02 11847745                  /usr/lib/x86_64-linux-gnu/libmd.so.0.0.5
798908012000-798908013000 r--p 0000a000 103:02 11847745                  /usr/lib/x86_64-linux-gnu/libmd.so.0.0.5
798908013000-798908014000 rw-p 0000b000 103:02 11847745                  /usr/lib/x86_64-linux-gnu/libmd.so.0.0.5
798908014000-798908016000 r--p 00000000 103:02 11846801                  /usr/lib/x86_64-linux-gnu/libXdmcp.so.6.0.0
798908016000-798908018000 r-xp 00002000 103:02 11846801                  /usr/lib/x86_64-linux-gnu/libXdmcp.so.6.0.0
798908018000-79890801a000 r--p 00004000 103:02 11846801                  /usr/lib/x86_64-linux-gnu/libXdmcp.so.6.0.0
79890801a000-79890801b000 r--p 00005000 103:02 11846801                  /usr/lib/x86_64-linux-gnu/libXdmcp.so.6.0.0
79890801b000-79890801c000 rw-p 00006000 103:02 11846801                  /usr/lib/x86_64-linux-gnu/libXdmcp.so.6.0.0
79890801c000-798908022000 r--p 00000000 103:02 5259691                   /home/pan/.javacpp/cache/ffmpeg-6.0-1.5.9-linux-x86_64.jar/org/bytedeco/ffmpeg/linux-x86_64/libavdevice.so.60
798908022000-79890802b000 r-xp 00006000 103:02 5259691                   /home/pan/.javacpp/cache/ffmpeg-6.0-1.5.9-linux-x86_64.jar/org/bytedeco/ffmpeg/linux-x86_64/libavdevice.so.60
79890802b000-79890802f000 r--p 0000f000 103:02 5259691                   /home/pan/.javacpp/cache/ffmpeg-6.0-1.5.9-linux-x86_64.jar/org/bytedeco/ffmpeg/linux-x86_64/libavdevice.so.60
79890802f000-798908030000 ---p 00013000 103:02 5259691                   /home/pan/.javacpp/cache/ffmpeg-6.0-1.5.9-linux-x86_64.jar/org/bytedeco/ffmpeg/linux-x86_64/libavdevice.so.60
798908030000-798908032000 r--p 00013000 103:02 5259691                   /home/pan/.javacpp/cache/ffmpeg-6.0-1.5.9-linux-x86_64.jar/org/bytedeco/ffmpeg/linux-x86_64/libavdevice.so.60
798908032000-798908033000 rw-p 00015000 103:02 5259691                   /home/pan/.javacpp/cache/ffmpeg-6.0-1.5.9-linux-x86_64.jar/org/bytedeco/ffmpeg/linux-x86_64/libavdevice.so.60
798908033000-79890803b000 r--p 00000000 103:02 5259687                   /home/pan/.javacpp/cache/ffmpeg-6.0-1.5.9-linux-x86_64.jar/org/bytedeco/ffmpeg/linux-x86_64/libjniswscale.so
79890803b000-798908048000 r-xp 00008000 103:02 5259687                   /home/pan/.javacpp/cache/ffmpeg-6.0-1.5.9-linux-x86_64.jar/org/bytedeco/ffmpeg/linux-x86_64/libjniswscale.so
798908048000-79890804d000 r--p 00015000 103:02 5259687                   /home/pan/.javacpp/cache/ffmpeg-6.0-1.5.9-linux-x86_64.jar/org/bytedeco/ffmpeg/linux-x86_64/libjniswscale.so
79890804d000-79890804e000 ---p 0001a000 103:02 5259687                   /home/pan/.javacpp/cache/ffmpeg-6.0-1.5.9-linux-x86_64.jar/org/bytedeco/ffmpeg/linux-x86_64/libjniswscale.so
79890804e000-79890804f000 r--p 0001a000 103:02 5259687                   /home/pan/.javacpp/cache/ffmpeg-6.0-1.5.9-linux-x86_64.jar/org/bytedeco/ffmpeg/linux-x86_64/libjniswscale.so
79890804f000-798908050000 rw-p 0001b000 103:02 5259687                   /home/pan/.javacpp/cache/ffmpeg-6.0-1.5.9-linux-x86_64.jar/org/bytedeco/ffmpeg/linux-x86_64/libjniswscale.so
798908050000-79890807d000 r--p 00000000 103:02 5259681                   /home/pan/.javacpp/cache/ffmpeg-6.0-1.5.9-linux-x86_64.jar/org/bytedeco/ffmpeg/linux-x86_64/libjniavcodec.so
79890807d000-7989080ba000 r-xp 0002d000 103:02 5259681                   /home/pan/.javacpp/cache/ffmpeg-6.0-1.5.9-linux-x86_64.jar/org/bytedeco/ffmpeg/linux-x86_64/libjniavcodec.so
7989080ba000-7989080e2000 r--p 0006a000 103:02 5259681                   /home/pan/.javacpp/cache/ffmpeg-6.0-1.5.9-linux-x86_64.jar/org/bytedeco/ffmpeg/linux-x86_64/libjniavcodec.so
7989080e2000-7989080f9000 r--p 00091000 103:02 5259681                   /home/pan/.javacpp/cache/ffmpeg-6.0-1.5.9-linux-x86_64.jar/org/bytedeco/ffmpeg/linux-x86_64/libjniavcodec.so
7989080f9000-7989080fa000 rw-p 000a8000 103:02 5259681                   /home/pan/.javacpp/cache/ffmpeg-6.0-1.5.9-linux-x86_64.jar/org/bytedeco/ffmpeg/linux-x86_64/libjniavcodec.so
7989080fa000-798908600000 rw-p 00000000 00:00 0 
798908600000-79890861b000 r-xp 00000000 103:02 4342136                   /home/pan/.jdks/corretto-17.0.14/lib/libjimage.so
79890861b000-79890881a000 ---p 0001b000 103:02 4342136                   /home/pan/.jdks/corretto-17.0.14/lib/libjimage.so
79890881a000-79890881c000 r--p 0001a000 103:02 4342136                   /home/pan/.jdks/corretto-17.0.14/lib/libjimage.so
79890881c000-79890881d000 rw-p 0001c000 103:02 4342136                   /home/pan/.jdks/corretto-17.0.14/lib/libjimage.so
798908821000-798908c00000 rw-p 00000000 00:00 0 
798908c00000-798909ec9000 r-xp 00000000 103:02 4342150                   /home/pan/.jdks/corretto-17.0.14/lib/server/libjvm.so
798909ec9000-79890a0c9000 ---p 012c9000 103:02 4342150                   /home/pan/.jdks/corretto-17.0.14/lib/server/libjvm.so
79890a0c9000-79890a182000 r--p 012c9000 103:02 4342150                   /home/pan/.jdks/corretto-17.0.14/lib/server/libjvm.so
79890a182000-79890a1b7000 rw-p 01382000 103:02 4342150                   /home/pan/.jdks/corretto-17.0.14/lib/server/libjvm.so
79890a1b7000-79890a212000 rw-p 00000000 00:00 0 
79890a217000-79890a21d000 r--p 00000000 103:02 5259678                   /home/pan/.javacpp/cache/ffmpeg-6.0-1.5.9-linux-x86_64.jar/org/bytedeco/ffmpeg/linux-x86_64/libjniswresample.so
79890a21d000-79890a227000 r-xp 00006000 103:02 5259678                   /home/pan/.javacpp/cache/ffmpeg-6.0-1.5.9-linux-x86_64.jar/org/bytedeco/ffmpeg/linux-x86_64/libjniswresample.so
79890a227000-79890a22c000 r--p 00010000 103:02 5259678                   /home/pan/.javacpp/cache/ffmpeg-6.0-1.5.9-linux-x86_64.jar/org/bytedeco/ffmpeg/linux-x86_64/libjniswresample.so
79890a22c000-79890a22d000 r--p 00014000 103:02 5259678                   /home/pan/.javacpp/cache/ffmpeg-6.0-1.5.9-linux-x86_64.jar/org/bytedeco/ffmpeg/linux-x86_64/libjniswresample.so
79890a22d000-79890a22e000 rw-p 00015000 103:02 5259678                   /home/pan/.javacpp/cache/ffmpeg-6.0-1.5.9-linux-x86_64.jar/org/bytedeco/ffmpeg/linux-x86_64/libjniswresample.so
79890a22e000-79890a231000 r--p 00000000 103:02 5259676                   /home/pan/.javacpp/cache/ffmpeg-6.0-1.5.9-linux-x86_64.jar/org/bytedeco/ffmpeg/linux-x86_64/libswresample.so.4
79890a231000-79890a245000 r-xp 00003000 103:02 5259676                   /home/pan/.javacpp/cache/ffmpeg-6.0-1.5.9-linux-x86_64.jar/org/bytedeco/ffmpeg/linux-x86_64/libswresample.so.4
79890a245000-79890a24a000 r--p 00017000 103:02 5259676                   /home/pan/.javacpp/cache/ffmpeg-6.0-1.5.9-linux-x86_64.jar/org/bytedeco/ffmpeg/linux-x86_64/libswresample.so.4
79890a24a000-79890a24b000 ---p 0001c000 103:02 5259676                   /home/pan/.javacpp/cache/ffmpeg-6.0-1.5.9-linux-x86_64.jar/org/bytedeco/ffmpeg/linux-x86_64/libswresample.so.4
79890a24b000-79890a24d000 r--p 0001c000 103:02 5259676                   /home/pan/.javacpp/cache/ffmpeg-6.0-1.5.9-linux-x86_64.jar/org/bytedeco/ffmpeg/linux-x86_64/libswresample.so.4
79890a24d000-79890a24e000 rw-p 0001e000 103:02 5259676                   /home/pan/.javacpp/cache/ffmpeg-6.0-1.5.9-linux-x86_64.jar/org/bytedeco/ffmpeg/linux-x86_64/libswresample.so.4
79890a24e000-79890a28f000 rw-p 00000000 00:00 0 
79890a293000-79890a296000 r--p 00000000 103:02 11847384                  /usr/lib/x86_64-linux-gnu/libgcc_s.so.1
79890a296000-79890a2ad000 r-xp 00003000 103:02 11847384                  /usr/lib/x86_64-linux-gnu/libgcc_s.so.1
79890a2ad000-79890a2b1000 r--p 0001a000 103:02 11847384                  /usr/lib/x86_64-linux-gnu/libgcc_s.so.1
79890a2b1000-79890a2b2000 r--p 0001d000 103:02 11847384                  /usr/lib/x86_64-linux-gnu/libgcc_s.so.1
79890a2b2000-79890a2b3000 rw-p 0001e000 103:02 11847384                  /usr/lib/x86_64-linux-gnu/libgcc_s.so.1
79890a2b4000-79890a2b7000 r--p 00000000 103:02 6849600                   /opt/rocm-6.1.0/lib/libOpenCL.so.1.2
79890a2b7000-79890a2bb000 r-xp 00003000 103:02 6849600                   /opt/rocm-6.1.0/lib/libOpenCL.so.1.2
79890a2bb000-79890a2bd000 r--p 00007000 103:02 6849600                   /opt/rocm-6.1.0/lib/libOpenCL.so.1.2
79890a2bd000-79890a2be000 r--p 00008000 103:02 6849600                   /opt/rocm-6.1.0/lib/libOpenCL.so.1.2
79890a2be000-79890a2bf000 rw-p 00009000 103:02 6849600                   /opt/rocm-6.1.0/lib/libOpenCL.so.1.2
79890a2bf000-79890a2c6000 r--s 00000000 103:02 11825073                  /usr/lib/x86_64-linux-gnu/gconv/gconv-modules.cache
79890a2c6000-79890a600000 rw-p 00000000 00:00 0 
79890a600000-79890a628000 r--p 00000000 103:02 11819770                  /usr/lib/x86_64-linux-gnu/libc.so.6
79890a628000-79890a7bd000 r-xp 00028000 103:02 11819770                  /usr/lib/x86_64-linux-gnu/libc.so.6
79890a7bd000-79890a815000 r--p 001bd000 103:02 11819770                  /usr/lib/x86_64-linux-gnu/libc.so.6
79890a815000-79890a816000 ---p 00215000 103:02 11819770                  /usr/lib/x86_64-linux-gnu/libc.so.6
79890a816000-79890a81a000 r--p 00215000 103:02 11819770                  /usr/lib/x86_64-linux-gnu/libc.so.6
79890a81a000-79890a81c000 rw-p 00219000 103:02 11819770                  /usr/lib/x86_64-linux-gnu/libc.so.6
79890a81c000-79890a829000 rw-p 00000000 00:00 0 
79890a82e000-79890a831000 r--p 00000000 103:02 11848385                  /usr/lib/x86_64-linux-gnu/libxcb-xfixes.so.0.0.0
79890a831000-79890a834000 r-xp 00003000 103:02 11848385                  /usr/lib/x86_64-linux-gnu/libxcb-xfixes.so.0.0.0
79890a834000-79890a835000 r--p 00006000 103:02 11848385                  /usr/lib/x86_64-linux-gnu/libxcb-xfixes.so.0.0.0
79890a835000-79890a836000 ---p 00007000 103:02 11848385                  /usr/lib/x86_64-linux-gnu/libxcb-xfixes.so.0.0.0
79890a836000-79890a837000 r--p 00007000 103:02 11848385                  /usr/lib/x86_64-linux-gnu/libxcb-xfixes.so.0.0.0
79890a837000-79890a838000 rw-p 00008000 103:02 11848385                  /usr/lib/x86_64-linux-gnu/libxcb-xfixes.so.0.0.0
79890a838000-79890a91e000 rw-p 00000000 00:00 0 
79890a91e000-79890aa00000 ---p 00000000 00:00 0 
79890aa00000-79890aa0f000 r-xp 00000000 103:02 4342137                   /home/pan/.jdks/corretto-17.0.14/lib/libjli.so
79890aa0f000-79890ac0e000 ---p 0000f000 103:02 4342137                   /home/pan/.jdks/corretto-17.0.14/lib/libjli.so
79890ac0e000-79890ac0f000 r--p 0000e000 103:02 4342137                   /home/pan/.jdks/corretto-17.0.14/lib/libjli.so
79890ac0f000-79890ac10000 rw-p 0000f000 103:02 4342137                   /home/pan/.jdks/corretto-17.0.14/lib/libjli.so
79890ac11000-79890ac12000 r--p 00000000 103:02 11846790                  /usr/lib/x86_64-linux-gnu/libXau.so.6.0.0
79890ac12000-79890ac14000 r-xp 00001000 103:02 11846790                  /usr/lib/x86_64-linux-gnu/libXau.so.6.0.0
79890ac14000-79890ac15000 r--p 00003000 103:02 11846790                  /usr/lib/x86_64-linux-gnu/libXau.so.6.0.0
79890ac15000-79890ac16000 r--p 00003000 103:02 11846790                  /usr/lib/x86_64-linux-gnu/libXau.so.6.0.0
79890ac16000-79890ac17000 rw-p 00004000 103:02 11846790                  /usr/lib/x86_64-linux-gnu/libXau.so.6.0.0
79890ac17000-79890ac18000 r--p 00000000 103:02 11848377                  /usr/lib/x86_64-linux-gnu/libxcb-shape.so.0.0.0
79890ac18000-79890ac19000 r-xp 00001000 103:02 11848377                  /usr/lib/x86_64-linux-gnu/libxcb-shape.so.0.0.0
79890ac19000-79890ac1a000 r--p 00002000 103:02 11848377                  /usr/lib/x86_64-linux-gnu/libxcb-shape.so.0.0.0
79890ac1a000-79890ac1b000 r--p 00002000 103:02 11848377                  /usr/lib/x86_64-linux-gnu/libxcb-shape.so.0.0.0
79890ac1b000-79890ac1c000 rw-p 00003000 103:02 11848377                  /usr/lib/x86_64-linux-gnu/libxcb-shape.so.0.0.0
79890ac1c000-79890ac20000 r--p 00000000 103:02 5259663                   /home/pan/.javacpp/cache/javacpp-1.5.9-linux-x86_64.jar/org/bytedeco/javacpp/linux-x86_64/libjnijavacpp.so
79890ac20000-79890ac27000 r-xp 00004000 103:02 5259663                   /home/pan/.javacpp/cache/javacpp-1.5.9-linux-x86_64.jar/org/bytedeco/javacpp/linux-x86_64/libjnijavacpp.so
79890ac27000-79890ac2b000 r--p 0000b000 103:02 5259663                   /home/pan/.javacpp/cache/javacpp-1.5.9-linux-x86_64.jar/org/bytedeco/javacpp/linux-x86_64/libjnijavacpp.so
79890ac2b000-79890ac2c000 r--p 0000e000 103:02 5259663                   /home/pan/.javacpp/cache/javacpp-1.5.9-linux-x86_64.jar/org/bytedeco/javacpp/linux-x86_64/libjnijavacpp.so
79890ac2c000-79890ac2d000 rw-p 0000f000 103:02 5259663                   /home/pan/.javacpp/cache/javacpp-1.5.9-linux-x86_64.jar/org/bytedeco/javacpp/linux-x86_64/libjnijavacpp.so
79890ac2d000-79890ac3e000 rw-p 00000000 00:00 0 
79890ac3e000-79890ad16000 ---p 00000000 00:00 0 
79890ad16000-79890ad1d000 rw-p 00000000 00:00 0 
79890ad1d000-79890ad25000 ---p 00000000 00:00 0 
79890ad25000-79890ad29000 ---p 00000000 00:00 0 
79890ad29000-79890ae25000 rw-p 00000000 00:00 0 
79890ae25000-79890ae33000 r--p 00000000 103:02 11819841                  /usr/lib/x86_64-linux-gnu/libm.so.6
79890ae33000-79890aeaf000 r-xp 0000e000 103:02 11819841                  /usr/lib/x86_64-linux-gnu/libm.so.6
79890aeaf000-79890af0a000 r--p 0008a000 103:02 11819841                  /usr/lib/x86_64-linux-gnu/libm.so.6
79890af0a000-79890af0b000 r--p 000e4000 103:02 11819841                  /usr/lib/x86_64-linux-gnu/libm.so.6
79890af0b000-79890af0c000 rw-p 000e5000 103:02 11819841                  /usr/lib/x86_64-linux-gnu/libm.so.6
79890af0c000-79890af0d000 r--p 00000000 103:02 11820205                  /usr/lib/x86_64-linux-gnu/librt.so.1
79890af0d000-79890af0e000 r-xp 00001000 103:02 11820205                  /usr/lib/x86_64-linux-gnu/librt.so.1
79890af0e000-79890af0f000 r--p 00002000 103:02 11820205                  /usr/lib/x86_64-linux-gnu/librt.so.1
79890af0f000-79890af10000 r--p 00002000 103:02 11820205                  /usr/lib/x86_64-linux-gnu/librt.so.1
79890af10000-79890af11000 rw-p 00003000 103:02 11820205                  /usr/lib/x86_64-linux-gnu/librt.so.1
79890af11000-79890af15000 rw-p 00000000 00:00 0 
79890af15000-79890af16000 r--p 00000000 103:02 11819839                  /usr/lib/x86_64-linux-gnu/libdl.so.2
79890af16000-79890af17000 r-xp 00001000 103:02 11819839                  /usr/lib/x86_64-linux-gnu/libdl.so.2
79890af17000-79890af18000 r--p 00002000 103:02 11819839                  /usr/lib/x86_64-linux-gnu/libdl.so.2
79890af18000-79890af19000 r--p 00002000 103:02 11819839                  /usr/lib/x86_64-linux-gnu/libdl.so.2
79890af19000-79890af1a000 rw-p 00003000 103:02 11819839                  /usr/lib/x86_64-linux-gnu/libdl.so.2
79890af1a000-79890af1b000 r--p 00000000 103:02 11820201                  /usr/lib/x86_64-linux-gnu/libpthread.so.0
79890af1b000-79890af1c000 r-xp 00001000 103:02 11820201                  /usr/lib/x86_64-linux-gnu/libpthread.so.0
79890af1c000-79890af1d000 r--p 00002000 103:02 11820201                  /usr/lib/x86_64-linux-gnu/libpthread.so.0
79890af1d000-79890af1e000 r--p 00002000 103:02 11820201                  /usr/lib/x86_64-linux-gnu/libpthread.so.0
79890af1e000-79890af1f000 rw-p 00003000 103:02 11820201                  /usr/lib/x86_64-linux-gnu/libpthread.so.0
79890af1f000-79890af21000 r--p 00000000 103:02 11848427                  /usr/lib/x86_64-linux-gnu/libz.so.1.2.11
79890af21000-79890af32000 r-xp 00002000 103:02 11848427                  /usr/lib/x86_64-linux-gnu/libz.so.1.2.11
79890af32000-79890af38000 r--p 00013000 103:02 11848427                  /usr/lib/x86_64-linux-gnu/libz.so.1.2.11
79890af38000-79890af39000 ---p 00019000 103:02 11848427                  /usr/lib/x86_64-linux-gnu/libz.so.1.2.11
79890af39000-79890af3a000 r--p 00019000 103:02 11848427                  /usr/lib/x86_64-linux-gnu/libz.so.1.2.11
79890af3a000-79890af3b000 rw-p 0001a000 103:02 11848427                  /usr/lib/x86_64-linux-gnu/libz.so.1.2.11
79890af3f000-79890af40000 r--p 00000000 103:02 11848379                  /usr/lib/x86_64-linux-gnu/libxcb-shm.so.0.0.0
79890af40000-79890af41000 r-xp 00001000 103:02 11848379                  /usr/lib/x86_64-linux-gnu/libxcb-shm.so.0.0.0
79890af41000-79890af42000 r--p 00002000 103:02 11848379                  /usr/lib/x86_64-linux-gnu/libxcb-shm.so.0.0.0
79890af42000-79890af43000 r--p 00002000 103:02 11848379                  /usr/lib/x86_64-linux-gnu/libxcb-shm.so.0.0.0
79890af43000-79890af44000 rw-p 00003000 103:02 11848379                  /usr/lib/x86_64-linux-gnu/libxcb-shm.so.0.0.0
79890af44000-79890af4c000 rw-s 00000000 103:02 5260026                   /tmp/hsperfdata_pan/25897
79890af4c000-79890af4d000 ---p 00000000 00:00 0 
79890af4d000-79890af4e000 r--p 00000000 00:00 0 
79890af4e000-79890af50000 rw-p 00000000 00:00 0 
79890af50000-79890af52000 r--p 00000000 103:02 11819686                  /usr/lib/x86_64-linux-gnu/ld-linux-x86-64.so.2
79890af52000-79890af7c000 r-xp 00002000 103:02 11819686                  /usr/lib/x86_64-linux-gnu/ld-linux-x86-64.so.2
79890af7c000-79890af87000 r--p 0002c000 103:02 11819686                  /usr/lib/x86_64-linux-gnu/ld-linux-x86-64.so.2
79890af87000-79890af88000 ---p 00000000 00:00 0 
79890af88000-79890af8a000 r--p 00037000 103:02 11819686                  /usr/lib/x86_64-linux-gnu/ld-linux-x86-64.so.2
79890af8a000-79890af8c000 rw-p 00039000 103:02 11819686                  /usr/lib/x86_64-linux-gnu/ld-linux-x86-64.so.2
7fff8ca9a000-7fff8cabb000 rw-p 00000000 00:00 0                          [stack]
7fff8cae0000-7fff8cae4000 r--p 00000000 00:00 0                          [vvar]
7fff8cae4000-7fff8cae6000 r-xp 00000000 00:00 0                          [vdso]
ffffffffff600000-ffffffffff601000 --xp 00000000 00:00 0                  [vsyscall]


VM Arguments:
jvm_args: -javaagent:/opt/idea/lib/idea_rt.jar=45309:/opt/idea/bin -Dfile.encoding=UTF-8 
java_command: com.saigou.Processor
java_class_path (initial): /media/pan/95C15E65414BD009/ubuntu/houduan/pandaSystem/analyzer-server-10001/target/classes:/home/pan/.m2/repository/org/bytedeco/javacv-platform/1.5.9/javacv-platform-1.5.9.jar:/home/pan/.m2/repository/org/bytedeco/javacv/1.5.9/javacv-1.5.9.jar:/home/pan/.m2/repository/org/bytedeco/javacpp/1.5.9/javacpp-1.5.9.jar:/home/pan/.m2/repository/org/bytedeco/openblas/0.3.23-1.5.9/openblas-0.3.23-1.5.9.jar:/home/pan/.m2/repository/org/bytedeco/opencv/4.7.0-1.5.9/opencv-4.7.0-1.5.9.jar:/home/pan/.m2/repository/org/bytedeco/ffmpeg/6.0-1.5.9/ffmpeg-6.0-1.5.9.jar:/home/pan/.m2/repository/org/bytedeco/flycapture/2.13.3.31-1.5.9/flycapture-2.13.3.31-1.5.9.jar:/home/pan/.m2/repository/org/bytedeco/libdc1394/2.2.6-1.5.9/libdc1394-2.2.6-1.5.9.jar:/home/pan/.m2/repository/org/bytedeco/libfreenect/0.5.7-1.5.9/libfreenect-0.5.7-1.5.9.jar:/home/pan/.m2/repository/org/bytedeco/libfreenect2/0.2.0-1.5.9/libfreenect2-0.2.0-1.5.9.jar:/home/pan/.m2/repository/org/bytedeco/librealsense/1.12.4-1.5.9/librealsense-1.12.4-1.5.9.jar:/home/pan/.m2/repository/org/bytedeco/librealsense2/2.53.1-1.5.9/librealsense2-2.53.1-1.5.9.jar:/home/pan/.m2/repository/org/bytedeco/videoinput/0.200-1.5.9/videoinput-0.200-1.5.9.jar:/home/pan/.m2/repository/org/bytedeco/artoolkitplus/2.3.1-1.5.9/artoolkitplus-2.3.1-1.5.9.jar:/home/pan/.m2/repository/org/bytedeco/leptonica/1.83.0-1.5.9/leptonica-1.83.0-1.5.9.jar:/home/pan/.m2/repository/org/bytedeco/tesseract/5.3.1-1.5.9/tesseract-5.3.1-1.5.9.jar:/home/pan/.m2/repository/org/openjfx/javafx-graphics/17/javafx-graphics-17.jar:/home/pan/.m2/repository/org/openjfx/javafx-graphics/17/javafx-graphics-17-linux.jar:/home/pan/.m2/repository/org/openjfx/javafx-base/17/javafx-base-17.jar:/home/pan/.m2/repository/org/openjfx/javafx-base/17/javafx-base-17-linux.jar:/home/pan/.m2/repository/org/bytedeco/openblas-platform/0.3.23-1.5.9/openblas-platform-0.3.23-1.5.9.jar:/home/pan/.m2/repository/org/bytedeco/javacpp-platform/1.5.9/javacpp-platform-1.5.9.jar
Launcher Type: SUN_STANDARD

[Global flags]
     intx CICompilerCount                          = 12                                        {product} {ergonomic}
     uint ConcGCThreads                            = 3                                         {product} {ergonomic}
     uint G1ConcRefinementThreads                  = 13                                        {product} {ergonomic}
   size_t G1HeapRegionSize                         = 4194304                                   {product} {ergonomic}
    uintx GCDrainStackTargetSize                   = 64                                        {product} {ergonomic}
   size_t InitialHeapSize                          = 461373440                                 {product} {ergonomic}
   size_t MarkStackSize                            = 4194304                                   {product} {ergonomic}
   size_t MaxHeapSize                              = 7319060480                                {product} {ergonomic}
   size_t MaxNewSize                               = 4391436288                                {product} {ergonomic}
   size_t MinHeapDeltaBytes                        = 4194304                                   {product} {ergonomic}
   size_t MinHeapSize                              = 8388608                                   {product} {ergonomic}
    uintx NonNMethodCodeHeapSize                   = 7602480                                {pd product} {ergonomic}
    uintx NonProfiledCodeHeapSize                  = 122027880                              {pd product} {ergonomic}
    uintx ProfiledCodeHeapSize                     = 122027880                              {pd product} {ergonomic}
    uintx ReservedCodeCacheSize                    = 251658240                              {pd product} {ergonomic}
     bool SegmentedCodeCache                       = true                                      {product} {ergonomic}
   size_t SoftMaxHeapSize                          = 7319060480                             {manageable} {ergonomic}
     bool UseCompressedClassPointers               = true                           {product lp64_product} {ergonomic}
     bool UseCompressedOops                        = true                           {product lp64_product} {ergonomic}
     bool UseG1GC                                  = true                                      {product} {ergonomic}

Logging:
Log output configuration:
 #0: stdout all=warning uptime,level,tags
 #1: stderr all=off uptime,level,tags

Environment Variables:
PATH=/usr/local/sbin:/usr/local/bin:/usr/sbin:/usr/bin:/sbin:/bin:/usr/games:/usr/local/games:/snap/bin:/snap/bin
USERNAME=pan
SHELL=/bin/bash
DISPLAY=:0
LANG=zh_CN.UTF-8
LC_NUMERIC=zh_CN.UTF-8
LC_TIME=zh_CN.UTF-8

Active Locale:
LC_ALL=zh_CN.UTF-8
LC_COLLATE=zh_CN.UTF-8
LC_CTYPE=zh_CN.UTF-8
LC_MESSAGES=zh_CN.UTF-8
LC_MONETARY=zh_CN.UTF-8
LC_NUMERIC=zh_CN.UTF-8
LC_TIME=zh_CN.UTF-8

Signal Handlers:
   SIGSEGV: crash_handler in libjvm.so, mask=11100100010111111101111111111110, flags=SA_RESTART|SA_SIGINFO, unblocked
    SIGBUS: crash_handler in libjvm.so, mask=11100100010111111101111111111110, flags=SA_RESTART|SA_SIGINFO, unblocked
    SIGFPE: crash_handler in libjvm.so, mask=11100100010111111101111111111110, flags=SA_RESTART|SA_SIGINFO, unblocked
   SIGPIPE: javaSignalHandler in libjvm.so, mask=11100100010111111101111111111110, flags=SA_RESTART|SA_SIGINFO, blocked
   SIGXFSZ: javaSignalHandler in libjvm.so, mask=11100100010111111101111111111110, flags=SA_RESTART|SA_SIGINFO, blocked
    SIGILL: crash_handler in libjvm.so, mask=11100100010111111101111111111110, flags=SA_RESTART|SA_SIGINFO, unblocked
   SIGUSR2: SR_handler in libjvm.so, mask=00100000000000000000000000000000, flags=SA_RESTART|SA_SIGINFO, blocked
    SIGHUP: UserHandler in libjvm.so, mask=11100100010111111101111111111110, flags=SA_RESTART|SA_SIGINFO, blocked
    SIGINT: UserHandler in libjvm.so, mask=11100100010111111101111111111110, flags=SA_RESTART|SA_SIGINFO, blocked
   SIGTERM: UserHandler in libjvm.so, mask=11100100010111111101111111111110, flags=SA_RESTART|SA_SIGINFO, blocked
   SIGQUIT: UserHandler in libjvm.so, mask=11100100010111111101111111111110, flags=SA_RESTART|SA_SIGINFO, blocked
   SIGTRAP: crash_handler in libjvm.so, mask=11100100010111111101111111111110, flags=SA_RESTART|SA_SIGINFO, unblocked


Periodic native trim disabled


---------------  S Y S T E M  ---------------

OS:
DISTRIB_ID=Ubuntu
DISTRIB_RELEASE=22.04
DISTRIB_CODENAME=jammy
DISTRIB_DESCRIPTION="Ubuntu 22.04.5 LTS"
uname: Linux 6.8.0-52-generic #53~22.04.1-Ubuntu SMP PREEMPT_DYNAMIC Wed Jan 15 19:18:46 UTC 2 x86_64
OS uptime: 0 days 6:39 hours
libc: glibc 2.35 NPTL 2.35 
rlimit (soft/hard): STACK 8192k/infinity , CORE 0k/infinity , NPROC 111345/111345 , NOFILE 1048576/1048576 , AS infinity/infinity , CPU infinity/infinity , DATA infinity/infinity , FSIZE infinity/infinity , MEMLOCK 3572968k/3572968k
load average: 5.88 5.90 4.14

/proc/meminfo:
MemTotal:       28583756 kB
MemFree:         1089844 kB
MemAvailable:   13236904 kB
Buffers:          248840 kB
Cached:         12223232 kB
SwapCached:            0 kB
Active:         17950460 kB
Inactive:        8092392 kB
Active(anon):   13679220 kB
Inactive(anon):    51992 kB
Active(file):    4271240 kB
Inactive(file):  8040400 kB
Unevictable:         132 kB
Mlocked:             132 kB
SwapTotal:             0 kB
SwapFree:              0 kB
Zswap:                 0 kB
Zswapped:              0 kB
Dirty:             66732 kB
Writeback:             0 kB
AnonPages:      13571336 kB
Mapped:          3829932 kB
Shmem:            159988 kB
KReclaimable:     356876 kB
Slab:             760540 kB
SReclaimable:     356876 kB
SUnreclaim:       403664 kB
KernelStack:       44980 kB
PageTables:       127852 kB
SecPageTables:         0 kB
NFS_Unstable:          0 kB
Bounce:                0 kB
WritebackTmp:          0 kB
CommitLimit:    14291876 kB
Committed_AS:   43077492 kB
VmallocTotal:   34359738367 kB
VmallocUsed:       96308 kB
VmallocChunk:          0 kB
Percpu:            17792 kB
HardwareCorrupted:     0 kB
AnonHugePages:     55296 kB
ShmemHugePages:        0 kB
ShmemPmdMapped:        0 kB
FileHugePages:         0 kB
FilePmdMapped:         0 kB
Unaccepted:            0 kB
HugePages_Total:       0
HugePages_Free:        0
HugePages_Rsvd:        0
HugePages_Surp:        0
Hugepagesize:       2048 kB
Hugetlb:               0 kB
DirectMap4k:      657860 kB
DirectMap2M:    23308288 kB
DirectMap1G:     5242880 kB

/sys/kernel/mm/transparent_hugepage/enabled: always [madvise] never
/sys/kernel/mm/transparent_hugepage/hpage_pmd_size: 2097152
/sys/kernel/mm/transparent_hugepage/defrag (defrag/compaction efforts parameter): always defer defer+madvise [madvise] never

Process Memory:
Virtual Size: 21493024K (peak: 21766428K)
Resident Set Size: 1295264K (peak: 1361764K) (anon: 1246352K, file: 48912K, shmem: 0K)
Swapped out: 0K
C-Heap outstanding allocations: 741881K, retained: 412934K
glibc malloc tunables: (default)

/proc/sys/kernel/threads-max (system-wide limit on the number of threads): 222691
/proc/sys/vm/max_map_count (maximum number of memory map areas a process may have): 65530
/proc/sys/vm/swappiness (control to define how aggressively the kernel swaps out anonymous memory): 60
/proc/sys/kernel/pid_max (system-wide limit on number of process identifiers): 4194304

container (cgroup) information:
container_type: cgroupv2
cpu_cpuset_cpus: not supported
cpu_memory_nodes: not supported
active_processor_count: 16
cpu_quota: not supported
cpu_period: not supported
cpu_shares: not supported
memory_limit_in_bytes: unlimited
memory_and_swap_limit_in_bytes: unlimited
memory_soft_limit_in_bytes: unlimited
memory_usage_in_bytes: 8460096 k
memory_max_usage_in_bytes: not supported
memory_swap_current_in_bytes: unlimited
memory_swap_max_limit_in_bytes: unlimited
maximum number of tasks: 33403
current number of tasks: 937

Steal ticks since vm start: 0
Steal ticks percentage since vm start:  0.000

CPU: total 16 (initial active 16) (16 cores per cpu, 2 threads per core) family 25 model 80 stepping 0 microcode 0xa50000c, cx8, cmov, fxsr, ht, mmx, 3dnowpref, sse, sse2, sse3, ssse3, sse4a, sse4.1, sse4.2, popcnt, lzcnt, tsc, tscinvbit, avx, avx2, aes, erms, clmul, bmi1, bmi2, adx, sha, fma, vzeroupper, clflush, clflushopt
CPU Model and flags from /proc/cpuinfo:
model name	: AMD Ryzen 7 5800H with Radeon Graphics
flags		: fpu vme de pse tsc msr pae mce cx8 apic sep mtrr pge mca cmov pat pse36 clflush mmx fxsr sse sse2 ht syscall nx mmxext fxsr_opt pdpe1gb rdtscp lm constant_tsc rep_good nopl nonstop_tsc cpuid extd_apicid aperfmperf rapl pni pclmulqdq monitor ssse3 fma cx16 sse4_1 sse4_2 movbe popcnt aes xsave avx f16c rdrand lahf_lm cmp_legacy svm extapic cr8_legacy abm sse4a misalignsse 3dnowprefetch osvw ibs skinit wdt tce topoext perfctr_core perfctr_nb bpext perfctr_llc mwaitx cpb cat_l3 cdp_l3 hw_pstate ssbd mba ibrs ibpb stibp vmmcall fsgsbase bmi1 avx2 smep bmi2 erms invpcid cqm rdt_a rdseed adx smap clflushopt clwb sha_ni xsaveopt xsavec xgetbv1 xsaves cqm_llc cqm_occup_llc cqm_mbm_total cqm_mbm_local user_shstk clzero irperf xsaveerptr rdpru wbnoinvd cppc arat npt lbrv svm_lock nrip_save tsc_scale vmcb_clean flushbyasid decodeassists pausefilter pfthreshold avic v_vmsave_vmload vgif v_spec_ctrl umip pku ospke vaes vpclmulqdq rdpid overflow_recov succor smca fsrm debug_swap

Online cpus: 0-15
Offline cpus: 
BIOS frequency limitation: <Not Available>
Frequency switch latency (ns): 0
Available cpu frequencies: <Not Available>
Current governor: powersave
Core performance/turbo boost: <Not Available>

Memory: 4k page, physical 28583756k(1089844k free), swap 0k(0k free)
Page Sizes: 4k

vm_info: OpenJDK 64-Bit Server VM (17.0.14+7-LTS) for linux-amd64 JRE (17.0.14+7-LTS), built on Jan  7 2025 20:04:38 by "jenkins" with gcc 7.3.1 20180303 (Red Hat 7.3.1-5)

END.
