#
# A fatal error has been detected by the Java Runtime Environment:
#
#  SIGSEGV (0xb) at pc=0x00007c45612bd56b, pid=43377, tid=43520
#
# JRE version: OpenJDK Runtime Environment Corretto-17.0.14.7.1 (17.0.14+7) (build 17.0.14+7-LTS)
# Java VM: OpenJDK 64-Bit Server VM Corretto-17.0.14.7.1 (17.0.14+7-LTS, mixed mode, sharing, tiered, compressed oops, compressed class ptrs, g1 gc, linux-amd64)
# Problematic frame:
# C  [libopencv_imgproc.so.407+0x2bd56b]
#
# Core dump will be written. Default location: Core dumps may be processed with "/usr/share/apport/apport -p%p -s%s -c%c -d%d -P%P -u%u -g%g -- %E" (or dumping to /media/pan/95C15E65414BD009/ubuntu/houduan/pandaSystem/core.43377)
#
# If you would like to submit a bug report, please visit:
#   https://github.com/corretto/corretto-17/issues/
#

---------------  S U M M A R Y ------------

Command Line: -javaagent:/opt/idea/lib/idea_rt.jar=41991:/opt/idea/bin -Dfile.encoding=UTF-8 com.saigou.Processor

Host: AMD Ryzen 7 5800H with Radeon Graphics, 16 cores, 27G, Ubuntu 22.04.5 LTS
Time: Thu Feb 27 21:00:26 2025 CST elapsed time: 2.674721 seconds (0d 0h 0m 2s)

---------------  T H R E A D  ---------------

Current thread is native thread

Stack: [0x00007c4555201000,0x00007c4555a01000],  sp=0x00007c45559ffa00,  free space=8186k
Native frames: (J=compiled Java code, j=interpreted, Vv=VM code, C=native code)
C  [libopencv_imgproc.so.407+0x2bd56b]


siginfo: si_signo: 11 (SIGSEGV), si_code: 2 (SEGV_ACCERR), si_addr: 0x00007c4634120040

Registers:
RAX=0x0000000000000000, RBX=0x00007c436c348040, RCX=0x00007c4634120040, RDX=0x00007c4388001b30
RSP=0x00007c45559ffa00, RBP=0x0000000000000004, RSI=0x00007c4388001b40, RDI=0x0000000000000200
R8 =0x0000000000000000, R9 =0x00007c4368400040, R10=0x0000000000000008, R11=0x00007c4388001b40
R12=0x0000000000000001, R13=0x00007c45cf5fd6a0, R14=0x0000000000077fff, R15=0x0000000000000000
RIP=0x00007c45612bd56b, EFLAGS=0x0000000000010246, CSGSFS=0x002b000000000033, ERR=0x0000000000000004
  TRAPNO=0x000000000000000e


Top of Stack: (sp=0x00007c45559ffa00)
0x00007c45559ffa00:   00007c45559ffb10 00007c43000f0000
0x00007c45559ffa10:   00007c436c348040 000000000000010e
0x00007c45559ffa20:   000004380000010e 0000020000078000
0x00007c45559ffa30:   000000873e800000 0000000000000000
0x00007c45559ffa40:   0000000000000087 00007c45559ffb08
0x00007c45559ffa50:   0007800000000004 00007c4600078000
0x00007c45559ffa60:   00007c4368400040 0000000003f48000
0x00007c45559ffa70:   0000000100000004 0000000000000000
0x00007c45559ffa80:   0000000000000000 0000000000000000
0x00007c45559ffa90:   0000000200000002 0000000000000200
0x00007c45559ffaa0:   00000200000f0000 00007c45000f0000
0x00007c45559ffab0:   00007c45559ffc20 00007c45cf5fd5a0
0x00007c45559ffac0:   00007c45559ffc20 00007c45559ffb20
0x00007c45559ffad0:   00007c45559ffb10 0000000000000000
0x00007c45559ffae0:   0000000000000001 00007c4561a49224
0x00007c45559ffaf0:   0000000000000000 0000000000000000
0x00007c45559ffb00:   0000000000000000 000000cb00000087
0x00007c45559ffb10:   0000000000000000 0000000000000000
0x00007c45559ffb20:   0000000000008040 0000000000000000
0x00007c45559ffb30:   0000000000000000 0000000000000000
0x00007c45559ffb40:   0000000000000000 0000000000000000
0x00007c45559ffb50:   0000000000000000 0000000000000000
0x00007c45559ffb60:   0000000000000000 0000000000000008
0x00007c45559ffb70:   0000000000000002 00007c43881e4a80
0x00007c45559ffb80:   00007c45559ffc20 00007c43881e4a9c
0x00007c45559ffb90:   0000000000000001 00007c4561a5b800
0x00007c45559ffba0:   0000000000000000 0100000000000008
0x00007c45559ffbb0:   0000000000000000 0000000000000000
0x00007c45559ffbc0:   0000000000000000 0000000000000000
0x00007c45559ffbd0:   0000000000000000 0000000000000000
0x00007c45559ffbe0:   0000000000000000 0000000000000000
0x00007c45559ffbf0:   0000000000000000 0000000000000000 

Instructions: (pc=0x00007c45612bd56b)
0x00007c45612bd46b:   c8 eb 0d 66 90 4c 01 c8 41 8d 34 02 39 f5 7e 0e
0x00007c45612bd47b:   0f b6 34 07 83 c2 01 01 f1 41 39 c0 7f e7 41 83
0x00007c45612bd48b:   c3 01 45 39 e3 74 08 4c 01 ef 45 39 f3 75 c6 66
0x00007c45612bd49b:   0f ef c0 66 0f ef c9 f3 0f 2a c1 f3 0f 2a ca f3
0x00007c45612bd4ab:   0f 5e c1 e8 5d f9 da ff 3d ff 00 00 00 76 07 85
0x00007c45612bd4bb:   c0 0f 9f c0 f7 d8 48 8b 5c 24 08 48 8b 4c 24 10
0x00007c45612bd4cb:   88 04 19 48 83 c3 01 48 89 5c 24 08 39 5c 24 28
0x00007c45612bd4db:   0f 8f 07 ff ff ff 48 8b 44 24 48 8b 40 04 e9 3c
0x00007c45612bd4eb:   fa ff ff 85 db 0f 8e 55 08 00 00 45 31 e4 89 6c
0x00007c45612bd4fb:   24 08 44 8d 73 ff 4c 89 e9 89 5c 24 58 4d 89 fd
0x00007c45612bd50b:   8b 6c 24 70 4d 89 e7 48 8b 5c 24 10 44 8b 64 24
0x00007c45612bd51b:   74 0f 1f 40 00 49 8b 85 d8 00 00 00 48 0f af 54
0x00007c45612bd52b:   24 18 45 31 c0 4a 63 04 b8 48 01 c2 31 c0 48 01
0x00007c45612bd53b:   d1 45 85 e4 7e 57 49 8b 95 d0 00 00 00 48 8b 44
0x00007c45612bd54b:   24 38 45 31 c0 48 8d 72 10 4c 8d 1c 06 eb 0a 66
0x00007c45612bd55b:   0f 1f 44 00 00 48 83 c6 10 48 63 02 48 63 7a 04
0x00007c45612bd56b:   0f b6 04 01 0f b6 3c 39 01 f8 48 63 7a 08 48 63
0x00007c45612bd57b:   52 0c 0f b6 3c 39 0f b6 14 11 01 f8 01 d0 48 89
0x00007c45612bd58b:   f2 41 01 c0 49 39 f3 75 cc 8b 44 24 50 39 c5 7e
0x00007c45612bd59b:   56 49 8b 95 d0 00 00 00 48 63 f8 48 8d 34 bd 00
0x00007c45612bd5ab:   00 00 00 48 63 3c ba 0f b6 3c 39 41 01 f8 8d 78
0x00007c45612bd5bb:   01 39 fd 7e 32 48 63 7c 32 04 0f b6 3c 39 41 01
0x00007c45612bd5cb:   f8 8d 78 02 39 fd 7e 1f 48 63 7c 32 08 83 c0 03
0x00007c45612bd5db:   0f b6 3c 39 41 01 f8 39 c5 7e 0c 48 63 44 32 0c
0x00007c45612bd5eb:   0f b6 04 01 41 01 c0 66 0f ef c0 f3 41 0f 2a c0
0x00007c45612bd5fb:   f3 0f 59 44 24 30 e8 0a f8 da ff 3d ff 00 00 00
0x00007c45612bd60b:   76 27 85 c0 0f 9f c0 f7 d8 42 88 04 3b 49 8d 47
0x00007c45612bd61b:   01 4d 39 fe 74 20 49 8b 55 50 49 8b 4d 18 49 89
0x00007c45612bd62b:   c7 48 8b 12 e9 ec fe ff ff 42 88 04 3b 49 8d 47
0x00007c45612bd63b:   01 4d 39 fe 75 e0 8b 6c 24 08 8b 5c 24 58 4d 89
0x00007c45612bd64b:   ef e9 80 fd ff ff 66 0f ef c9 0f 28 c1 e9 4d fe
0x00007c45612bd65b:   ff ff 48 81 c4 b8 00 00 00 5b 5d 41 5c 41 5d 41 



---------------  P R O C E S S  ---------------

VM state: not at safepoint (normal execution)

VM Mutex/Monitor currently owned by a thread: None

Heap address: 0x000000064bc00000, size: 6980 MB, Compressed Oops mode: Zero based, Oop shift amount: 3

CDS archive(s) mapped at: [0x00007c45db000000-0x00007c45dbbc9000-0x00007c45dbbc9000), size 12357632, SharedBaseAddress: 0x00007c45db000000, ArchiveRelocationMode: 1.
Compressed class space mapped at: 0x00007c45dc000000-0x00007c461c000000, reserved size: 1073741824
Narrow klass base: 0x00007c45db000000, Narrow klass shift: 0, Narrow klass range: 0x100000000

GC Precious Log:
<Skipped>

Heap:
 garbage-first heap   total 110592K, used 40909K [0x000000064bc00000, 0x0000000800000000)
  region size 4096K, 7 young (28672K), 2 survivors (8192K)
 Metaspace       used 22189K, committed 22400K, reserved 1114112K
  class space    used 2131K, committed 2240K, reserved 1048576K

Heap Regions: E=young(eden), S=young(survivor), O=old, HS=humongous(starts), HC=humongous(continues), CS=collection set, F=free, OA=open archive, CA=closed archive, TAMS=top-at-mark-start (previous, next)
|   0|0x000000064bc00000, 0x000000064c000000, 0x000000064c000000|100%| O|  |TAMS 0x000000064c000000, 0x000000064bc00000| Untracked 
|   1|0x000000064c000000, 0x000000064c400000, 0x000000064c400000|100%| O|  |TAMS 0x000000064c400000, 0x000000064c000000| Untracked 
|   2|0x000000064c400000, 0x000000064c735600, 0x000000064c800000| 80%| O|  |TAMS 0x000000064c735600, 0x000000064c400000| Complete 
|   3|0x000000064c800000, 0x000000064c800000, 0x000000064cc00000|  0%| F|  |TAMS 0x000000064c800000, 0x000000064c800000| Untracked 
|   4|0x000000064cc00000, 0x000000064cc00000, 0x000000064d000000|  0%| F|  |TAMS 0x000000064cc00000, 0x000000064cc00000| Untracked 
|   5|0x000000064d000000, 0x000000064d000000, 0x000000064d400000|  0%| F|  |TAMS 0x000000064d000000, 0x000000064d000000| Untracked 
|   6|0x000000064d400000, 0x000000064d400000, 0x000000064d800000|  0%| F|  |TAMS 0x000000064d400000, 0x000000064d400000| Untracked 
|   7|0x000000064d800000, 0x000000064d800000, 0x000000064dc00000|  0%| F|  |TAMS 0x000000064d800000, 0x000000064d800000| Untracked 
|   8|0x000000064dc00000, 0x000000064dc00000, 0x000000064e000000|  0%| F|  |TAMS 0x000000064dc00000, 0x000000064dc00000| Untracked 
|   9|0x000000064e000000, 0x000000064e000000, 0x000000064e400000|  0%| F|  |TAMS 0x000000064e000000, 0x000000064e000000| Untracked 
|  10|0x000000064e400000, 0x000000064e400000, 0x000000064e800000|  0%| F|  |TAMS 0x000000064e400000, 0x000000064e400000| Untracked 
|  11|0x000000064e800000, 0x000000064e800000, 0x000000064ec00000|  0%| F|  |TAMS 0x000000064e800000, 0x000000064e800000| Untracked 
|  12|0x000000064ec00000, 0x000000064ec00000, 0x000000064f000000|  0%| F|  |TAMS 0x000000064ec00000, 0x000000064ec00000| Untracked 
|  13|0x000000064f000000, 0x000000064f000000, 0x000000064f400000|  0%| F|  |TAMS 0x000000064f000000, 0x000000064f000000| Untracked 
|  14|0x000000064f400000, 0x000000064f400000, 0x000000064f800000|  0%| F|  |TAMS 0x000000064f400000, 0x000000064f400000| Untracked 
|  15|0x000000064f800000, 0x000000064f800000, 0x000000064fc00000|  0%| F|  |TAMS 0x000000064f800000, 0x000000064f800000| Untracked 
|  16|0x000000064fc00000, 0x000000064fc00000, 0x0000000650000000|  0%| F|  |TAMS 0x000000064fc00000, 0x000000064fc00000| Untracked 
|  17|0x0000000650000000, 0x0000000650000000, 0x0000000650400000|  0%| F|  |TAMS 0x0000000650000000, 0x0000000650000000| Untracked 
|  18|0x0000000650400000, 0x000000065068f600, 0x0000000650800000| 64%| E|  |TAMS 0x0000000650400000, 0x0000000650400000| Complete 
|  19|0x0000000650800000, 0x0000000650c00000, 0x0000000650c00000|100%| E|CS|TAMS 0x0000000650800000, 0x0000000650800000| Complete 
|  20|0x0000000650c00000, 0x0000000651000000, 0x0000000651000000|100%| E|CS|TAMS 0x0000000650c00000, 0x0000000650c00000| Complete 
|  21|0x0000000651000000, 0x0000000651400000, 0x0000000651400000|100%| E|CS|TAMS 0x0000000651000000, 0x0000000651000000| Complete 
|  71|0x000000065d800000, 0x000000065da42a78, 0x000000065dc00000| 56%| S|CS|TAMS 0x000000065d800000, 0x000000065d800000| Complete 
|  72|0x000000065dc00000, 0x000000065e000000, 0x000000065e000000|100%| S|CS|TAMS 0x000000065dc00000, 0x000000065dc00000| Complete 
| 109|0x0000000667000000, 0x0000000667400000, 0x0000000667400000|100%| E|CS|TAMS 0x0000000667000000, 0x0000000667000000| Complete 
|1743|0x00000007ff800000, 0x00000007ffb75000, 0x00000007ffc00000| 86%|OA|  |TAMS 0x00000007ffb75000, 0x00000007ff800000| Untracked 
|1744|0x00000007ffc00000, 0x00000007ffc77000, 0x0000000800000000| 11%|CA|  |TAMS 0x00000007ffc77000, 0x00000007ffc00000| Untracked 

Card table byte_map: [0x00007c4647800000,0x00007c46485a2000] _byte_map_base: 0x00007c46445a2000

Marking Bits (Prev, Next): (CMBitMap*) 0x00007c4660061450, (CMBitMap*) 0x00007c4660061410
 Prev Bits: [0x00007c4638e00000, 0x00007c463fb10000)
 Next Bits: [0x00007c463fc00000, 0x00007c4646910000)

Polling page: 0x00007c4668327000

Metaspace:

Usage:
  Non-class:     19.59 MB used.
      Class:      2.08 MB used.
       Both:     21.67 MB used.

Virtual space:
  Non-class space:       64.00 MB reserved,      19.69 MB ( 31%) committed,  1 nodes.
      Class space:        1.00 GB reserved,       2.19 MB ( <1%) committed,  1 nodes.
             Both:        1.06 GB reserved,      21.88 MB (  2%) committed. 

Chunk freelists:
   Non-Class:  12.31 MB
       Class:  13.64 MB
        Both:  25.95 MB

MaxMetaspaceSize: unlimited
CompressedClassSpaceSize: 1.00 GB
Initial GC threshold: 21.00 MB
Current GC threshold: 35.25 MB
CDS: on
MetaspaceReclaimPolicy: balanced
 - commit_granule_bytes: 65536.
 - commit_granule_words: 8192.
 - virtual_space_node_default_size: 8388608.
 - enlarge_chunks_in_place: 1.
 - new_chunks_are_fully_committed: 0.
 - uncommit_free_chunks: 1.
 - use_allocation_guard: 0.
 - handle_deallocations: 1.


Internal statistics:

num_allocs_failed_limit: 3.
num_arena_births: 106.
num_arena_deaths: 0.
num_vsnodes_births: 2.
num_vsnodes_deaths: 0.
num_space_committed: 348.
num_space_uncommitted: 0.
num_chunks_returned_to_freelist: 3.
num_chunks_taken_from_freelist: 730.
num_chunk_merges: 3.
num_chunk_splits: 625.
num_chunks_enlarged: 566.
num_inconsistent_stats: 0.

CodeHeap 'non-profiled nmethods': size=119168Kb used=1460Kb max_used=1460Kb free=117707Kb
 bounds [0x00007c4650fa0000, 0x00007c4651210000, 0x00007c4658400000]
CodeHeap 'profiled nmethods': size=119164Kb used=4117Kb max_used=4117Kb free=115046Kb
 bounds [0x00007c4649400000, 0x00007c4649810000, 0x00007c465085f000]
CodeHeap 'non-nmethods': size=7428Kb used=2881Kb max_used=3428Kb free=4546Kb
 bounds [0x00007c465085f000, 0x00007c4650bbf000, 0x00007c4650fa0000]
 total_blobs=3200 nmethods=2024 adapters=1087
 compilation: enabled
              stopped_count=0, restarted_count=0
 full_count=0

Compilation events (20 events):
Event: 2.655 Thread 0x00007c459804df40 2000       3       org.bytedeco.javacpp.Pointer::capacity (12 bytes)
Event: 2.655 Thread 0x00007c459804df40 nmethod 2000 0x00007c4649801e90 code [0x00007c4649802020, 0x00007c4649802130]
Event: 2.656 Thread 0x00007c46601652d0 nmethod 1973% 0x00007c4651109790 code [0x00007c4651109940, 0x00007c465110a1d8]
Event: 2.656 Thread 0x00007c46601652d0 1981       4       java.net.URI$Parser::scan (76 bytes)
Event: 2.658 Thread 0x00007c46601652d0 nmethod 1981 0x00007c465110a890 code [0x00007c465110aa40, 0x00007c465110acb8]
Event: 2.658 Thread 0x00007c46601652d0 1975       4       org.bytedeco.javacpp.ClassProperties::addAll (199 bytes)
Event: 2.658 Thread 0x00007c459804df40 2004       3       jdk.internal.misc.Unsafe::getAndAddInt (27 bytes)
Event: 2.659 Thread 0x00007c459804df40 nmethod 2004 0x00007c4649802210 code [0x00007c46498023c0, 0x00007c4649802600]
Event: 2.665 Thread 0x00007c45a4064600 2007       3       java.lang.String::getBytes (44 bytes)
Event: 2.666 Thread 0x00007c45a4064600 nmethod 2007 0x00007c4649802710 code [0x00007c46498028e0, 0x00007c4649802bd0]
Event: 2.666 Thread 0x00007c459804df40 2008       3       org.bytedeco.javacpp.Pointer::position (7 bytes)
Event: 2.666 Thread 0x00007c459804df40 nmethod 2008 0x00007c4649802d10 code [0x00007c4649802ea0, 0x00007c4649802fb0]
Event: 2.666 Thread 0x00007c4660166810 2009       3       java.lang.StringConcatHelper::prepend (37 bytes)
Event: 2.667 Thread 0x00007c4660166810 nmethod 2009 0x00007c4649803090 code [0x00007c4649803260, 0x00007c4649803530]
Event: 2.667 Thread 0x00007c459804df40 2010       1       java.lang.Thread::isInterrupted (5 bytes)
Event: 2.667 Thread 0x00007c459804df40 nmethod 2010 0x00007c465110af10 code [0x00007c465110b0a0, 0x00007c465110b170]
Event: 2.670 Thread 0x00007c45a4064600 2012       3       org.bytedeco.javacpp.Pointer::isNull (15 bytes)
Event: 2.670 Thread 0x00007c45a4064600 nmethod 2012 0x00007c4649803690 code [0x00007c4649803820, 0x00007c4649803990]
Event: 2.672 Thread 0x00007c45a4064600 2013       3       java.nio.MappedByteBuffer::limit (8 bytes)
Event: 2.672 Thread 0x00007c45a4064600 nmethod 2013 0x00007c4649803a10 code [0x00007c4649803bc0, 0x00007c4649803d60]

GC Heap History (10 events):
Event: 0.177 GC heap before
{Heap before GC invocations=0 (full 0):
 garbage-first heap   total 458752K, used 20400K [0x000000064bc00000, 0x0000000800000000)
  region size 4096K, 5 young (20480K), 0 survivors (0K)
 Metaspace       used 1193K, committed 1344K, reserved 1114112K
  class space    used 71K, committed 128K, reserved 1048576K
}
Event: 0.180 GC heap after
{Heap after GC invocations=1 (full 0):
 garbage-first heap   total 458752K, used 15496K [0x000000064bc00000, 0x0000000800000000)
  region size 4096K, 1 young (4096K), 1 survivors (4096K)
 Metaspace       used 1193K, committed 1344K, reserved 1114112K
  class space    used 71K, committed 128K, reserved 1048576K
}
Event: 0.275 GC heap before
{Heap before GC invocations=1 (full 0):
 garbage-first heap   total 458752K, used 31880K [0x000000064bc00000, 0x0000000800000000)
  region size 4096K, 5 young (20480K), 1 survivors (4096K)
 Metaspace       used 2353K, committed 2496K, reserved 1114112K
  class space    used 155K, committed 192K, reserved 1048576K
}
Event: 0.277 GC heap after
{Heap after GC invocations=2 (full 0):
 garbage-first heap   total 458752K, used 15808K [0x000000064bc00000, 0x0000000800000000)
  region size 4096K, 1 young (4096K), 1 survivors (4096K)
 Metaspace       used 2353K, committed 2496K, reserved 1114112K
  class space    used 155K, committed 192K, reserved 1048576K
}
Event: 1.232 GC heap before
{Heap before GC invocations=2 (full 0):
 garbage-first heap   total 458752K, used 60864K [0x000000064bc00000, 0x0000000800000000)
  region size 4096K, 12 young (49152K), 1 survivors (4096K)
 Metaspace       used 8603K, committed 8768K, reserved 1114112K
  class space    used 921K, committed 960K, reserved 1048576K
}
Event: 1.234 GC heap after
{Heap after GC invocations=3 (full 0):
 garbage-first heap   total 458752K, used 17818K [0x000000064bc00000, 0x0000000800000000)
  region size 4096K, 1 young (4096K), 1 survivors (4096K)
 Metaspace       used 8603K, committed 8768K, reserved 1114112K
  class space    used 921K, committed 960K, reserved 1048576K
}
Event: 2.095 GC heap before
{Heap before GC invocations=3 (full 0):
 garbage-first heap   total 458752K, used 288154K [0x000000064bc00000, 0x0000000800000000)
  region size 4096K, 66 young (270336K), 1 survivors (4096K)
 Metaspace       used 20007K, committed 20160K, reserved 1114112K
  class space    used 1856K, committed 1920K, reserved 1048576K
}
Event: 2.098 GC heap after
{Heap after GC invocations=4 (full 0):
 garbage-first heap   total 458752K, used 21421K [0x000000064bc00000, 0x0000000800000000)
  region size 4096K, 2 young (8192K), 2 survivors (8192K)
 Metaspace       used 20007K, committed 20160K, reserved 1114112K
  class space    used 1856K, committed 1920K, reserved 1048576K
}
Event: 2.430 GC heap before
{Heap before GC invocations=4 (full 0):
 garbage-first heap   total 458752K, used 168877K [0x000000064bc00000, 0x0000000800000000)
  region size 4096K, 39 young (159744K), 2 survivors (8192K)
 Metaspace       used 21375K, committed 21504K, reserved 1114112K
  class space    used 2061K, committed 2112K, reserved 1048576K
}
Event: 2.432 GC heap after
{Heap after GC invocations=5 (full 0):
 garbage-first heap   total 458752K, used 21904K [0x000000064bc00000, 0x0000000800000000)
  region size 4096K, 2 young (8192K), 2 survivors (8192K)
 Metaspace       used 21375K, committed 21504K, reserved 1114112K
  class space    used 2061K, committed 2112K, reserved 1048576K
}

Dll operation events (20 events):
Event: 0.378 Loaded shared library /home/pan/.javacpp/cache/ffmpeg-6.0-1.5.9-linux-x86_64.jar/org/bytedeco/ffmpeg/linux-x86_64/libavformat.so.60
Event: 0.383 Loaded shared library /home/pan/.javacpp/cache/ffmpeg-6.0-1.5.9-linux-x86_64.jar/org/bytedeco/ffmpeg/linux-x86_64/libjniavformat.so
Event: 0.407 Loaded shared library /home/pan/.javacpp/cache/ffmpeg-6.0-1.5.9-linux-x86_64.jar/org/bytedeco/ffmpeg/linux-x86_64/libswscale.so.7
Event: 0.412 Loaded shared library /home/pan/.javacpp/cache/ffmpeg-6.0-1.5.9-linux-x86_64.jar/org/bytedeco/ffmpeg/linux-x86_64/libjniswscale.so
Event: 0.457 Loaded shared library /home/pan/.javacpp/cache/ffmpeg-6.0-1.5.9-linux-x86_64.jar/org/bytedeco/ffmpeg/linux-x86_64/libavfilter.so.9
Event: 0.460 Loaded shared library /home/pan/.javacpp/cache/ffmpeg-6.0-1.5.9-linux-x86_64.jar/org/bytedeco/ffmpeg/linux-x86_64/libjniavfilter.so
Event: 0.475 Loaded shared library /home/pan/.javacpp/cache/ffmpeg-6.0-1.5.9-linux-x86_64.jar/org/bytedeco/ffmpeg/linux-x86_64/libavdevice.so.60
Event: 0.478 Loaded shared library /home/pan/.javacpp/cache/ffmpeg-6.0-1.5.9-linux-x86_64.jar/org/bytedeco/ffmpeg/linux-x86_64/libjniavdevice.so
Event: 1.206 Loaded shared library /tmp/libio_grpc_netty_shaded_netty_transport_native_epoll_x86_6416189086494576413853.so
Event: 1.395 Loaded shared library /home/pan/.javacpp/cache/openblas-0.3.23-1.5.9-linux-x86_64.jar/org/bytedeco/openblas/linux-x86_64/libgcc_s.so.1
Event: 1.397 Loaded shared library /home/pan/.javacpp/cache/openblas-0.3.23-1.5.9-linux-x86_64.jar/org/bytedeco/openblas/linux-x86_64/libquadmath.so.0
Event: 1.403 Loaded shared library /home/pan/.javacpp/cache/openblas-0.3.23-1.5.9-linux-x86_64.jar/org/bytedeco/openblas/linux-x86_64/libgfortran.so.5
Event: 1.424 Loaded shared library /home/pan/.javacpp/cache/openblas-0.3.23-1.5.9-linux-x86_64.jar/org/bytedeco/openblas/linux-x86_64/libopenblas_nolapack.so.0
Event: 1.453 Loaded shared library /home/pan/.javacpp/cache/openblas-0.3.23-1.5.9-linux-x86_64.jar/org/bytedeco/openblas/linux-x86_64/libjniopenblas_nolapack.so
Event: 1.530 Loaded shared library /home/pan/.javacpp/cache/openblas-0.3.23-1.5.9-linux-x86_64.jar/org/bytedeco/openblas/linux-x86_64/libopenblas.so.0
Event: 1.535 Loaded shared library /home/pan/.javacpp/cache/openblas-0.3.23-1.5.9-linux-x86_64.jar/org/bytedeco/openblas/linux-x86_64/libjniopenblas.so
Event: 2.342 Loaded shared library /home/pan/.javacpp/cache/opencv-4.7.0-1.5.9-linux-x86_64.jar/org/bytedeco/opencv/linux-x86_64/libopencv_core.so.407
Event: 2.390 Loaded shared library /home/pan/.javacpp/cache/opencv-4.7.0-1.5.9-linux-x86_64.jar/org/bytedeco/opencv/linux-x86_64/libopencv_imgproc.so.407
Event: 2.404 Loaded shared library /home/pan/.javacpp/cache/opencv-4.7.0-1.5.9-linux-x86_64.jar/org/bytedeco/opencv/linux-x86_64/libjniopencv_core.so
Event: 2.663 Loaded shared library /home/pan/.javacpp/cache/opencv-4.7.0-1.5.9-linux-x86_64.jar/org/bytedeco/opencv/linux-x86_64/libjniopencv_imgproc.so

Deoptimization events (20 events):
Event: 2.450 Thread 0x00007c4660033a30 DEOPT PACKING pc=0x00007c46495e9b59 sp=0x00007c46681fdc60
Event: 2.450 Thread 0x00007c4660033a30 DEOPT UNPACKING pc=0x00007c46508b5e2f sp=0x00007c46681fd178 mode 0
Event: 2.451 Thread 0x00007c4660033a30 DEOPT PACKING pc=0x00007c46495e42cc sp=0x00007c46681fddf0
Event: 2.451 Thread 0x00007c4660033a30 DEOPT UNPACKING pc=0x00007c46508b5e2f sp=0x00007c46681fd298 mode 0
Event: 2.590 Thread 0x00007c4660033a30 Uncommon trap: trap_request=0xffffff45 fr.pc=0x00007c4650fa1098 relative=0x0000000000000078
Event: 2.590 Thread 0x00007c4660033a30 Uncommon trap: reason=unstable_if action=reinterpret pc=0x00007c4650fa1098 method=java.lang.String.isLatin1()Z @ 10 c2
Event: 2.590 Thread 0x00007c4660033a30 DEOPT PACKING pc=0x00007c4650fa1098 sp=0x00007c46681fdb50
Event: 2.590 Thread 0x00007c4660033a30 DEOPT UNPACKING pc=0x00007c46508b5699 sp=0x00007c46681fdab0 mode 2
Event: 2.592 Thread 0x00007c4660033a30 Uncommon trap: trap_request=0xffffff45 fr.pc=0x00007c46510b63a8 relative=0x0000000000000108
Event: 2.592 Thread 0x00007c4660033a30 Uncommon trap: reason=unstable_if action=reinterpret pc=0x00007c46510b63a8 method=java.lang.StringConcatHelper.prepend(J[BLjava/lang/String;)J @ 13 c2
Event: 2.592 Thread 0x00007c4660033a30 DEOPT PACKING pc=0x00007c46510b63a8 sp=0x00007c46681fe4d0
Event: 2.592 Thread 0x00007c4660033a30 DEOPT UNPACKING pc=0x00007c46508b5699 sp=0x00007c46681fe4a0 mode 2
Event: 2.594 Thread 0x00007c4662e5e1f0 Uncommon trap: trap_request=0xffffff45 fr.pc=0x00007c46510b5c74 relative=0x00000000000000d4
Event: 2.594 Thread 0x00007c4662e5e1f0 Uncommon trap: reason=unstable_if action=reinterpret pc=0x00007c46510b5c74 method=java.lang.String.getBytes([BIB)V @ 5 c2
Event: 2.594 Thread 0x00007c4662e5e1f0 DEOPT PACKING pc=0x00007c46510b5c74 sp=0x00007c46242fd620
Event: 2.594 Thread 0x00007c4662e5e1f0 DEOPT UNPACKING pc=0x00007c46508b5699 sp=0x00007c46242fd5e8 mode 2
Event: 2.653 Thread 0x00007c440c002930 DEOPT PACKING pc=0x00007c46495ffeea sp=0x00007c46241fca50
Event: 2.653 Thread 0x00007c440c002930 DEOPT UNPACKING pc=0x00007c46508b5e2f sp=0x00007c46241fbf08 mode 0
Event: 2.661 Thread 0x00007c440c003a60 DEOPT PACKING pc=0x00007c46495ffe6f sp=0x00007c45d41fd6f0
Event: 2.661 Thread 0x00007c440c003a60 DEOPT UNPACKING pc=0x00007c46508b5e2f sp=0x00007c45d41fcba8 mode 0

Classes loaded (20 events):
Event: 2.444 Loading class java/util/concurrent/Semaphore
Event: 2.444 Loading class java/util/concurrent/Semaphore done
Event: 2.444 Loading class java/util/concurrent/Semaphore$NonfairSync
Event: 2.444 Loading class java/util/concurrent/Semaphore$Sync
Event: 2.444 Loading class java/util/concurrent/Semaphore$Sync done
Event: 2.444 Loading class java/util/concurrent/Semaphore$NonfairSync done
Event: 2.592 Loading class java/util/concurrent/locks/AbstractQueuedSynchronizer$ConditionNode
Event: 2.592 Loading class java/util/concurrent/locks/AbstractQueuedSynchronizer$Node
Event: 2.592 Loading class java/util/concurrent/locks/AbstractQueuedSynchronizer$Node done
Event: 2.592 Loading class java/util/concurrent/locks/AbstractQueuedSynchronizer$ConditionNode done
Event: 2.593 Loading class java/nio/DirectFloatBufferU
Event: 2.593 Loading class java/nio/DirectFloatBufferU done
Event: 2.593 Loading class java/nio/DirectShortBufferU
Event: 2.593 Loading class java/nio/DirectShortBufferU done
Event: 2.641 Loading class java/util/concurrent/locks/AbstractQueuedSynchronizer$ExclusiveNode
Event: 2.641 Loading class java/util/concurrent/locks/AbstractQueuedSynchronizer$ExclusiveNode done
Event: 2.642 Loading class java/util/concurrent/FutureTask
Event: 2.642 Loading class java/util/concurrent/FutureTask done
Event: 2.642 Loading class java/util/concurrent/FutureTask$WaitNode
Event: 2.642 Loading class java/util/concurrent/FutureTask$WaitNode done

Classes unloaded (0 events):
No events

Classes redefined (0 events):
No events

Internal exceptions (20 events):
Event: 0.168 Thread 0x00007c4660f40ad0 Exception <a 'java/lang/NoSuchMethodError'{0x000000066636bea8}: 'java.lang.Object java.lang.invoke.DirectMethodHandle$Holder.invokeStaticInit(java.lang.Object)'> (0x000000066636bea8) 
thrown [src/hotspot/share/interpreter/linkResolver.cpp, line 759]
Event: 0.173 Thread 0x00007c4660f40ad0 Exception <a 'java/lang/NoSuchMethodError'{0x000000066637a548}: 'void java.lang.invoke.DirectMethodHandle$Holder.invokeStatic(java.lang.Object, java.lang.Object)'> (0x000000066637a548) 
thrown [src/hotspot/share/interpreter/linkResolver.cpp, line 759]
Event: 0.180 Thread 0x00007c4660033a30 Exception <a 'java/lang/NoSuchMethodError'{0x0000000667002c98}: 'int java.lang.invoke.DirectMethodHandle$Holder.invokeStaticInit(java.lang.Object, java.lang.Object, java.lang.Object, java.lang.Object)'> (0x0000000667002c98) 
thrown [src/hotspot/share/interpreter/linkResolver.cpp, line 759]
Event: 0.182 Thread 0x00007c4660033a30 Exception <a 'java/lang/NoSuchMethodError'{0x000000066700d2e8}: 'java.lang.Object java.lang.invoke.DirectMethodHandle$Holder.invokeInterface(java.lang.Object, java.lang.Object)'> (0x000000066700d2e8) 
thrown [src/hotspot/share/interpreter/linkResolver.cpp, line 759]
Event: 0.183 Thread 0x00007c4660033a30 Exception <a 'java/lang/IncompatibleClassChangeError'{0x0000000667010960}: Found class java.lang.Object, but interface was expected> (0x0000000667010960) 
thrown [src/hotspot/share/interpreter/linkResolver.cpp, line 826]
Event: 0.183 Thread 0x00007c4660033a30 Exception <a 'java/lang/NoSuchMethodError'{0x0000000667013950}: 'void java.lang.invoke.DirectMethodHandle$Holder.invokeStaticInit(java.lang.Object, java.lang.Object)'> (0x0000000667013950) 
thrown [src/hotspot/share/interpreter/linkResolver.cpp, line 759]
Event: 0.184 Thread 0x00007c4660033a30 Exception <a 'java/lang/NoSuchMethodError'{0x0000000667019598}: 'int java.lang.invoke.DirectMethodHandle$Holder.invokeStaticInit(java.lang.Object, java.lang.Object)'> (0x0000000667019598) 
thrown [src/hotspot/share/interpreter/linkResolver.cpp, line 759]
Event: 1.053 Thread 0x00007c4660033a30 Exception <a 'java/lang/NoSuchMethodError'{0x00000006650714b8}: 'java.lang.Object java.lang.invoke.DirectMethodHandle$Holder.invokeSpecial(java.lang.Object, java.lang.Object, java.lang.Object, long, java.lang.Object)'> (0x00000006650714b8) 
thrown [src/hotspot/share/interpreter/linkResolver.cpp, line 759]
Event: 1.053 Thread 0x00007c4660033a30 Exception <a 'java/lang/NoSuchMethodError'{0x0000000665075088}: 'java.lang.Object java.lang.invoke.Invokers$Holder.linkToTargetMethod(java.lang.Object, long, java.lang.Object, java.lang.Object)'> (0x0000000665075088) 
thrown [src/hotspot/share/interpreter/linkResolver.cpp, line 759]
Event: 1.065 Thread 0x00007c4660033a30 Exception <a 'java/lang/ClassNotFoundException'{0x00000006650aefc0}: javax/smartcardio/CardPermission> (0x00000006650aefc0) 
thrown [src/hotspot/share/classfile/systemDictionary.cpp, line 256]
Event: 1.068 Thread 0x00007c4660033a30 Exception <a 'java/io/FileNotFoundException'{0x00000006650bc830}> (0x00000006650bc830) 
thrown [src/hotspot/share/prims/jni.cpp, line 516]
Event: 1.090 Thread 0x00007c4660033a30 Implicit null exception at 0x00007c4650fd773b to 0x00007c4650fd7f60
Event: 1.091 Thread 0x00007c4660033a30 Implicit null exception at 0x00007c4651028a2f to 0x00007c4651028aa9
Event: 1.186 Thread 0x00007c4660033a30 Exception <a 'java/lang/UnsatisfiedLinkError'{0x000000066446fa28}: 'int io.grpc.netty.shaded.io.netty.channel.epoll.Native.offsetofEpollData()'> (0x000000066446fa28) 
thrown [src/hotspot/share/prims/nativeLookup.cpp, line 543]
Event: 1.188 Thread 0x00007c4660033a30 Exception <a 'java/lang/reflect/InvocationTargetException'{0x00000006644990b0}> (0x00000006644990b0) 
thrown [src/hotspot/share/runtime/reflection.cpp, line 1128]
Event: 1.574 Thread 0x00007c4661dc3080 Exception <a 'java/lang/NoSuchMethodError'{0x00000006624e1860}: 'java.lang.Object java.lang.invoke.DirectMethodHandle$Holder.invokeStatic(java.lang.Object, java.lang.Object, long, java.lang.Object)'> (0x00000006624e1860) 
thrown [src/hotspot/share/interpreter/linkResolver.cpp, line 759]
Event: 1.575 Thread 0x00007c4661dc3080 Exception <a 'java/lang/NoSuchMethodError'{0x00000006624e52f8}: 'java.lang.Object java.lang.invoke.DirectMethodHandle$Holder.invokeStaticInit(java.lang.Object, java.lang.Object, long, java.lang.Object)'> (0x00000006624e52f8) 
thrown [src/hotspot/share/interpreter/linkResolver.cpp, line 759]
Event: 1.576 Thread 0x00007c4661dc3080 Exception <a 'java/lang/NoSuchMethodError'{0x00000006624eb8f8}: 'java.lang.Object java.lang.invoke.DirectMethodHandle$Holder.newInvokeSpecial(java.lang.Object, java.lang.Object, long)'> (0x00000006624eb8f8) 
thrown [src/hotspot/share/interpreter/linkResolver.cpp, line 759]
Event: 1.576 Thread 0x00007c4661dc3080 Exception <a 'java/lang/NoSuchMethodError'{0x00000006624ef468}: 'java.lang.Object java.lang.invoke.Invokers$Holder.linkToTargetMethod(java.lang.Object, long, java.lang.Object)'> (0x00000006624ef468) 
thrown [src/hotspot/share/interpreter/linkResolver.cpp, line 759]
Event: 2.641 Thread 0x00007c46628ae600 Exception <a 'java/lang/NoSuchMethodError'{0x00000006513487e8}: 'void java.lang.invoke.DirectMethodHandle$Holder.invokeSpecial(java.lang.Object, java.lang.Object, java.lang.Object)'> (0x00000006513487e8) 
thrown [src/hotspot/share/interpreter/linkResolver.cpp, line 759]

VM Operations (20 events):
Event: 1.190 Executing VM operation: HandshakeAllThreads
Event: 1.190 Executing VM operation: HandshakeAllThreads done
Event: 1.232 Executing VM operation: G1CollectForAllocation
Event: 1.234 Executing VM operation: G1CollectForAllocation done
Event: 1.312 Executing VM operation: HandshakeAllThreads
Event: 1.312 Executing VM operation: HandshakeAllThreads done
Event: 1.385 Executing VM operation: HandshakeAllThreads
Event: 1.385 Executing VM operation: HandshakeAllThreads done
Event: 1.390 Executing VM operation: HandshakeAllThreads
Event: 1.390 Executing VM operation: HandshakeAllThreads done
Event: 1.429 Executing VM operation: HandshakeAllThreads
Event: 1.429 Executing VM operation: HandshakeAllThreads done
Event: 2.095 Executing VM operation: G1CollectForAllocation
Event: 2.098 Executing VM operation: G1CollectForAllocation done
Event: 2.430 Executing VM operation: CollectForMetadataAllocation
Event: 2.432 Executing VM operation: CollectForMetadataAllocation done
Event: 2.435 Executing VM operation: G1PauseRemark
Event: 2.437 Executing VM operation: G1PauseRemark done
Event: 2.437 Executing VM operation: G1PauseCleanup
Event: 2.441 Executing VM operation: G1PauseCleanup done

Memory protections (20 events):
Event: 0.244 Protecting memory [0x00007c4626f00000,0x00007c4626f04000] with protection modes 0
Event: 0.249 Protecting memory [0x00007c4626e00000,0x00007c4626e04000] with protection modes 0
Event: 0.977 Protecting memory [0x00007c4631000000,0x00007c4631004000] with protection modes 0
Event: 0.977 Protecting memory [0x00007c4627300000,0x00007c4627304000] with protection modes 0
Event: 1.039 Protecting memory [0x00007c4626e00000,0x00007c4626e04000] with protection modes 0
Event: 1.373 Protecting memory [0x00007c4626f00000,0x00007c4626f04000] with protection modes 0
Event: 1.377 Protecting memory [0x00007c46267fd000,0x00007c4626801000] with protection modes 0
Event: 1.387 Protecting memory [0x00007c46266fd000,0x00007c4626701000] with protection modes 0
Event: 1.396 Protecting memory [0x00007c4626300000,0x00007c4626304000] with protection modes 0
Event: 1.605 Protecting memory [0x00007c4626200000,0x00007c4626204000] with protection modes 0
Event: 2.448 Protecting memory [0x00007c4630e00000,0x00007c4630e04000] with protection modes 0
Event: 2.592 Protecting memory [0x00007c4630e00000,0x00007c4630e04000] with protection modes 0
Event: 2.592 Protecting memory [0x00007c4631000000,0x00007c4631004000] with protection modes 0
Event: 2.592 Protecting memory [0x00007c4627300000,0x00007c4627304000] with protection modes 0
Event: 2.593 Protecting memory [0x00007c46241ff000,0x00007c4624203000] with protection modes 0
Event: 2.642 Protecting memory [0x00007c46240ff000,0x00007c4624103000] with protection modes 0
Event: 2.648 Protecting memory [0x00007c45d4100000,0x00007c45d4104000] with protection modes 0
Event: 2.654 Protecting memory [0x00007c45d4000000,0x00007c45d4004000] with protection modes 0
Event: 2.663 Protecting memory [0x00007c45cf500000,0x00007c45cf504000] with protection modes 0
Event: 2.671 Protecting memory [0x00007c45ceb00000,0x00007c45ceb04000] with protection modes 0

Nmethod flushes (0 events):
No events

Events (20 events):
Event: 1.039 Thread 0x00007c46601610b0 Thread added: 0x00007c45bc000eb0
Event: 1.373 Thread 0x00007c4660033a30 Thread added: 0x00007c4661dbfeb0
Event: 1.377 Thread 0x00007c4660033a30 Thread added: 0x00007c4661dc3080
Event: 1.387 Thread 0x00007c4661dc3080 Thread added: 0x00007c451c0120b0
Event: 1.396 Thread 0x00007c451c0120b0 Thread added: 0x00007c45140210f0
Event: 1.605 Thread 0x00007c4661dc3080 Thread added: 0x00007c451c146d00
Event: 1.932 Thread 0x00007c45a4479ab0 Thread exited: 0x00007c45a4479ab0
Event: 1.932 Thread 0x00007c45a4478ec0 Thread exited: 0x00007c45a4478ec0
Event: 2.274 Thread 0x00007c459804f030 Thread exited: 0x00007c459804f030
Event: 2.448 Thread 0x00007c459804df40 Thread added: 0x00007c4588378eb0
Event: 2.591 Thread 0x00007c4588378eb0 Thread exited: 0x00007c4588378eb0
Event: 2.592 Thread 0x00007c4660033a30 Thread added: 0x00007c46628ae080
Event: 2.592 Thread 0x00007c4660033a30 Thread added: 0x00007c46628ae600
Event: 2.592 Thread 0x00007c4660033a30 Thread added: 0x00007c4662894950
Event: 2.593 Thread 0x00007c4660033a30 Thread added: 0x00007c4662e5e1f0
Event: 2.642 Thread 0x00007c46628ae600 Thread added: 0x00007c440c002930
Event: 2.648 Thread 0x00007c46628ae600 Thread added: 0x00007c440c003a60
Event: 2.654 Thread 0x00007c46628ae600 Thread added: 0x00007c440c004ab0
Event: 2.663 Thread 0x00007c46628ae600 Thread added: 0x00007c440c005b00
Event: 2.671 Thread 0x00007c46628ae600 Thread added: 0x00007c440c006b50


Dynamic libraries:
64bc00000-651400000 rw-p 00000000 00:00 0 
651400000-65d800000 ---p 00000000 00:00 0 
65d800000-65e000000 rw-p 00000000 00:00 0 
65e000000-667000000 ---p 00000000 00:00 0 
667000000-667400000 rw-p 00000000 00:00 0 
667400000-7ff800000 ---p 00000000 00:00 0 
7ff800000-7ffb00000 rw-p 00000000 00:00 0 
7ffb00000-7ffb75000 rw-p 00c78000 103:02 4342152                         /home/pan/.jdks/corretto-17.0.14/lib/server/classes.jsa
7ffb75000-7ffc00000 rw-p 00000000 00:00 0 
7ffc00000-7ffc77000 rw-p 00c01000 103:02 4342152                         /home/pan/.jdks/corretto-17.0.14/lib/server/classes.jsa
7ffc77000-800000000 rw-p 00000000 00:00 0 
5bd8fc800000-5bd8fc801000 r-xp 00000000 103:02 4342252                   /home/pan/.jdks/corretto-17.0.14/bin/java
5bd8fca01000-5bd8fca02000 r--p 00001000 103:02 4342252                   /home/pan/.jdks/corretto-17.0.14/bin/java
5bd8fca02000-5bd8fca03000 rw-p 00002000 103:02 4342252                   /home/pan/.jdks/corretto-17.0.14/bin/java
5bd9020ce000-5bd902110000 rw-p 00000000 00:00 0                          [heap]
7c42c8200000-7c42d7f21000 rw-p 00000000 00:00 0 
7c42d8000000-7c42d81e2000 rw-p 00000000 00:00 0 
7c42d81e2000-7c42dc000000 ---p 00000000 00:00 0 
7c42e0000000-7c42e0021000 rw-p 00000000 00:00 0 
7c42e0021000-7c42e4000000 ---p 00000000 00:00 0 
7c42e4200000-7c42f3f21000 rw-p 00000000 00:00 0 
7c42f4000000-7c42f41e2000 rw-p 00000000 00:00 0 
7c42f41e2000-7c42f8000000 ---p 00000000 00:00 0 
7c42f8000000-7c42f8021000 rw-p 00000000 00:00 0 
7c42f8021000-7c42fc000000 ---p 00000000 00:00 0 
7c4300000000-7c4300021000 rw-p 00000000 00:00 0 
7c4300021000-7c4304000000 ---p 00000000 00:00 0 
7c4304000000-7c4304021000 rw-p 00000000 00:00 0 
7c4304021000-7c4308000000 ---p 00000000 00:00 0 
7c4308000000-7c4308021000 rw-p 00000000 00:00 0 
7c4308021000-7c430c000000 ---p 00000000 00:00 0 
7c4310000000-7c4310021000 rw-p 00000000 00:00 0 
7c4310021000-7c4314000000 ---p 00000000 00:00 0 
7c4314000000-7c4314021000 rw-p 00000000 00:00 0 
7c4314021000-7c4318000000 ---p 00000000 00:00 0 
7c431c000000-7c431c021000 rw-p 00000000 00:00 0 
7c431c021000-7c4320000000 ---p 00000000 00:00 0 
7c4320000000-7c4320021000 rw-p 00000000 00:00 0 
7c4320021000-7c4324000000 ---p 00000000 00:00 0 
7c4324000000-7c4324021000 rw-p 00000000 00:00 0 
7c4324021000-7c4328000000 ---p 00000000 00:00 0 
7c432c000000-7c432c021000 rw-p 00000000 00:00 0 
7c432c021000-7c4330000000 ---p 00000000 00:00 0 
7c4330000000-7c4330021000 rw-p 00000000 00:00 0 
7c4330021000-7c4334000000 ---p 00000000 00:00 0 
7c4338000000-7c4338021000 rw-p 00000000 00:00 0 
7c4338021000-7c433c000000 ---p 00000000 00:00 0 
7c433c000000-7c433c021000 rw-p 00000000 00:00 0 
7c433c021000-7c4340000000 ---p 00000000 00:00 0 
7c4344000000-7c4344021000 rw-p 00000000 00:00 0 
7c4344021000-7c4348000000 ---p 00000000 00:00 0 
7c4348800000-7c4358521000 rw-p 00000000 00:00 0 
7c4358600000-7c4368321000 rw-p 00000000 00:00 0 
7c4368400000-7c4378121000 rw-p 00000000 00:00 0 
7c4378200000-7c4387f21000 rw-p 00000000 00:00 0 
7c4388000000-7c43881eb000 rw-p 00000000 00:00 0 
7c43881eb000-7c438c000000 ---p 00000000 00:00 0 
7c4390000000-7c43901e2000 rw-p 00000000 00:00 0 
7c43901e2000-7c4394000000 ---p 00000000 00:00 0 
7c4394000000-7c4394251000 rw-p 00000000 00:00 0 
7c4394251000-7c4398000000 ---p 00000000 00:00 0 
7c439c000000-7c439c1e8000 rw-p 00000000 00:00 0 
7c439c1e8000-7c43a0000000 ---p 00000000 00:00 0 
7c43a0000000-7c43a05cc000 rw-p 00000000 00:00 0 
7c43a05cc000-7c43a4000000 ---p 00000000 00:00 0 
7c43a8000000-7c43a861e000 rw-p 00000000 00:00 0 
7c43a861e000-7c43ac000000 ---p 00000000 00:00 0 
7c43ac000000-7c43ac5cc000 rw-p 00000000 00:00 0 
7c43ac5cc000-7c43b0000000 ---p 00000000 00:00 0 
7c43b4000000-7c43b45cc000 rw-p 00000000 00:00 0 
7c43b45cc000-7c43b8000000 ---p 00000000 00:00 0 
7c43b8000000-7c43b85cc000 rw-p 00000000 00:00 0 
7c43b85cc000-7c43bc000000 ---p 00000000 00:00 0 
7c43c0000000-7c43c05cc000 rw-p 00000000 00:00 0 
7c43c05cc000-7c43c4000000 ---p 00000000 00:00 0 
7c43c4000000-7c43c45cc000 rw-p 00000000 00:00 0 
7c43c45cc000-7c43c8000000 ---p 00000000 00:00 0 
7c43cc000000-7c43cc5cc000 rw-p 00000000 00:00 0 
7c43cc5cc000-7c43d0000000 ---p 00000000 00:00 0 
7c43d0000000-7c43d05cc000 rw-p 00000000 00:00 0 
7c43d05cc000-7c43d4000000 ---p 00000000 00:00 0 
7c43d8000000-7c43d85cc000 rw-p 00000000 00:00 0 
7c43d85cc000-7c43dc000000 ---p 00000000 00:00 0 
7c43dc000000-7c43dc5cc000 rw-p 00000000 00:00 0 
7c43dc5cc000-7c43e0000000 ---p 00000000 00:00 0 
7c43e4000000-7c43e45cc000 rw-p 00000000 00:00 0 
7c43e45cc000-7c43e8000000 ---p 00000000 00:00 0 
7c43e8000000-7c43e85cc000 rw-p 00000000 00:00 0 
7c43e85cc000-7c43ec000000 ---p 00000000 00:00 0 
7c43f0000000-7c43f05cd000 rw-p 00000000 00:00 0 
7c43f05cd000-7c43f4000000 ---p 00000000 00:00 0 
7c43f4000000-7c43f45cc000 rw-p 00000000 00:00 0 
7c43f45cc000-7c43f8000000 ---p 00000000 00:00 0 
7c43fc000000-7c43fc9be000 rw-p 00000000 00:00 0 
7c43fc9be000-7c4400000000 ---p 00000000 00:00 0 
7c4400000000-7c4400021000 rw-p 00000000 00:00 0 
7c4400021000-7c4404000000 ---p 00000000 00:00 0 
7c4408000000-7c4408021000 rw-p 00000000 00:00 0 
7c4408021000-7c440c000000 ---p 00000000 00:00 0 
7c440c000000-7c440c021000 rw-p 00000000 00:00 0 
7c440c021000-7c4410000000 ---p 00000000 00:00 0 
7c4414000000-7c4414cb6000 rw-p 00000000 00:00 0 
7c4414cb6000-7c4418000000 ---p 00000000 00:00 0 
7c4418000000-7c441822f000 rw-p 00000000 00:00 0 
7c441822f000-7c441c000000 ---p 00000000 00:00 0 
7c4420000000-7c4510000000 rw-p 00000000 00:00 0 
7c4510000000-7c4510021000 rw-p 00000000 00:00 0 
7c4510021000-7c4514000000 ---p 00000000 00:00 0 
7c4514000000-7c4514025000 rw-p 00000000 00:00 0 
7c4514025000-7c4518000000 ---p 00000000 00:00 0 
7c451c000000-7c451c150000 rw-p 00000000 00:00 0 
7c451c150000-7c4520000000 ---p 00000000 00:00 0 
7c4520000000-7c4521078000 rw-p 00000000 00:00 0 
7c4521078000-7c4524000000 ---p 00000000 00:00 0 
7c4528000000-7c452938f000 rw-p 00000000 00:00 0 
7c452938f000-7c452c000000 ---p 00000000 00:00 0 
7c452c000000-7c452d46e000 rw-p 00000000 00:00 0 
7c452d46e000-7c4530000000 ---p 00000000 00:00 0 
7c4534000000-7c4534021000 rw-p 00000000 00:00 0 
7c4534021000-7c4538000000 ---p 00000000 00:00 0 
7c4538000000-7c4538021000 rw-p 00000000 00:00 0 
7c4538021000-7c453c000000 ---p 00000000 00:00 0 
7c453ce00000-7c453ce01000 ---p 00000000 00:00 0 
7c453ce01000-7c453d601000 rw-p 00000000 00:00 0 
7c453d800000-7c453d801000 ---p 00000000 00:00 0 
7c453d801000-7c453e001000 rw-p 00000000 00:00 0 
7c453e200000-7c453e201000 ---p 00000000 00:00 0 
7c453e201000-7c453ea01000 rw-p 00000000 00:00 0 
7c453ec00000-7c453ec01000 ---p 00000000 00:00 0 
7c453ec01000-7c453f401000 rw-p 00000000 00:00 0 
7c453f600000-7c453f601000 ---p 00000000 00:00 0 
7c453f601000-7c453fe01000 rw-p 00000000 00:00 0 
7c4540000000-7c4540021000 rw-p 00000000 00:00 0 
7c4540021000-7c4544000000 ---p 00000000 00:00 0 
7c4544000000-7c4544021000 rw-p 00000000 00:00 0 
7c4544021000-7c4548000000 ---p 00000000 00:00 0 
7c4548400000-7c4548401000 ---p 00000000 00:00 0 
7c4548401000-7c4548c01000 rw-p 00000000 00:00 0 
7c4548e00000-7c4548e01000 ---p 00000000 00:00 0 
7c4548e01000-7c4549601000 rw-p 00000000 00:00 0 
7c4549800000-7c4549801000 ---p 00000000 00:00 0 
7c4549801000-7c454a001000 rw-p 00000000 00:00 0 
7c454a200000-7c454a201000 ---p 00000000 00:00 0 
7c454a201000-7c454aa01000 rw-p 00000000 00:00 0 
7c454ac00000-7c454ac01000 ---p 00000000 00:00 0 
7c454ac01000-7c454b401000 rw-p 00000000 00:00 0 
7c454b600000-7c454b601000 ---p 00000000 00:00 0 
7c454b601000-7c454be01000 rw-p 00000000 00:00 0 
7c454c000000-7c454c021000 rw-p 00000000 00:00 0 
7c454c021000-7c4550000000 ---p 00000000 00:00 0 
7c4550000000-7c4550021000 rw-p 00000000 00:00 0 
7c4550021000-7c4554000000 ---p 00000000 00:00 0 
7c4554800000-7c4554801000 ---p 00000000 00:00 0 
7c4554801000-7c4555001000 rw-p 00000000 00:00 0 
7c4555200000-7c4555201000 ---p 00000000 00:00 0 
7c4555201000-7c4555a01000 rw-p 00000000 00:00 0 
7c4555c00000-7c4555c01000 ---p 00000000 00:00 0 
7c4555c01000-7c4556401000 rw-p 00000000 00:00 0 
7c4556600000-7c4556601000 ---p 00000000 00:00 0 
7c4556601000-7c4556e01000 rw-p 00000000 00:00 0 
7c4557000000-7c45572f8000 rw-p 00000000 00:00 0 
7c4557400000-7c4557746000 rw-p 00000000 00:00 0 
7c4557800000-7c4557b46000 rw-p 00000000 00:00 0 
7c4557c00000-7c4557f46000 rw-p 00000000 00:00 0 
7c4558000000-7c4558021000 rw-p 00000000 00:00 0 
7c4558021000-7c455c000000 ---p 00000000 00:00 0 
7c455c000000-7c455c021000 rw-p 00000000 00:00 0 
7c455c021000-7c4560000000 ---p 00000000 00:00 0 
7c4560400000-7c4560746000 rw-p 00000000 00:00 0 
7c4560800000-7c4560b46000 rw-p 00000000 00:00 0 
7c4560c00000-7c4560efe000 rw-p 00000000 00:00 0 
7c4561000000-7c456106c000 r--p 00000000 103:02 5259722                   /home/pan/.javacpp/cache/opencv-4.7.0-1.5.9-linux-x86_64.jar/org/bytedeco/opencv/linux-x86_64/libopencv_imgproc.so.407
7c456106c000-7c45614c4000 r-xp 0006c000 103:02 5259722                   /home/pan/.javacpp/cache/opencv-4.7.0-1.5.9-linux-x86_64.jar/org/bytedeco/opencv/linux-x86_64/libopencv_imgproc.so.407
7c45614c4000-7c45615df000 r--p 004c4000 103:02 5259722                   /home/pan/.javacpp/cache/opencv-4.7.0-1.5.9-linux-x86_64.jar/org/bytedeco/opencv/linux-x86_64/libopencv_imgproc.so.407
7c45615df000-7c45615fb000 r--p 005de000 103:02 5259722                   /home/pan/.javacpp/cache/opencv-4.7.0-1.5.9-linux-x86_64.jar/org/bytedeco/opencv/linux-x86_64/libopencv_imgproc.so.407
7c45615fb000-7c4561604000 rw-p 005fa000 103:02 5259722                   /home/pan/.javacpp/cache/opencv-4.7.0-1.5.9-linux-x86_64.jar/org/bytedeco/opencv/linux-x86_64/libopencv_imgproc.so.407
7c4561604000-7c45616a4000 rw-p 00000000 00:00 0 
7c4561800000-7c4561862000 r--p 00000000 103:02 5259716                   /home/pan/.javacpp/cache/opencv-4.7.0-1.5.9-linux-x86_64.jar/org/bytedeco/opencv/linux-x86_64/libopencv_core.so.407
7c4561862000-7c4561b66000 r-xp 00062000 103:02 5259716                   /home/pan/.javacpp/cache/opencv-4.7.0-1.5.9-linux-x86_64.jar/org/bytedeco/opencv/linux-x86_64/libopencv_core.so.407
7c4561b66000-7c4561c34000 r--p 00366000 103:02 5259716                   /home/pan/.javacpp/cache/opencv-4.7.0-1.5.9-linux-x86_64.jar/org/bytedeco/opencv/linux-x86_64/libopencv_core.so.407
7c4561c34000-7c4561c42000 r--p 00433000 103:02 5259716                   /home/pan/.javacpp/cache/opencv-4.7.0-1.5.9-linux-x86_64.jar/org/bytedeco/opencv/linux-x86_64/libopencv_core.so.407
7c4561c42000-7c4561c48000 rw-p 00441000 103:02 5259716                   /home/pan/.javacpp/cache/opencv-4.7.0-1.5.9-linux-x86_64.jar/org/bytedeco/opencv/linux-x86_64/libopencv_core.so.407
7c4561c48000-7c4561c4e000 rw-p 00000000 00:00 0 
7c4561e00000-7c45621e9000 r--p 00000000 103:02 5259710                   /home/pan/.javacpp/cache/openblas-0.3.23-1.5.9-linux-x86_64.jar/org/bytedeco/openblas/linux-x86_64/libjniopenblas.so
7c45621e9000-7c4563306000 r-xp 003e9000 103:02 5259710                   /home/pan/.javacpp/cache/openblas-0.3.23-1.5.9-linux-x86_64.jar/org/bytedeco/openblas/linux-x86_64/libjniopenblas.so
7c4563306000-7c45634b0000 r--p 01506000 103:02 5259710                   /home/pan/.javacpp/cache/openblas-0.3.23-1.5.9-linux-x86_64.jar/org/bytedeco/openblas/linux-x86_64/libjniopenblas.so
7c45634b0000-7c45634b1000 ---p 016b0000 103:02 5259710                   /home/pan/.javacpp/cache/openblas-0.3.23-1.5.9-linux-x86_64.jar/org/bytedeco/openblas/linux-x86_64/libjniopenblas.so
7c45634b1000-7c45634b2000 r--p 016b0000 103:02 5259710                   /home/pan/.javacpp/cache/openblas-0.3.23-1.5.9-linux-x86_64.jar/org/bytedeco/openblas/linux-x86_64/libjniopenblas.so
7c45634b2000-7c45634ba000 rw-p 016b1000 103:02 5259710                   /home/pan/.javacpp/cache/openblas-0.3.23-1.5.9-linux-x86_64.jar/org/bytedeco/openblas/linux-x86_64/libjniopenblas.so
7c45634ba000-7c45634bb000 rw-p 00000000 00:00 0 
7c4563600000-7c4563601000 ---p 00000000 00:00 0 
7c4563601000-7c4563e01000 rw-p 00000000 00:00 0 
7c4564000000-7c4564021000 rw-p 00000000 00:00 0 
7c4564021000-7c4568000000 ---p 00000000 00:00 0 
7c4568000000-7c4568021000 rw-p 00000000 00:00 0 
7c4568021000-7c456c000000 ---p 00000000 00:00 0 
7c456c400000-7c456c401000 ---p 00000000 00:00 0 
7c456c401000-7c456cc01000 rw-p 00000000 00:00 0 
7c456ce00000-7c456ce01000 ---p 00000000 00:00 0 
7c456ce01000-7c456d601000 rw-p 00000000 00:00 0 
7c456d800000-7c456d801000 ---p 00000000 00:00 0 
7c456d801000-7c456e001000 rw-p 00000000 00:00 0 
7c456e200000-7c456e201000 ---p 00000000 00:00 0 
7c456e201000-7c456ea01000 rw-p 00000000 00:00 0 
7c456ec00000-7c456ec01000 ---p 00000000 00:00 0 
7c456ec01000-7c456f401000 rw-p 00000000 00:00 0 
7c456f600000-7c456f601000 ---p 00000000 00:00 0 
7c456f601000-7c456fe01000 rw-p 00000000 00:00 0 
7c4570000000-7c4570021000 rw-p 00000000 00:00 0 
7c4570021000-7c4574000000 ---p 00000000 00:00 0 
7c4574000000-7c4574021000 rw-p 00000000 00:00 0 
7c4574021000-7c4578000000 ---p 00000000 00:00 0 
7c4578400000-7c4578401000 ---p 00000000 00:00 0 
7c4578401000-7c4578c01000 rw-p 00000000 00:00 0 
7c4578e00000-7c4578e01000 ---p 00000000 00:00 0 
7c4578e01000-7c4579601000 rw-p 00000000 00:00 0 
7c4579800000-7c4579801000 ---p 00000000 00:00 0 
7c4579801000-7c457a001000 rw-p 00000000 00:00 0 
7c457a200000-7c457a201000 ---p 00000000 00:00 0 
7c457a201000-7c457aa01000 rw-p 00000000 00:00 0 
7c457ac00000-7c457ac01000 ---p 00000000 00:00 0 
7c457ac01000-7c457b401000 rw-p 00000000 00:00 0 
7c457b600000-7c457b601000 ---p 00000000 00:00 0 
7c457b601000-7c457be01000 rw-p 00000000 00:00 0 
7c457c000000-7c457c043000 rw-p 00000000 00:00 0 
7c457c043000-7c4580000000 ---p 00000000 00:00 0 
7c4580000000-7c45802b8000 rw-p 00000000 00:00 0 
7c45802b8000-7c4584000000 ---p 00000000 00:00 0 
7c4584200000-7c4584201000 ---p 00000000 00:00 0 
7c4584201000-7c4584a01000 rw-p 00000000 00:00 0 
7c4584c00000-7c4584c01000 ---p 00000000 00:00 0 
7c4584c01000-7c4585401000 rw-p 00000000 00:00 0 
7c4585600000-7c4585706000 r--p 00000000 103:02 5259708                   /home/pan/.javacpp/cache/openblas-0.3.23-1.5.9-linux-x86_64.jar/org/bytedeco/openblas/linux-x86_64/libopenblas.so.0
7c4585706000-7c4585716000 r-xp 00106000 103:02 5259708                   /home/pan/.javacpp/cache/openblas-0.3.23-1.5.9-linux-x86_64.jar/org/bytedeco/openblas/linux-x86_64/libopenblas.so.0
7c4585716000-7c4585718000 ---p 00116000 103:02 5259708                   /home/pan/.javacpp/cache/openblas-0.3.23-1.5.9-linux-x86_64.jar/org/bytedeco/openblas/linux-x86_64/libopenblas.so.0
7c4585718000-7c45871ed000 r-xp 00118000 103:02 5259708                   /home/pan/.javacpp/cache/openblas-0.3.23-1.5.9-linux-x86_64.jar/org/bytedeco/openblas/linux-x86_64/libopenblas.so.0
7c45871ed000-7c45873dc000 r--p 01bed000 103:02 5259708                   /home/pan/.javacpp/cache/openblas-0.3.23-1.5.9-linux-x86_64.jar/org/bytedeco/openblas/linux-x86_64/libopenblas.so.0
7c45873dc000-7c45873e2000 r--p 01ddb000 103:02 5259708                   /home/pan/.javacpp/cache/openblas-0.3.23-1.5.9-linux-x86_64.jar/org/bytedeco/openblas/linux-x86_64/libopenblas.so.0
7c45873e2000-7c45873fa000 rw-p 01de1000 103:02 5259708                   /home/pan/.javacpp/cache/openblas-0.3.23-1.5.9-linux-x86_64.jar/org/bytedeco/openblas/linux-x86_64/libopenblas.so.0
7c45873fa000-7c4587407000 rw-p 00000000 00:00 0 
7c4587600000-7c4587601000 ---p 00000000 00:00 0 
7c4587601000-7c4587e01000 rw-p 00000000 00:00 0 
7c4588000000-7c458840b000 rw-p 00000000 00:00 0 
7c458840b000-7c458c000000 ---p 00000000 00:00 0 
7c458c000000-7c458d4ed000 rw-p 00000000 00:00 0 
7c458d4ed000-7c4590000000 ---p 00000000 00:00 0 
7c4590400000-7c4590401000 ---p 00000000 00:00 0 
7c4590401000-7c4590c01000 rw-p 00000000 00:00 0 
7c4590e00000-7c4590e01000 ---p 00000000 00:00 0 
7c4590e01000-7c4591601000 rw-p 00000000 00:00 0 
7c4591800000-7c4591801000 ---p 00000000 00:00 0 
7c4591801000-7c4592001000 rw-p 00000000 00:00 0 
7c4592200000-7c4592201000 ---p 00000000 00:00 0 
7c4592201000-7c4592a01000 rw-p 00000000 00:00 0 
7c4592c00000-7c4592c01000 ---p 00000000 00:00 0 
7c4592c01000-7c4593401000 rw-p 00000000 00:00 0 
7c4593600000-7c4593601000 ---p 00000000 00:00 0 
7c4593601000-7c4593e01000 rw-p 00000000 00:00 0 
7c4594000000-7c4594021000 rw-p 00000000 00:00 0 
7c4594021000-7c4598000000 ---p 00000000 00:00 0 
7c4598000000-7c45983ed000 rw-p 00000000 00:00 0 
7c45983ed000-7c459c000000 ---p 00000000 00:00 0 
7c459c400000-7c459c401000 ---p 00000000 00:00 0 
7c459c401000-7c459cc01000 rw-p 00000000 00:00 0 
7c459ce00000-7c459ce01000 ---p 00000000 00:00 0 
7c459ce01000-7c459d601000 rw-p 00000000 00:00 0 
7c459d800000-7c459d801000 ---p 00000000 00:00 0 
7c459d801000-7c459e001000 rw-p 00000000 00:00 0 
7c459e200000-7c459e201000 ---p 00000000 00:00 0 
7c459e201000-7c459ea01000 rw-p 00000000 00:00 0 
7c459ec00000-7c459ec01000 ---p 00000000 00:00 0 
7c459ec01000-7c459f401000 rw-p 00000000 00:00 0 
7c459f600000-7c459f601000 ---p 00000000 00:00 0 
7c459f601000-7c459fe01000 rw-p 00000000 00:00 0 
7c45a0000000-7c45a0021000 rw-p 00000000 00:00 0 
7c45a0021000-7c45a4000000 ---p 00000000 00:00 0 
7c45a4000000-7c45a451d000 rw-p 00000000 00:00 0 
7c45a451d000-7c45a8000000 ---p 00000000 00:00 0 
7c45a8400000-7c45a8401000 ---p 00000000 00:00 0 
7c45a8401000-7c45a8c01000 rw-p 00000000 00:00 0 
7c45a8e00000-7c45a8e01000 ---p 00000000 00:00 0 
7c45a8e01000-7c45a9601000 rw-p 00000000 00:00 0 
7c45a9800000-7c45a9906000 r--p 00000000 103:02 5259705                   /home/pan/.javacpp/cache/openblas-0.3.23-1.5.9-linux-x86_64.jar/org/bytedeco/openblas/linux-x86_64/libopenblas_nolapack.so.0
7c45a9906000-7c45a9916000 r-xp 00106000 103:02 5259705                   /home/pan/.javacpp/cache/openblas-0.3.23-1.5.9-linux-x86_64.jar/org/bytedeco/openblas/linux-x86_64/libopenblas_nolapack.so.0
7c45a9916000-7c45a9918000 ---p 00116000 103:02 5259705                   /home/pan/.javacpp/cache/openblas-0.3.23-1.5.9-linux-x86_64.jar/org/bytedeco/openblas/linux-x86_64/libopenblas_nolapack.so.0
7c45a9918000-7c45ab3ed000 r-xp 00118000 103:02 5259705                   /home/pan/.javacpp/cache/openblas-0.3.23-1.5.9-linux-x86_64.jar/org/bytedeco/openblas/linux-x86_64/libopenblas_nolapack.so.0
7c45ab3ed000-7c45ab5dc000 r--p 01bed000 103:02 5259705                   /home/pan/.javacpp/cache/openblas-0.3.23-1.5.9-linux-x86_64.jar/org/bytedeco/openblas/linux-x86_64/libopenblas_nolapack.so.0
7c45ab5dc000-7c45ab5e2000 r--p 01ddb000 103:02 5259705                   /home/pan/.javacpp/cache/openblas-0.3.23-1.5.9-linux-x86_64.jar/org/bytedeco/openblas/linux-x86_64/libopenblas_nolapack.so.0
7c45ab5e2000-7c45ab5fa000 rw-p 01de1000 103:02 5259705                   /home/pan/.javacpp/cache/openblas-0.3.23-1.5.9-linux-x86_64.jar/org/bytedeco/openblas/linux-x86_64/libopenblas_nolapack.so.0
7c45ab5fa000-7c45ab607000 rw-p 00000000 00:00 0 
7c45ab800000-7c45aba76000 r-xp 00000000 103:02 5259703                   /home/pan/.javacpp/cache/openblas-0.3.23-1.5.9-linux-x86_64.jar/org/bytedeco/openblas/linux-x86_64/libgfortran.so.5
7c45aba76000-7c45abc75000 ---p 00276000 103:02 5259703                   /home/pan/.javacpp/cache/openblas-0.3.23-1.5.9-linux-x86_64.jar/org/bytedeco/openblas/linux-x86_64/libgfortran.so.5
7c45abc75000-7c45abc76000 r--p 00275000 103:02 5259703                   /home/pan/.javacpp/cache/openblas-0.3.23-1.5.9-linux-x86_64.jar/org/bytedeco/openblas/linux-x86_64/libgfortran.so.5
7c45abc76000-7c45abc78000 rw-p 00276000 103:02 5259703                   /home/pan/.javacpp/cache/openblas-0.3.23-1.5.9-linux-x86_64.jar/org/bytedeco/openblas/linux-x86_64/libgfortran.so.5
7c45ac000000-7c45acf20000 rw-p 00000000 00:00 0 
7c45acf20000-7c45b0000000 ---p 00000000 00:00 0 
7c45b0000000-7c45b0021000 rw-p 00000000 00:00 0 
7c45b0021000-7c45b4000000 ---p 00000000 00:00 0 
7c45b4200000-7c45b44fe000 rw-p 00000000 00:00 0 
7c45b4600000-7c45b463b000 r-xp 00000000 103:02 5259701                   /home/pan/.javacpp/cache/openblas-0.3.23-1.5.9-linux-x86_64.jar/org/bytedeco/openblas/linux-x86_64/libquadmath.so.0
7c45b463b000-7c45b483a000 ---p 0003b000 103:02 5259701                   /home/pan/.javacpp/cache/openblas-0.3.23-1.5.9-linux-x86_64.jar/org/bytedeco/openblas/linux-x86_64/libquadmath.so.0
7c45b483a000-7c45b483b000 r--p 0003a000 103:02 5259701                   /home/pan/.javacpp/cache/openblas-0.3.23-1.5.9-linux-x86_64.jar/org/bytedeco/openblas/linux-x86_64/libquadmath.so.0
7c45b483b000-7c45b483c000 rw-p 0003b000 103:02 5259701                   /home/pan/.javacpp/cache/openblas-0.3.23-1.5.9-linux-x86_64.jar/org/bytedeco/openblas/linux-x86_64/libquadmath.so.0
7c45b4c00000-7c45b4c15000 r-xp 00000000 103:02 5259699                   /home/pan/.javacpp/cache/openblas-0.3.23-1.5.9-linux-x86_64.jar/org/bytedeco/openblas/linux-x86_64/libgcc_s.so.1
7c45b4c15000-7c45b4e14000 ---p 00015000 103:02 5259699                   /home/pan/.javacpp/cache/openblas-0.3.23-1.5.9-linux-x86_64.jar/org/bytedeco/openblas/linux-x86_64/libgcc_s.so.1
7c45b4e14000-7c45b4e15000 r--p 00014000 103:02 5259699                   /home/pan/.javacpp/cache/openblas-0.3.23-1.5.9-linux-x86_64.jar/org/bytedeco/openblas/linux-x86_64/libgcc_s.so.1
7c45b4e15000-7c45b4e16000 rw-p 00015000 103:02 5259699                   /home/pan/.javacpp/cache/openblas-0.3.23-1.5.9-linux-x86_64.jar/org/bytedeco/openblas/linux-x86_64/libgcc_s.so.1
7c45b5200000-7c45b5212000 r-xp 00000000 103:02 1181999                   /tmp/libio_grpc_netty_shaded_netty_transport_native_epoll_x86_6416189086494576413853.so (deleted)
7c45b5212000-7c45b5411000 ---p 00012000 103:02 1181999                   /tmp/libio_grpc_netty_shaded_netty_transport_native_epoll_x86_6416189086494576413853.so (deleted)
7c45b5411000-7c45b5413000 r--p 00011000 103:02 1181999                   /tmp/libio_grpc_netty_shaded_netty_transport_native_epoll_x86_6416189086494576413853.so (deleted)
7c45b5413000-7c45b5414000 rw-p 00000000 00:00 0 
7c45b5800000-7c45b5801000 ---p 00000000 00:00 0 
7c45b5801000-7c45b6001000 rw-p 00000000 00:00 0 
7c45b6200000-7c45b6201000 ---p 00000000 00:00 0 
7c45b6201000-7c45b6a01000 rw-p 00000000 00:00 0 
7c45b6c00000-7c45b6c01000 ---p 00000000 00:00 0 
7c45b6c01000-7c45b7401000 rw-p 00000000 00:00 0 
7c45b7600000-7c45b7601000 ---p 00000000 00:00 0 
7c45b7601000-7c45b7e01000 rw-p 00000000 00:00 0 
7c45b8000000-7c45b8021000 rw-p 00000000 00:00 0 
7c45b8021000-7c45bc000000 ---p 00000000 00:00 0 
7c45bc000000-7c45bc021000 rw-p 00000000 00:00 0 
7c45bc021000-7c45c0000000 ---p 00000000 00:00 0 
7c45c0400000-7c45c0401000 ---p 00000000 00:00 0 
7c45c0401000-7c45c0c01000 rw-p 00000000 00:00 0 
7c45c0e00000-7c45c0e01000 ---p 00000000 00:00 0 
7c45c0e01000-7c45c1601000 rw-p 00000000 00:00 0 
7c45c1800000-7c45c1801000 ---p 00000000 00:00 0 
7c45c1801000-7c45c2001000 rw-p 00000000 00:00 0 
7c45c2200000-7c45c2201000 ---p 00000000 00:00 0 
7c45c2201000-7c45c2a01000 rw-p 00000000 00:00 0 
7c45c2c00000-7c45c2c01000 ---p 00000000 00:00 0 
7c45c2c01000-7c45c3401000 rw-p 00000000 00:00 0 
7c45c3600000-7c45c3601000 ---p 00000000 00:00 0 
7c45c3601000-7c45c3e01000 rw-p 00000000 00:00 0 
7c45c4000000-7c45c4021000 rw-p 00000000 00:00 0 
7c45c4021000-7c45c8000000 ---p 00000000 00:00 0 
7c45c8000000-7c45c8021000 rw-p 00000000 00:00 0 
7c45c8021000-7c45cc000000 ---p 00000000 00:00 0 
7c45cc400000-7c45cc401000 ---p 00000000 00:00 0 
7c45cc401000-7c45ccc01000 rw-p 00000000 00:00 0 
7c45cce00000-7c45cce01000 ---p 00000000 00:00 0 
7c45cce01000-7c45cd601000 rw-p 00000000 00:00 0 
7c45cd800000-7c45cd801000 ---p 00000000 00:00 0 
7c45cd801000-7c45ce001000 rw-p 00000000 00:00 0 
7c45ce100000-7c45ce104000 ---p 00000000 00:00 0 
7c45ce104000-7c45ce200000 rw-p 00000000 00:00 0 
7c45ce200000-7c45ce201000 ---p 00000000 00:00 0 
7c45ce201000-7c45cea01000 rw-p 00000000 00:00 0 
7c45ceb00000-7c45ceb04000 ---p 00000000 00:00 0 
7c45ceb04000-7c45cec00000 rw-p 00000000 00:00 0 
7c45cec00000-7c45cec01000 ---p 00000000 00:00 0 
7c45cec01000-7c45cf401000 rw-p 00000000 00:00 0 
7c45cf500000-7c45cf504000 ---p 00000000 00:00 0 
7c45cf504000-7c45cf600000 rw-p 00000000 00:00 0 
7c45cf600000-7c45cf601000 ---p 00000000 00:00 0 
7c45cf601000-7c45cfe01000 rw-p 00000000 00:00 0 
7c45cfe7f000-7c45cfed5000 r--p 00000000 103:02 5259725                   /home/pan/.javacpp/cache/opencv-4.7.0-1.5.9-linux-x86_64.jar/org/bytedeco/opencv/linux-x86_64/libjniopencv_imgproc.so
7c45cfed5000-7c45cffb1000 r-xp 00056000 103:02 5259725                   /home/pan/.javacpp/cache/opencv-4.7.0-1.5.9-linux-x86_64.jar/org/bytedeco/opencv/linux-x86_64/libjniopencv_imgproc.so
7c45cffb1000-7c45cfffb000 r--p 00132000 103:02 5259725                   /home/pan/.javacpp/cache/opencv-4.7.0-1.5.9-linux-x86_64.jar/org/bytedeco/opencv/linux-x86_64/libjniopencv_imgproc.so
7c45cfffb000-7c45cfffc000 ---p 0017c000 103:02 5259725                   /home/pan/.javacpp/cache/opencv-4.7.0-1.5.9-linux-x86_64.jar/org/bytedeco/opencv/linux-x86_64/libjniopencv_imgproc.so
7c45cfffc000-7c45cffff000 r--p 0017c000 103:02 5259725                   /home/pan/.javacpp/cache/opencv-4.7.0-1.5.9-linux-x86_64.jar/org/bytedeco/opencv/linux-x86_64/libjniopencv_imgproc.so
7c45cffff000-7c45d0000000 rw-p 0017f000 103:02 5259725                   /home/pan/.javacpp/cache/opencv-4.7.0-1.5.9-linux-x86_64.jar/org/bytedeco/opencv/linux-x86_64/libjniopencv_imgproc.so
7c45d0000000-7c45d0021000 rw-p 00000000 00:00 0 
7c45d0021000-7c45d4000000 ---p 00000000 00:00 0 
7c45d4000000-7c45d4004000 ---p 00000000 00:00 0 
7c45d4004000-7c45d4100000 rw-p 00000000 00:00 0 
7c45d4100000-7c45d4104000 ---p 00000000 00:00 0 
7c45d4104000-7c45d4200000 rw-p 00000000 00:00 0 
7c45d4200000-7c45d42cf000 r--p 00000000 103:02 5259724                   /home/pan/.javacpp/cache/opencv-4.7.0-1.5.9-linux-x86_64.jar/org/bytedeco/opencv/linux-x86_64/libjniopencv_core.so
7c45d42cf000-7c45d44c0000 r-xp 000cf000 103:02 5259724                   /home/pan/.javacpp/cache/opencv-4.7.0-1.5.9-linux-x86_64.jar/org/bytedeco/opencv/linux-x86_64/libjniopencv_core.so
7c45d44c0000-7c45d4597000 r--p 002c0000 103:02 5259724                   /home/pan/.javacpp/cache/opencv-4.7.0-1.5.9-linux-x86_64.jar/org/bytedeco/opencv/linux-x86_64/libjniopencv_core.so
7c45d4597000-7c45d45a4000 r--p 00396000 103:02 5259724                   /home/pan/.javacpp/cache/opencv-4.7.0-1.5.9-linux-x86_64.jar/org/bytedeco/opencv/linux-x86_64/libjniopencv_core.so
7c45d45a4000-7c45d45a7000 rw-p 003a3000 103:02 5259724                   /home/pan/.javacpp/cache/opencv-4.7.0-1.5.9-linux-x86_64.jar/org/bytedeco/opencv/linux-x86_64/libjniopencv_core.so
7c45d45a7000-7c45d45a8000 rw-p 00000000 00:00 0 
7c45d4600000-7c45d46ad000 r--p 00000000 103:02 5259679                   /home/pan/.javacpp/cache/ffmpeg-6.0-1.5.9-linux-x86_64.jar/org/bytedeco/ffmpeg/linux-x86_64/libavcodec.so.60
7c45d46ad000-7c45d5f6c000 r-xp 000ad000 103:02 5259679                   /home/pan/.javacpp/cache/ffmpeg-6.0-1.5.9-linux-x86_64.jar/org/bytedeco/ffmpeg/linux-x86_64/libavcodec.so.60
7c45d5f6c000-7c45d6544000 r--p 0196c000 103:02 5259679                   /home/pan/.javacpp/cache/ffmpeg-6.0-1.5.9-linux-x86_64.jar/org/bytedeco/ffmpeg/linux-x86_64/libavcodec.so.60
7c45d6544000-7c45d6545000 ---p 01f44000 103:02 5259679                   /home/pan/.javacpp/cache/ffmpeg-6.0-1.5.9-linux-x86_64.jar/org/bytedeco/ffmpeg/linux-x86_64/libavcodec.so.60
7c45d6545000-7c45d65d3000 r--p 01f44000 103:02 5259679                   /home/pan/.javacpp/cache/ffmpeg-6.0-1.5.9-linux-x86_64.jar/org/bytedeco/ffmpeg/linux-x86_64/libavcodec.so.60
7c45d65d3000-7c45d65ea000 rw-p 01fd2000 103:02 5259679                   /home/pan/.javacpp/cache/ffmpeg-6.0-1.5.9-linux-x86_64.jar/org/bytedeco/ffmpeg/linux-x86_64/libavcodec.so.60
7c45d65ea000-7c45d6f92000 rw-p 00000000 00:00 0 
7c45d7000000-7c45d73f0000 rw-p 00000000 00:00 0 
7c45d73f0000-7c45d83b0000 rw-p 00000000 00:00 0 
7c45d83b0000-7c45db000000 ---p 00000000 00:00 0 
7c45db000000-7c45dbbc9000 rw-p 00001000 103:02 4342152                   /home/pan/.jdks/corretto-17.0.14/lib/server/classes.jsa
7c45dbbc9000-7c45dc000000 ---p 00000000 00:00 0 
7c45dc000000-7c45dc030000 rw-p 00000000 00:00 0 
7c45dc030000-7c45dc070000 rw-p 00000000 00:00 0 
7c45dc070000-7c45dc0f0000 rw-p 00000000 00:00 0 
7c45dc0f0000-7c45dc220000 rw-p 00000000 00:00 0 
7c45dc220000-7c45dc240000 ---p 00000000 00:00 0 
7c45dc240000-7c45dc250000 rw-p 00000000 00:00 0 
7c45dc250000-7c461c000000 ---p 00000000 00:00 0 
7c461c000000-7c461c021000 rw-p 00000000 00:00 0 
7c461c021000-7c4620000000 ---p 00000000 00:00 0 
7c4620000000-7c4620021000 rw-p 00000000 00:00 0 
7c4620021000-7c4624000000 ---p 00000000 00:00 0 
7c46240ff000-7c4624103000 ---p 00000000 00:00 0 
7c4624103000-7c46241ff000 rw-p 00000000 00:00 0 
7c46241ff000-7c4624203000 ---p 00000000 00:00 0 
7c4624203000-7c46242ff000 rw-p 00000000 00:00 0 
7c46242ff000-7c4624300000 ---p 00000000 00:00 0 
7c4624300000-7c4624400000 rw-p 00000000 00:00 0 
7c4624400000-7c46249ef000 rw-p 00000000 00:00 0 
7c4624a00000-7c4624a8a000 r--p 00000000 103:02 5259688                   /home/pan/.javacpp/cache/ffmpeg-6.0-1.5.9-linux-x86_64.jar/org/bytedeco/ffmpeg/linux-x86_64/libavfilter.so.9
7c4624a8a000-7c4624dd8000 r-xp 0008a000 103:02 5259688                   /home/pan/.javacpp/cache/ffmpeg-6.0-1.5.9-linux-x86_64.jar/org/bytedeco/ffmpeg/linux-x86_64/libavfilter.so.9
7c4624dd8000-7c4624e95000 r--p 003d8000 103:02 5259688                   /home/pan/.javacpp/cache/ffmpeg-6.0-1.5.9-linux-x86_64.jar/org/bytedeco/ffmpeg/linux-x86_64/libavfilter.so.9
7c4624e95000-7c4624f17000 r--p 00494000 103:02 5259688                   /home/pan/.javacpp/cache/ffmpeg-6.0-1.5.9-linux-x86_64.jar/org/bytedeco/ffmpeg/linux-x86_64/libavfilter.so.9
7c4624f17000-7c4624f19000 rw-p 00516000 103:02 5259688                   /home/pan/.javacpp/cache/ffmpeg-6.0-1.5.9-linux-x86_64.jar/org/bytedeco/ffmpeg/linux-x86_64/libavfilter.so.9
7c4624f19000-7c4624f1c000 rw-p 00000000 00:00 0 
7c4625000000-7c46250bf000 r--p 00000000 103:02 5259682                   /home/pan/.javacpp/cache/ffmpeg-6.0-1.5.9-linux-x86_64.jar/org/bytedeco/ffmpeg/linux-x86_64/libavformat.so.60
7c46250bf000-7c4625778000 r-xp 000bf000 103:02 5259682                   /home/pan/.javacpp/cache/ffmpeg-6.0-1.5.9-linux-x86_64.jar/org/bytedeco/ffmpeg/linux-x86_64/libavformat.so.60
7c4625778000-7c462593a000 r--p 00778000 103:02 5259682                   /home/pan/.javacpp/cache/ffmpeg-6.0-1.5.9-linux-x86_64.jar/org/bytedeco/ffmpeg/linux-x86_64/libavformat.so.60
7c462593a000-7c46259cf000 r--p 00939000 103:02 5259682                   /home/pan/.javacpp/cache/ffmpeg-6.0-1.5.9-linux-x86_64.jar/org/bytedeco/ffmpeg/linux-x86_64/libavformat.so.60
7c46259cf000-7c46259d8000 rw-p 009ce000 103:02 5259682                   /home/pan/.javacpp/cache/ffmpeg-6.0-1.5.9-linux-x86_64.jar/org/bytedeco/ffmpeg/linux-x86_64/libavformat.so.60
7c46259d8000-7c46259e1000 rw-p 00000000 00:00 0 
7c4625a00000-7c4625a17000 r--p 00000000 103:02 5259673                   /home/pan/.javacpp/cache/ffmpeg-6.0-1.5.9-linux-x86_64.jar/org/bytedeco/ffmpeg/linux-x86_64/libavutil.so.58
7c4625a17000-7c4625ac6000 r-xp 00017000 103:02 5259673                   /home/pan/.javacpp/cache/ffmpeg-6.0-1.5.9-linux-x86_64.jar/org/bytedeco/ffmpeg/linux-x86_64/libavutil.so.58
7c4625ac6000-7c4625aea000 r--p 000c6000 103:02 5259673                   /home/pan/.javacpp/cache/ffmpeg-6.0-1.5.9-linux-x86_64.jar/org/bytedeco/ffmpeg/linux-x86_64/libavutil.so.58
7c4625aea000-7c4625aeb000 ---p 000ea000 103:02 5259673                   /home/pan/.javacpp/cache/ffmpeg-6.0-1.5.9-linux-x86_64.jar/org/bytedeco/ffmpeg/linux-x86_64/libavutil.so.58
7c4625aeb000-7c4625afd000 r--p 000ea000 103:02 5259673                   /home/pan/.javacpp/cache/ffmpeg-6.0-1.5.9-linux-x86_64.jar/org/bytedeco/ffmpeg/linux-x86_64/libavutil.so.58
7c4625afd000-7c4625afe000 rw-p 000fc000 103:02 5259673                   /home/pan/.javacpp/cache/ffmpeg-6.0-1.5.9-linux-x86_64.jar/org/bytedeco/ffmpeg/linux-x86_64/libavutil.so.58
7c4625afe000-7c4625c0d000 rw-p 00000000 00:00 0 
7c4625cff000-7c4625d00000 ---p 00000000 00:00 0 
7c4625d00000-7c4625e00000 rw-p 00000000 00:00 0 
7c4625e00000-7c4625e02000 r-xp 00000000 103:02 5259672                   /home/pan/.javacpp/cache/ffmpeg-6.0-1.5.9-linux-x86_64.jar/org/bytedeco/ffmpeg/linux-x86_64/libva-drm.so
7c4625e02000-7c4626001000 ---p 00002000 103:02 5259672                   /home/pan/.javacpp/cache/ffmpeg-6.0-1.5.9-linux-x86_64.jar/org/bytedeco/ffmpeg/linux-x86_64/libva-drm.so
7c4626001000-7c4626002000 r--p 00001000 103:02 5259672                   /home/pan/.javacpp/cache/ffmpeg-6.0-1.5.9-linux-x86_64.jar/org/bytedeco/ffmpeg/linux-x86_64/libva-drm.so
7c4626002000-7c4626003000 rw-p 00002000 103:02 5259672                   /home/pan/.javacpp/cache/ffmpeg-6.0-1.5.9-linux-x86_64.jar/org/bytedeco/ffmpeg/linux-x86_64/libva-drm.so
7c46260ff000-7c4626100000 ---p 00000000 00:00 0 
7c4626100000-7c4626200000 rw-p 00000000 00:00 0 
7c4626200000-7c4626204000 ---p 00000000 00:00 0 
7c4626204000-7c4626300000 rw-p 00000000 00:00 0 
7c4626300000-7c4626304000 ---p 00000000 00:00 0 
7c4626304000-7c4626400000 rw-p 00000000 00:00 0 
7c4626400000-7c4626410000 r-xp 00000000 103:02 5259670                   /home/pan/.javacpp/cache/ffmpeg-6.0-1.5.9-linux-x86_64.jar/org/bytedeco/ffmpeg/linux-x86_64/libdrm.so.2
7c4626410000-7c462660f000 ---p 00010000 103:02 5259670                   /home/pan/.javacpp/cache/ffmpeg-6.0-1.5.9-linux-x86_64.jar/org/bytedeco/ffmpeg/linux-x86_64/libdrm.so.2
7c462660f000-7c4626610000 r--p 0000f000 103:02 5259670                   /home/pan/.javacpp/cache/ffmpeg-6.0-1.5.9-linux-x86_64.jar/org/bytedeco/ffmpeg/linux-x86_64/libdrm.so.2
7c4626610000-7c4626611000 rw-p 00010000 103:02 5259670                   /home/pan/.javacpp/cache/ffmpeg-6.0-1.5.9-linux-x86_64.jar/org/bytedeco/ffmpeg/linux-x86_64/libdrm.so.2
7c46266fd000-7c4626701000 ---p 00000000 00:00 0 
7c4626701000-7c46267fd000 rw-p 00000000 00:00 0 
7c46267fd000-7c4626801000 ---p 00000000 00:00 0 
7c4626801000-7c46268fd000 rw-p 00000000 00:00 0 
7c46268fd000-7c4626927000 r--p 00000000 103:02 11846987                  /usr/lib/x86_64-linux-gnu/libasound.so.2.0.0
7c4626927000-7c46269be000 r-xp 0002a000 103:02 11846987                  /usr/lib/x86_64-linux-gnu/libasound.so.2.0.0
7c46269be000-7c46269f8000 r--p 000c1000 103:02 11846987                  /usr/lib/x86_64-linux-gnu/libasound.so.2.0.0
7c46269f8000-7c46269ff000 r--p 000fa000 103:02 11846987                  /usr/lib/x86_64-linux-gnu/libasound.so.2.0.0
7c46269ff000-7c4626a00000 rw-p 00101000 103:02 11846987                  /usr/lib/x86_64-linux-gnu/libasound.so.2.0.0
7c4626a00000-7c4626a2b000 r-xp 00000000 103:02 5259669                   /home/pan/.javacpp/cache/ffmpeg-6.0-1.5.9-linux-x86_64.jar/org/bytedeco/ffmpeg/linux-x86_64/libva.so
7c4626a2b000-7c4626c2a000 ---p 0002b000 103:02 5259669                   /home/pan/.javacpp/cache/ffmpeg-6.0-1.5.9-linux-x86_64.jar/org/bytedeco/ffmpeg/linux-x86_64/libva.so
7c4626c2a000-7c4626c2b000 r--p 0002a000 103:02 5259669                   /home/pan/.javacpp/cache/ffmpeg-6.0-1.5.9-linux-x86_64.jar/org/bytedeco/ffmpeg/linux-x86_64/libva.so
7c4626c2b000-7c4626c2c000 rw-p 0002b000 103:02 5259669                   /home/pan/.javacpp/cache/ffmpeg-6.0-1.5.9-linux-x86_64.jar/org/bytedeco/ffmpeg/linux-x86_64/libva.so
7c4626cd2000-7c4626d2e000 r--p 00000000 103:02 5259675                   /home/pan/.javacpp/cache/ffmpeg-6.0-1.5.9-linux-x86_64.jar/org/bytedeco/ffmpeg/linux-x86_64/libjniavutil.so
7c4626d2e000-7c4626db4000 r-xp 0005c000 103:02 5259675                   /home/pan/.javacpp/cache/ffmpeg-6.0-1.5.9-linux-x86_64.jar/org/bytedeco/ffmpeg/linux-x86_64/libjniavutil.so
7c4626db4000-7c4626df0000 r--p 000e2000 103:02 5259675                   /home/pan/.javacpp/cache/ffmpeg-6.0-1.5.9-linux-x86_64.jar/org/bytedeco/ffmpeg/linux-x86_64/libjniavutil.so
7c4626df0000-7c4626dfd000 r--p 0011d000 103:02 5259675                   /home/pan/.javacpp/cache/ffmpeg-6.0-1.5.9-linux-x86_64.jar/org/bytedeco/ffmpeg/linux-x86_64/libjniavutil.so
7c4626dfd000-7c4626dff000 rw-p 0012a000 103:02 5259675                   /home/pan/.javacpp/cache/ffmpeg-6.0-1.5.9-linux-x86_64.jar/org/bytedeco/ffmpeg/linux-x86_64/libjniavutil.so
7c4626dff000-7c4626e00000 rw-p 00000000 00:00 0 
7c4626e00000-7c4626e04000 ---p 00000000 00:00 0 
7c4626e04000-7c4626f00000 rw-p 00000000 00:00 0 
7c4626f00000-7c4626f04000 ---p 00000000 00:00 0 
7c4626f04000-7c4627000000 rw-p 00000000 00:00 0 
7c4627000000-7c462709a000 r--p 00000000 103:02 11848158                  /usr/lib/x86_64-linux-gnu/libstdc++.so.6.0.30
7c462709a000-7c46271ab000 r-xp 0009a000 103:02 11848158                  /usr/lib/x86_64-linux-gnu/libstdc++.so.6.0.30
7c46271ab000-7c462721a000 r--p 001ab000 103:02 11848158                  /usr/lib/x86_64-linux-gnu/libstdc++.so.6.0.30
7c462721a000-7c462721b000 ---p 0021a000 103:02 11848158                  /usr/lib/x86_64-linux-gnu/libstdc++.so.6.0.30
7c462721b000-7c4627226000 r--p 0021a000 103:02 11848158                  /usr/lib/x86_64-linux-gnu/libstdc++.so.6.0.30
7c4627226000-7c4627229000 rw-p 00225000 103:02 11848158                  /usr/lib/x86_64-linux-gnu/libstdc++.so.6.0.30
7c4627229000-7c462722c000 rw-p 00000000 00:00 0 
7c4627300000-7c4627304000 ---p 00000000 00:00 0 
7c4627304000-7c4627400000 rw-p 00000000 00:00 0 
7c4627400000-7c4627402000 r-xp 00000000 103:02 4342186                   /home/pan/.jdks/corretto-17.0.14/lib/libextnet.so
7c4627402000-7c4627601000 ---p 00002000 103:02 4342186                   /home/pan/.jdks/corretto-17.0.14/lib/libextnet.so
7c4627601000-7c4627602000 r--p 00001000 103:02 4342186                   /home/pan/.jdks/corretto-17.0.14/lib/libextnet.so
7c4627602000-7c4627603000 rw-p 00000000 00:00 0 
7c46276fd000-7c46276fe000 ---p 00000000 00:00 0 
7c46276fe000-7c46277fe000 rw-p 00000000 00:00 0 
7c46277fe000-7c46277ff000 ---p 00000000 00:00 0 
7c46277ff000-7c46278ff000 rw-p 00000000 00:00 0 
7c46278ff000-7c4627900000 ---p 00000000 00:00 0 
7c4627900000-7c4627a00000 rw-p 00000000 00:00 0 
7c4627a00000-7c4627a15000 r-xp 00000000 103:02 4342139                   /home/pan/.jdks/corretto-17.0.14/lib/libnet.so
7c4627a15000-7c4627c14000 ---p 00015000 103:02 4342139                   /home/pan/.jdks/corretto-17.0.14/lib/libnet.so
7c4627c14000-7c4627c15000 r--p 00014000 103:02 4342139                   /home/pan/.jdks/corretto-17.0.14/lib/libnet.so
7c4627c15000-7c4627c16000 rw-p 00015000 103:02 4342139                   /home/pan/.jdks/corretto-17.0.14/lib/libnet.so
7c4627cfd000-7c4627cfe000 ---p 00000000 00:00 0 
7c4627cfe000-7c4627dfe000 rw-p 00000000 00:00 0 
7c4627dfe000-7c4627dff000 ---p 00000000 00:00 0 
7c4627dff000-7c4627eff000 rw-p 00000000 00:00 0 
7c4627eff000-7c4627f00000 ---p 00000000 00:00 0 
7c4627f00000-7c4628000000 rw-p 00000000 00:00 0 
7c4628000000-7c4628021000 rw-p 00000000 00:00 0 
7c4628021000-7c462c000000 ---p 00000000 00:00 0 
7c462c000000-7c462c021000 rw-p 00000000 00:00 0 
7c462c021000-7c4630000000 ---p 00000000 00:00 0 
7c46300fd000-7c46300fe000 ---p 00000000 00:00 0 
7c46300fe000-7c46301fe000 rw-p 00000000 00:00 0 
7c46301fe000-7c46301ff000 ---p 00000000 00:00 0 
7c46301ff000-7c46302ff000 rw-p 00000000 00:00 0 
7c46302ff000-7c4630300000 ---p 00000000 00:00 0 
7c4630300000-7c4630400000 rw-p 00000000 00:00 0 
7c4630400000-7c4630412000 r-xp 00000000 103:02 4342140                   /home/pan/.jdks/corretto-17.0.14/lib/libnio.so
7c4630412000-7c4630612000 ---p 00012000 103:02 4342140                   /home/pan/.jdks/corretto-17.0.14/lib/libnio.so
7c4630612000-7c4630613000 r--p 00012000 103:02 4342140                   /home/pan/.jdks/corretto-17.0.14/lib/libnio.so
7c4630613000-7c4630614000 rw-p 00013000 103:02 4342140                   /home/pan/.jdks/corretto-17.0.14/lib/libnio.so
7c46306ff000-7c4630703000 ---p 00000000 00:00 0 
7c4630703000-7c46307ff000 rw-p 00000000 00:00 0 
7c46307ff000-7c4630800000 ---p 00000000 00:00 0 
7c4630800000-7c4630900000 rw-p 00000000 00:00 0 
7c4630900000-7c4630904000 ---p 00000000 00:00 0 
7c4630904000-7c4630a00000 rw-p 00000000 00:00 0 
7c4630a00000-7c4630a07000 r-xp 00000000 103:02 4342142                   /home/pan/.jdks/corretto-17.0.14/lib/libzip.so
7c4630a07000-7c4630c07000 ---p 00007000 103:02 4342142                   /home/pan/.jdks/corretto-17.0.14/lib/libzip.so
7c4630c07000-7c4630c08000 r--p 00007000 103:02 4342142                   /home/pan/.jdks/corretto-17.0.14/lib/libzip.so
7c4630c08000-7c4630c09000 rw-p 00000000 00:00 0 
7c4630d00000-7c4630d04000 ---p 00000000 00:00 0 
7c4630d04000-7c4630e00000 rw-p 00000000 00:00 0 
7c4630e00000-7c4630e04000 ---p 00000000 00:00 0 
7c4630e04000-7c4630f00000 rw-p 00000000 00:00 0 
7c4630f00000-7c4630f04000 ---p 00000000 00:00 0 
7c4630f04000-7c4631000000 rw-p 00000000 00:00 0 
7c4631000000-7c4631004000 ---p 00000000 00:00 0 
7c4631004000-7c4631100000 rw-p 00000000 00:00 0 
7c4631100000-7c4631104000 ---p 00000000 00:00 0 
7c4631104000-7c4631200000 rw-p 00000000 00:00 0 
7c4631200000-7c4631204000 ---p 00000000 00:00 0 
7c4631204000-7c4631300000 rw-p 00000000 00:00 0 
7c4631300000-7c4631304000 ---p 00000000 00:00 0 
7c4631304000-7c4631400000 rw-p 00000000 00:00 0 
7c4631400000-7c4631404000 ---p 00000000 00:00 0 
7c4631404000-7c4631500000 rw-p 00000000 00:00 0 
7c4631500000-7c4631504000 ---p 00000000 00:00 0 
7c4631504000-7c4631600000 rw-p 00000000 00:00 0 
7c4631600000-7c4631e78000 r--p 00000000 103:02 11820149                  /usr/lib/locale/locale-archive
7c4631f00000-7c4631f04000 ---p 00000000 00:00 0 
7c4631f04000-7c4632000000 rw-p 00000000 00:00 0 
7c4632000000-7c4634000000 rw-p 00000000 00:00 0 
7c4634000000-7c4634021000 rw-p 00000000 00:00 0 
7c4634021000-7c4638000000 ---p 00000000 00:00 0 
7c4638000000-7c4638004000 ---p 00000000 00:00 0 
7c4638004000-7c4638100000 rw-p 00000000 00:00 0 
7c4638100000-7c4638104000 ---p 00000000 00:00 0 
7c4638104000-7c4638200000 rw-p 00000000 00:00 0 
7c4638200000-7c46382ce000 r-xp 00000000 103:02 4342178                   /home/pan/.jdks/corretto-17.0.14/lib/libjsvml.so
7c46382ce000-7c46384cd000 ---p 000ce000 103:02 4342178                   /home/pan/.jdks/corretto-17.0.14/lib/libjsvml.so
7c46384cd000-7c46384ce000 r--p 000cd000 103:02 4342178                   /home/pan/.jdks/corretto-17.0.14/lib/libjsvml.so
7c46384ce000-7c46384cf000 rw-p 000ce000 103:02 4342178                   /home/pan/.jdks/corretto-17.0.14/lib/libjsvml.so
7c46384f9000-7c46384fd000 ---p 00000000 00:00 0 
7c46384fd000-7c46385f9000 rw-p 00000000 00:00 0 
7c46385f9000-7c46385fd000 ---p 00000000 00:00 0 
7c46385fd000-7c46386f9000 rw-p 00000000 00:00 0 
7c46386f9000-7c46386fa000 ---p 00000000 00:00 0 
7c46386fa000-7c46387fa000 rw-p 00000000 00:00 0 
7c46387fa000-7c46387fb000 ---p 00000000 00:00 0 
7c46387fb000-7c46388fb000 rw-p 00000000 00:00 0 
7c46388fb000-7c46388fc000 ---p 00000000 00:00 0 
7c46388fc000-7c46389fc000 rw-p 00000000 00:00 0 
7c46389fc000-7c4638f60000 rw-p 00000000 00:00 0 
7c4638f60000-7c4639270000 ---p 00000000 00:00 0 
7c4639270000-7c4639290000 rw-p 00000000 00:00 0 
7c4639290000-7c46394d0000 ---p 00000000 00:00 0 
7c46394d0000-7c46394e0000 rw-p 00000000 00:00 0 
7c46394e0000-7c463faf0000 ---p 00000000 00:00 0 
7c463faf0000-7c463fb10000 rw-p 00000000 00:00 0 
7c463fc00000-7c463fd60000 rw-p 00000000 00:00 0 
7c463fd60000-7c4640070000 ---p 00000000 00:00 0 
7c4640070000-7c4640090000 rw-p 00000000 00:00 0 
7c4640090000-7c46402d0000 ---p 00000000 00:00 0 
7c46402d0000-7c46402e0000 rw-p 00000000 00:00 0 
7c46402e0000-7c46468f0000 ---p 00000000 00:00 0 
7c46468f0000-7c4646910000 rw-p 00000000 00:00 0 
7c4646a00000-7c4646a2c000 rw-p 00000000 00:00 0 
7c4646a2c000-7c4646a8e000 ---p 00000000 00:00 0 
7c4646a8e000-7c4646a92000 rw-p 00000000 00:00 0 
7c4646a92000-7c4646ada000 ---p 00000000 00:00 0 
7c4646ada000-7c4646adc000 rw-p 00000000 00:00 0 
7c4646adc000-7c464779e000 ---p 00000000 00:00 0 
7c464779e000-7c46477a2000 rw-p 00000000 00:00 0 
7c4647800000-7c464782c000 rw-p 00000000 00:00 0 
7c464782c000-7c464788e000 ---p 00000000 00:00 0 
7c464788e000-7c4647892000 rw-p 00000000 00:00 0 
7c4647892000-7c46478da000 ---p 00000000 00:00 0 
7c46478da000-7c46478dc000 rw-p 00000000 00:00 0 
7c46478dc000-7c464859e000 ---p 00000000 00:00 0 
7c464859e000-7c46485a2000 rw-p 00000000 00:00 0 
7c46485b4000-7c46485c6000 r--p 00000000 103:02 5259707                   /home/pan/.javacpp/cache/openblas-0.3.23-1.5.9-linux-x86_64.jar/org/bytedeco/openblas/linux-x86_64/libjniopenblas_nolapack.so
7c46485c6000-7c46485f1000 r-xp 00012000 103:02 5259707                   /home/pan/.javacpp/cache/openblas-0.3.23-1.5.9-linux-x86_64.jar/org/bytedeco/openblas/linux-x86_64/libjniopenblas_nolapack.so
7c46485f1000-7c46485fe000 r--p 0003d000 103:02 5259707                   /home/pan/.javacpp/cache/openblas-0.3.23-1.5.9-linux-x86_64.jar/org/bytedeco/openblas/linux-x86_64/libjniopenblas_nolapack.so
7c46485fe000-7c46485ff000 r--p 00049000 103:02 5259707                   /home/pan/.javacpp/cache/openblas-0.3.23-1.5.9-linux-x86_64.jar/org/bytedeco/openblas/linux-x86_64/libjniopenblas_nolapack.so
7c46485ff000-7c4648600000 rw-p 0004a000 103:02 5259707                   /home/pan/.javacpp/cache/openblas-0.3.23-1.5.9-linux-x86_64.jar/org/bytedeco/openblas/linux-x86_64/libjniopenblas_nolapack.so
7c4648600000-7c464862c000 rw-p 00000000 00:00 0 
7c464862c000-7c464868e000 ---p 00000000 00:00 0 
7c464868e000-7c4648692000 rw-p 00000000 00:00 0 
7c4648692000-7c46486da000 ---p 00000000 00:00 0 
7c46486da000-7c46486dc000 rw-p 00000000 00:00 0 
7c46486dc000-7c464939e000 ---p 00000000 00:00 0 
7c464939e000-7c46493a2000 rw-p 00000000 00:00 0 
7c46493c6000-7c46493e7000 r--p 00000000 103:02 12351393                  /usr/share/locale-langpack/zh_CN/LC_MESSAGES/libc.mo
7c46493e7000-7c46493ee000 r--p 00000000 103:02 5259693                   /home/pan/.javacpp/cache/ffmpeg-6.0-1.5.9-linux-x86_64.jar/org/bytedeco/ffmpeg/linux-x86_64/libjniavdevice.so
7c46493ee000-7c46493f8000 r-xp 00007000 103:02 5259693                   /home/pan/.javacpp/cache/ffmpeg-6.0-1.5.9-linux-x86_64.jar/org/bytedeco/ffmpeg/linux-x86_64/libjniavdevice.so
7c46493f8000-7c46493fd000 r--p 00011000 103:02 5259693                   /home/pan/.javacpp/cache/ffmpeg-6.0-1.5.9-linux-x86_64.jar/org/bytedeco/ffmpeg/linux-x86_64/libjniavdevice.so
7c46493fd000-7c46493fe000 ---p 00016000 103:02 5259693                   /home/pan/.javacpp/cache/ffmpeg-6.0-1.5.9-linux-x86_64.jar/org/bytedeco/ffmpeg/linux-x86_64/libjniavdevice.so
7c46493fe000-7c46493ff000 r--p 00016000 103:02 5259693                   /home/pan/.javacpp/cache/ffmpeg-6.0-1.5.9-linux-x86_64.jar/org/bytedeco/ffmpeg/linux-x86_64/libjniavdevice.so
7c46493ff000-7c4649400000 rw-p 00017000 103:02 5259693                   /home/pan/.javacpp/cache/ffmpeg-6.0-1.5.9-linux-x86_64.jar/org/bytedeco/ffmpeg/linux-x86_64/libjniavdevice.so
7c4649400000-7c4649810000 rwxp 00000000 00:00 0 
7c4649810000-7c465085f000 ---p 00000000 00:00 0 
7c465085f000-7c4650bbf000 rwxp 00000000 00:00 0 
7c4650bbf000-7c4650fa0000 ---p 00000000 00:00 0 
7c4650fa0000-7c4651210000 rwxp 00000000 00:00 0 
7c4651210000-7c4658400000 ---p 00000000 00:00 0 
7c4658400000-7c465ffdf000 r--s 00000000 103:02 4342129                   /home/pan/.jdks/corretto-17.0.14/lib/modules
7c465ffe8000-7c465ffec000 r--p 00000000 103:02 11847081                  /usr/lib/x86_64-linux-gnu/libbsd.so.0.11.5
7c465ffec000-7c465fff9000 r-xp 00004000 103:02 11847081                  /usr/lib/x86_64-linux-gnu/libbsd.so.0.11.5
7c465fff9000-7c465fffc000 r--p 00011000 103:02 11847081                  /usr/lib/x86_64-linux-gnu/libbsd.so.0.11.5
7c465fffc000-7c465fffd000 ---p 00014000 103:02 11847081                  /usr/lib/x86_64-linux-gnu/libbsd.so.0.11.5
7c465fffd000-7c465fffe000 r--p 00014000 103:02 11847081                  /usr/lib/x86_64-linux-gnu/libbsd.so.0.11.5
7c465fffe000-7c465ffff000 rw-p 00015000 103:02 11847081                  /usr/lib/x86_64-linux-gnu/libbsd.so.0.11.5
7c465ffff000-7c4660000000 rw-p 00000000 00:00 0 
7c4660000000-7c4662e6b000 rw-p 00000000 00:00 0 
7c4662e6b000-7c4664000000 ---p 00000000 00:00 0 
7c4664007000-7c4664009000 r--p 00000000 103:02 11847745                  /usr/lib/x86_64-linux-gnu/libmd.so.0.0.5
7c4664009000-7c4664010000 r-xp 00002000 103:02 11847745                  /usr/lib/x86_64-linux-gnu/libmd.so.0.0.5
7c4664010000-7c4664012000 r--p 00009000 103:02 11847745                  /usr/lib/x86_64-linux-gnu/libmd.so.0.0.5
7c4664012000-7c4664013000 r--p 0000a000 103:02 11847745                  /usr/lib/x86_64-linux-gnu/libmd.so.0.0.5
7c4664013000-7c4664014000 rw-p 0000b000 103:02 11847745                  /usr/lib/x86_64-linux-gnu/libmd.so.0.0.5
7c4664014000-7c466402a000 r--p 00000000 103:02 5259690                   /home/pan/.javacpp/cache/ffmpeg-6.0-1.5.9-linux-x86_64.jar/org/bytedeco/ffmpeg/linux-x86_64/libjniavfilter.so
7c466402a000-7c4664049000 r-xp 00016000 103:02 5259690                   /home/pan/.javacpp/cache/ffmpeg-6.0-1.5.9-linux-x86_64.jar/org/bytedeco/ffmpeg/linux-x86_64/libjniavfilter.so
7c4664049000-7c4664059000 r--p 00035000 103:02 5259690                   /home/pan/.javacpp/cache/ffmpeg-6.0-1.5.9-linux-x86_64.jar/org/bytedeco/ffmpeg/linux-x86_64/libjniavfilter.so
7c4664059000-7c466405d000 r--p 00044000 103:02 5259690                   /home/pan/.javacpp/cache/ffmpeg-6.0-1.5.9-linux-x86_64.jar/org/bytedeco/ffmpeg/linux-x86_64/libjniavfilter.so
7c466405d000-7c466405e000 rw-p 00048000 103:02 5259690                   /home/pan/.javacpp/cache/ffmpeg-6.0-1.5.9-linux-x86_64.jar/org/bytedeco/ffmpeg/linux-x86_64/libjniavfilter.so
7c466405e000-7c4664061000 r--p 00000000 103:02 5259685                   /home/pan/.javacpp/cache/ffmpeg-6.0-1.5.9-linux-x86_64.jar/org/bytedeco/ffmpeg/linux-x86_64/libswscale.so.7
7c4664061000-7c46640d8000 r-xp 00003000 103:02 5259685                   /home/pan/.javacpp/cache/ffmpeg-6.0-1.5.9-linux-x86_64.jar/org/bytedeco/ffmpeg/linux-x86_64/libswscale.so.7
7c46640d8000-7c46640e8000 r--p 0007a000 103:02 5259685                   /home/pan/.javacpp/cache/ffmpeg-6.0-1.5.9-linux-x86_64.jar/org/bytedeco/ffmpeg/linux-x86_64/libswscale.so.7
7c46640e8000-7c46640e9000 ---p 0008a000 103:02 5259685                   /home/pan/.javacpp/cache/ffmpeg-6.0-1.5.9-linux-x86_64.jar/org/bytedeco/ffmpeg/linux-x86_64/libswscale.so.7
7c46640e9000-7c46640ea000 r--p 0008a000 103:02 5259685                   /home/pan/.javacpp/cache/ffmpeg-6.0-1.5.9-linux-x86_64.jar/org/bytedeco/ffmpeg/linux-x86_64/libswscale.so.7
7c46640ea000-7c46640eb000 rw-p 0008b000 103:02 5259685                   /home/pan/.javacpp/cache/ffmpeg-6.0-1.5.9-linux-x86_64.jar/org/bytedeco/ffmpeg/linux-x86_64/libswscale.so.7
7c46640eb000-7c46649fc000 rw-p 00000000 00:00 0 
7c46649fc000-7c46649fd000 ---p 00000000 00:00 0 
7c46649fd000-7c4664afd000 rw-p 00000000 00:00 0 
7c4664afd000-7c4664afe000 ---p 00000000 00:00 0 
7c4664afe000-7c4664bfe000 rw-p 00000000 00:00 0 
7c4664bfe000-7c4664bff000 ---p 00000000 00:00 0 
7c4664bff000-7c4664cff000 rw-p 00000000 00:00 0 
7c4664cff000-7c4664e00000 rw-p 00000000 00:00 0 
7c4664e00000-7c4664e24000 r-xp 00000000 103:02 4342135                   /home/pan/.jdks/corretto-17.0.14/lib/libjava.so
7c4664e24000-7c4665024000 ---p 00024000 103:02 4342135                   /home/pan/.jdks/corretto-17.0.14/lib/libjava.so
7c4665024000-7c4665025000 r--p 00024000 103:02 4342135                   /home/pan/.jdks/corretto-17.0.14/lib/libjava.so
7c4665025000-7c4665026000 rw-p 00025000 103:02 4342135                   /home/pan/.jdks/corretto-17.0.14/lib/libjava.so
7c4665026000-7c4665027000 rw-p 00000000 00:00 0 
7c466502d000-7c466502f000 r--p 00000000 103:02 11846801                  /usr/lib/x86_64-linux-gnu/libXdmcp.so.6.0.0
7c466502f000-7c4665031000 r-xp 00002000 103:02 11846801                  /usr/lib/x86_64-linux-gnu/libXdmcp.so.6.0.0
7c4665031000-7c4665033000 r--p 00004000 103:02 11846801                  /usr/lib/x86_64-linux-gnu/libXdmcp.so.6.0.0
7c4665033000-7c4665034000 r--p 00005000 103:02 11846801                  /usr/lib/x86_64-linux-gnu/libXdmcp.so.6.0.0
7c4665034000-7c4665035000 rw-p 00006000 103:02 11846801                  /usr/lib/x86_64-linux-gnu/libXdmcp.so.6.0.0
7c4665035000-7c4665038000 r--p 00000000 103:02 11848385                  /usr/lib/x86_64-linux-gnu/libxcb-xfixes.so.0.0.0
7c4665038000-7c466503b000 r-xp 00003000 103:02 11848385                  /usr/lib/x86_64-linux-gnu/libxcb-xfixes.so.0.0.0
7c466503b000-7c466503c000 r--p 00006000 103:02 11848385                  /usr/lib/x86_64-linux-gnu/libxcb-xfixes.so.0.0.0
7c466503c000-7c466503d000 ---p 00007000 103:02 11848385                  /usr/lib/x86_64-linux-gnu/libxcb-xfixes.so.0.0.0
7c466503d000-7c466503e000 r--p 00007000 103:02 11848385                  /usr/lib/x86_64-linux-gnu/libxcb-xfixes.so.0.0.0
7c466503e000-7c466503f000 rw-p 00008000 103:02 11848385                  /usr/lib/x86_64-linux-gnu/libxcb-xfixes.so.0.0.0
7c466503f000-7c466504a000 r--p 00000000 103:02 11848391                  /usr/lib/x86_64-linux-gnu/libxcb.so.1.1.0
7c466504a000-7c466505e000 r-xp 0000b000 103:02 11848391                  /usr/lib/x86_64-linux-gnu/libxcb.so.1.1.0
7c466505e000-7c4665067000 r--p 0001f000 103:02 11848391                  /usr/lib/x86_64-linux-gnu/libxcb.so.1.1.0
7c4665067000-7c4665068000 r--p 00027000 103:02 11848391                  /usr/lib/x86_64-linux-gnu/libxcb.so.1.1.0
7c4665068000-7c4665069000 rw-p 00028000 103:02 11848391                  /usr/lib/x86_64-linux-gnu/libxcb.so.1.1.0
7c4665069000-7c4665094000 r--p 00000000 103:02 5259684                   /home/pan/.javacpp/cache/ffmpeg-6.0-1.5.9-linux-x86_64.jar/org/bytedeco/ffmpeg/linux-x86_64/libjniavformat.so
7c4665094000-7c46650d0000 r-xp 0002b000 103:02 5259684                   /home/pan/.javacpp/cache/ffmpeg-6.0-1.5.9-linux-x86_64.jar/org/bytedeco/ffmpeg/linux-x86_64/libjniavformat.so
7c46650d0000-7c46650f0000 r--p 00067000 103:02 5259684                   /home/pan/.javacpp/cache/ffmpeg-6.0-1.5.9-linux-x86_64.jar/org/bytedeco/ffmpeg/linux-x86_64/libjniavformat.so
7c46650f0000-7c46650fb000 r--p 00086000 103:02 5259684                   /home/pan/.javacpp/cache/ffmpeg-6.0-1.5.9-linux-x86_64.jar/org/bytedeco/ffmpeg/linux-x86_64/libjniavformat.so
7c46650fb000-7c46650fc000 rw-p 00091000 103:02 5259684                   /home/pan/.javacpp/cache/ffmpeg-6.0-1.5.9-linux-x86_64.jar/org/bytedeco/ffmpeg/linux-x86_64/libjniavformat.so
7c46650fc000-7c4665400000 rw-p 00000000 00:00 0 
7c4665400000-7c466540a000 r-xp 00000000 103:02 4342167                   /home/pan/.jdks/corretto-17.0.14/lib/libinstrument.so
7c466540a000-7c4665609000 ---p 0000a000 103:02 4342167                   /home/pan/.jdks/corretto-17.0.14/lib/libinstrument.so
7c4665609000-7c466560a000 r--p 00009000 103:02 4342167                   /home/pan/.jdks/corretto-17.0.14/lib/libinstrument.so
7c466560a000-7c466560b000 rw-p 0000a000 103:02 4342167                   /home/pan/.jdks/corretto-17.0.14/lib/libinstrument.so
7c466560c000-7c466560f000 r--p 00000000 103:02 6849600                   /opt/rocm-6.1.0/lib/libOpenCL.so.1.2
7c466560f000-7c4665613000 r-xp 00003000 103:02 6849600                   /opt/rocm-6.1.0/lib/libOpenCL.so.1.2
7c4665613000-7c4665615000 r--p 00007000 103:02 6849600                   /opt/rocm-6.1.0/lib/libOpenCL.so.1.2
7c4665615000-7c4665616000 r--p 00008000 103:02 6849600                   /opt/rocm-6.1.0/lib/libOpenCL.so.1.2
7c4665616000-7c4665617000 rw-p 00009000 103:02 6849600                   /opt/rocm-6.1.0/lib/libOpenCL.so.1.2
7c4665617000-7c466561e000 r--s 00000000 103:02 11825073                  /usr/lib/x86_64-linux-gnu/gconv/gconv-modules.cache
7c466561e000-7c4665624000 r--p 00000000 103:02 5259691                   /home/pan/.javacpp/cache/ffmpeg-6.0-1.5.9-linux-x86_64.jar/org/bytedeco/ffmpeg/linux-x86_64/libavdevice.so.60
7c4665624000-7c466562d000 r-xp 00006000 103:02 5259691                   /home/pan/.javacpp/cache/ffmpeg-6.0-1.5.9-linux-x86_64.jar/org/bytedeco/ffmpeg/linux-x86_64/libavdevice.so.60
7c466562d000-7c4665631000 r--p 0000f000 103:02 5259691                   /home/pan/.javacpp/cache/ffmpeg-6.0-1.5.9-linux-x86_64.jar/org/bytedeco/ffmpeg/linux-x86_64/libavdevice.so.60
7c4665631000-7c4665632000 ---p 00013000 103:02 5259691                   /home/pan/.javacpp/cache/ffmpeg-6.0-1.5.9-linux-x86_64.jar/org/bytedeco/ffmpeg/linux-x86_64/libavdevice.so.60
7c4665632000-7c4665634000 r--p 00013000 103:02 5259691                   /home/pan/.javacpp/cache/ffmpeg-6.0-1.5.9-linux-x86_64.jar/org/bytedeco/ffmpeg/linux-x86_64/libavdevice.so.60
7c4665634000-7c4665635000 rw-p 00015000 103:02 5259691                   /home/pan/.javacpp/cache/ffmpeg-6.0-1.5.9-linux-x86_64.jar/org/bytedeco/ffmpeg/linux-x86_64/libavdevice.so.60
7c4665635000-7c466563d000 r--p 00000000 103:02 5259687                   /home/pan/.javacpp/cache/ffmpeg-6.0-1.5.9-linux-x86_64.jar/org/bytedeco/ffmpeg/linux-x86_64/libjniswscale.so
7c466563d000-7c466564a000 r-xp 00008000 103:02 5259687                   /home/pan/.javacpp/cache/ffmpeg-6.0-1.5.9-linux-x86_64.jar/org/bytedeco/ffmpeg/linux-x86_64/libjniswscale.so
7c466564a000-7c466564f000 r--p 00015000 103:02 5259687                   /home/pan/.javacpp/cache/ffmpeg-6.0-1.5.9-linux-x86_64.jar/org/bytedeco/ffmpeg/linux-x86_64/libjniswscale.so
7c466564f000-7c4665650000 ---p 0001a000 103:02 5259687                   /home/pan/.javacpp/cache/ffmpeg-6.0-1.5.9-linux-x86_64.jar/org/bytedeco/ffmpeg/linux-x86_64/libjniswscale.so
7c4665650000-7c4665651000 r--p 0001a000 103:02 5259687                   /home/pan/.javacpp/cache/ffmpeg-6.0-1.5.9-linux-x86_64.jar/org/bytedeco/ffmpeg/linux-x86_64/libjniswscale.so
7c4665651000-7c4665652000 rw-p 0001b000 103:02 5259687                   /home/pan/.javacpp/cache/ffmpeg-6.0-1.5.9-linux-x86_64.jar/org/bytedeco/ffmpeg/linux-x86_64/libjniswscale.so
7c4665652000-7c466567f000 r--p 00000000 103:02 5259681                   /home/pan/.javacpp/cache/ffmpeg-6.0-1.5.9-linux-x86_64.jar/org/bytedeco/ffmpeg/linux-x86_64/libjniavcodec.so
7c466567f000-7c46656bc000 r-xp 0002d000 103:02 5259681                   /home/pan/.javacpp/cache/ffmpeg-6.0-1.5.9-linux-x86_64.jar/org/bytedeco/ffmpeg/linux-x86_64/libjniavcodec.so
7c46656bc000-7c46656e4000 r--p 0006a000 103:02 5259681                   /home/pan/.javacpp/cache/ffmpeg-6.0-1.5.9-linux-x86_64.jar/org/bytedeco/ffmpeg/linux-x86_64/libjniavcodec.so
7c46656e4000-7c46656fb000 r--p 00091000 103:02 5259681                   /home/pan/.javacpp/cache/ffmpeg-6.0-1.5.9-linux-x86_64.jar/org/bytedeco/ffmpeg/linux-x86_64/libjniavcodec.so
7c46656fb000-7c46656fc000 rw-p 000a8000 103:02 5259681                   /home/pan/.javacpp/cache/ffmpeg-6.0-1.5.9-linux-x86_64.jar/org/bytedeco/ffmpeg/linux-x86_64/libjniavcodec.so
7c46656fc000-7c4665a00000 rw-p 00000000 00:00 0 
7c4665a00000-7c4665a1b000 r-xp 00000000 103:02 4342136                   /home/pan/.jdks/corretto-17.0.14/lib/libjimage.so
7c4665a1b000-7c4665c1a000 ---p 0001b000 103:02 4342136                   /home/pan/.jdks/corretto-17.0.14/lib/libjimage.so
7c4665c1a000-7c4665c1c000 r--p 0001a000 103:02 4342136                   /home/pan/.jdks/corretto-17.0.14/lib/libjimage.so
7c4665c1c000-7c4665c1d000 rw-p 0001c000 103:02 4342136                   /home/pan/.jdks/corretto-17.0.14/lib/libjimage.so
7c4665c21000-7c4666000000 rw-p 00000000 00:00 0 
7c4666000000-7c46672c9000 r-xp 00000000 103:02 4342150                   /home/pan/.jdks/corretto-17.0.14/lib/server/libjvm.so
7c46672c9000-7c46674c9000 ---p 012c9000 103:02 4342150                   /home/pan/.jdks/corretto-17.0.14/lib/server/libjvm.so
7c46674c9000-7c4667582000 r--p 012c9000 103:02 4342150                   /home/pan/.jdks/corretto-17.0.14/lib/server/libjvm.so
7c4667582000-7c46675b7000 rw-p 01382000 103:02 4342150                   /home/pan/.jdks/corretto-17.0.14/lib/server/libjvm.so
7c46675b7000-7c4667612000 rw-p 00000000 00:00 0 
7c4667617000-7c466761d000 r--p 00000000 103:02 5259678                   /home/pan/.javacpp/cache/ffmpeg-6.0-1.5.9-linux-x86_64.jar/org/bytedeco/ffmpeg/linux-x86_64/libjniswresample.so
7c466761d000-7c4667627000 r-xp 00006000 103:02 5259678                   /home/pan/.javacpp/cache/ffmpeg-6.0-1.5.9-linux-x86_64.jar/org/bytedeco/ffmpeg/linux-x86_64/libjniswresample.so
7c4667627000-7c466762c000 r--p 00010000 103:02 5259678                   /home/pan/.javacpp/cache/ffmpeg-6.0-1.5.9-linux-x86_64.jar/org/bytedeco/ffmpeg/linux-x86_64/libjniswresample.so
7c466762c000-7c466762d000 r--p 00014000 103:02 5259678                   /home/pan/.javacpp/cache/ffmpeg-6.0-1.5.9-linux-x86_64.jar/org/bytedeco/ffmpeg/linux-x86_64/libjniswresample.so
7c466762d000-7c466762e000 rw-p 00015000 103:02 5259678                   /home/pan/.javacpp/cache/ffmpeg-6.0-1.5.9-linux-x86_64.jar/org/bytedeco/ffmpeg/linux-x86_64/libjniswresample.so
7c466762e000-7c4667631000 r--p 00000000 103:02 11847384                  /usr/lib/x86_64-linux-gnu/libgcc_s.so.1
7c4667631000-7c4667648000 r-xp 00003000 103:02 11847384                  /usr/lib/x86_64-linux-gnu/libgcc_s.so.1
7c4667648000-7c466764c000 r--p 0001a000 103:02 11847384                  /usr/lib/x86_64-linux-gnu/libgcc_s.so.1
7c466764c000-7c466764d000 r--p 0001d000 103:02 11847384                  /usr/lib/x86_64-linux-gnu/libgcc_s.so.1
7c466764d000-7c466764e000 rw-p 0001e000 103:02 11847384                  /usr/lib/x86_64-linux-gnu/libgcc_s.so.1
7c466764e000-7c466768f000 rw-p 00000000 00:00 0 
7c466768f000-7c4667690000 r--p 00000000 103:02 11846790                  /usr/lib/x86_64-linux-gnu/libXau.so.6.0.0
7c4667690000-7c4667692000 r-xp 00001000 103:02 11846790                  /usr/lib/x86_64-linux-gnu/libXau.so.6.0.0
7c4667692000-7c4667693000 r--p 00003000 103:02 11846790                  /usr/lib/x86_64-linux-gnu/libXau.so.6.0.0
7c4667693000-7c4667694000 r--p 00003000 103:02 11846790                  /usr/lib/x86_64-linux-gnu/libXau.so.6.0.0
7c4667694000-7c4667695000 rw-p 00004000 103:02 11846790                  /usr/lib/x86_64-linux-gnu/libXau.so.6.0.0
7c4667695000-7c4667698000 r--p 00000000 103:02 5259676                   /home/pan/.javacpp/cache/ffmpeg-6.0-1.5.9-linux-x86_64.jar/org/bytedeco/ffmpeg/linux-x86_64/libswresample.so.4
7c4667698000-7c46676ac000 r-xp 00003000 103:02 5259676                   /home/pan/.javacpp/cache/ffmpeg-6.0-1.5.9-linux-x86_64.jar/org/bytedeco/ffmpeg/linux-x86_64/libswresample.so.4
7c46676ac000-7c46676b1000 r--p 00017000 103:02 5259676                   /home/pan/.javacpp/cache/ffmpeg-6.0-1.5.9-linux-x86_64.jar/org/bytedeco/ffmpeg/linux-x86_64/libswresample.so.4
7c46676b1000-7c46676b2000 ---p 0001c000 103:02 5259676                   /home/pan/.javacpp/cache/ffmpeg-6.0-1.5.9-linux-x86_64.jar/org/bytedeco/ffmpeg/linux-x86_64/libswresample.so.4
7c46676b2000-7c46676b4000 r--p 0001c000 103:02 5259676                   /home/pan/.javacpp/cache/ffmpeg-6.0-1.5.9-linux-x86_64.jar/org/bytedeco/ffmpeg/linux-x86_64/libswresample.so.4
7c46676b4000-7c46676b5000 rw-p 0001e000 103:02 5259676                   /home/pan/.javacpp/cache/ffmpeg-6.0-1.5.9-linux-x86_64.jar/org/bytedeco/ffmpeg/linux-x86_64/libswresample.so.4
7c46676b5000-7c46676b9000 r--p 00000000 103:02 5259663                   /home/pan/.javacpp/cache/javacpp-1.5.9-linux-x86_64.jar/org/bytedeco/javacpp/linux-x86_64/libjnijavacpp.so
7c46676b9000-7c46676c0000 r-xp 00004000 103:02 5259663                   /home/pan/.javacpp/cache/javacpp-1.5.9-linux-x86_64.jar/org/bytedeco/javacpp/linux-x86_64/libjnijavacpp.so
7c46676c0000-7c46676c4000 r--p 0000b000 103:02 5259663                   /home/pan/.javacpp/cache/javacpp-1.5.9-linux-x86_64.jar/org/bytedeco/javacpp/linux-x86_64/libjnijavacpp.so
7c46676c4000-7c46676c5000 r--p 0000e000 103:02 5259663                   /home/pan/.javacpp/cache/javacpp-1.5.9-linux-x86_64.jar/org/bytedeco/javacpp/linux-x86_64/libjnijavacpp.so
7c46676c5000-7c46676c6000 rw-p 0000f000 103:02 5259663                   /home/pan/.javacpp/cache/javacpp-1.5.9-linux-x86_64.jar/org/bytedeco/javacpp/linux-x86_64/libjnijavacpp.so
7c46676c6000-7c4667a00000 rw-p 00000000 00:00 0 
7c4667a00000-7c4667a28000 r--p 00000000 103:02 11819770                  /usr/lib/x86_64-linux-gnu/libc.so.6
7c4667a28000-7c4667bbd000 r-xp 00028000 103:02 11819770                  /usr/lib/x86_64-linux-gnu/libc.so.6
7c4667bbd000-7c4667c15000 r--p 001bd000 103:02 11819770                  /usr/lib/x86_64-linux-gnu/libc.so.6
7c4667c15000-7c4667c16000 ---p 00215000 103:02 11819770                  /usr/lib/x86_64-linux-gnu/libc.so.6
7c4667c16000-7c4667c1a000 r--p 00215000 103:02 11819770                  /usr/lib/x86_64-linux-gnu/libc.so.6
7c4667c1a000-7c4667c1c000 rw-p 00219000 103:02 11819770                  /usr/lib/x86_64-linux-gnu/libc.so.6
7c4667c1c000-7c4667c29000 rw-p 00000000 00:00 0 
7c4667c29000-7c4667c2a000 r--p 00000000 103:02 11848377                  /usr/lib/x86_64-linux-gnu/libxcb-shape.so.0.0.0
7c4667c2a000-7c4667c2b000 r-xp 00001000 103:02 11848377                  /usr/lib/x86_64-linux-gnu/libxcb-shape.so.0.0.0
7c4667c2b000-7c4667c2c000 r--p 00002000 103:02 11848377                  /usr/lib/x86_64-linux-gnu/libxcb-shape.so.0.0.0
7c4667c2c000-7c4667c2d000 r--p 00002000 103:02 11848377                  /usr/lib/x86_64-linux-gnu/libxcb-shape.so.0.0.0
7c4667c2d000-7c4667c2e000 rw-p 00003000 103:02 11848377                  /usr/lib/x86_64-linux-gnu/libxcb-shape.so.0.0.0
7c4667c2e000-7c4667c33000 rw-p 00000000 00:00 0 
7c4667c33000-7c4667d17000 ---p 00000000 00:00 0 
7c4667d17000-7c4667d20000 rw-p 00000000 00:00 0 
7c4667d20000-7c4667e00000 ---p 00000000 00:00 0 
7c4667e00000-7c4667e0f000 r-xp 00000000 103:02 4342137                   /home/pan/.jdks/corretto-17.0.14/lib/libjli.so
7c4667e0f000-7c466800e000 ---p 0000f000 103:02 4342137                   /home/pan/.jdks/corretto-17.0.14/lib/libjli.so
7c466800e000-7c466800f000 r--p 0000e000 103:02 4342137                   /home/pan/.jdks/corretto-17.0.14/lib/libjli.so
7c466800f000-7c4668010000 rw-p 0000f000 103:02 4342137                   /home/pan/.jdks/corretto-17.0.14/lib/libjli.so
7c4668012000-7c46680f8000 rw-p 00000000 00:00 0 
7c46680f8000-7c4668100000 ---p 00000000 00:00 0 
7c4668100000-7c4668104000 ---p 00000000 00:00 0 
7c4668104000-7c4668200000 rw-p 00000000 00:00 0 
7c4668200000-7c466820e000 r--p 00000000 103:02 11819841                  /usr/lib/x86_64-linux-gnu/libm.so.6
7c466820e000-7c466828a000 r-xp 0000e000 103:02 11819841                  /usr/lib/x86_64-linux-gnu/libm.so.6
7c466828a000-7c46682e5000 r--p 0008a000 103:02 11819841                  /usr/lib/x86_64-linux-gnu/libm.so.6
7c46682e5000-7c46682e6000 r--p 000e4000 103:02 11819841                  /usr/lib/x86_64-linux-gnu/libm.so.6
7c46682e6000-7c46682e7000 rw-p 000e5000 103:02 11819841                  /usr/lib/x86_64-linux-gnu/libm.so.6
7c46682e7000-7c46682e8000 r--p 00000000 103:02 11820205                  /usr/lib/x86_64-linux-gnu/librt.so.1
7c46682e8000-7c46682e9000 r-xp 00001000 103:02 11820205                  /usr/lib/x86_64-linux-gnu/librt.so.1
7c46682e9000-7c46682ea000 r--p 00002000 103:02 11820205                  /usr/lib/x86_64-linux-gnu/librt.so.1
7c46682ea000-7c46682eb000 r--p 00002000 103:02 11820205                  /usr/lib/x86_64-linux-gnu/librt.so.1
7c46682eb000-7c46682ec000 rw-p 00003000 103:02 11820205                  /usr/lib/x86_64-linux-gnu/librt.so.1
7c46682ec000-7c46682f0000 rw-p 00000000 00:00 0 
7c46682f0000-7c46682f1000 r--p 00000000 103:02 11819839                  /usr/lib/x86_64-linux-gnu/libdl.so.2
7c46682f1000-7c46682f2000 r-xp 00001000 103:02 11819839                  /usr/lib/x86_64-linux-gnu/libdl.so.2
7c46682f2000-7c46682f3000 r--p 00002000 103:02 11819839                  /usr/lib/x86_64-linux-gnu/libdl.so.2
7c46682f3000-7c46682f4000 r--p 00002000 103:02 11819839                  /usr/lib/x86_64-linux-gnu/libdl.so.2
7c46682f4000-7c46682f5000 rw-p 00003000 103:02 11819839                  /usr/lib/x86_64-linux-gnu/libdl.so.2
7c46682f5000-7c46682f6000 r--p 00000000 103:02 11820201                  /usr/lib/x86_64-linux-gnu/libpthread.so.0
7c46682f6000-7c46682f7000 r-xp 00001000 103:02 11820201                  /usr/lib/x86_64-linux-gnu/libpthread.so.0
7c46682f7000-7c46682f8000 r--p 00002000 103:02 11820201                  /usr/lib/x86_64-linux-gnu/libpthread.so.0
7c46682f8000-7c46682f9000 r--p 00002000 103:02 11820201                  /usr/lib/x86_64-linux-gnu/libpthread.so.0
7c46682f9000-7c46682fa000 rw-p 00003000 103:02 11820201                  /usr/lib/x86_64-linux-gnu/libpthread.so.0
7c46682fa000-7c46682fc000 r--p 00000000 103:02 11848427                  /usr/lib/x86_64-linux-gnu/libz.so.1.2.11
7c46682fc000-7c466830d000 r-xp 00002000 103:02 11848427                  /usr/lib/x86_64-linux-gnu/libz.so.1.2.11
7c466830d000-7c4668313000 r--p 00013000 103:02 11848427                  /usr/lib/x86_64-linux-gnu/libz.so.1.2.11
7c4668313000-7c4668314000 ---p 00019000 103:02 11848427                  /usr/lib/x86_64-linux-gnu/libz.so.1.2.11
7c4668314000-7c4668315000 r--p 00019000 103:02 11848427                  /usr/lib/x86_64-linux-gnu/libz.so.1.2.11
7c4668315000-7c4668316000 rw-p 0001a000 103:02 11848427                  /usr/lib/x86_64-linux-gnu/libz.so.1.2.11
7c466831a000-7c466831b000 r--p 00000000 103:02 11848379                  /usr/lib/x86_64-linux-gnu/libxcb-shm.so.0.0.0
7c466831b000-7c466831c000 r-xp 00001000 103:02 11848379                  /usr/lib/x86_64-linux-gnu/libxcb-shm.so.0.0.0
7c466831c000-7c466831d000 r--p 00002000 103:02 11848379                  /usr/lib/x86_64-linux-gnu/libxcb-shm.so.0.0.0
7c466831d000-7c466831e000 r--p 00002000 103:02 11848379                  /usr/lib/x86_64-linux-gnu/libxcb-shm.so.0.0.0
7c466831e000-7c466831f000 rw-p 00003000 103:02 11848379                  /usr/lib/x86_64-linux-gnu/libxcb-shm.so.0.0.0
7c466831f000-7c4668327000 rw-s 00000000 103:02 5262025                   /tmp/hsperfdata_pan/43377
7c4668327000-7c4668328000 ---p 00000000 00:00 0 
7c4668328000-7c4668329000 r--p 00000000 00:00 0 
7c4668329000-7c466832b000 rw-p 00000000 00:00 0 
7c466832b000-7c466832d000 r--p 00000000 103:02 11819686                  /usr/lib/x86_64-linux-gnu/ld-linux-x86-64.so.2
7c466832d000-7c4668357000 r-xp 00002000 103:02 11819686                  /usr/lib/x86_64-linux-gnu/ld-linux-x86-64.so.2
7c4668357000-7c4668362000 r--p 0002c000 103:02 11819686                  /usr/lib/x86_64-linux-gnu/ld-linux-x86-64.so.2
7c4668362000-7c4668363000 ---p 00000000 00:00 0 
7c4668363000-7c4668365000 r--p 00037000 103:02 11819686                  /usr/lib/x86_64-linux-gnu/ld-linux-x86-64.so.2
7c4668365000-7c4668367000 rw-p 00039000 103:02 11819686                  /usr/lib/x86_64-linux-gnu/ld-linux-x86-64.so.2
7fff657da000-7fff657fb000 rw-p 00000000 00:00 0                          [stack]
7fff65818000-7fff6581c000 r--p 00000000 00:00 0                          [vvar]
7fff6581c000-7fff6581e000 r-xp 00000000 00:00 0                          [vdso]
ffffffffff600000-ffffffffff601000 --xp 00000000 00:00 0                  [vsyscall]


VM Arguments:
jvm_args: -javaagent:/opt/idea/lib/idea_rt.jar=41991:/opt/idea/bin -Dfile.encoding=UTF-8 
java_command: com.saigou.Processor
java_class_path (initial): /media/pan/95C15E65414BD009/ubuntu/houduan/pandaSystem/analyzer-server-10001/target/classes:/home/pan/.m2/repository/org/bytedeco/javacv-platform/1.5.9/javacv-platform-1.5.9.jar:/home/pan/.m2/repository/org/bytedeco/javacv/1.5.9/javacv-1.5.9.jar:/home/pan/.m2/repository/org/bytedeco/javacpp/1.5.9/javacpp-1.5.9.jar:/home/pan/.m2/repository/org/bytedeco/openblas/0.3.23-1.5.9/openblas-0.3.23-1.5.9.jar:/home/pan/.m2/repository/org/bytedeco/opencv/4.7.0-1.5.9/opencv-4.7.0-1.5.9.jar:/home/pan/.m2/repository/org/bytedeco/ffmpeg/6.0-1.5.9/ffmpeg-6.0-1.5.9.jar:/home/pan/.m2/repository/org/bytedeco/flycapture/2.13.3.31-1.5.9/flycapture-2.13.3.31-1.5.9.jar:/home/pan/.m2/repository/org/bytedeco/libdc1394/2.2.6-1.5.9/libdc1394-2.2.6-1.5.9.jar:/home/pan/.m2/repository/org/bytedeco/libfreenect/0.5.7-1.5.9/libfreenect-0.5.7-1.5.9.jar:/home/pan/.m2/repository/org/bytedeco/libfreenect2/0.2.0-1.5.9/libfreenect2-0.2.0-1.5.9.jar:/home/pan/.m2/repository/org/bytedeco/librealsense/1.12.4-1.5.9/librealsense-1.12.4-1.5.9.jar:/home/pan/.m2/repository/org/bytedeco/librealsense2/2.53.1-1.5.9/librealsense2-2.53.1-1.5.9.jar:/home/pan/.m2/repository/org/bytedeco/videoinput/0.200-1.5.9/videoinput-0.200-1.5.9.jar:/home/pan/.m2/repository/org/bytedeco/artoolkitplus/2.3.1-1.5.9/artoolkitplus-2.3.1-1.5.9.jar:/home/pan/.m2/repository/org/bytedeco/leptonica/1.83.0-1.5.9/leptonica-1.83.0-1.5.9.jar:/home/pan/.m2/repository/org/bytedeco/tesseract/5.3.1-1.5.9/tesseract-5.3.1-1.5.9.jar:/home/pan/.m2/repository/org/openjfx/javafx-graphics/17/javafx-graphics-17.jar:/home/pan/.m2/repository/org/openjfx/javafx-graphics/17/javafx-graphics-17-linux.jar:/home/pan/.m2/repository/org/openjfx/javafx-base/17/javafx-base-17.jar:/home/pan/.m2/repository/org/openjfx/javafx-base/17/javafx-base-17-linux.jar:/home/pan/.m2/repository/org/bytedeco/openblas-platform/0.3.23-1.5.9/openblas-platform-0.3.23-1.5.9.jar:/home/pan/.m2/repository/org/bytedeco/javacpp-platform/1.5.9/javacpp-platform-1.5.9.jar
Launcher Type: SUN_STANDARD

[Global flags]
     intx CICompilerCount                          = 12                                        {product} {ergonomic}
     uint ConcGCThreads                            = 3                                         {product} {ergonomic}
     uint G1ConcRefinementThreads                  = 13                                        {product} {ergonomic}
   size_t G1HeapRegionSize                         = 4194304                                   {product} {ergonomic}
    uintx GCDrainStackTargetSize                   = 64                                        {product} {ergonomic}
   size_t InitialHeapSize                          = 461373440                                 {product} {ergonomic}
   size_t MarkStackSize                            = 4194304                                   {product} {ergonomic}
   size_t MaxHeapSize                              = 7319060480                                {product} {ergonomic}
   size_t MaxNewSize                               = 4391436288                                {product} {ergonomic}
   size_t MinHeapDeltaBytes                        = 4194304                                   {product} {ergonomic}
   size_t MinHeapSize                              = 8388608                                   {product} {ergonomic}
    uintx NonNMethodCodeHeapSize                   = 7602480                                {pd product} {ergonomic}
    uintx NonProfiledCodeHeapSize                  = 122027880                              {pd product} {ergonomic}
    uintx ProfiledCodeHeapSize                     = 122027880                              {pd product} {ergonomic}
    uintx ReservedCodeCacheSize                    = 251658240                              {pd product} {ergonomic}
     bool SegmentedCodeCache                       = true                                      {product} {ergonomic}
   size_t SoftMaxHeapSize                          = 7319060480                             {manageable} {ergonomic}
     bool UseCompressedClassPointers               = true                           {product lp64_product} {ergonomic}
     bool UseCompressedOops                        = true                           {product lp64_product} {ergonomic}
     bool UseG1GC                                  = true                                      {product} {ergonomic}

Logging:
Log output configuration:
 #0: stdout all=warning uptime,level,tags
 #1: stderr all=off uptime,level,tags

Environment Variables:
PATH=/usr/local/sbin:/usr/local/bin:/usr/sbin:/usr/bin:/sbin:/bin:/usr/games:/usr/local/games:/snap/bin:/snap/bin
USERNAME=pan
SHELL=/bin/bash
DISPLAY=:0
LANG=zh_CN.UTF-8
LC_NUMERIC=zh_CN.UTF-8
LC_TIME=zh_CN.UTF-8

Active Locale:
LC_ALL=zh_CN.UTF-8
LC_COLLATE=zh_CN.UTF-8
LC_CTYPE=zh_CN.UTF-8
LC_MESSAGES=zh_CN.UTF-8
LC_MONETARY=zh_CN.UTF-8
LC_NUMERIC=zh_CN.UTF-8
LC_TIME=zh_CN.UTF-8

Signal Handlers:
   SIGSEGV: crash_handler in libjvm.so, mask=11100100010111111101111111111110, flags=SA_RESTART|SA_SIGINFO, unblocked
    SIGBUS: crash_handler in libjvm.so, mask=11100100010111111101111111111110, flags=SA_RESTART|SA_SIGINFO, unblocked
    SIGFPE: crash_handler in libjvm.so, mask=11100100010111111101111111111110, flags=SA_RESTART|SA_SIGINFO, unblocked
   SIGPIPE: javaSignalHandler in libjvm.so, mask=11100100010111111101111111111110, flags=SA_RESTART|SA_SIGINFO, blocked
   SIGXFSZ: javaSignalHandler in libjvm.so, mask=11100100010111111101111111111110, flags=SA_RESTART|SA_SIGINFO, blocked
    SIGILL: crash_handler in libjvm.so, mask=11100100010111111101111111111110, flags=SA_RESTART|SA_SIGINFO, unblocked
   SIGUSR2: SR_handler in libjvm.so, mask=00100000000000000000000000000000, flags=SA_RESTART|SA_SIGINFO, blocked
    SIGHUP: UserHandler in libjvm.so, mask=11100100010111111101111111111110, flags=SA_RESTART|SA_SIGINFO, blocked
    SIGINT: UserHandler in libjvm.so, mask=11100100010111111101111111111110, flags=SA_RESTART|SA_SIGINFO, blocked
   SIGTERM: UserHandler in libjvm.so, mask=11100100010111111101111111111110, flags=SA_RESTART|SA_SIGINFO, blocked
   SIGQUIT: UserHandler in libjvm.so, mask=11100100010111111101111111111110, flags=SA_RESTART|SA_SIGINFO, blocked
   SIGTRAP: crash_handler in libjvm.so, mask=11100100010111111101111111111110, flags=SA_RESTART|SA_SIGINFO, unblocked


Periodic native trim disabled


---------------  S Y S T E M  ---------------

OS:
DISTRIB_ID=Ubuntu
DISTRIB_RELEASE=22.04
DISTRIB_CODENAME=jammy
DISTRIB_DESCRIPTION="Ubuntu 22.04.5 LTS"
uname: Linux 6.8.0-52-generic #53~22.04.1-Ubuntu SMP PREEMPT_DYNAMIC Wed Jan 15 19:18:46 UTC 2 x86_64
OS uptime: 0 days 20:53 hours
libc: glibc 2.35 NPTL 2.35 
rlimit (soft/hard): STACK 8192k/infinity , CORE 0k/infinity , NPROC 111345/111345 , NOFILE 1048576/1048576 , AS infinity/infinity , CPU infinity/infinity , DATA infinity/infinity , FSIZE infinity/infinity , MEMLOCK 3572968k/3572968k
load average: 2.81 2.49 1.79

/proc/meminfo:
MemTotal:       28583756 kB
MemFree:          764124 kB
MemAvailable:   12208628 kB
Buffers:          364904 kB
Cached:         11251676 kB
SwapCached:            0 kB
Active:         19395444 kB
Inactive:        6783760 kB
Active(anon):   14637496 kB
Inactive(anon):   112192 kB
Active(file):    4757948 kB
Inactive(file):  6671568 kB
Unevictable:         156 kB
Mlocked:             156 kB
SwapTotal:             0 kB
SwapFree:              0 kB
Zswap:                 0 kB
Zswapped:              0 kB
Dirty:             16004 kB
Writeback:             0 kB
AnonPages:      14582424 kB
Mapped:          4255512 kB
Shmem:            187044 kB
KReclaimable:     446332 kB
Slab:             902884 kB
SReclaimable:     446332 kB
SUnreclaim:       456552 kB
KernelStack:       52720 kB
PageTables:       155420 kB
SecPageTables:         0 kB
NFS_Unstable:          0 kB
Bounce:                0 kB
WritebackTmp:          0 kB
CommitLimit:    14291876 kB
Committed_AS:   59088348 kB
VmallocTotal:   34359738367 kB
VmallocUsed:      104464 kB
VmallocChunk:          0 kB
Percpu:            18688 kB
HardwareCorrupted:     0 kB
AnonHugePages:     55296 kB
ShmemHugePages:        0 kB
ShmemPmdMapped:        0 kB
FileHugePages:         0 kB
FilePmdMapped:         0 kB
Unaccepted:            0 kB
HugePages_Total:       0
HugePages_Free:        0
HugePages_Rsvd:        0
HugePages_Surp:        0
Hugepagesize:       2048 kB
Hugetlb:               0 kB
DirectMap4k:      473540 kB
DirectMap2M:    21395456 kB
DirectMap1G:     7340032 kB

/sys/kernel/mm/transparent_hugepage/enabled: always [madvise] never
/sys/kernel/mm/transparent_hugepage/hpage_pmd_size: 2097152
/sys/kernel/mm/transparent_hugepage/defrag (defrag/compaction efforts parameter): always defer defer+madvise [madvise] never

Process Memory:
Virtual Size: 20926632K (peak: 20926632K)
Resident Set Size: 427252K (peak: 520648K) (anon: 371652K, file: 55600K, shmem: 0K)
Swapped out: 0K
C-Heap outstanding allocations: 2119941K, retained: 43550K
glibc malloc tunables: (default)

/proc/sys/kernel/threads-max (system-wide limit on the number of threads): 222691
/proc/sys/vm/max_map_count (maximum number of memory map areas a process may have): 65530
/proc/sys/vm/swappiness (control to define how aggressively the kernel swaps out anonymous memory): 60
/proc/sys/kernel/pid_max (system-wide limit on number of process identifiers): 4194304

container (cgroup) information:
container_type: cgroupv2
cpu_cpuset_cpus: not supported
cpu_memory_nodes: not supported
active_processor_count: 16
cpu_quota: not supported
cpu_period: not supported
cpu_shares: not supported
memory_limit_in_bytes: unlimited
memory_and_swap_limit_in_bytes: unlimited
memory_soft_limit_in_bytes: unlimited
memory_usage_in_bytes: 6548252 k
memory_max_usage_in_bytes: not supported
memory_swap_current_in_bytes: unlimited
memory_swap_max_limit_in_bytes: unlimited
maximum number of tasks: 33403
current number of tasks: 901

Steal ticks since vm start: 0
Steal ticks percentage since vm start:  0.000

CPU: total 16 (initial active 16) (16 cores per cpu, 2 threads per core) family 25 model 80 stepping 0 microcode 0xa50000c, cx8, cmov, fxsr, ht, mmx, 3dnowpref, sse, sse2, sse3, ssse3, sse4a, sse4.1, sse4.2, popcnt, lzcnt, tsc, tscinvbit, avx, avx2, aes, erms, clmul, bmi1, bmi2, adx, sha, fma, vzeroupper, clflush, clflushopt
CPU Model and flags from /proc/cpuinfo:
model name	: AMD Ryzen 7 5800H with Radeon Graphics
flags		: fpu vme de pse tsc msr pae mce cx8 apic sep mtrr pge mca cmov pat pse36 clflush mmx fxsr sse sse2 ht syscall nx mmxext fxsr_opt pdpe1gb rdtscp lm constant_tsc rep_good nopl nonstop_tsc cpuid extd_apicid aperfmperf rapl pni pclmulqdq monitor ssse3 fma cx16 sse4_1 sse4_2 movbe popcnt aes xsave avx f16c rdrand lahf_lm cmp_legacy svm extapic cr8_legacy abm sse4a misalignsse 3dnowprefetch osvw ibs skinit wdt tce topoext perfctr_core perfctr_nb bpext perfctr_llc mwaitx cpb cat_l3 cdp_l3 hw_pstate ssbd mba ibrs ibpb stibp vmmcall fsgsbase bmi1 avx2 smep bmi2 erms invpcid cqm rdt_a rdseed adx smap clflushopt clwb sha_ni xsaveopt xsavec xgetbv1 xsaves cqm_llc cqm_occup_llc cqm_mbm_total cqm_mbm_local user_shstk clzero irperf xsaveerptr rdpru wbnoinvd cppc arat npt lbrv svm_lock nrip_save tsc_scale vmcb_clean flushbyasid decodeassists pausefilter pfthreshold avic v_vmsave_vmload vgif v_spec_ctrl umip pku ospke vaes vpclmulqdq rdpid overflow_recov succor smca fsrm debug_swap

Online cpus: 0-15
Offline cpus: 
BIOS frequency limitation: <Not Available>
Frequency switch latency (ns): 0
Available cpu frequencies: <Not Available>
Current governor: powersave
Core performance/turbo boost: <Not Available>

Memory: 4k page, physical 28583756k(764124k free), swap 0k(0k free)
Page Sizes: 4k

vm_info: OpenJDK 64-Bit Server VM (17.0.14+7-LTS) for linux-amd64 JRE (17.0.14+7-LTS), built on Jan  7 2025 20:04:38 by "jenkins" with gcc 7.3.1 20180303 (Red Hat 7.3.1-5)

END.
