#
# A fatal error has been detected by the Java Runtime Environment:
#
#  SIGSEGV (0xb) at pc=0x00007f81577d2bf4, pid=76492, tid=76600
#
# JRE version: OpenJDK Runtime Environment Corretto-17.0.14.7.1 (17.0.14+7) (build 17.0.14+7-LTS)
# Java VM: OpenJDK 64-Bit Server VM Corretto-17.0.14.7.1 (17.0.14+7-LTS, mixed mode, sharing, tiered, compressed oops, compressed class ptrs, g1 gc, linux-amd64)
# Problematic frame:
# C  [libswscale.so.7+0x67bf4]
#
# Core dump will be written. Default location: Core dumps may be processed with "/usr/share/apport/apport -p%p -s%s -c%c -d%d -P%P -u%u -g%g -- %E" (or dumping to /media/pan/95C15E65414BD009/ubuntu/houduan/pandaSystem/core.76492)
#
# If you would like to submit a bug report, please visit:
#   https://github.com/corretto/corretto-17/issues/
# The crash happened outside the Java Virtual Machine in native code.
# See problematic frame for where to report the bug.
#

---------------  S U M M A R Y ------------

Command Line: -javaagent:/opt/idea/lib/idea_rt.jar=39155:/opt/idea/bin -Dfile.encoding=UTF-8 com.saigou.Processor -XX:+HeapDumpOnOutOfMemoryError -xx:HeapDumpPath=./jvm_los/ -Xms1M -Xmx1M

Host: AMD Ryzen 7 5800H with Radeon Graphics, 16 cores, 27G, Ubuntu 22.04.5 LTS
Time: Tue Mar  4 04:25:16 2025 CST elapsed time: 5.892723 seconds (0d 0h 0m 5s)

---------------  T H R E A D  ---------------

Current thread (0x00007f8172f90730):  JavaThread "Thread-3" [_thread_in_native, id=76600, stack(0x00007f8134d00000,0x00007f8134e00000)]

Stack: [0x00007f8134d00000,0x00007f8134e00000],  sp=0x00007f8134dfe390,  free space=1016k
Native frames: (J=compiled Java code, j=interpreted, Vv=VM code, C=native code)
C  [libswscale.so.7+0x67bf4]

Java frames: (J=compiled Java code, j=interpreted, Vv=VM code)
J 2453  org.bytedeco.ffmpeg.global.swscale.sws_scale(Lorg/bytedeco/ffmpeg/swscale/SwsContext;Lorg/bytedeco/javacpp/PointerPointer;Lorg/bytedeco/javacpp/IntPointer;IILorg/bytedeco/javacpp/PointerPointer;Lorg/bytedeco/javacpp/IntPointer;)I (0 bytes) @ 0x00007f816113a6d8 [0x00007f816113a620+0x00000000000000b8]
j  org.bytedeco.javacv.FFmpegFrameRecorder.recordImage(IIIIII[Ljava/nio/Buffer;)Z+637
j  org.bytedeco.javacv.FFmpegFrameRecorder.record(Lorg/bytedeco/javacv/Frame;I)V+77
j  org.bytedeco.javacv.FFmpegFrameRecorder.record(Lorg/bytedeco/javacv/Frame;)V+30
J 2451% c2 com.saigou.thread.PushStreamThread.run()V (501 bytes) @ 0x00007f816113b954 [0x00007f816113b300+0x0000000000000654]
v  ~StubRoutines::call_stub

siginfo: si_signo: 11 (SIGSEGV), si_code: 1 (SEGV_MAPERR), si_addr: 0x00007f7f2c94c000

Registers:
RAX=0xfffffffffffffa78, RBX=0x00007f7f106cb8f0, RCX=0x00007f7f2c94d090, RDX=0xffffffffffffef68
RSP=0x00007f8134dfe390, RBP=0x0000000000000780, RSI=0x00007f80679c45c0, RDI=0x00007f8067aea080
R8 =0x00000000000003c2, R9 =0x00007f8067a6b780, R10=0x00007f7f2c94ba10, R11=0x00000000000003c0
R12=0xfffffffffffff880, R13=0x0000000000001680, R14=0x00007f7f2c94a390, R15=0x0000000000000434
RIP=0x00007f81577d2bf4, EFLAGS=0x0000000000010286, CSGSFS=0x002b000000000033, ERR=0x0000000000000004
  TRAPNO=0x000000000000000e


Register to memory mapping:

RAX=0xfffffffffffffa78 is an unknown value
RBX=0x00007f7f106cb8f0 points into unknown readable memory: 0x00004087000020de | de 20 00 00 87 40 00 00
RCX=0x00007f7f2c94d090 is an unknown value
RDX=0xffffffffffffef68 is an unknown value
RSP=0x00007f8134dfe390 is pointing into the stack for thread: 0x00007f8172f90730
RBP=0x0000000000000780 is an unknown value
RSI=0x00007f80679c45c0 points into unknown readable memory: 0x615e5c5b5a595558 | 58 55 59 5a 5b 5c 5e 61
RDI=0x00007f8067aea080 points into unknown readable memory: 0x8585858585858585 | 85 85 85 85 85 85 85 85
R8 =0x00000000000003c2 is an unknown value
R9 =0x00007f8067a6b780 points into unknown readable memory: 0x7979797978787878 | 78 78 78 78 79 79 79 79
R10=0x00007f7f2c94ba10 is an unknown value
R11=0x00000000000003c0 is an unknown value
R12=0xfffffffffffff880 is an unknown value
R13=0x0000000000001680 is an unknown value
R14=0x00007f7f2c94a390 is an unknown value
R15=0x0000000000000434 is an unknown value


Top of Stack: (sp=0x00007f8134dfe390)
0x00007f8134dfe390:   00007f8172c29300 0000000000000000
0x00007f8134dfe3a0:   fffffffffffffc40 0000000000001680
0x00007f8134dfe3b0:   00007f8067800f40 00007f7f2c402d10
0x00007f8134dfe3c0:   00007f80679fa800 00007f8067a79100
0x00007f8134dfe3d0:   0000043677981f98 000003c000000780
0x00007f8134dfe3e0:   0000078000001680 0000000000002d00
0x00007f8134dfe3f0:   00007f80eb3b7b88 0000000000000000
0x00007f8134dfe400:   00007f8134dfe5d0 0000000000000438
0x00007f8134dfe410:   00007f7f106c1ec0 00007f8134dfe600
0x00007f8134dfe420:   0000000000000000 00007f81577b73dd
0x00007f8134dfe430:   0000000000000780 00000000000003c0
0x00007f8134dfe440:   0000000000001680 00007f7f106cb8f0
0x00007f8134dfe450:   00007f8172f84340 00007f8134dfe600
0x00007f8134dfe460:   00007f8134dfe5e0 0000000000000003
0x00007f8134dfe470:   0000000000000780 00007f81577a4cce
0x00007f8134dfe480:   00007f8134dfe5d0 00007f81577a4bd6
0x00007f8134dfe490:   00007f8172f90730 00007f7f106c1ec0
0x00007f8134dfe4a0:   000003c000000780 00000000000003c0
0x00007f8134dfe4b0:   00007f8100000438 00007f8100000438
0x00007f8134dfe4c0:   0000000000000000 0000000000000000
0x00007f8134dfe4d0:   0000000000000002 0000000000000438
0x00007f8134dfe4e0:   00007f8134dfe540 00007f8134dfe5c0
0x00007f8134dfe4f0:   00007f8100000000 00007f8100000438
0x00007f8134dfe500:   0000000000000000 00007f8176f9a886
0x00007f8134dfe510:   00007f8134dfe5c0 00007f8134dfe550
0x00007f8134dfe520:   0000000000000000 0000000000000000
0x00007f8134dfe530:   00007f8134dfe5b0 00007f8176f9b7af
0x00007f8134dfe540:   0000000000000000 00000006670489c8
0x00007f8134dfe550:   00007f8134dfe5c0 00007f8172f90730
0x00007f8134dfe560:   00007f8134dfe548 0000000667040000
0x00007f8134dfe570:   0000000000000000 00007f8172f90700
0x00007f8134dfe580:   00007f8134dfe568 0000000000000000 

Instructions: (pc=0x00007f81577d2bf4)
0x00007f81577d2af4:   89 74 24 20 48 8b 9c 24 b8 00 00 00 89 44 24 48
0x00007f81577d2b04:   8b 84 24 a8 00 00 00 4c 63 f7 48 89 54 24 30 89
0x00007f81577d2b14:   44 24 4c 8b 84 24 b0 00 00 00 48 89 4c 24 38 44
0x00007f81577d2b24:   89 44 24 54 44 89 4c 24 44 89 44 24 50 41 83 f9
0x00007f81577d2b34:   02 0f 8f 5d 04 00 00 45 85 ff 0f 8e f2 03 00 00
0x00007f81577d2b44:   8b 7c 24 54 4c 89 f6 4c 63 6c 24 50 45 31 c0 48
0x00007f81577d2b54:   f7 de 4c 63 5c 24 4c 48 63 6c 24 48 8d 04 7f 48
0x00007f81577d2b64:   89 74 24 10 48 8b 74 24 28 4c 89 ea 48 98 41 89
0x00007f81577d2b74:   fc 01 d2 48 8d 0c 06 48 63 f7 48 8b 7c 24 30 48
0x00007f81577d2b84:   63 d2 48 89 54 24 58 4b 8d 14 76 41 f7 dc 48 03
0x00007f81577d2b94:   74 24 20 4e 8d 0c 37 48 8b 7c 24 38 48 01 d2 4d
0x00007f81577d2ba4:   63 e4 4c 01 f7 49 89 d6 49 29 c6 4c 89 74 24 08
0x00007f81577d2bb4:   4d 89 ee 49 29 c6 4c 89 f0 48 01 d0 48 89 44 24
0x00007f81577d2bc4:   18 0f 1f 00 4c 89 e0 0f 6f b3 40 02 00 00 0f 6f
0x00007f81577d2bd4:   2d bf 59 01 00 0f ef ff 48 8d 14 40 0f 18 44 11
0x00007f81577d2be4:   40 0f 6e 04 11 0f 6e 4c 11 03 0f 60 c7 0f 60 cf
0x00007f81577d2bf4:   0f 6e 54 11 06 0f 6e 5c 11 09 0f 60 d7 0f 60 df
0x00007f81577d2c04:   0f f5 c6 0f f5 ce 0f f5 d6 0f f5 de 0f 72 e0 08
0x00007f81577d2c14:   0f 72 e1 08 0f 72 e2 08 0f 72 e3 08 0f 6b c1 0f
0x00007f81577d2c24:   6b d3 0f f5 c5 0f f5 d5 0f 6b c2 0f 71 e0 07 0f
0x00007f81577d2c34:   6e 64 11 0c 0f 6e 4c 11 0f 0f 60 e7 0f 60 cf 0f
0x00007f81577d2c44:   6e 54 11 12 0f 6e 5c 11 15 0f 60 d7 0f 60 df 0f
0x00007f81577d2c54:   f5 e6 0f f5 ce 0f f5 d6 0f f5 de 0f 72 e4 08 0f
0x00007f81577d2c64:   72 e1 08 0f 72 e2 08 0f 72 e3 08 0f 6b e1 0f 6b
0x00007f81577d2c74:   d3 0f f5 e5 0f f5 d5 48 83 c2 18 0f 6b e2 0f 71
0x00007f81577d2c84:   e4 07 0f 67 c4 0f dc 05 18 59 01 00 0f e7 04 06
0x00007f81577d2c94:   48 83 c0 08 0f 88 42 ff ff ff 4d 8d 54 0d 00 48
0x00007f81577d2ca4:   01 ee 4c 89 e0 0f 6f b3 40 02 00 00 0f 6f 2d e1
0x00007f81577d2cb4:   58 01 00 0f ef ff 48 8d 14 40 66 90 41 0f 18 44
0x00007f81577d2cc4:   12 40 41 0f 6e 04 12 41 0f 6e 4c 12 03 0f 60 c7
0x00007f81577d2cd4:   0f 60 cf 41 0f 6e 54 12 06 41 0f 6e 5c 12 09 0f
0x00007f81577d2ce4:   60 d7 0f 60 df 0f f5 c6 0f f5 ce 0f f5 d6 0f f5 


Stack slot to memory mapping:
stack at sp + 0 slots: 0x00007f8172c29300 points into unknown readable memory: 0x00007f8100000002 | 02 00 00 00 81 7f 00 00
stack at sp + 1 slots: 0x0 is NULL
stack at sp + 2 slots: 0xfffffffffffffc40 is an unknown value
stack at sp + 3 slots: 0x0000000000001680 is an unknown value
stack at sp + 4 slots: 0x00007f8067800f40 points into unknown readable memory: 0xb8b8b7b7b8b7b7b6 | b6 b7 b7 b8 b7 b7 b8 b8
stack at sp + 5 slots: 0x00007f7f2c402d10 is an unknown value
stack at sp + 6 slots: 0x00007f80679fa800 points into unknown readable memory: 0x898a888582828282 | 82 82 82 82 85 88 8a 89
stack at sp + 7 slots: 0x00007f8067a79100 points into unknown readable memory: 0x6e7176787b7b7b7b | 7b 7b 7b 7b 78 76 71 6e


Compiled method (n/a)    5908 2453     n 0       org.bytedeco.ffmpeg.global.swscale::sws_scale (native)
 total in heap  [0x00007f816113a490,0x00007f816113a880] = 1008
 relocation     [0x00007f816113a5f0,0x00007f816113a620] = 48
 main code      [0x00007f816113a620,0x00007f816113a878] = 600
 oops           [0x00007f816113a878,0x00007f816113a880] = 8

[Constant Pool (empty)]

[MachCode]
[Entry Point]
  # {method} {0x00007f80e75eeb60} 'sws_scale' '(Lorg/bytedeco/ffmpeg/swscale/SwsContext;Lorg/bytedeco/javacpp/PointerPointer;Lorg/bytedeco/javacpp/IntPointer;IILorg/bytedeco/javacpp/PointerPointer;Lorg/bytedeco/javacpp/IntPointer;)I' in 'org/bytedeco/ffmpeg/global/swscale'
  # parm0:    rsi:rsi   = 'org/bytedeco/ffmpeg/swscale/SwsContext'
  # parm1:    rdx:rdx   = 'org/bytedeco/javacpp/PointerPointer'
  # parm2:    rcx:rcx   = 'org/bytedeco/javacpp/IntPointer'
  # parm3:    r8        = int
  # parm4:    r9        = int
  # parm5:    rdi:rdi   = 'org/bytedeco/javacpp/PointerPointer'
  # parm6:    [sp+0x70]   = 'org/bytedeco/javacpp/IntPointer'  (sp of caller)
  0x00007f816113a620: 448b 5608 | 49bb 0000 | 00eb 807f | 0000 4d03 | d349 3bc2 | 0f84 0600 

  0x00007f816113a638: ;   {runtime_call ic_miss_stub}
  0x00007f816113a638: 0000 e941 | 5777 ff90 
[Verified Entry Point]
  0x00007f816113a640: 8984 2400 | c0fe ff55 | 488b ec48 | 83ec 6048 | 817d 1000 | 0000 0048 | 8d45 1048 | 0f44 4510 
  0x00007f816113a660: 4889 4424 | 1048 897c | 2440 4883 | ff00 488d | 4424 4048 | 0f44 4424 | 4048 8944 | 2408 4c89 
  0x00007f816113a680: 0c24 4d8b | c848 894c | 2428 4883 | f900 4c8d | 4424 284c | 0f44 4424 | 2848 8954 | 2420 4883 
  0x00007f816113a6a0: fa00 488d | 4c24 2048 | 0f44 4c24 | 2048 8974 | 2418 4883 | fe00 488d | 5424 1848 | 0f44 5424 
  0x00007f816113a6c0: ;   {oop(a 'java/lang/Class'{0x000000064d6efe40} = 'org/bytedeco/ffmpeg/global/swscale')}
  0x00007f816113a6c0: 1849 be40 | fe6e 4d06 | 0000 004c | 8974 2448 | 4c8d 7424 | 4849 8bf6 

  0x00007f816113a6d8: ;   {internal_word}
  0x00007f816113a6d8: c5f8 7749 | bad8 a613 | 6181 7f00 | 004d 8997 | 9802 0000 | 4989 a790 

  0x00007f816113a6f0: ;   {external_word}
  0x00007f816113a6f0: 0200 0080 | 3d4b 2a89 | 1600 0f84 | 3e00 0000 | 5652 5141 

  0x00007f816113a704: ;   {metadata({method} {0x00007f80e75eeb60} 'sws_scale' '(Lorg/bytedeco/ffmpeg/swscale/SwsContext;Lorg/bytedeco/javacpp/PointerPointer;Lorg/bytedeco/javacpp/IntPointer;IILorg/bytedeco/javacpp/PointerPointer;Lorg/bytedeco/javacpp/IntPointer;)I' in 'org/bytedeco/ffmpeg/global/swscale')}
  0x00007f816113a704: 5041 5148 | be60 eb5e | e780 7f00 | 0049 8bff | f7c4 0f00 | 0000 0f84 | 1200 0000 | 4883 ec08 
  0x00007f816113a724: ;   {runtime_call SharedRuntime::dtrace_method_entry(JavaThread*, Method*)}
  0x00007f816113a724: e827 17fe | 1548 83c4 | 08e9 0500 

  0x00007f816113a730: ;   {runtime_call SharedRuntime::dtrace_method_entry(JavaThread*, Method*)}
  0x00007f816113a730: 0000 e819 | 17fe 1541 | 5941 5859 | 5a5e 498d | bfb0 0200 | 0041 c787 | 4003 0000 | 0400 0000 
  0x00007f816113a750: ;   {runtime_call Java_org_bytedeco_ffmpeg_global_swscale_sws_1scale__Lorg_bytedeco_ffmpeg_swscale_SwsContext_2Lorg_bytedeco_javacpp_PointerPointer_2Lorg_bytedeco_javacpp_IntPointer_2IILorg_bytedeco_javacpp_PointerPointer_2Lorg_bytedeco_javacpp_IntPointer_2}
  0x00007f816113a750: e8cb 10eb | 13c5 f877 | 41c7 8740 | 0300 0005 | 0000 00f0 | 8344 24c0 | 0049 3baf | 4803 0000 
  0x00007f816113a770: 0f87 1100 | 0000 4181 | bf30 0300 | 0000 0000 | 000f 8424 | 0000 00c5 | f877 4889 | 45f8 498b 
  0x00007f816113a790: ff4c 8be4 | 4883 ec00 | 4883 e4f0 

  0x00007f816113a79c: ;   {runtime_call JavaThread::check_special_condition_for_native_trans(JavaThread*)}
  0x00007f816113a79c: e8df e81a | 1649 8be4 | 4d33 e448 | 8b45 f841 | c787 4003 | 0000 0800 | 0000 4181 | bfb0 0300 
  0x00007f816113a7bc: 0002 0000 | 000f 8484 

  0x00007f816113a7c4: ;   {external_word}
  0x00007f816113a7c4: 0000 0080 | 3d77 2989 | 1600 0f84 | 3800 0000 | 4889 45f8 

  0x00007f816113a7d8: ;   {metadata({method} {0x00007f80e75eeb60} 'sws_scale' '(Lorg/bytedeco/ffmpeg/swscale/SwsContext;Lorg/bytedeco/javacpp/PointerPointer;Lorg/bytedeco/javacpp/IntPointer;IILorg/bytedeco/javacpp/PointerPointer;Lorg/bytedeco/javacpp/IntPointer;)I' in 'org/bytedeco/ffmpeg/global/swscale')}
  0x00007f816113a7d8: 48be 60eb | 5ee7 807f | 0000 498b | fff7 c40f | 0000 000f | 8412 0000 | 0048 83ec 

  0x00007f816113a7f4: ;   {runtime_call SharedRuntime::dtrace_method_exit(JavaThread*, Method*)}
  0x00007f816113a7f4: 08e8 6616 | fe15 4883 | c408 e905 

  0x00007f816113a800: ;   {runtime_call SharedRuntime::dtrace_method_exit(JavaThread*, Method*)}
  0x00007f816113a800: 0000 00e8 | 5816 fe15 | 488b 45f8 | 49c7 8790 | 0200 0000 | 0000 0049 | c787 9802 | 0000 0000 
  0x00007f816113a820: 0000 c5f8 | 7749 8b8f | d800 0000 | c781 0001 | 0000 0000 | 0000 c949 | 817f 0800 | 0000 000f 
  0x00007f816113a840: 8501 0000 

  0x00007f816113a844: ;   {runtime_call StubRoutines (1)}
  0x00007f816113a844: 00c3 e9b5 | 5372 ffc5 | f877 4889 | 45f8 4c8b | e448 83ec | 0048 83e4 

  0x00007f816113a85c: ;   {runtime_call SharedRuntime::reguard_yellow_pages()}
  0x00007f816113a85c: f0e8 6e24 | fe15 498b | e44d 33e4 | 488b 45f8 | e956 ffff | fff4 f4f4 | f4f4 f4f4 
[/MachCode]


Compiled method (c2)    5915 2451 % !   4       com.saigou.thread.PushStreamThread::run @ 158 (501 bytes)
 total in heap  [0x00007f816113ac10,0x00007f8161147dc8] = 53688
 relocation     [0x00007f816113ad70,0x00007f816113b2a8] = 1336
 constants      [0x00007f816113b2c0,0x00007f816113b300] = 64
 main code      [0x00007f816113b300,0x00007f8161141020] = 23840
 stub code      [0x00007f8161141020,0x00007f81611412d8] = 696
 oops           [0x00007f81611412d8,0x00007f8161141310] = 56
 metadata       [0x00007f8161141310,0x00007f8161141518] = 520
 scopes data    [0x00007f8161141518,0x00007f81611466e8] = 20944
 scopes pcs     [0x00007f81611466e8,0x00007f8161147618] = 3888
 dependencies   [0x00007f8161147618,0x00007f81611476a0] = 136
 handler table  [0x00007f81611476a0,0x00007f8161147c88] = 1512
 nul chk table  [0x00007f8161147c88,0x00007f8161147dc8] = 320


[Constant Pool]
             Address          hex4                    hex8      
  0x00007f816113b2c0:   0x00000000      0x0000000000000000      
  0x00007f816113b2c4:   0x00000000                              
  0x00007f816113b2c8:   0x00000000      0x3ff0000000000000      
  0x00007f816113b2cc:   0x3ff00000                              
  0x00007f816113b2d0:   0x00000000      0x406f200000000000      
  0x00007f816113b2d4:   0x406f2000                              
  0x00007f816113b2d8:   0x00000000      0x4063400000000000      
  0x00007f816113b2dc:   0x40634000                              
  0x00007f816113b2e0:   0x00000000      0x406c200000000000      
  0x00007f816113b2e4:   0x406c2000                              
  0x00007f816113b2e8:   0x00000000      0x4014000000000000      
  0x00007f816113b2ec:   0x40140000                              
  0x00007f816113b2f0:   0xf4f4f4f4      0xf4f4f4f4f4f4f4f4      
  0x00007f816113b2f4:   0xf4f4f4f4                              
  0x00007f816113b2f8:   0xf4f4f4f4      0xf4f4f4f4f4f4f4f4      
  0x00007f816113b2fc:   0xf4f4f4f4                              

[MachCode]
[Verified Entry Point]
  # {method} {0x00007f80e7769e20} 'run' '()V' in 'com/saigou/thread/PushStreamThread'
  0x00007f816113b300: ;   {no_reloc}
  0x00007f816113b300: e8eb 3cf1 | 1566 6666 | 0f1f 8400 | 0000 0000 | 8984 2400 | c0fe ff55 | 4881 ecb0 | 0000 0048 
  0x00007f816113b320: 8b9e 8800 | 0000 488b | 6e48 4c8b | 6e28 4c8b | 7640 4c8b | 5638 4c89 | 5424 104c | 8b56 784c 
  0x00007f816113b340: 8954 2418 | 4c8b 5668 | 4c89 5424 | 2044 8b56 | 6044 8954 | 240c 488b | fe49 bac0 | e511 7781 
  0x00007f816113b360: 7f00 0041 | ffd2 4885 | db0f 840a | 2600 0044 

  0x00007f816113b370: ;   {metadata('com/saigou/thread/PushStreamThread')}
  0x00007f816113b370: 8b53 0841 | 81fa 78d3 | 2001 0f85 | e82f 0000 

  0x00007f816113b380: ;   {metadata('java/util/List')}
  0x00007f816113b380: 4c8b c348 | b8a8 f206 | eb80 7f00 | 004c 8bd5 | 4885 ed0f | 84e8 2500 | 0044 8b5d | 0848 be00 
  0x00007f816113b3a0: 0000 eb80 | 7f00 0049 | 03f3 4c8b | 5e20 4c3b | d80f 8555 | 0300 004c | 8bcd 4d85 | f60f 84c6 
  0x00007f816113b3c0: 2500 0045 | 8b5e 0848 | be00 0000 | eb80 7f00 | 0049 03f3 | 4c8b 5e20 | 4c3b d80f | 8555 0300 
  0x00007f816113b3e0: 0049 8bfe | 4c8b 5c24 | 104d 85db | 0f84 9e25 | 0000 418b 

  0x00007f816113b3f4: ;   {metadata('org/bytedeco/javacv/Frame')}
  0x00007f816113b3f4: 4b08 81f9 | d073 0901 | 0f85 6e2f | 0000 488b | cf48 c1e9 | 034d 8bd1 | 49c1 ea03 | bbff ffff 
  0x00007f816113b414: ff4d 8bf3 | 4c89 4424 | 3889 4c24 | 3444 8954 | 2430 899c | 2498 0000 | 00eb 2241 | b9ff ffff 
  0x00007f816113b434: ff45 85c9 | 0f8f d21d | 0000 4585 | c90f 8468 | 0100 004d | 8b97 5003 

  0x00007f816113b44c: ; ImmutableOopMap {r14=Oop [48]=NarrowOop [52]=NarrowOop [56]=Oop }
                      ;*goto {reexecute=1 rethrow=0 return_oop=0}
                      ; - (reexecute) com.saigou.thread.PushStreamThread::run@197 (line 99)
                      ;   {poll}
  0x00007f816113b44c: 0000 4185 | 0249 ba00 | 0a06 7781 | 7f00 0041 | ffd2 492b | c548 3b44 | 2418 0f8d | 4f01 0000 
  0x00007f816113b46c: 4c8b 4424 | 3841 8b88 | 7c01 0000 

  0x00007f816113b478: ; implicit exception: dispatches to 0x00007f816113eba0
  0x00007f816113b478: 4d8b 5610 | 4983 fa80 | 0f8c cc1a | 0000 4983 | fa7f 0f8e | 181b 0000 | 85c9 0f84 | 4c1a 0000 
  0x00007f816113b498: 458b 4ccc | 1441 8b4c | cc18 85c9 | 0f84 521b | 0000 4d8d | 1ccc 418b | 5b14 85db | 7509 498b 
  0x00007f816113b4b8: c948 c1e1 | 03eb 5a41 | 8b7c dc0c 

  0x00007f816113b4c4: ; implicit exception: dispatches to 0x00007f816113ec24
  0x00007f816113b4c4: 418b 54fc | 0c45 8b44 | d408 418b | 4cfc 1085 | c90f 8471 | 1b00 0045 | 85c9 0f85 | c41b 0000 
  0x00007f816113b4e4: ;   {metadata('java/lang/Long')}
  0x00007f816113b4e4: 4181 f828 | 3904 000f | 85af 3500 | 004d 8d04 | d44d 8b40 | 104d 3bd0 | 0f8d 8f00 | 0000 bfff 
  0x00007f816113b504: ffff ff85 | ff0f 8ff9 | 1b00 0085 | ff0f 8449 | 1c00 0033 | c945 8b43 | 1045 85c0 | 755d 458b 
  0x00007f816113b524: 430c 478b | 5cc4 1445 | 85db 0f84 | 13ff ffff | 478b 44dc | 1043 8b5c | dc0c 438b | 54c4 0845 
  0x00007f816113b544: 8b4c dc08 | 4885 c90f | 8563 1c00 

  0x00007f816113b550: ;   {metadata('java/lang/Long')}
  0x00007f816113b550: 0041 81f9 | 2839 0400 | 0f85 ea34 | 0000 4d8d | 0cdc 4d8b | 4910 4d3b | d10f 8cc0 | feff ff4d 
  0x00007f816113b570: 3bd1 7433 | 41b9 0100 | 0000 e9b6 | feff ff49 | 8b9f 5003 | 0000 4f8d 

  0x00007f816113b588: ; ImmutableOopMap {r11=Oop r9=NarrowOop rcx=Oop r14=Oop [48]=NarrowOop [52]=NarrowOop [56]=Oop }
                      ;*goto {reexecute=1 rethrow=0 return_oop=0}
                      ; - (reexecute) java.util.concurrent.ConcurrentSkipListMap::doGet@140 (line 561)
                      ; - java.util.concurrent.ConcurrentSkipListMap::get@2 (line 1312)
                      ; - com.saigou.thread.PushStreamThread::run@181 (line 97)
                      ;   {poll}
  0x00007f816113b588: 1cc4 8503 | e91d ffff | ff4d 3bd0 | 740a bf01 | 0000 00e9 | 67ff ffff | 33ff e960 | ffff ff45 
  0x00007f816113b5a8: 33c9 e986 

  0x00007f816113b5ac: ;   {metadata('com/saigou/entity/FrameWrapper')}
  0x00007f816113b5ac: feff ff81 | faa0 de22 | 010f 8579 | 3500 0049 | 8b56 1048 | 8b6c 2438 | 4885 ed0f | 8443 2800 
  0x00007f816113b5cc: 004c 8974 | 2428 488b 

  0x00007f816113b5d4: ;   {optimized virtual_call}
  0x00007f816113b5d4: 7424 38e8 

  0x00007f816113b5d8: ; ImmutableOopMap {rbp=Oop [40]=Oop [48]=NarrowOop [52]=NarrowOop [56]=Oop }
                      ;*invokevirtual CacheFrameHandler {reexecute=0 rethrow=0 return_oop=1}
                      ; - com.saigou.thread.PushStreamThread::run@206 (line 101)
  0x00007f816113b5d8: 445a 0000 | 4c8b 4c24 | 3845 8b91 | 7401 0000 | 4885 c00f | 846f 0100 | 008b 4810 | 448b 4014 
  0x00007f816113b5f8: 448b 580c | 4585 d20f | 8483 2800 | 0048 8be8 | 4489 5c24 | 3089 4c24 | 3449 8bd0 | 48c1 e203 
  0x00007f816113b618: 4b8d 34d4 

  0x00007f816113b61c: ;   {optimized virtual_call}
  0x00007f816113b61c: 6666 90e8 

  0x00007f816113b620: ; ImmutableOopMap {rbp=Oop [40]=Oop [48]=NarrowOop [52]=NarrowOop [56]=Oop }
                      ;*invokevirtual record {reexecute=0 rethrow=0 return_oop=0}
                      ; - com.saigou.thread.PushStreamThread::run@239 (line 105)
  0x00007f816113b620: 0b5a 0000 | 4c8b d545 | 8b5a 144f | 8b44 dc10 | 4c89 4424 | 4049 8bf3 | 48c1 e603 

  0x00007f816113b63c: ;   {static_call}
  0x00007f816113b63c: 6666 90e8 

  0x00007f816113b640: ; ImmutableOopMap {[40]=Oop [48]=NarrowOop [52]=NarrowOop [56]=Oop }
                      ;*invokestatic safeCloseFrame {reexecute=0 rethrow=0 return_oop=0}
                      ; - com.saigou.thread.PushStreamThread::run@257 (line 107)
  0x00007f816113b640: fa59 0000 | 49ba 000a | 0677 817f | 0000 41ff | d248 2b44 | 2420 448b | 5424 0c41 | ffc2 4489 
  0x00007f816113b660: 5424 0c48 | 81f8 8813 | 0000 0f8f | c427 0000 | 488b 7424 

  0x00007f816113b674: ;   {static_call}
  0x00007f816113b674: 2866 90e8 

  0x00007f816113b678: ; ImmutableOopMap {[48]=NarrowOop [52]=NarrowOop [56]=Oop }
                      ;*invokestatic safeCloseFrame {reexecute=0 rethrow=0 return_oop=0}
                      ; - com.saigou.thread.PushStreamThread::run@488 (line 137)
  0x00007f816113b678: d159 0000 | 0f1f 4000 | 4c8b 5c24 | 3845 0fb6 | 532d 4585 | d275 6745 | 8b93 7801 | 0000 4585 
  0x00007f816113b698: d20f 8482 | 2300 004b | 8d34 d4ba | 0500 0000 

  0x00007f816113b6a8: ;   {oop(a 'java/util/concurrent/TimeUnit'{0x000000064c4109a0})}
  0x00007f816113b6a8: 48b9 a009 | 414c 0600 

  0x00007f816113b6b0: ;   {optimized virtual_call}
  0x00007f816113b6b0: 0000 90e8 

  0x00007f816113b6b4: ; ImmutableOopMap {[48]=NarrowOop [52]=NarrowOop [56]=Oop }
                      ;*invokevirtual poll {reexecute=0 rethrow=0 return_oop=1}
                      ; - com.saigou.thread.PushStreamThread::run@87 (line 89)
  0x00007f816113b6b4: a83a 6ef8 

  0x00007f816113b6b8: ; implicit exception: dispatches to 0x00007f816113ed88
  0x00007f816113b6b8: 448b 5808 

  0x00007f816113b6bc: ;   {metadata('org/bytedeco/javacv/Frame')}
  0x00007f816113b6bc: 4181 fbd0 | 7309 010f | 8533 3400 | 004c 8b40 | 104c 3b44 | 2440 0f8e | 6823 0000 | 443b 6038 
  0x00007f816113b6dc: 74a2 4c8b | f049 ba00 | 0a06 7781 | 7f00 0041 | ffd2 4c8b | e8e9 5bfd | ffff 4881 | c4b0 0000 
  0x00007f816113b6fc: ;   {poll_return}
  0x00007f816113b6fc: 005d 493b | a748 0300 | 000f 87e9 | 5800 00c3 | 488b 7e28 | 8b0f 4883 | c708 4885 | c0f2 48af 
  0x00007f816113b71c: 0f85 0400 | 0000 4889 | 4620 0f84 | 8bfc ffff | 4c8b 5c24 | 10e9 3a2c | 0000 488b | 7e28 8b0f 
  0x00007f816113b73c: 4883 c708 | 4885 c0f2 | 48af 0f85 | 0400 0000 | 4889 4620 | 0f84 8bfc | ffff 4c8b | 5c24 10e9 
  0x00007f816113b75c: 102c 0000 | 448b 5c24 | 3045 85db | 0f84 be17 | 0000 4f8d | 14dc 448b | 4424 3445 | 8b99 8801 
  0x00007f816113b77c: 0000 4585 | db0f 84fd | 2f00 0049 | 8bea 4489 | 4424 3048 | ff74 2438 | 488f 4424 | 104b 8d34 
  0x00007f816113b79c: dc48 8b54 

  0x00007f816113b7a0: ;   {optimized virtual_call}
  0x00007f816113b7a0: 2428 90e8 

  0x00007f816113b7a4: ; ImmutableOopMap {rbp=Oop [16]=Oop [48]=NarrowOop [56]=Oop }
                      ;*invokevirtual convertToMat {reexecute=0 rethrow=0 return_oop=1}
                      ; - org.bytedeco.javacv.OpenCVFrameConverter$ToMat::convert@2 (line 56)
                      ; - com.saigou.thread.PushStreamThread::run@279 (line 110)
  0x00007f816113b7a4: c358 0000 | 4889 4424 | 384c 8bdd | 4d85 db0f | 8489 1700 | 0045 8b53 

  0x00007f816113b7bc: ;   {metadata('java/util/Collections$UnmodifiableRandomAccessList')}
  0x00007f816113b7bc: 0841 81fa | 68b3 1d00 | 0f85 3230 | 0000 458b | 530c 4c89 | 5c24 4049 | 8bf2 48c1 | e603 498b 
  0x00007f816113b7dc: eb48 b840 | e100 eb80 

  0x00007f816113b7e4: ;   {virtual_call}
  0x00007f816113b7e4: 7f00 00e8 

  0x00007f816113b7e8: ; ImmutableOopMap {rbp=Oop [16]=Oop [48]=NarrowOop [56]=Oop [64]=Oop }
                      ;*invokeinterface iterator {reexecute=0 rethrow=0 return_oop=1}
                      ; - java.util.Collections$UnmodifiableCollection$1::<init>@17 (line 1051)
                      ; - java.util.Collections$UnmodifiableCollection::iterator@5 (line 1050)
                      ; - com.saigou.thread.PushStreamThread::run@291 (line 112)
  0x00007f816113b7e8: b45c faff 

  0x00007f816113b7ec: ; implicit exception: dispatches to 0x00007f816113f15c
  0x00007f816113b7ec: 448b 5008 

  0x00007f816113b7f0: ;   {metadata('java/util/ArrayList$Itr')}
  0x00007f816113b7f0: 4181 faf0 | e61a 000f | 8537 3000 | 004c 8bc8 | 458b 5118 

  0x00007f816113b804: ; implicit exception: dispatches to 0x00007f816113f198
  0x00007f816113b804: 478b 54d4 | 1045 8b41 | 0c45 3bc2 | 7437 4c8b | 5c24 384d | 85db 0f84 | b430 0000 | 4c89 4c24 
  0x00007f816113b824: 5048 8944 

  0x00007f816113b828: ;   {section_word}
  0x00007f816113b828: 2448 c5fb | 1005 96fa | ffff 49ba | 0020 3a55 | 817f 0000 | 4c89 9424 | 9000 0000 | e930 0400 
  0x00007f816113b848: 004c 8bd5 | eb05 4c8b | 5424 4044 | 8b44 2430 | 4585 c00f | 84e9 1600 | 0047 8b5c 

  0x00007f816113b864: ;   {metadata('java/util/Collections$UnmodifiableRandomAccessList')}
  0x00007f816113b864: c408 4181 | fb68 b31d | 000f 85fd | 2f00 004c | 8954 2428 | 4f8d 14c4 | 458b 5a0c | 4c89 5424 
  0x00007f816113b884: 3049 8bf3 | 48c1 e603 | 9048 b840 | e100 eb80 

  0x00007f816113b894: ;   {virtual_call}
  0x00007f816113b894: 7f00 00e8 

  0x00007f816113b898: ; ImmutableOopMap {[16]=Oop [40]=Oop [48]=Oop [56]=Oop }
                      ;*invokeinterface iterator {reexecute=0 rethrow=0 return_oop=1}
                      ; - java.util.Collections$UnmodifiableCollection$1::<init>@17 (line 1051)
                      ; - java.util.Collections$UnmodifiableCollection::iterator@5 (line 1050)
                      ; - com.saigou.thread.PushStreamThread::run@360 (line 118)
  0x00007f816113b898: 045c faff 

  0x00007f816113b89c: ; implicit exception: dispatches to 0x00007f816113f1d4
  0x00007f816113b89c: 448b 5808 

  0x00007f816113b8a0: ;   {metadata('java/util/ArrayList$Itr')}
  0x00007f816113b8a0: 4181 fbf0 | e61a 000f | 85f3 2f00 | 004c 8bd0 | 458b 4218 

  0x00007f816113b8b4: ; implicit exception: dispatches to 0x00007f816113f208
  0x00007f816113b8b4: 478b 5cc4 | 1045 8b4a | 0c45 3bcb | 7427 4c89 | 5424 4848 | 8944 2440 

  0x00007f816113b8cc: ;   {section_word}
  0x00007f816113b8cc: c5fb 1005 | fcf9 ffff 

  0x00007f816113b8d4: ;   {section_word}
  0x00007f816113b8d4: c5fb 100d | fcf9 ffff 

  0x00007f816113b8dc: ;   {section_word}
  0x00007f816113b8dc: c5fb 1015 | fcf9 ffff | e993 1100 | 004c 8b54 | 2428 4c8b | 5c24 30eb | 0a4c 8b54 | 2428 4c8b 
  0x00007f816113b8fc: 5c24 3048 | 8b6c 2410 | 448b 8588 | 0100 0045 | 85c0 0f84 | 982e 0000 | 4c89 5c24 | 304c 8954 
  0x00007f816113b91c: 2428 4b8d | 34c4 488b 

  0x00007f816113b924: ;   {optimized virtual_call}
  0x00007f816113b924: 5424 38e8 

  0x00007f816113b928: ; ImmutableOopMap {rbp=Oop [40]=Oop [48]=Oop }
                      ;*invokespecial convert {reexecute=0 rethrow=0 return_oop=1}
                      ; - org.bytedeco.javacv.OpenCVFrameConverter$ToMat::convert@2 (line 55)
                      ; - com.saigou.thread.PushStreamThread::run@412 (line 123)
  0x00007f816113b928: 4e57 0000 | 4c8b cd45 | 8b91 7401 | 0000 4585 | d20f 8495 | 2e00 0048 | 8be8 4c89 | 4c24 384b 
  0x00007f816113b948: 8d34 d448 

  0x00007f816113b94c: ;   {optimized virtual_call}
  0x00007f816113b94c: 8bd5 90e8 

  0x00007f816113b950: ; ImmutableOopMap {rbp=Oop [40]=Oop [48]=Oop [56]=Oop }
                      ;*invokevirtual record {reexecute=0 rethrow=0 return_oop=0}
                      ; - com.saigou.thread.PushStreamThread::run@423 (line 126)
  0x00007f816113b950: 3557 0000 

  0x00007f816113b954: ; implicit exception: dispatches to 0x00007f816113f134
  0x00007f816113b954: 4c8b 5d10 | 4c8b 5424 | 304d 8bca | 49c1 e903 | 4c8b 5424 | 2849 c1ea | 0348 896c | 2428 4489 
  0x00007f816113b974: 4c24 3444 | 8954 2430 | 4c89 5c24 | 40e9 befc | ffff 498b | f248 8b6c 

  0x00007f816113b98c: ;   {optimized virtual_call}
  0x00007f816113b98c: 2440 90e8 

  0x00007f816113b990: ; ImmutableOopMap {rbp=Oop [16]=Oop [48]=NarrowOop [56]=Oop [64]=Oop [72]=Oop [80]=Oop [96]=Oop }
                      ;*invokespecial deallocate {reexecute=0 rethrow=0 return_oop=0}
                      ; - org.bytedeco.javacpp.Pointer$NativeDeallocator::deallocate@27 (line 232)
                      ; - org.bytedeco.javacpp.Pointer$DeallocatorReference::clear@46 (line 344)
                      ; - org.bytedeco.javacpp.Pointer::releaseReference@30 (line 821)
                      ; - org.bytedeco.javacpp.Pointer::close@1 (line 767)
                      ; - com.saigou.draw.Draw::drawText@46 (line 54)
                      ; - com.saigou.thread.PushStreamThread::run@347 (line 114)
  0x00007f816113b990: ec46 77ff | 4c8b 5424 | 604d 8962 | 404d 8962 | 380f 1f84 | 0000 0000 | 000f 1f80 | 0000 0000 
  0x00007f816113b9b0: 4c8b 5424 | 6041 8b6a | 1c4c 8bd5 | 49c1 e203 | 4c8b 5c24 | 604d 3bd3 | 0f84 6629 

  0x00007f816113b9cc: ;   {oop(a 'java/lang/Class'{0x000000064d400410} = 'org/bytedeco/javacpp/Pointer$DeallocatorReference')}
  0x00007f816113b9cc: 0000 49b8 | 1004 404d | 0600 0000 | 488d 9c24 | a000 0000 | 498b 0048 | f7c0 0200 | 0000 7524 
  0x00007f816113b9ec: 4883 c801 | 4889 03f0 | 490f b118 | 0f84 3e00 | 0000 482b | c448 81e0 | 07f0 ffff | 4889 03e9 
  0x00007f816113ba0c: 2c00 0000 | 4c8b d848 | 33c0 f04d | 0fb1 7b3e | 48c7 0303 | 0000 000f | 8413 0000 | 004c 3bf8 
  0x00007f816113ba2c: 0f85 0a00 | 0000 49ff | 8386 0000 | 0048 33c0 | 0f85 8623 | 0000 4c8b | 5424 6045 | 3b62 1c0f 
  0x00007f816113ba4c: 85d4 1800 | 0041 8b5a | 2841 807f | 3800 0f85 | 111d 0000 

  0x00007f816113ba60: ;   {oop(a 'java/lang/Class'{0x000000064d400410} = 'org/bytedeco/javacpp/Pointer$DeallocatorReference')}
  0x00007f816113ba60: 49ba 1004 | 404d 0600 | 0000 4189 | 5a70 4c8b | d349 c1e2 

  0x00007f816113ba74: ;   {oop(a 'java/lang/Class'{0x000000064d400410} = 'org/bytedeco/javacpp/Pointer$DeallocatorReference')}
  0x00007f816113ba74: 0349 bb10 | 0440 4d06 | 0000 004d | 33d3 49c1 | ea16 4d85 | d274 1e85 | db74 1a49 | c1eb 0948 
  0x00007f816113ba94: bf00 203a | 5581 7f00 | 0049 03fb | 803f 040f | 8567 1e00 | 00f0 8344 | 24c0 004c | 8b54 2460 
  0x00007f816113bab4: 418b 6a28 | 85ed 0f84 | 9428 0000 | 458b 7228 | 418b 6a1c | 4585 f60f | 8453 2200 | 0041 807f 
  0x00007f816113bad4: 3800 0f85 | 681b 0000 | 4389 6cf4 | 1c4c 8b54 | 2460 4d8b | ea49 c1ed | 034f 8d14 | f44c 8bdd 
  0x00007f816113baf4: 49c1 e303 | 4d33 da49 | c1eb 164d | 85db 741e | 85ed 741a | 49c1 ea09 | 48bf 0020 | 3a55 817f 
  0x00007f816113bb14: 0000 4903 | fa80 3f04 | 0f85 1c1d | 0000 f083 | 4424 c000 | 4180 7f38 | 000f 8549 | 1b00 004c 
  0x00007f816113bb34: 8b54 2460 | 4589 6a28 | f083 4424 | c000 4180 | 7f38 000f | 856b 1b00 | 004c 8b54 | 2460 4589 
  0x00007f816113bb54: 6a1c f083 | 4424 c000 

  0x00007f816113bb5c: ;   {oop(a 'java/lang/Class'{0x000000064d400410} = 'org/bytedeco/javacpp/Pointer$DeallocatorReference')}
  0x00007f816113bb5c: 49ba 1004 | 404d 0600 | 0000 4d8b | 5278 4c8b | 5c24 604d | 8b5b 204d 

  0x00007f816113bb74: ;   {oop(a 'java/lang/Class'{0x000000064d400410} = 'org/bytedeco/javacpp/Pointer$DeallocatorReference')}
  0x00007f816113bb74: 2bd3 49bb | 1004 404d | 0600 0000 | 4d89 5378 | f083 4424 

  0x00007f816113bb88: ;   {oop(a 'java/lang/Class'{0x000000064d400410} = 'org/bytedeco/javacpp/Pointer$DeallocatorReference')}
  0x00007f816113bb88: c000 49ba | 1004 404d | 0600 0000 | 4d8b 9280 | 0000 0049 | ffca 4d89 | 9380 0000 | 00f0 8344 
  0x00007f816113bba8: 24c0 0048 | 8d84 24a0 | 0000 0048 | 8138 0000 | 0000 0f84 | 8300 0000 | 4d8b 1349 | f7c2 0200 
  0x00007f816113bbc8: 0000 746f | 4981 ba86 | 0000 0000 | 0000 0074 | 0949 ff8a | 8600 0000 | eb51 498b | 8296 0000 
  0x00007f816113bbe8: 0049 0b82 | 8e00 0000 | 750a 49c7 | 423e 0000 | 0000 eb47 | 4981 ba9e | 0000 0000 | 0000 0074 
  0x00007f816113bc08: 2548 33c0 | 49c7 423e | 0000 0000 | f083 0424 | 0049 81ba | 9e00 0000 | 0000 0000 | 750d f04d 
  0x00007f816113bc28: 0fb1 7a3e | 7505 83c8 | 01eb 10f7 | c000 0000 | 00eb 084c | 8b10 f04d | 0fb1 130f | 85a0 2100 
  0x00007f816113bc48: 004d 8b97 

  0x00007f816113bc4c: ; ImmutableOopMap {[16]=Oop [48]=NarrowOop [56]=Oop [64]=Oop [72]=Oop [80]=Oop }
                      ;*goto {reexecute=1 rethrow=0 return_oop=0}
                      ; - (reexecute) com.saigou.thread.PushStreamThread::run@350 (line 115)
  0x00007f816113bc4c: 5003 0000 

  0x00007f816113bc50: ;   {poll}
  0x00007f816113bc50: 4185 024c | 8b54 2450 | 458b 5218 

  0x00007f816113bc5c: ; implicit exception: dispatches to 0x00007f816113eebc
  0x00007f816113bc5c: 478b 5cd4 | 104c 8b54 | 2450 458b | 520c 453b | d30f 84db | fbff ffc5 | fb10 4424 | 684c 8b54 
  0x00007f816113bc7c: 2450 458b | 4218 478b | 54c4 0c4c | 8b5c 2450 | 418b 6b14 | 443b d50f | 859d 2300 | 0047 8b5c 
  0x00007f816113bc9c: c410 4c8b | 5424 5045 | 8b52 0c45 | 3bd3 0f8d | a023 0000 | 478b 4cc4 | 1443 8b6c | cc0c 443b 
  0x00007f816113bcbc: d50f 8dd9 | 2300 004c | 8b5c 2450 | 4589 5310 | 458b da41 | ffc3 4c8b | 4424 5045 | 8958 0c44 
  0x00007f816113bcdc: 3bd5 0f83 | 161f 0000 | 4f8d 1ccc | 438b 6c93 | 1045 8b54 

  0x00007f816113bcf0: ;   {metadata('com/saigou/grpc/FaceBox')}
  0x00007f816113bcf0: ec08 4181 | fa70 9522 | 010f 85a0 | 2c00 004d | 8d14 ec4c | 8954 2458 | 458b 5a40 | 4489 5c24 
  0x00007f816113bd10: 28c4 817a | 104c dc18 | 498b 8708 | 0100 004c | 8b54 2458 | 458b 5244 | 4c8b d849 | 83c3 304d 
  0x00007f816113bd30: 8bc2 49c1 | e003 4585 

  0x00007f816113bd38: ;   {oop(a 'com/saigou/grpc/Point'{0x000000064d4005d8})}
  0x00007f816113bd38: d249 bad8 | 0540 4d06 | 0000 004d | 0f44 c24c | 8944 2460 | 4d3b 9f18 | 0100 000f | 833f 1c00 
  0x00007f816113bd58: 004d 899f | 0801 0000 | 410f 1883 | 0001 0000 | 48c7 0001 

  0x00007f816113bd6c: ;   {metadata('org/bytedeco/opencv/opencv_core/Point')}
  0x00007f816113bd6c: 0000 00c7 | 4008 9814 | 1f01 4489 | 600c 4c89 | 6010 4c89 | 6018 4c89 | 6020 4c89 | 6028 c5fb 
  0x00007f816113bd8c: 1144 2468 | c5fa 114c | 242c 4889 | 4424 7044 | 8b5c 2428 | 4b8d 2cdc | 488b 7424 

  0x00007f816113bda8: ;   {optimized virtual_call}
  0x00007f816113bda8: 3866 90e8 

  0x00007f816113bdac: ; ImmutableOopMap {rbp=Oop [16]=Oop [40]=NarrowOop [48]=NarrowOop [56]=Oop [64]=Oop [72]=Oop [80]=Oop [88]=Oop [96]=Oop [112]=Oop }
                      ;*invokevirtual cols {reexecute=0 rethrow=0 return_oop=0}
                      ; - com.saigou.draw.Draw::drawRectangle@9 (line 23)
                      ; - com.saigou.thread.PushStreamThread::run@332 (line 113)
  0x00007f816113bdac: 9030 fcff | 448b 5c24 | 28c4 817a | 104c dc1c | c5fa 114c | 2434 c5f9 | 6ec0 c5f8 | 5bc0 c5fa 
  0x00007f816113bdcc: 594c 242c | c57a 2cd1 | 4181 fa00 | 0000 8075 | 1048 83ec | 08c5 fa11 

  0x00007f816113bde4: ;   {runtime_call StubRoutines (1)}
  0x00007f816113bde4: 0c24 e871 | 3f72 ff41 | 5a44 8954 | 2428 488b | 7424 3848 | 8b6c 2440 

  0x00007f816113bdfc: ;   {optimized virtual_call}
  0x00007f816113bdfc: 6666 90e8 

  0x00007f816113be00: ; ImmutableOopMap {rbp=Oop [16]=Oop [48]=NarrowOop [56]=Oop [64]=Oop [72]=Oop [80]=Oop [88]=Oop [96]=Oop [112]=Oop }
                      ;*invokevirtual rows {reexecute=0 rethrow=0 return_oop=0}
                      ; - com.saigou.draw.Draw::drawRectangle@20 (line 23)
                      ; - com.saigou.thread.PushStreamThread::run@332 (line 113)
  0x00007f816113be00: bc33 fcff | 8bd8 4180 | 7f38 000f | 8575 1500 | 004c 8b54 | 2470 4d89 | 6228 4589 | 620c 4d89 
  0x00007f816113be20: 6210 4d89 | 6218 4d89 | 6220 c5f9 | 6ecb c5f8 | 5bc9 c5f2 | 5944 2434 | c5fa 2cc8 | 81f9 0000 
  0x00007f816113be40: 0080 750f | 4883 ec08 | c5fa 1104 

  0x00007f816113be4c: ;   {runtime_call StubRoutines (1)}
  0x00007f816113be4c: 24e8 0a3f | 72ff 5949 | 8bf2 8b54 

  0x00007f816113be58: ;   {optimized virtual_call}
  0x00007f816113be58: 2428 90e8 

  0x00007f816113be5c: ; ImmutableOopMap {rbp=Oop [16]=Oop [48]=NarrowOop [56]=Oop [64]=Oop [72]=Oop [80]=Oop [88]=Oop [96]=Oop [112]=Oop }
                      ;*invokespecial allocate {reexecute=0 rethrow=0 return_oop=0}
                      ; - org.bytedeco.opencv.opencv_core.Point::<init>@11 (line 73)
                      ; - com.saigou.draw.Draw::drawRectangle@26 (line 23)
                      ; - com.saigou.thread.PushStreamThread::run@332 (line 113)
  0x00007f816113be5c: e036 fcff | 498b 8708 | 0100 004c | 8bd0 4983 | c230 4d3b | 9718 0100 | 000f 8342 | 1b00 004d 
  0x00007f816113be7c: 8997 0801 | 0000 410f | 1882 0001 | 0000 48c7 | 0001 0000 

  0x00007f816113be90: ;   {metadata('org/bytedeco/opencv/opencv_core/Point')}
  0x00007f816113be90: 00c7 4008 | 9814 1f01 | 4489 600c | 4c89 6010 | 4c89 6018 | 4c89 6020 | 4c89 6028 | 4889 4424 
  0x00007f816113beb0: 784c 8b54 | 2460 c4c1 | 7a10 4218 | c5fa 1144 | 2428 488b | 7424 3848 | 8b6c 2440 

  0x00007f816113becc: ;   {optimized virtual_call}
  0x00007f816113becc: 6666 90e8 

  0x00007f816113bed0: ; ImmutableOopMap {rbp=Oop [16]=Oop [48]=NarrowOop [56]=Oop [64]=Oop [72]=Oop [80]=Oop [88]=Oop [96]=Oop [112]=Oop [120]=Oop }
                      ;*invokevirtual cols {reexecute=0 rethrow=0 return_oop=0}
                      ; - com.saigou.draw.Draw::drawRectangle@39 (line 24)
                      ; - com.saigou.thread.PushStreamThread::run@332 (line 113)
  0x00007f816113bed0: 6c2f fcff | 4c8b 5424 | 60c4 c17a | 104a 1cc5 | fa11 4c24 | 2cc5 f96e | c8c5 f85b | c9c5 f259 
  0x00007f816113bef0: 4424 28c5 | 7a2c d041 | 81fa 0000 | 0080 7510 | 4883 ec08 | c5fa 1104 

  0x00007f816113bf08: ;   {runtime_call StubRoutines (1)}
  0x00007f816113bf08: 24e8 4e3e | 72ff 415a | 4489 5424 | 2848 8b74 

  0x00007f816113bf18: ;   {optimized virtual_call}
  0x00007f816113bf18: 2438 90e8 

  0x00007f816113bf1c: ; ImmutableOopMap {rbp=Oop [16]=Oop [48]=NarrowOop [56]=Oop [64]=Oop [72]=Oop [80]=Oop [88]=Oop [112]=Oop [120]=Oop }
                      ;*invokevirtual rows {reexecute=0 rethrow=0 return_oop=0}
                      ; - com.saigou.draw.Draw::drawRectangle@50 (line 24)
                      ; - com.saigou.thread.PushStreamThread::run@332 (line 113)
  0x00007f816113bf1c: a032 fcff | 8bd8 4180 | 7f38 000f | 8595 1400 | 004c 8b54 | 2478 4d89 | 6228 4d89 | 6220 4589 
  0x00007f816113bf3c: 620c 4d89 | 6210 4d89 | 6218 c5f9 | 6ec3 c5f8 | 5bc0 c5fa | 594c 242c | c5fa 2cc9 | 81f9 0000 
  0x00007f816113bf5c: 0080 750f | 4883 ec08 | c5fa 110c 

  0x00007f816113bf68: ;   {runtime_call StubRoutines (1)}
  0x00007f816113bf68: 24e8 ee3d | 72ff 5949 | 8bf2 8b54 

  0x00007f816113bf74: ;   {optimized virtual_call}
  0x00007f816113bf74: 2428 90e8 

  0x00007f816113bf78: ; ImmutableOopMap {rbp=Oop [16]=Oop [48]=NarrowOop [56]=Oop [64]=Oop [72]=Oop [80]=Oop [88]=Oop [112]=Oop [120]=Oop }
                      ;*invokespecial allocate {reexecute=0 rethrow=0 return_oop=0}
                      ; - org.bytedeco.opencv.opencv_core.Point::<init>@11 (line 73)
                      ; - com.saigou.draw.Draw::drawRectangle@56 (line 24)
                      ; - com.saigou.thread.PushStreamThread::run@332 (line 113)
  0x00007f816113bf78: c435 fcff | 488b 7424 | 3848 8b54 | 2470 488b 

  0x00007f816113bf88: ;   {oop(a 'org/bytedeco/opencv/opencv_core/Scalar'{0x000000064d400600})}
  0x00007f816113bf88: 4c24 7849 | b800 0640 | 4d06 0000 | 0041 b901 | 0000 00bf | 0800 0000 | 4533 db44 

  0x00007f816113bfa4: ;   {static_call}
  0x00007f816113bfa4: 891c 24e8 

  0x00007f816113bfa8: ; ImmutableOopMap {rbp=Oop [16]=Oop [48]=NarrowOop [56]=Oop [64]=Oop [72]=Oop [80]=Oop [88]=Oop [112]=Oop [120]=Oop }
                      ;*invokestatic rectangle {reexecute=0 rethrow=0 return_oop=0}
                      ; - com.saigou.draw.Draw::drawRectangle@72 (line 25)
                      ; - com.saigou.thread.PushStreamThread::run@332 (line 113)
  0x00007f816113bfa8: 949e fcff | 4c8b 5424 | 7841 8b6a | 0c85 ed0f | 84b4 0300 | 0045 8b5c 

  0x00007f816113bfc0: ;   {metadata('org/bytedeco/javacpp/Pointer$NativeDeallocator')}
  0x00007f816113bfc0: ec08 4181 | fb60 9600 | 010f 8519 | 2a00 004d | 8d14 ec4c | 8954 2460 | 418b 6a2c | 85ed 0f84 
  0x00007f816113bfe0: d820 0000 | 458b 5a30 | 4585 db0f | 844b 1c00 | 00bd ffff | ffff f043 | 0fc1 6cdc | 0cff cd85 
  0x00007f816113c000: ed0f 8fdd 

  0x00007f816113c004: ;   {oop(a 'java/lang/Class'{0x000000064d400398} = 'org/bytedeco/javacpp/tools/Logger')}
  0x00007f816113c004: 2000 0049 | ba98 0340 | 4d06 0000 | 0041 0fb6 | 6a70 85ed | 0f85 ee20 | 0000 4c8b | 5424 6049 
  0x00007f816113c024: 8b52 3848 | 85d2 7429 | 498b 4a40 | 4885 c90f | 84df 2500 | 0049 8bf2 | 488b 6c24 

  0x00007f816113c040: ;   {optimized virtual_call}
  0x00007f816113c040: 4066 90e8 

  0x00007f816113c044: ; ImmutableOopMap {rbp=Oop [16]=Oop [48]=NarrowOop [56]=Oop [64]=Oop [72]=Oop [80]=Oop [88]=Oop [96]=Oop [112]=Oop [120]=Oop }
                      ;*invokespecial deallocate {reexecute=0 rethrow=0 return_oop=0}
                      ; - org.bytedeco.javacpp.Pointer$NativeDeallocator::deallocate@27 (line 232)
                      ; - org.bytedeco.javacpp.Pointer$DeallocatorReference::release@52 (line 365)
                      ; - org.bytedeco.javacpp.Pointer::releaseReference@13 (line 818)
                      ; - org.bytedeco.javacpp.Pointer::close@1 (line 767)
                      ; - com.saigou.draw.Draw::drawRectangle@77 (line 26)
                      ; - com.saigou.thread.PushStreamThread::run@332 (line 113)
  0x00007f816113c044: 782a fcff | 4c8b 5424 | 604d 8962 | 404d 8962 | 3841 807f | 3800 0f85 | da13 0000 | 4c8b 5424 
  0x00007f816113c064: 784d 8962 | 1045 8962 | 0c48 8b74 | 2460 488b 

  0x00007f816113c074: ;   {optimized virtual_call}
  0x00007f816113c074: 6c24 40e8 

  0x00007f816113c078: ; ImmutableOopMap {rbp=Oop [16]=Oop [48]=NarrowOop [56]=Oop [64]=Oop [72]=Oop [80]=Oop [88]=Oop [96]=Oop [112]=Oop }
                      ;*invokevirtual clear0 {reexecute=0 rethrow=0 return_oop=0}
                      ; - java.lang.ref.Reference::clear@1 (line 389)
                      ; - org.bytedeco.javacpp.Pointer$DeallocatorReference::clear@1 (line 339)
                      ; - org.bytedeco.javacpp.Pointer::releaseReference@30 (line 821)
                      ; - org.bytedeco.javacpp.Pointer::close@1 (line 767)
                      ; - com.saigou.draw.Draw::drawRectangle@77 (line 26)
                      ; - com.saigou.thread.PushStreamThread::run@332 (line 113)
  0x00007f816113c078: 442f e8ff | 4c8b 5424 | 6041 8b6a | 2c85 ed0f | 84a7 2000 

  0x00007f816113c08c: ;   {oop(a 'java/lang/Class'{0x000000064d400398} = 'org/bytedeco/javacpp/tools/Logger')}
  0x00007f816113c08c: 0049 ba98 | 0340 4d06 | 0000 0041 | 0fb6 6a70 | 85ed 0f85 | b020 0000 | 4c8b 5424 | 6049 8b52 
  0x00007f816113c0ac: 3848 85d2 | 7427 498b | 4a40 4885 | c90f 8499 | 2500 0049 | 8bf2 488b 

  0x00007f816113c0c4: ;   {optimized virtual_call}
  0x00007f816113c0c4: 6c24 40e8 

  0x00007f816113c0c8: ; ImmutableOopMap {rbp=Oop [16]=Oop [48]=NarrowOop [56]=Oop [64]=Oop [72]=Oop [80]=Oop [88]=Oop [96]=Oop [112]=Oop }
                      ;*invokespecial deallocate {reexecute=0 rethrow=0 return_oop=0}
                      ; - org.bytedeco.javacpp.Pointer$NativeDeallocator::deallocate@27 (line 232)
                      ; - org.bytedeco.javacpp.Pointer$DeallocatorReference::clear@46 (line 344)
                      ; - org.bytedeco.javacpp.Pointer::releaseReference@30 (line 821)
                      ; - org.bytedeco.javacpp.Pointer::close@1 (line 767)
                      ; - com.saigou.draw.Draw::drawRectangle@77 (line 26)
                      ; - com.saigou.thread.PushStreamThread::run@332 (line 113)
  0x00007f816113c0c8: b43f 77ff | 4c8b 5424 | 604d 8962 | 404d 8962 | 384c 8b54 | 2460 418b | 6a1c 4c8b | d549 c1e2 
  0x00007f816113c0e8: 034c 8b5c | 2460 4d3b | d30f 847d 

  0x00007f816113c0f4: ;   {oop(a 'java/lang/Class'{0x000000064d400410} = 'org/bytedeco/javacpp/Pointer$DeallocatorReference')}
  0x00007f816113c0f4: 2000 0049 | b810 0440 | 4d06 0000 | 0048 8d9c | 24a0 0000 | 0049 8b00 | 48f7 c002 | 0000 0075 
  0x00007f816113c114: 2448 83c8 | 0148 8903 | f049 0fb1 | 180f 843e | 0000 0048 | 2bc4 4881 | e007 f0ff | ff48 8903 
  0x00007f816113c134: e92c 0000 | 004c 8bd0 | 4833 c0f0 | 4d0f b17a | 3e48 c703 | 0300 0000 | 0f84 1300 | 0000 4c3b 
  0x00007f816113c154: f80f 850a | 0000 0049 | ff82 8600 | 0000 4833 | c00f 85cd | 1b00 004c | 8b54 2460 | 453b 621c 
  0x00007f816113c174: 0f85 ea10 | 0000 418b | 6a28 4180 | 7f38 000f | 8566 1500 

  0x00007f816113c188: ;   {oop(a 'java/lang/Class'{0x000000064d400410} = 'org/bytedeco/javacpp/Pointer$DeallocatorReference')}
  0x00007f816113c188: 0049 ba10 | 0440 4d06 | 0000 0041 | 896a 704c | 8bd5 49c1 

  0x00007f816113c19c: ;   {oop(a 'java/lang/Class'{0x000000064d400410} = 'org/bytedeco/javacpp/Pointer$DeallocatorReference')}
  0x00007f816113c19c: e203 49bb | 1004 404d | 0600 0000 | 4d33 d349 | c1ea 164d | 85d2 741e | 85ed 741a | 49c1 eb09 
  0x00007f816113c1bc: 48bf 0020 | 3a55 817f | 0000 4903 | fb80 3f04 | 0f85 b216 | 0000 f083 | 4424 c000 | 4c8b 5424 
  0x00007f816113c1dc: 6041 8b6a | 2885 ed0f | 84ab 1f00 | 0041 8b5a | 2841 8b6a | 1c85 db0f | 847b 1a00 | 0041 807f 
  0x00007f816113c1fc: 3800 0f85 | 7212 0000 | 4189 6cdc | 1c4c 8b54 | 2460 4d8b | ea49 c1ed | 034d 8d14 | dc4c 8bdd 
  0x00007f816113c21c: 49c1 e303 | 4d33 da49 | c1eb 164d | 85db 741e | 85ed 741a | 49c1 ea09 | 48bf 0020 | 3a55 817f 
  0x00007f816113c23c: 0000 4903 | fa80 3f04 | 0f85 6815 | 0000 f083 | 4424 c000 | 4180 7f38 | 000f 8553 | 1200 004c 
  0x00007f816113c25c: 8b54 2460 | 4589 6a28 | f083 4424 | c000 4180 | 7f38 000f | 8575 1200 | 004c 8b54 | 2460 4589 
  0x00007f816113c27c: 6a1c f083 | 4424 c000 

  0x00007f816113c284: ;   {oop(a 'java/lang/Class'{0x000000064d400410} = 'org/bytedeco/javacpp/Pointer$DeallocatorReference')}
  0x00007f816113c284: 49ba 1004 | 404d 0600 | 0000 4d8b | 5278 4c8b | 5c24 604d | 8b5b 204d 

  0x00007f816113c29c: ;   {oop(a 'java/lang/Class'{0x000000064d400410} = 'org/bytedeco/javacpp/Pointer$DeallocatorReference')}
  0x00007f816113c29c: 2bd3 49bb | 1004 404d | 0600 0000 | 4d89 5378 | f083 4424 

  0x00007f816113c2b0: ;   {oop(a 'java/lang/Class'{0x000000064d400410} = 'org/bytedeco/javacpp/Pointer$DeallocatorReference')}
  0x00007f816113c2b0: c000 49ba | 1004 404d | 0600 0000 | 4d8b 9280 | 0000 0049 | ffca 4d89 | 9380 0000 | 00f0 8344 
  0x00007f816113c2d0: 24c0 0048 | 8d84 24a0 | 0000 0048 | 8138 0000 | 0000 0f84 | 8300 0000 | 4d8b 1349 | f7c2 0200 
  0x00007f816113c2f0: 0000 746f | 4981 ba86 | 0000 0000 | 0000 0074 | 0949 ff8a | 8600 0000 | eb51 498b | 8296 0000 
  0x00007f816113c310: 0049 0b82 | 8e00 0000 | 750a 49c7 | 423e 0000 | 0000 eb47 | 4981 ba9e | 0000 0000 | 0000 0074 
  0x00007f816113c330: 2548 33c0 | 49c7 423e | 0000 0000 | f083 0424 | 0049 81ba | 9e00 0000 | 0000 0000 | 750d f04d 
  0x00007f816113c350: 0fb1 7a3e | 7505 83c8 | 01eb 10f7 | c000 0000 | 00eb 084c | 8b10 f04d | 0fb1 130f | 85e8 1900 
  0x00007f816113c370: 004c 8b54 | 2470 418b | 6a0c 85ed | 0f84 b403 | 0000 458b 

  0x00007f816113c384: ;   {metadata('org/bytedeco/javacpp/Pointer$NativeDeallocator')}
  0x00007f816113c384: 5cec 0841 | 81fb 6096 | 0001 0f85 | 7426 0000 | 4d8d 14ec | 4c89 5424 | 6041 8b6a | 2c85 ed0f 
  0x00007f816113c3a4: 840b 1e00 | 0045 8b5a | 3045 85db | 0f84 de18 | 0000 bdff | ffff fff0 | 430f c16c | dc0c ffcd 
  0x00007f816113c3c4: 85ed 0f8f | 081e 0000 

  0x00007f816113c3cc: ;   {oop(a 'java/lang/Class'{0x000000064d400398} = 'org/bytedeco/javacpp/tools/Logger')}
  0x00007f816113c3cc: 49ba 9803 | 404d 0600 | 0000 410f | b66a 7085 | ed0f 8511 | 1e00 004c | 8b54 2460 | 498b 5238 
  0x00007f816113c3ec: 4885 d274 | 2849 8b4a | 4048 85c9 | 0f84 8e22 | 0000 498b | f248 8b6c 

  0x00007f816113c404: ;   {optimized virtual_call}
  0x00007f816113c404: 2440 90e8 

  0x00007f816113c408: ; ImmutableOopMap {rbp=Oop [16]=Oop [48]=NarrowOop [56]=Oop [64]=Oop [72]=Oop [80]=Oop [88]=Oop [96]=Oop [112]=Oop }
                      ;*invokespecial deallocate {reexecute=0 rethrow=0 return_oop=0}
                      ; - org.bytedeco.javacpp.Pointer$NativeDeallocator::deallocate@27 (line 232)
                      ; - org.bytedeco.javacpp.Pointer$DeallocatorReference::release@52 (line 365)
                      ; - org.bytedeco.javacpp.Pointer::releaseReference@13 (line 818)
                      ; - org.bytedeco.javacpp.Pointer::close@1 (line 767)
                      ; - com.saigou.draw.Draw::drawRectangle@106 (line 26)
                      ; - com.saigou.thread.PushStreamThread::run@332 (line 113)
  0x00007f816113c408: b426 fcff | 4c8b 5424 | 604d 8962 | 404d 8962 | 3841 807f | 3800 0f85 | fd10 0000 | 4c8b 5424 
  0x00007f816113c428: 704d 8962 | 1045 8962 | 0c48 8b74 | 2460 488b 

  0x00007f816113c438: ;   {optimized virtual_call}
  0x00007f816113c438: 6c24 40e8 

  0x00007f816113c43c: ; ImmutableOopMap {rbp=Oop [16]=Oop [48]=NarrowOop [56]=Oop [64]=Oop [72]=Oop [80]=Oop [88]=Oop [96]=Oop }
                      ;*invokevirtual clear0 {reexecute=0 rethrow=0 return_oop=0}
                      ; - java.lang.ref.Reference::clear@1 (line 389)
                      ; - org.bytedeco.javacpp.Pointer$DeallocatorReference::clear@1 (line 339)
                      ; - org.bytedeco.javacpp.Pointer::releaseReference@30 (line 821)
                      ; - org.bytedeco.javacpp.Pointer::close@1 (line 767)
                      ; - com.saigou.draw.Draw::drawRectangle@106 (line 26)
                      ; - com.saigou.thread.PushStreamThread::run@332 (line 113)
  0x00007f816113c43c: 802b e8ff | 4c8b 5424 | 6041 8b6a | 2c85 ed0f | 84c3 1d00 

  0x00007f816113c450: ;   {oop(a 'java/lang/Class'{0x000000064d400398} = 'org/bytedeco/javacpp/tools/Logger')}
  0x00007f816113c450: 0049 ba98 | 0340 4d06 | 0000 0041 | 0fb6 6a70 | 85ed 0f85 | cc1d 0000 | 4c8b 5424 | 6049 8b52 
  0x00007f816113c470: 3848 85d2 | 7427 498b | 4a40 4885 | c90f 843d | 2200 0049 | 8bf2 488b 

  0x00007f816113c488: ;   {optimized virtual_call}
  0x00007f816113c488: 6c24 40e8 

  0x00007f816113c48c: ; ImmutableOopMap {rbp=Oop [16]=Oop [48]=NarrowOop [56]=Oop [64]=Oop [72]=Oop [80]=Oop [88]=Oop [96]=Oop }
                      ;*invokespecial deallocate {reexecute=0 rethrow=0 return_oop=0}
                      ; - org.bytedeco.javacpp.Pointer$NativeDeallocator::deallocate@27 (line 232)
                      ; - org.bytedeco.javacpp.Pointer$DeallocatorReference::clear@46 (line 344)
                      ; - org.bytedeco.javacpp.Pointer::releaseReference@30 (line 821)
                      ; - org.bytedeco.javacpp.Pointer::close@1 (line 767)
                      ; - com.saigou.draw.Draw::drawRectangle@106 (line 26)
                      ; - com.saigou.thread.PushStreamThread::run@332 (line 113)
  0x00007f816113c48c: f03b 77ff | 4c8b 5424 | 604d 8962 | 404d 8962 | 384c 8b54 | 2460 418b | 6a1c 4c8b | d549 c1e2 
  0x00007f816113c4ac: 034c 8b5c | 2460 4d3b | d30f 8499 

  0x00007f816113c4b8: ;   {oop(a 'java/lang/Class'{0x000000064d400410} = 'org/bytedeco/javacpp/Pointer$DeallocatorReference')}
  0x00007f816113c4b8: 1d00 0049 | b810 0440 | 4d06 0000 | 0048 8d9c | 24a0 0000 | 0049 8b00 | 48f7 c002 | 0000 0075 
  0x00007f816113c4d8: 2448 83c8 | 0148 8903 | f049 0fb1 | 180f 843e | 0000 0048 | 2bc4 4881 | e007 f0ff | ff48 8903 
  0x00007f816113c4f8: e92c 0000 | 004c 8bd0 | 4833 c0f0 | 4d0f b17a | 3e48 c703 | 0300 0000 | 0f84 1300 | 0000 4c3b 
  0x00007f816113c518: f80f 850a | 0000 0049 | ff82 8600 | 0000 4833 | c00f 8551 | 1800 004c | 8b54 2460 | 453b 621c 
  0x00007f816113c538: 0f85 870d | 0000 418b | 6a28 4180 | 7f38 000f | 85e3 1100 

  0x00007f816113c54c: ;   {oop(a 'java/lang/Class'{0x000000064d400410} = 'org/bytedeco/javacpp/Pointer$DeallocatorReference')}
  0x00007f816113c54c: 0049 ba10 | 0440 4d06 | 0000 0041 | 896a 704c | 8bd5 49c1 

  0x00007f816113c560: ;   {oop(a 'java/lang/Class'{0x000000064d400410} = 'org/bytedeco/javacpp/Pointer$DeallocatorReference')}
  0x00007f816113c560: e203 49bb | 1004 404d | 0600 0000 | 4d33 d349 | c1ea 164d | 85d2 741e | 85ed 741a | 49c1 eb09 
  0x00007f816113c580: 48bf 0020 | 3a55 817f | 0000 4903 | fb80 3f04 | 0f85 3413 | 0000 f083 | 4424 c000 | 4c8b 5424 
  0x00007f816113c5a0: 6041 8b6a | 2885 ed0f | 84c7 1c00 | 0045 8b6a | 2841 8b6a | 1c45 85ed | 0f84 0e17 | 0000 4180 
  0x00007f816113c5c0: 7f38 000f | 8594 0f00 | 0043 896c | ec1c 4c8b | 5424 6049 | 8bda 48c1 | eb03 4f8d | 14ec 4c8b 
  0x00007f816113c5e0: dd49 c1e3 | 034d 33da | 49c1 eb16 | 4d85 db74 | 1e85 ed74 | 1a49 c1ea | 0948 bf00 | 203a 5581 
  0x00007f816113c600: 7f00 0049 | 03fa 803f | 040f 85e9 | 1100 00f0 | 8344 24c0 | 0041 807f | 3800 0f85 | 750f 0000 
  0x00007f816113c620: 4c8b 5424 | 6041 895a | 28f0 8344 | 24c0 0041 | 807f 3800 | 0f85 970f | 0000 4c8b | 5424 6041 
  0x00007f816113c640: 895a 1cf0 | 8344 24c0 

  0x00007f816113c648: ;   {oop(a 'java/lang/Class'{0x000000064d400410} = 'org/bytedeco/javacpp/Pointer$DeallocatorReference')}
  0x00007f816113c648: 0049 ba10 | 0440 4d06 | 0000 004d | 8b52 784c | 8b5c 2460 | 4d8b 5b20 

  0x00007f816113c660: ;   {oop(a 'java/lang/Class'{0x000000064d400410} = 'org/bytedeco/javacpp/Pointer$DeallocatorReference')}
  0x00007f816113c660: 4d2b d349 | bb10 0440 | 4d06 0000 | 004d 8953 | 78f0 8344 

  0x00007f816113c674: ;   {oop(a 'java/lang/Class'{0x000000064d400410} = 'org/bytedeco/javacpp/Pointer$DeallocatorReference')}
  0x00007f816113c674: 24c0 0049 | ba10 0440 | 4d06 0000 | 004d 8b92 | 8000 0000 | 49ff ca4d | 8993 8000 | 0000 f083 
  0x00007f816113c694: 4424 c000 | 488d 8424 | a000 0000 | 4881 3800 | 0000 000f | 8483 0000 | 004d 8b13 | 49f7 c202 
  0x00007f816113c6b4: 0000 0074 | 6f49 81ba | 8600 0000 | 0000 0000 | 7409 49ff | 8a86 0000 | 00eb 5149 | 8b82 9600 
  0x00007f816113c6d4: 0000 490b | 828e 0000 | 0075 0a49 | c742 3e00 | 0000 00eb | 4749 81ba | 9e00 0000 | 0000 0000 
  0x00007f816113c6f4: 7425 4833 | c049 c742 | 3e00 0000 | 00f0 8304 | 2400 4981 | ba9e 0000 | 0000 0000 | 0075 0df0 
  0x00007f816113c714: 4d0f b17a | 3e75 0583 | c801 eb10 | f7c0 0000 | 0000 eb08 | 4c8b 10f0 | 4d0f b113 | 0f85 6b16 
  0x00007f816113c734: 0000 4c8b | 5424 5845 | 8b5a 4847 | 8b54 dc08 

  0x00007f816113c744: ;   {metadata('java/lang/String')}
  0x00007f816113c744: 4181 fa20 | ec00 000f | 8563 2200 | 004c 8b54 | 2458 458b | 5240 4489 | 5424 284f | 8d14 dc4c 
  0x00007f816113c764: 8954 2460 | 448b 5c24 | 28c4 817a | 104c dc18 | 498b 8708 | 0100 004c | 8bd0 4983 | c230 4d3b 
  0x00007f816113c784: 9718 0100 | 000f 834a | 1200 004d | 8997 0801 | 0000 410f | 1882 0001 | 0000 48c7 | 0001 0000 
  0x00007f816113c7a4: ;   {metadata('org/bytedeco/opencv/opencv_core/Point')}
  0x00007f816113c7a4: 00c7 4008 | 9814 1f01 | 4489 600c | 4c89 6010 | 4c89 6018 | 4c89 6020 | 4c89 6028 | c5fa 114c 
  0x00007f816113c7c4: 242c 4889 | 4424 5844 | 8b54 2428 | 4b8d 2cd4 | 488b 7424 

  0x00007f816113c7d8: ;   {optimized virtual_call}
  0x00007f816113c7d8: 3866 90e8 

  0x00007f816113c7dc: ; ImmutableOopMap {rbp=Oop [16]=Oop [40]=NarrowOop [48]=NarrowOop [56]=Oop [64]=Oop [72]=Oop [80]=Oop [88]=Oop [96]=Oop }
                      ;*invokevirtual cols {reexecute=0 rethrow=0 return_oop=0}
                      ; - com.saigou.draw.Draw::drawText@9 (line 52)
                      ; - com.saigou.thread.PushStreamThread::run@347 (line 114)
  0x00007f816113c7dc: 6026 fcff | 448b 5424 | 28c4 817a | 1044 d41c | c5fa 1144 | 2434 c5f9 | 6ec0 c5f8 | 5bc0 c5fa 
  0x00007f816113c7fc: 594c 242c | c57a 2cd9 | 4181 fb00 | 0000 8075 | 1048 83ec | 08c5 fa11 

  0x00007f816113c814: ;   {runtime_call StubRoutines (1)}
  0x00007f816113c814: 0c24 e841 | 3572 ff41 | 5b44 895c | 2428 488b | 7424 3848 | 8b6c 2440 

  0x00007f816113c82c: ;   {optimized virtual_call}
  0x00007f816113c82c: 6666 90e8 

  0x00007f816113c830: ; ImmutableOopMap {rbp=Oop [16]=Oop [48]=NarrowOop [56]=Oop [64]=Oop [72]=Oop [80]=Oop [88]=Oop [96]=Oop }
                      ;*invokevirtual rows {reexecute=0 rethrow=0 return_oop=0}
                      ; - com.saigou.draw.Draw::drawText@20 (line 52)
                      ; - com.saigou.thread.PushStreamThread::run@347 (line 114)
  0x00007f816113c830: 8c29 fcff | 8bd8 4180 | 7f38 000f | 85bd 0b00 | 004c 8b54 | 2458 4d89 | 6228 4589 | 620c 4d89 
  0x00007f816113c850: 6210 4d89 | 6218 4d89 | 6220 c5f9 | 6ecb c5f8 | 5bc9 c5f2 | 5944 2434 | c5fa 2cc8 | 81f9 0000 
  0x00007f816113c870: 0080 750f | 4883 ec08 | c5fa 1104 

  0x00007f816113c87c: ;   {runtime_call StubRoutines (1)}
  0x00007f816113c87c: 24e8 da34 | 72ff 5949 | 8bf2 8b54 

  0x00007f816113c888: ;   {optimized virtual_call}
  0x00007f816113c888: 2428 90e8 

  0x00007f816113c88c: ; ImmutableOopMap {rbp=Oop [16]=Oop [48]=NarrowOop [56]=Oop [64]=Oop [72]=Oop [80]=Oop [88]=Oop [96]=Oop }
                      ;*invokespecial allocate {reexecute=0 rethrow=0 return_oop=0}
                      ; - org.bytedeco.opencv.opencv_core.Point::<init>@11 (line 73)
                      ; - com.saigou.draw.Draw::drawText@26 (line 52)
                      ; - com.saigou.thread.PushStreamThread::run@347 (line 114)
  0x00007f816113c88c: b02c fcff | 488b 7424 | 3848 8b54 | 2460 488b | 4c24 5845 | 33c0 c5fb | 1044 2468 

  0x00007f816113c8a8: ;   {oop(a 'org/bytedeco/opencv/opencv_core/Scalar'{0x000000064d400600})}
  0x00007f816113c8a8: 49b9 0006 | 404d 0600 | 0000 bf01 | 0000 0041 | bb10 0000 | 0044 891c | 2445 33d2 | 4489 5424 
  0x00007f816113c8c8: ;   {static_call}
  0x00007f816113c8c8: 0866 90e8 

  0x00007f816113c8cc: ; ImmutableOopMap {rbp=Oop [16]=Oop [48]=NarrowOop [56]=Oop [64]=Oop [72]=Oop [80]=Oop [88]=Oop }
                      ;*invokestatic putText {reexecute=0 rethrow=0 return_oop=0}
                      ; - com.saigou.draw.Draw::drawText@42 (line 53)
                      ; - com.saigou.thread.PushStreamThread::run@347 (line 114)
  0x00007f816113c8cc: 7099 fcff | 4c8b 5424 | 5841 8b6a | 0c85 ed0f | 8468 f3ff | ff45 8b54 

  0x00007f816113c8e4: ;   {metadata('org/bytedeco/javacpp/Pointer$NativeDeallocator')}
  0x00007f816113c8e4: ec08 4181 | fa60 9600 | 010f 8535 | 2100 004d | 8d14 ec4c | 8954 2460 | 418b 6a2c | 85ed 0f84 
  0x00007f816113c904: 8c19 0000 | 458b 5230 | 4585 d20f | 84d7 1300 | 00bd ffff | ffff f043 | 0fc1 6cd4 | 0cff cd85 
  0x00007f816113c924: ed0f 8f89 

  0x00007f816113c928: ;   {oop(a 'java/lang/Class'{0x000000064d400398} = 'org/bytedeco/javacpp/tools/Logger')}
  0x00007f816113c928: 1900 0049 | ba98 0340 | 4d06 0000 | 0041 0fb6 | 6a70 85ed | 0f85 9219 | 0000 4c8b | 5424 6049 
  0x00007f816113c948: 8b52 3848 | 85d2 7429 | 498b 4a40 | 4885 c90f | 8497 1d00 | 0049 8bf2 | 488b 6c24 

  0x00007f816113c964: ;   {optimized virtual_call}
  0x00007f816113c964: 4066 90e8 

  0x00007f816113c968: ; ImmutableOopMap {rbp=Oop [16]=Oop [48]=NarrowOop [56]=Oop [64]=Oop [72]=Oop [80]=Oop [88]=Oop [96]=Oop }
                      ;*invokespecial deallocate {reexecute=0 rethrow=0 return_oop=0}
                      ; - org.bytedeco.javacpp.Pointer$NativeDeallocator::deallocate@27 (line 232)
                      ; - org.bytedeco.javacpp.Pointer$DeallocatorReference::release@52 (line 365)
                      ; - org.bytedeco.javacpp.Pointer::releaseReference@13 (line 818)
                      ; - org.bytedeco.javacpp.Pointer::close@1 (line 767)
                      ; - com.saigou.draw.Draw::drawText@46 (line 54)
                      ; - com.saigou.thread.PushStreamThread::run@347 (line 114)
  0x00007f816113c968: 5421 fcff | 4c8b 5424 | 604d 8962 | 404d 8962 | 3841 807f | 3800 0f85 | 840c 0000 | 4c8b 5424 
  0x00007f816113c988: 584d 8962 | 1045 8962 | 0c48 8b74 | 2460 488b 

  0x00007f816113c998: ;   {optimized virtual_call}
  0x00007f816113c998: 6c24 40e8 

  0x00007f816113c99c: ; ImmutableOopMap {rbp=Oop [16]=Oop [48]=NarrowOop [56]=Oop [64]=Oop [72]=Oop [80]=Oop [96]=Oop }
                      ;*invokevirtual clear0 {reexecute=0 rethrow=0 return_oop=0}
                      ; - java.lang.ref.Reference::clear@1 (line 389)
                      ; - org.bytedeco.javacpp.Pointer$DeallocatorReference::clear@1 (line 339)
                      ; - org.bytedeco.javacpp.Pointer::releaseReference@30 (line 821)
                      ; - org.bytedeco.javacpp.Pointer::close@1 (line 767)
                      ; - com.saigou.draw.Draw::drawText@46 (line 54)
                      ; - com.saigou.thread.PushStreamThread::run@347 (line 114)
  0x00007f816113c99c: 2026 e8ff | 4c8b 5424 | 6041 8b6a | 2c85 ed0f | 8443 1900 

  0x00007f816113c9b0: ;   {oop(a 'java/lang/Class'{0x000000064d400398} = 'org/bytedeco/javacpp/tools/Logger')}
  0x00007f816113c9b0: 0049 ba98 | 0340 4d06 | 0000 0041 | 0fb6 6a70 | 85ed 0f85 | 4c19 0000 | 4c8b 5424 | 6049 8b52 
  0x00007f816113c9d0: 3848 85d2 | 0f84 d6ef | ffff 498b | 4a40 4885 | c90f 859f | efff ff45 | 33d2 493b | cabd ffff 
  0x00007f816113c9f0: ffff 7c08 | 400f 95c5 | 400f b6ed | be45 ffff | ff44 8b5c | 2430 4489 | 5c24 284c | 8b54 2460 
  0x00007f816113ca10: 4c89 5424 

  0x00007f816113ca14: ;   {runtime_call UncommonTrapBlob}
  0x00007f816113ca14: 5866 90e8 

  0x00007f816113ca18: ; ImmutableOopMap {[16]=Oop [40]=NarrowOop [56]=Oop [64]=Oop [72]=Oop [88]=Oop [96]=Oop }
                      ;*ifeq {reexecute=1 rethrow=0 return_oop=0}
                      ; - (reexecute) org.bytedeco.javacpp.Pointer$NativeDeallocator::deallocate@15 (line 231)
                      ; - org.bytedeco.javacpp.Pointer$DeallocatorReference::clear@46 (line 344)
                      ; - org.bytedeco.javacpp.Pointer::releaseReference@30 (line 821)
                      ; - org.bytedeco.javacpp.Pointer::close@1 (line 767)
                      ; - com.saigou.draw.Draw::drawText@46 (line 54)
                      ; - com.saigou.thread.PushStreamThread::run@347 (line 114)
  0x00007f816113ca18: e48b 77ff | 0f1f 4000 | 488b c848 | 8b74 2438 | 488b 5424 | 784c 8b44 | 2468 41b9 | 0100 0000 
  0x00007f816113ca38: ;   {static_call}
  0x00007f816113ca38: 6666 90e8 

  0x00007f816113ca3c: ; ImmutableOopMap {rbp=Oop [16]=Oop [40]=Oop [48]=Oop [56]=Oop [64]=Oop [72]=Oop }
                      ;*invokestatic drawLine {reexecute=0 rethrow=0 return_oop=0}
                      ; - com.saigou.draw.Draw::drawPersonPose@246 (line 92)
                      ; - com.saigou.thread.PushStreamThread::run@400 (line 120)
  0x00007f816113ca3c: a038 73f8 | 4d8b 9750 

  0x00007f816113ca44: ; ImmutableOopMap {[16]=Oop [40]=Oop [48]=Oop [56]=Oop [64]=Oop [72]=Oop }
                      ;*goto {reexecute=1 rethrow=0 return_oop=0}
                      ; - (reexecute) com.saigou.thread.PushStreamThread::run@403 (line 121)
                      ;   {poll}
  0x00007f816113ca44: 0300 0041 | 8502 4c8b | 5424 4845 | 8b42 1847 | 8b54 c410 | 4c8b 5c24 | 4845 8b4b | 0c45 3bca 
  0x00007f816113ca64: 0f84 8bee | ffff c5fb | 1044 2450 | c5fb 104c | 2458 c5fb | 1054 2460 

  0x00007f816113ca7c: ; implicit exception: dispatches to 0x00007f816113efb8
  0x00007f816113ca7c: 478b 54c4 | 0c4c 8b5c | 2448 418b | 6b14 443b | d50f 8595 | 1c00 0047 | 8b54 c410 | 458b 5b0c 
  0x00007f816113ca9c: 453b da0f | 8d93 1c00 | 0047 8b54 | c414 438b | 6cd4 0c44 | 3bdd 0f8d | b81c 0000 | 4c8b 4424 
  0x00007f816113cabc: 4845 8958 | 1045 8bc3 | 41ff c04c | 8b4c 2448 | 4589 410c | 443b dd0f | 83cb 1800 | 0049 c1e2 
  0x00007f816113cadc: 0343 8b6c | 9a10 458b 

  0x00007f816113cae4: ;   {metadata('com/saigou/grpc/PersonBox')}
  0x00007f816113cae4: 54ec 0841 | 81fa c09d | 2201 0f85 | 481f 0000 | 498b 8708 | 0100 004c | 8bd0 4983 | c230 4d8d 
  0x00007f816113cb04: 1cec 418b | 6b40 4d3b | 9718 0100 | 000f 83e2 | 0e00 004d | 8997 0801 | 0000 410f | 1882 0001 
  0x00007f816113cb24: 0000 48c7 | 0001 0000 

  0x00007f816113cb2c: ;   {metadata('org/bytedeco/opencv/opencv_core/Scalar')}
  0x00007f816113cb2c: 00c7 4008 | 98aa 1d01 | 4489 600c | 4c89 6010 | 4c89 6018 | 4c89 6020 | 4c89 6028 | c5fb 1144 
  0x00007f816113cb4c: 2450 c5fb | 114c 2458 | c5fb 1154 | 2460 4889 | 4424 6848 | 8bf0 c5fb | 1044 2460 | c5fb 104c 
  0x00007f816113cb6c: 2450 c5fb | 1054 2458 | c5e1 57db 

  0x00007f816113cb78: ;   {optimized virtual_call}
  0x00007f816113cb78: 6666 90e8 

  0x00007f816113cb7c: ; ImmutableOopMap {rbp=NarrowOop [16]=Oop [40]=Oop [48]=Oop [56]=Oop [64]=Oop [72]=Oop [104]=Oop }
                      ;*invokespecial allocate {reexecute=0 rethrow=0 return_oop=0}
                      ; - org.bytedeco.opencv.opencv_core.Scalar::<init>@15 (line 34)
                      ; - com.saigou.draw.Draw::drawPersonPose@14 (line 84)
                      ; - com.saigou.thread.PushStreamThread::run@400 (line 120)
  0x00007f816113cb7c: 4033 fcff | 4c8b d549 | c1e2 034c | 8954 2470 | 488b 7424 | 388b 9424 | 9800 0000 | b901 0000 
  0x00007f816113cb9c: 004d 8bc2 

  0x00007f816113cba0: ;   {static_call}
  0x00007f816113cba0: 4533 c9e8 

  0x00007f816113cba4: ; ImmutableOopMap {rbp=NarrowOop [16]=Oop [40]=Oop [48]=Oop [56]=Oop [64]=Oop [72]=Oop [104]=Oop [112]=Oop }
                      ;*invokestatic lint {reexecute=0 rethrow=0 return_oop=0}
                      ; - com.saigou.draw.Draw::drawPersonPose@25 (line 86)
                      ; - com.saigou.thread.PushStreamThread::run@400 (line 120)
  0x00007f816113cba4: d8c2 fcff | 488b 7424 | 388b 9424 | 9800 0000 | b902 0000 | 004c 8b44 | 2470 41b9 | 0100 0000 
  0x00007f816113cbc4: ;   {static_call}
  0x00007f816113cbc4: 6666 90e8 

  0x00007f816113cbc8: ; ImmutableOopMap {rbp=NarrowOop [16]=Oop [40]=Oop [48]=Oop [56]=Oop [64]=Oop [72]=Oop [104]=Oop [112]=Oop }
                      ;*invokestatic lint {reexecute=0 rethrow=0 return_oop=0}
                      ; - com.saigou.draw.Draw::drawPersonPose@33 (line 87)
                      ; - com.saigou.thread.PushStreamThread::run@400 (line 120)
  0x00007f816113cbc8: b4c2 fcff | 488b 7424 | 70ba 0500 | 0000 6666 | 9048 b868 | b31d eb80 

  0x00007f816113cbe0: ;   {virtual_call}
  0x00007f816113cbe0: 7f00 00e8 

  0x00007f816113cbe4: ; ImmutableOopMap {rbp=NarrowOop [16]=Oop [40]=Oop [48]=Oop [56]=Oop [64]=Oop [72]=Oop [104]=Oop }
                      ;*invokeinterface get {reexecute=0 rethrow=0 return_oop=1}
                      ; - com.saigou.draw.Draw::drawPersonPose@38 (line 88)
                      ; - com.saigou.thread.PushStreamThread::run@400 (line 120)
  0x00007f816113cbe4: b8b2 fdff 

  0x00007f816113cbe8: ; implicit exception: dispatches to 0x00007f816113f048
  0x00007f816113cbe8: 448b 5008 

  0x00007f816113cbec: ;   {metadata('com/saigou/grpc/Point')}
  0x00007f816113cbec: 4181 fa38 | b422 010f | 85e3 1700 | 00c5 fa10 | 401c 4d8d | 14ec 4c89 

  0x00007f816113cc04: ;   {section_word}
  0x00007f816113cc04: 5424 70c5 | f82e 05b1 | e6ff ff7a | 060f 8439 | 0100 0049 | 8bf2 ba06 | 0000 0066 | 9048 b868 
  0x00007f816113cc24: b31d eb80 

  0x00007f816113cc28: ;   {virtual_call}
  0x00007f816113cc28: 7f00 00e8 

  0x00007f816113cc2c: ; ImmutableOopMap {rbp=NarrowOop [16]=Oop [40]=Oop [48]=Oop [56]=Oop [64]=Oop [72]=Oop [104]=Oop [112]=Oop }
                      ;*invokeinterface get {reexecute=0 rethrow=0 return_oop=1}
                      ; - com.saigou.draw.Draw::drawPersonPose@58 (line 88)
                      ; - com.saigou.thread.PushStreamThread::run@400 (line 120)
  0x00007f816113cc2c: 70b2 fdff 

  0x00007f816113cc30: ; implicit exception: dispatches to 0x00007f816113f090
  0x00007f816113cc30: 448b 5808 

  0x00007f816113cc34: ;   {metadata('com/saigou/grpc/Point')}
  0x00007f816113cc34: 4181 fb38 | b422 010f | 8503 1800 | 00c5 fa10 

  0x00007f816113cc44: ;   {section_word}
  0x00007f816113cc44: 401c c5f8 | 2e05 72e6 | ffff 7a06 | 0f84 fa00 | 0000 488b | 7424 70ba | 0500 0000 | 9048 b868 
  0x00007f816113cc64: b31d eb80 

  0x00007f816113cc68: ;   {virtual_call}
  0x00007f816113cc68: 7f00 00e8 

  0x00007f816113cc6c: ; ImmutableOopMap {rbp=NarrowOop [16]=Oop [40]=Oop [48]=Oop [56]=Oop [64]=Oop [72]=Oop [104]=Oop [112]=Oop }
                      ;*invokeinterface get {reexecute=0 rethrow=0 return_oop=1}
                      ; - com.saigou.draw.Draw::drawPersonPose@77 (line 88)
                      ; - com.saigou.thread.PushStreamThread::run@400 (line 120)
  0x00007f816113cc6c: 30b2 fdff 

  0x00007f816113cc70: ; implicit exception: dispatches to 0x00007f816113f0a8
  0x00007f816113cc70: 448b 5008 

  0x00007f816113cc74: ;   {metadata('com/saigou/grpc/Point')}
  0x00007f816113cc74: 4181 fa38 | b422 010f | 852b 1800 | 00c5 fa10 

  0x00007f816113cc84: ;   {section_word}
  0x00007f816113cc84: 4818 c5f8 | 2e0d 32e6 | ffff 7a06 | 0f84 ba00 | 0000 488b | 7424 70ba | 0600 0000 | 9048 b868 
  0x00007f816113cca4: b31d eb80 

  0x00007f816113cca8: ;   {virtual_call}
  0x00007f816113cca8: 7f00 00e8 

  0x00007f816113ccac: ; ImmutableOopMap {rbp=NarrowOop [16]=Oop [40]=Oop [48]=Oop [56]=Oop [64]=Oop [72]=Oop [104]=Oop [112]=Oop }
                      ;*invokeinterface get {reexecute=0 rethrow=0 return_oop=1}
                      ; - com.saigou.draw.Draw::drawPersonPose@97 (line 88)
                      ; - com.saigou.thread.PushStreamThread::run@400 (line 120)
  0x00007f816113ccac: f0b1 fdff 

  0x00007f816113ccb0: ; implicit exception: dispatches to 0x00007f816113f0c0
  0x00007f816113ccb0: 448b 5808 

  0x00007f816113ccb4: ;   {metadata('com/saigou/grpc/Point')}
  0x00007f816113ccb4: 4181 fb38 | b422 010f | 8553 1800 | 00c5 fa10 

  0x00007f816113ccc4: ;   {section_word}
  0x00007f816113ccc4: 4018 c5f8 | 2e05 f2e5 | ffff 7a06 | 0f84 7a00 | 0000 488b | 7424 70ba | 0500 0000 | 9048 b868 
  0x00007f816113cce4: b31d eb80 

  0x00007f816113cce8: ;   {virtual_call}
  0x00007f816113cce8: 7f00 00e8 

  0x00007f816113ccec: ; ImmutableOopMap {rbp=NarrowOop [16]=Oop [40]=Oop [48]=Oop [56]=Oop [64]=Oop [72]=Oop [104]=Oop [112]=Oop }
                      ;*invokeinterface get {reexecute=0 rethrow=0 return_oop=1}
                      ; - com.saigou.draw.Draw::drawPersonPose@117 (line 89)
                      ; - com.saigou.thread.PushStreamThread::run@400 (line 120)
  0x00007f816113ccec: b0b1 fdff 

  0x00007f816113ccf0: ; implicit exception: dispatches to 0x00007f816113f0d8
  0x00007f816113ccf0: 448b 5008 

  0x00007f816113ccf4: ;   {metadata('com/saigou/grpc/Point')}
  0x00007f816113ccf4: 4181 fa38 | b422 010f | 857b 1800 | 0048 8944 | 2478 488b | 7424 70ba | 0600 0000 | 9048 b868 
  0x00007f816113cd14: b31d eb80 

  0x00007f816113cd18: ;   {virtual_call}
  0x00007f816113cd18: 7f00 00e8 

  0x00007f816113cd1c: ; ImmutableOopMap {rbp=NarrowOop [16]=Oop [40]=Oop [48]=Oop [56]=Oop [64]=Oop [72]=Oop [104]=Oop [112]=Oop [120]=Oop }
                      ;*invokeinterface get {reexecute=0 rethrow=0 return_oop=1}
                      ; - com.saigou.draw.Draw::drawPersonPose@128 (line 89)
                      ; - com.saigou.thread.PushStreamThread::run@400 (line 120)
  0x00007f816113cd1c: 80b1 fdff 

  0x00007f816113cd20: ; implicit exception: dispatches to 0x00007f816113f0e4
  0x00007f816113cd20: 448b 5808 

  0x00007f816113cd24: ;   {metadata('com/saigou/grpc/Point')}
  0x00007f816113cd24: 4181 fb38 | b422 010f | 857f 1800 | 0048 8bc8 | 488b 7424 | 3848 8b54 | 2478 4c8b | 4424 6841 
  0x00007f816113cd44: b901 0000 

  0x00007f816113cd48: ;   {static_call}
  0x00007f816113cd48: 0066 90e8 

  0x00007f816113cd4c: ; ImmutableOopMap {rbp=NarrowOop [16]=Oop [40]=Oop [48]=Oop [56]=Oop [64]=Oop [72]=Oop [104]=Oop [112]=Oop }
                      ;*invokestatic drawLine {reexecute=0 rethrow=0 return_oop=0}
                      ; - com.saigou.draw.Draw::drawPersonPose@138 (line 89)
                      ; - com.saigou.thread.PushStreamThread::run@400 (line 120)
  0x00007f816113cd4c: 9035 73f8 | 488b 7424 | 70ba 0b00 | 0000 6666 | 9048 b868 | b31d eb80 

  0x00007f816113cd64: ;   {virtual_call}
  0x00007f816113cd64: 7f00 00e8 

  0x00007f816113cd68: ; ImmutableOopMap {rbp=NarrowOop [16]=Oop [40]=Oop [48]=Oop [56]=Oop [64]=Oop [72]=Oop [104]=Oop [112]=Oop }
                      ;*invokeinterface get {reexecute=0 rethrow=0 return_oop=1}
                      ; - com.saigou.draw.Draw::drawPersonPose@144 (line 91)
                      ; - com.saigou.thread.PushStreamThread::run@400 (line 120)
  0x00007f816113cd68: 34b1 fdff 

  0x00007f816113cd6c: ; implicit exception: dispatches to 0x00007f816113f054
  0x00007f816113cd6c: 448b 5008 

  0x00007f816113cd70: ;   {metadata('com/saigou/grpc/Point')}
  0x00007f816113cd70: 4181 fa38 | b422 010f | 8593 1600 | 00c5 fa10 

  0x00007f816113cd80: ;   {section_word}
  0x00007f816113cd80: 481c c5f8 | 2e0d 36e5 | ffff 7a06 | 0f84 aefc | ffff 488b | 7424 70ba | 0c00 0000 | 9048 b868 
  0x00007f816113cda0: b31d eb80 

  0x00007f816113cda4: ;   {virtual_call}
  0x00007f816113cda4: 7f00 00e8 

  0x00007f816113cda8: ; ImmutableOopMap {rbp=NarrowOop [16]=Oop [40]=Oop [48]=Oop [56]=Oop [64]=Oop [72]=Oop [104]=Oop [112]=Oop }
                      ;*invokeinterface get {reexecute=0 rethrow=0 return_oop=1}
                      ; - com.saigou.draw.Draw::drawPersonPose@164 (line 91)
                      ; - com.saigou.thread.PushStreamThread::run@400 (line 120)
  0x00007f816113cda8: f4b0 fdff 

  0x00007f816113cdac: ; implicit exception: dispatches to 0x00007f816113f09c
  0x00007f816113cdac: 448b 5808 

  0x00007f816113cdb0: ;   {metadata('com/saigou/grpc/Point')}
  0x00007f816113cdb0: 4181 fb38 | b422 010f | 85bb 1600 | 00c5 fa10 

  0x00007f816113cdc0: ;   {section_word}
  0x00007f816113cdc0: 401c c5f8 | 2e05 f6e4 | ffff 7a06 | 0f84 6efc | ffff 488b | 7424 70ba | 0b00 0000 | 9048 b868 
  0x00007f816113cde0: b31d eb80 

  0x00007f816113cde4: ;   {virtual_call}
  0x00007f816113cde4: 7f00 00e8 

  0x00007f816113cde8: ; ImmutableOopMap {rbp=NarrowOop [16]=Oop [40]=Oop [48]=Oop [56]=Oop [64]=Oop [72]=Oop [104]=Oop [112]=Oop }
                      ;*invokeinterface get {reexecute=0 rethrow=0 return_oop=1}
                      ; - com.saigou.draw.Draw::drawPersonPose@184 (line 91)
                      ; - com.saigou.thread.PushStreamThread::run@400 (line 120)
  0x00007f816113cde8: b4b0 fdff 

  0x00007f816113cdec: ; implicit exception: dispatches to 0x00007f816113f0b4
  0x00007f816113cdec: 448b 5008 

  0x00007f816113cdf0: ;   {metadata('com/saigou/grpc/Point')}
  0x00007f816113cdf0: 4181 fa38 | b422 010f | 85e3 1600 | 00c5 fa10 

  0x00007f816113ce00: ;   {section_word}
  0x00007f816113ce00: 4818 c5f8 | 2e0d b6e4 | ffff 7a06 | 0f84 2efc | ffff 488b | 7424 70ba | 0c00 0000 | 9048 b868 
  0x00007f816113ce20: b31d eb80 

  0x00007f816113ce24: ;   {virtual_call}
  0x00007f816113ce24: 7f00 00e8 

  0x00007f816113ce28: ; ImmutableOopMap {rbp=NarrowOop [16]=Oop [40]=Oop [48]=Oop [56]=Oop [64]=Oop [72]=Oop [104]=Oop [112]=Oop }
                      ;*invokeinterface get {reexecute=0 rethrow=0 return_oop=1}
                      ; - com.saigou.draw.Draw::drawPersonPose@204 (line 91)
                      ; - com.saigou.thread.PushStreamThread::run@400 (line 120)
  0x00007f816113ce28: 74b0 fdff 

  0x00007f816113ce2c: ; implicit exception: dispatches to 0x00007f816113f0cc
  0x00007f816113ce2c: 448b 5808 

  0x00007f816113ce30: ;   {metadata('com/saigou/grpc/Point')}
  0x00007f816113ce30: 4181 fb38 | b422 010f | 850b 1700 | 00c5 fa10 

  0x00007f816113ce40: ;   {section_word}
  0x00007f816113ce40: 4018 c5f8 | 2e05 76e4 | ffff 7a06 | 0f84 eefb | ffff 488b | 7424 70ba | 0b00 0000 | 9048 b868 
  0x00007f816113ce60: b31d eb80 

  0x00007f816113ce64: ;   {virtual_call}
  0x00007f816113ce64: 7f00 00e8 

  0x00007f816113ce68: ; ImmutableOopMap {rbp=NarrowOop [16]=Oop [40]=Oop [48]=Oop [56]=Oop [64]=Oop [72]=Oop [104]=Oop [112]=Oop }
                      ;*invokeinterface get {reexecute=0 rethrow=0 return_oop=1}
                      ; - com.saigou.draw.Draw::drawPersonPose@225 (line 92)
                      ; - com.saigou.thread.PushStreamThread::run@400 (line 120)
  0x00007f816113ce68: 34b0 fdff 

  0x00007f816113ce6c: ; implicit exception: dispatches to 0x00007f816113f0f8
  0x00007f816113ce6c: 448b 5008 

  0x00007f816113ce70: ;   {metadata('com/saigou/grpc/Point')}
  0x00007f816113ce70: 4181 fa38 | b422 010f | 8567 1700 | 0048 8944 | 2478 488b | 7424 70ba | 0c00 0000 | 488b 6c24 
  0x00007f816113ce90: 3048 b868 | b31d eb80 

  0x00007f816113ce98: ;   {virtual_call}
  0x00007f816113ce98: 7f00 00e8 

  0x00007f816113ce9c: ; ImmutableOopMap {rbp=Oop [16]=Oop [40]=Oop [48]=Oop [56]=Oop [64]=Oop [72]=Oop [104]=Oop [120]=Oop }
                      ;*invokeinterface get {reexecute=0 rethrow=0 return_oop=1}
                      ; - com.saigou.draw.Draw::drawPersonPose@236 (line 92)
                      ; - com.saigou.thread.PushStreamThread::run@400 (line 120)
  0x00007f816113ce9c: 00b0 fdff 

  0x00007f816113cea0: ; implicit exception: dispatches to 0x00007f816113f104
  0x00007f816113cea0: 448b 5808 

  0x00007f816113cea4: ;   {metadata('com/saigou/grpc/Point')}
  0x00007f816113cea4: 4181 fb38 | b422 010f | 846f fbff | ffbe deff | ffff 488b | 6c24 104c | 8b54 2418 | 4c89 5424 
  0x00007f816113cec4: 104c 8b54 | 2420 4c89 | 5424 184c | 8b54 2428 | 4c89 5424 | 2048 8944 

  0x00007f816113cedc: ;   {runtime_call UncommonTrapBlob}
  0x00007f816113cedc: 2448 90e8 

  0x00007f816113cee0: ; ImmutableOopMap {rbp=Oop [32]=Oop [48]=Oop [56]=Oop [64]=Oop [72]=Oop }
                      ;*checkcast {reexecute=0 rethrow=0 return_oop=0}
                      ; - com.saigou.draw.Draw::drawPersonPose@241 (line 92)
                      ; - com.saigou.thread.PushStreamThread::run@400 (line 120)
  0x00007f816113cee0: 1c87 77ff | bef6 ffff | ff48 8b6c | 2438 4c8b | 5c24 184c | 895c 2410 | 4c8b 5c24 | 204c 895c 
  0x00007f816113cf00: 2418 448b | 5c24 3044 | 895c 2420 | 448b 5c24 | 3444 895c | 2424 4c89 | 7424 284c | 896c 2430 
  0x00007f816113cf20: 4c89 5424 

  0x00007f816113cf24: ;   {runtime_call UncommonTrapBlob}
  0x00007f816113cf24: 3866 90e8 

  0x00007f816113cf28: ; ImmutableOopMap {rbp=Oop [32]=NarrowOop [36]=NarrowOop [40]=Oop }
                      ;*invokevirtual get {reexecute=0 rethrow=0 return_oop=0}
                      ; - com.saigou.thread.PushStreamThread::run@181 (line 97)
  0x00007f816113cf28: d486 77ff | 448b 4424 | 3445 85c0 | 0f84 1c0a | 0000 4533 | d2e9 35e8 | ffff 4533 | d2e9 09e9 
  0x00007f816113cf48: ffff 4533 | dbe9 ade9 | ffff 49c7 | c380 ffff | ff4d 3bd3 | bdff ffff | ff7c 0840 | 0f95 c540 
  0x00007f816113cf68: 0fb6 edbe | 45ff ffff | 48ff 7424 | 3848 8f44 | 2410 448b | 5c24 3044 | 895c 2428 | 448b 4424 
  0x00007f816113cf88: 3444 8944 | 242c 4c89 | 7424 304c | 896c 2438 | 894c 2440 | 4c89 5424 

  0x00007f816113cfa0: ;   {runtime_call UncommonTrapBlob}
  0x00007f816113cfa0: 4866 90e8 

  0x00007f816113cfa4: ; ImmutableOopMap {[16]=Oop [40]=NarrowOop [44]=NarrowOop [48]=Oop [64]=NarrowOop }
                      ;*iflt {reexecute=1 rethrow=0 return_oop=0}
                      ; - (reexecute) java.lang.Long::valueOf@9 (line 1208)
                      ; - com.saigou.thread.PushStreamThread::run@178 (line 97)
  0x00007f816113cfa4: 5886 77ff | 41bb 7f00 | 0000 4d3b | d3bd ffff | ffff 7c08 | 400f 95c5 | 400f b6ed | be45 ffff 
  0x00007f816113cfc4: ff48 ff74 | 2438 488f | 4424 1044 | 8b44 2430 | 4489 4424 | 2844 8b5c | 2434 4489 | 5c24 2c4c 
  0x00007f816113cfe4: 8974 2430 | 4c89 6c24 | 3889 4c24 | 404c 8954 

  0x00007f816113cff4: ;   {runtime_call UncommonTrapBlob}
  0x00007f816113cff4: 2448 90e8 

  0x00007f816113cff8: ; ImmutableOopMap {[16]=Oop [40]=NarrowOop [44]=NarrowOop [48]=Oop [64]=NarrowOop }
                      ;*ifgt {reexecute=1 rethrow=0 return_oop=0}
                      ; - (reexecute) java.lang.Long::valueOf@17 (line 1208)
                      ; - com.saigou.thread.PushStreamThread::run@178 (line 97)
  0x00007f816113cff8: 0486 77ff | be45 ffff | ff48 8b6c | 2438 4c8b | 5c24 184c | 895c 2410 | 4c8b 5c24 | 204c 895c 
  0x00007f816113d018: 2418 448b | 5c24 3044 | 895c 2420 | 448b 4424 | 3444 8944 | 2424 4c89 | 7424 284c | 896c 2430 
  0x00007f816113d038: 4489 4c24 | 3c89 4c24 | 404c 8954 

  0x00007f816113d044: ;   {runtime_call UncommonTrapBlob}
  0x00007f816113d044: 2448 90e8 

  0x00007f816113d048: ; ImmutableOopMap {rbp=Oop [32]=NarrowOop [36]=NarrowOop [40]=Oop [60]=NarrowOop [64]=NarrowOop }
                      ;*ifnull {reexecute=1 rethrow=0 return_oop=0}
                      ; - (reexecute) java.util.concurrent.ConcurrentSkipListMap::doGet@29 (line 544)
                      ; - java.util.concurrent.ConcurrentSkipListMap::get@2 (line 1312)
                      ; - com.saigou.thread.PushStreamThread::run@181 (line 97)
  0x00007f816113d048: b485 77ff | be45 ffff | ff48 8b6c | 2438 4c8b | 4424 184c | 8944 2410 | 4c8b 4424 | 204c 8944 
  0x00007f816113d068: 2418 448b | 4424 3044 | 8944 2420 | 8b7c 2434 | 897c 2424 | 4c89 7424 | 284c 896c | 2430 4c89 
  0x00007f816113d088: 5c24 3844 | 894c 2440 | 895c 2444 | 8954 2448 | 894c 2450 | 4c89 5424 

  0x00007f816113d0a0: ;   {runtime_call UncommonTrapBlob}
  0x00007f816113d0a0: 5866 90e8 

  0x00007f816113d0a4: ; ImmutableOopMap {rbp=Oop [32]=NarrowOop [36]=NarrowOop [40]=Oop [56]=Oop [64]=NarrowOop [68]=NarrowOop [72]=NarrowOop [80]=NarrowOop }
                      ;*ifnonnull {reexecute=1 rethrow=0 return_oop=0}
                      ; - (reexecute) java.util.concurrent.ConcurrentSkipListMap::doGet@72 (line 548)
                      ; - java.util.concurrent.ConcurrentSkipListMap::get@2 (line 1312)
                      ; - com.saigou.thread.PushStreamThread::run@181 (line 97)
  0x00007f816113d0a4: 5885 77ff | be45 ffff | ff48 8b6c | 2438 4c8b | 4424 184c | 8944 2410 | 4c8b 4424 | 204c 8944 
  0x00007f816113d0c4: 2418 448b | 4424 3044 | 8944 2420 | 8b7c 2434 | 897c 2424 | 4c89 7424 | 284c 896c | 2430 4c89 
  0x00007f816113d0e4: 5c24 3889 | 5c24 4489 | 4c24 4844 | 894c 244c | 8954 2450 | 4489 4c24 | 544c 8954 

  0x00007f816113d100: ;   {runtime_call UncommonTrapBlob}
  0x00007f816113d100: 2458 90e8 

  0x00007f816113d104: ; ImmutableOopMap {rbp=Oop [32]=NarrowOop [36]=NarrowOop [40]=Oop [56]=Oop [68]=NarrowOop [72]=NarrowOop [76]=NarrowOop [80]=NarrowOop [84]=NarrowOop }
                      ;*ifnull {reexecute=1 rethrow=0 return_oop=0}
                      ; - (reexecute) java.util.concurrent.ConcurrentSkipListMap::cpr@1 (line 393)
                      ; - java.util.concurrent.ConcurrentSkipListMap::doGet@97 (line 551)
                      ; - java.util.concurrent.ConcurrentSkipListMap::get@2 (line 1312)
                      ; - com.saigou.thread.PushStreamThread::run@181 (line 97)
  0x00007f816113d104: f884 77ff | be45 ffff | ff48 8b6c | 2438 4c8b | 4424 184c | 8944 2410 | 4c8b 4424 | 204c 8944 
  0x00007f816113d124: 2418 448b | 4c24 3044 | 894c 2420 | 448b 4424 | 3444 8944 | 2424 4c89 | 7424 284c | 896c 2430 
  0x00007f816113d144: 4c89 5c24 | 3889 5c24 | 4089 4c24 | 4489 7c24 | 4c4c 8954 

  0x00007f816113d158: ;   {runtime_call UncommonTrapBlob}
  0x00007f816113d158: 2450 90e8 

  0x00007f816113d15c: ; ImmutableOopMap {rbp=Oop [32]=NarrowOop [36]=NarrowOop [40]=Oop [56]=Oop [64]=NarrowOop [68]=NarrowOop }
                      ;*ifle {reexecute=1 rethrow=0 return_oop=0}
                      ; - (reexecute) java.util.concurrent.ConcurrentSkipListMap::doGet@103 (line 551)
                      ; - java.util.concurrent.ConcurrentSkipListMap::get@2 (line 1312)
                      ; - com.saigou.thread.PushStreamThread::run@181 (line 97)
  0x00007f816113d15c: a084 77ff | be45 ffff | ff48 8b6c | 2438 4c8b | 4424 184c | 8944 2410 | 4c8b 4424 | 204c 8944 
  0x00007f816113d17c: 2418 448b | 4c24 3044 | 894c 2420 | 448b 4424 | 3444 8944 | 2424 4c89 | 7424 284c | 896c 2430 
  0x00007f816113d19c: 4c89 5c24 | 3889 4c24 | 4089 7c24 | 444c 8954 

  0x00007f816113d1ac: ;   {runtime_call UncommonTrapBlob}
  0x00007f816113d1ac: 2448 90e8 

  0x00007f816113d1b0: ; ImmutableOopMap {rbp=Oop [32]=NarrowOop [36]=NarrowOop [40]=Oop [56]=Oop [64]=NarrowOop }
                      ;*ifne {reexecute=1 rethrow=0 return_oop=0}
                      ; - (reexecute) java.util.concurrent.ConcurrentSkipListMap::doGet@114 (line 553)
                      ; - java.util.concurrent.ConcurrentSkipListMap::get@2 (line 1312)
                      ; - com.saigou.thread.PushStreamThread::run@181 (line 97)
  0x00007f816113d1b0: 4c84 77ff | be45 ffff | ff48 8b6c | 2438 4c8b | 4c24 184c | 894c 2410 | 4c8b 4c24 | 204c 894c 
  0x00007f816113d1d0: 2418 448b | 4c24 3044 | 894c 2420 | 8b7c 2434 | 897c 2424 | 4c89 7424 | 284c 896c | 2430 4489 
  0x00007f816113d1f0: 5c24 4044 | 8944 2444 | 4889 4c24 | 4889 5c24 | 5048 894c | 2458 4c89 

  0x00007f816113d208: ;   {runtime_call UncommonTrapBlob}
  0x00007f816113d208: 5424 60e8 

  0x00007f816113d20c: ; ImmutableOopMap {rbp=Oop [32]=NarrowOop [36]=NarrowOop [40]=Oop [64]=NarrowOop [68]=NarrowOop [72]=Oop [80]=NarrowOop [88]=Oop }
                      ;*ifnull {reexecute=1 rethrow=0 return_oop=0}
                      ; - (reexecute) java.util.concurrent.ConcurrentSkipListMap::cpr@1 (line 393)
                      ; - java.util.concurrent.ConcurrentSkipListMap::doGet@191 (line 569)
                      ; - java.util.concurrent.ConcurrentSkipListMap::get@2 (line 1312)
                      ; - com.saigou.thread.PushStreamThread::run@181 (line 97)
  0x00007f816113d20c: f083 77ff | be45 ffff | ff48 8b6c | 2438 488b | 4c24 1848 | 894c 2410 | 488b 4c24 | 2048 894c 
  0x00007f816113d22c: 2418 8b4c | 2430 894c | 2420 8b5c | 2434 895c | 2424 4c89 | 7424 284c | 896c 2430 | 4489 5c24 
  0x00007f816113d24c: 3844 8944 | 243c 4489 | 4c24 444c | 8954 2448 

  0x00007f816113d25c: ;   {runtime_call UncommonTrapBlob}
  0x00007f816113d25c: 6666 90e8 

  0x00007f816113d260: ; ImmutableOopMap {rbp=Oop [32]=NarrowOop [36]=NarrowOop [40]=Oop [56]=NarrowOop [60]=NarrowOop }
                      ;*ifle {reexecute=1 rethrow=0 return_oop=0}
                      ; - (reexecute) java.util.concurrent.ConcurrentSkipListMap::doGet@197 (line 569)
                      ; - java.util.concurrent.ConcurrentSkipListMap::get@2 (line 1312)
                      ; - com.saigou.thread.PushStreamThread::run@181 (line 97)
  0x00007f816113d260: 9c83 77ff | 458b 6a1c | 418b 6a28 | 4585 ed0f | 8487 1600 | 0041 807f | 3800 0f85 | 0008 0000 
  0x00007f816113d280: 4389 6cec | 284f 8d14 | ec4c 8bdd | 49c1 e303 | 4d33 da49 | c1eb 164d | 85db 741e | 85ed 741a 
  0x00007f816113d2a0: 49c1 ea09 | 48bf 0020 | 3a55 817f | 0000 4903 | fa80 3f04 | 0f85 6e08 | 0000 f083 | 4424 c000 
  0x00007f816113d2c0: e913 efff | ff41 8b5a | 1c41 8b6a | 2885 db0f | 8447 1600 | 0041 807f | 3800 0f85 | d807 0000 
  0x00007f816113d2e0: 4189 6cdc | 284d 8d14 | dc4c 8bdd | 49c1 e303 | 4d33 da49 | c1eb 164d | 85db 741e | 85ed 741a 
  0x00007f816113d300: 49c1 ea09 | 48bf 0020 | 3a55 817f | 0000 4903 | fa80 3f04 | 0f85 5408 | 0000 f083 | 4424 c000 
  0x00007f816113d320: e977 f2ff | ff45 8b6a | 1c41 8b6a | 2845 85ed | 0f84 0616 | 0000 4180 | 7f38 000f | 85af 0700 
  0x00007f816113d340: 0043 896c | ec28 4f8d | 14ec 4c8b | dd49 c1e3 | 034d 33da | 49c1 eb16 | 4d85 db74 | 1e85 ed74 
  0x00007f816113d360: 1a49 c1ea | 0948 bf00 | 203a 5581 | 7f00 0049 | 03fa 803f | 040f 8539 | 0800 00f0 | 8344 24c0 
  0x00007f816113d380: 00e9 29e7 | ffff 4c8b | 5424 7045 | 8b52 0c45 | 85d2 0f84 | 79ea ffff | 4d8b 5f20 | 498b fa48 
  0x00007f816113d3a0: c1e7 034d | 85db 0f84 | 100b 0000 | 4d8b 5730 | 4b89 7c1a | f849 83c3 | f84d 895f | 20e9 4fea 
  0x00007f816113d3c0: ffff 4c8b | 5424 7845 | 8b5a 0c45 | 85db 0f84 | 59eb ffff | 4d8b 5720 | 498b fb48 | c1e7 034d 
  0x00007f816113d3e0: 85d2 0f84 | e90a 0000 | 4d8b 5f30 | 4b89 7c13 | f849 83c2 | f84d 8957 | 20e9 2feb | ffff 4c8b 
  0x00007f816113d400: 5424 5845 | 8b52 0c45 | 85d2 0f84 | 31f4 ffff | 4d8b 5f20 | 498b fa48 | c1e7 034d | 85db 0f84 
  0x00007f816113d420: c20a 0000 | 4d8b 5730 | 4b89 7c1a | f849 83c3 | f84d 895f | 20e9 07f4 | ffff 4c8b | 5424 7845 
  0x00007f816113d440: 8b52 0c45 | 85d2 0f84 | 14ec ffff | 4d8b 5f20 | 498b fa48 | c1e7 034d | 85db 0f84 | 9b0a 0000 
  0x00007f816113d460: 4d8b 5730 | 4b89 7c1a | f849 83c3 | f84d 895f | 20e9 eaeb | ffff 458b | 54dc 1c45 | 85d2 0f84 
  0x00007f816113d480: 80ed ffff | 4d8b 5f20 | 498b fa48 | c1e7 034d | 85db 0f84 | 780a 0000 | 4d8b 5730 | 4b89 7c1a 
  0x00007f816113d4a0: f849 83c3 | f84d 895f | 20e9 56ed | ffff 4c8b | 5424 6045 | 8b52 2845 | 85d2 0f84 | 9bed ffff 
  0x00007f816113d4c0: 4d8b 5f20 | 498b fa48 | c1e7 034d | 85db 0f84 | 510a 0000 | 4d8b 5730 | 4b89 7c1a | f849 83c3 
  0x00007f816113d4e0: f84d 895f | 20e9 71ed | ffff 458b | 5a1c 4585 | db0f 847e | edff ff4d | 8b57 2049 | 8bfb 48c1 
  0x00007f816113d500: e703 4d85 | d20f 842f | 0a00 004d | 8b5f 304b | 897c 13f8 | 4983 c2f8 | 4d89 5720 | e954 edff 
  0x00007f816113d520: ff4c 8b54 | 2470 458b | 520c 4585 | d20f 84f1 | eeff ff4d | 8b5f 2049 | 8bfa 48c1 | e703 4d85 
  0x00007f816113d540: db0f 8408 | 0a00 004d | 8b57 304b | 897c 1af8 | 4983 c3f8 | 4d89 5f20 | e9c7 eeff | ff47 8b54 
  0x00007f816113d560: ec1c 4585 | d20f 845e | f0ff ff4d | 8b5f 2049 | 8bfa 48c1 | e703 4d85 | db0f 84e5 | 0900 004d 
  0x00007f816113d580: 8b57 304b | 897c 1af8 | 4983 c3f8 | 4d89 5f20 | e934 f0ff | ff4c 8b54 | 2460 458b | 5228 4585 
  0x00007f816113d5a0: d20f 8479 | f0ff ff4d | 8b5f 2049 | 8bfa 48c1 | e703 4d85 | db0f 84be | 0900 004d | 8b57 304b 
  0x00007f816113d5c0: 897c 1af8 | 4983 c3f8 | 4d89 5f20 | e94f f0ff | ff45 8b5a | 1c45 85db | 0f84 5cf0 | ffff 4d8b 
  0x00007f816113d5e0: 5720 498b | fb48 c1e7 | 034d 85d2 | 0f84 9c09 | 0000 4d8b | 5f30 4b89 | 7c13 f849 | 83c2 f84d 
  0x00007f816113d600: 8957 20e9 | 32f0 ffff | 4c8b 5424 | 5845 8b5a | 0c45 85db | 0f84 6af3 | ffff 4d8b | 5720 498b 
  0x00007f816113d620: fb48 c1e7 | 034d 85d2 | 0f84 7509 | 0000 4d8b | 5f30 4b89 | 7c13 f849 | 83c2 f84d | 8957 20e9 
  0x00007f816113d640: 40f3 ffff | 478b 5cf4 | 1c45 85db | 0f84 8ae4 | ffff 4d8b | 5720 498b | fb48 c1e7 

  0x00007f816113d65c: ;   {no_reloc}
  0x00007f816113d65c: 034d 85d2 | 0f84 5209 | 0000 4d8b | 5f30 4b89 | 7c13 f849 | 83c2 f84d | 8957 20e9 | 60e4 ffff 
  0x00007f816113d67c: 4c8b 5424 | 6045 8b5a | 2845 85db | 0f84 a5e4 | ffff 4d8b | 5720 498b | fb48 c1e7 | 034d 85d2 
  0x00007f816113d69c: 0f84 2b09 | 0000 4d8b | 5f30 4b89 | 7c13 f849 | 83c2 f84d | 8957 20e9 | 7be4 ffff | 458b 521c 
  0x00007f816113d6bc: 4585 d20f | 8488 e4ff | ff4d 8b5f | 2049 8bfa | 48c1 e703 | 4d85 db0f | 8409 0900 | 004d 8b57 
  0x00007f816113d6dc: 304b 897c | 1af8 4983 | c3f8 4d89 | 5f20 e95e 

  0x00007f816113d6ec: ;   {oop(a 'java/lang/Class'{0x000000064d400410} = 'org/bytedeco/javacpp/Pointer$DeallocatorReference')}
  0x00007f816113d6ec: e4ff ff49 | ba10 0440 | 4d06 0000 | 0045 8b5a | 7045 85db | 0f84 83ea | ffff 4d8b | 5720 498b 
  0x00007f816113d70c: fb48 c1e7 | 034d 85d2 | 0f84 dd08 | 0000 4d8b | 5f30 4b89 | 7c13 f849 | 83c2 f84d | 8957 20e9 
  0x00007f816113d72c: 59ea ffff 

  0x00007f816113d730: ;   {oop(a 'java/lang/Class'{0x000000064d400410} = 'org/bytedeco/javacpp/Pointer$DeallocatorReference')}
  0x00007f816113d730: 49ba 1004 | 404d 0600 | 0000 458b | 5a70 4585 | db0f 8406 | eeff ff4d | 8b57 2049 | 8bfb 48c1 
  0x00007f816113d750: e703 4d85 | d20f 84b1 | 0800 004d | 8b5f 304b | 897c 13f8 | 4983 c2f8 | 4d89 5720 | e9dc edff 
  0x00007f816113d770: ;   {oop(a 'java/lang/Class'{0x000000064d400410} = 'org/bytedeco/javacpp/Pointer$DeallocatorReference')}
  0x00007f816113d770: ff49 ba10 | 0440 4d06 | 0000 0045 | 8b52 7045 | 85d2 0f84 | d8e2 ffff | 4d8b 5f20 | 498b fa48 
  0x00007f816113d790: c1e7 034d | 85db 0f84 | 8508 0000 | 4d8b 5730 | 4b89 7c1a | f849 83c3 | f84d 895f | 20e9 aee2 
  0x00007f816113d7b0: ffff 4d8b | 5740 4d8b | 5f50 f083 | 4424 c000 | 803f 000f | 8481 eaff | ff44 8827 | 4d85 d275 
  0x00007f816113d7d0: 1549 8bf7 | 49ba 6017 | b076 817f | 0000 41ff | d2e9 64ea | ffff 4b89 | 7c13 f849 | 83c2 f84d 
  0x00007f816113d7f0: 8957 40e9 | 52ea ffff | 4d8b 5740 | 4d8b 5f50 | f083 4424 | c000 803f | 000f 8400 | eeff ff44 
  0x00007f816113d810: 8827 4d85 | d275 1549 | 8bf7 49ba | 6017 b076 | 817f 0000 | 41ff d2e9 | e3ed ffff | 4b89 7c13 
  0x00007f816113d830: f849 83c2 | f84d 8957 | 40e9 d1ed | ffff 4d8b | 5740 4d8b | 5f50 f083 | 4424 c000 | 803f 000f 
  0x00007f816113d850: 84cd e2ff | ff44 8827 | 4d85 d275 | 1549 8bf7 | 49ba 6017 | b076 817f | 0000 41ff | d2e9 b0e2 
  0x00007f816113d870: ffff 4b89 | 7c13 f849 | 83c2 f84d | 8957 40e9 | 9ee2 ffff | 4d8b 5740 | 4d8b 5f50 | f083 4424 
  0x00007f816113d890: c000 803f | 000f 8437 | e9ff ff44 | 8827 4d85 | d275 1549 | 8bf7 49ba | 6017 b076 | 817f 0000 
  0x00007f816113d8b0: 41ff d2e9 | 1ae9 ffff | 4b89 7c13 | f849 83c2 | f84d 8957 | 40e9 08e9 | ffff 4d8b | 5740 4d8b 
  0x00007f816113d8d0: 5f50 f083 | 4424 c000 | 803f 000f | 84b5 ecff | ff44 8827 | 4d85 d275 | 1549 8bf7 | 49ba 6017 
  0x00007f816113d8f0: b076 817f | 0000 41ff | d2e9 98ec | ffff 4b89 | 7c13 f849 | 83c2 f84d | 8957 40e9 | 86ec ffff 
  0x00007f816113d910: 4d8b 5740 | 4d8b 5f50 | f083 4424 | c000 803f | 000f 8482 | e1ff ff44 | 8827 4d85 | d275 1549 
  0x00007f816113d930: 8bf7 49ba | 6017 b076 | 817f 0000 | 41ff d2e9 | 65e1 ffff | 4b89 7c13 | f849 83c2 | f84d 8957 
  0x00007f816113d950: 40e9 53e1 | ffff 4585 | d20f 84f1 | 0f00 0048 | 8b6c 2428 | 4533 db45 | 33c0 4c89 | 5c24 284c 
  0x00007f816113d970: 8944 2430 | e9ce dfff | ff45 33c0 | e902 daff | ff45 33c9 | e931 daff | ff33 ffe9 | 54da ffff 
  0x00007f816113d990: 4533 dbe9 | 6ada ffff | c5fa 114c | 242c c5fb | 1144 2468 

  0x00007f816113d9a4: ;   {metadata('org/bytedeco/opencv/opencv_core/Point')}
  0x00007f816113d9a4: 48be 9814 | 1fec 807f | 0000 488b 

  0x00007f816113d9b0: ;   {runtime_call _new_instance_Java}
  0x00007f816113d9b0: 6c24 10e8 

  0x00007f816113d9b4: ; ImmutableOopMap {rbp=Oop [16]=Oop [40]=NarrowOop [48]=NarrowOop [56]=Oop [64]=Oop [72]=Oop [80]=Oop [88]=Oop [96]=Oop }
                      ;*new {reexecute=0 rethrow=0 return_oop=1}
                      ; - com.saigou.draw.Draw::drawRectangle@0 (line 23)
                      ; - com.saigou.thread.PushStreamThread::run@332 (line 113)
  0x00007f816113d9b4: 48de 81ff | e9d9 e3ff 

  0x00007f816113d9bc: ;   {metadata('org/bytedeco/opencv/opencv_core/Point')}
  0x00007f816113d9bc: ff48 be98 | 141f ec80 | 7f00 0048 | 8b6c 2410 

  0x00007f816113d9cc: ;   {runtime_call _new_instance_Java}
  0x00007f816113d9cc: 6666 90e8 

  0x00007f816113d9d0: ; ImmutableOopMap {rbp=Oop [16]=Oop [48]=NarrowOop [56]=Oop [64]=Oop [72]=Oop [80]=Oop [88]=Oop [96]=Oop [112]=Oop }
                      ;*new {reexecute=0 rethrow=0 return_oop=1}
                      ; - com.saigou.draw.Draw::drawRectangle@30 (line 24)
                      ; - com.saigou.thread.PushStreamThread::run@332 (line 113)
  0x00007f816113d9d0: 2cde 81ff | e9d3 e4ff | ffc5 fa11 

  0x00007f816113d9dc: ;   {metadata('org/bytedeco/opencv/opencv_core/Point')}
  0x00007f816113d9dc: 4c24 2c48 | be98 141f | ec80 7f00 | 0048 8b6c 

  0x00007f816113d9ec: ;   {runtime_call _new_instance_Java}
  0x00007f816113d9ec: 2410 90e8 

  0x00007f816113d9f0: ; ImmutableOopMap {rbp=Oop [16]=Oop [40]=NarrowOop [48]=NarrowOop [56]=Oop [64]=Oop [72]=Oop [80]=Oop [96]=Oop }
                      ;*new {reexecute=0 rethrow=0 return_oop=1}
                      ; - com.saigou.draw.Draw::drawText@0 (line 52)
                      ; - com.saigou.thread.PushStreamThread::run@347 (line 114)
  0x00007f816113d9f0: 0cde 81ff | e9cd edff | ffc5 fb11 | 5424 60c5 | fb11 4c24 | 58c5 fb11 

  0x00007f816113da08: ;   {metadata('org/bytedeco/opencv/opencv_core/Scalar')}
  0x00007f816113da08: 4424 5048 | be98 aa1d | ec80 7f00 

  0x00007f816113da14: ;   {runtime_call _new_instance_Java}
  0x00007f816113da14: 0066 90e8 

  0x00007f816113da18: ; ImmutableOopMap {rbp=NarrowOop [16]=Oop [40]=Oop [48]=Oop [56]=Oop [64]=Oop [72]=Oop }
                      ;*new {reexecute=0 rethrow=0 return_oop=1}
                      ; - com.saigou.draw.Draw::drawPersonPose@0 (line 84)
                      ; - com.saigou.thread.PushStreamThread::run@400 (line 120)
  0x00007f816113da18: e4dd 81ff | e939 f1ff | ffbe f6ff | ffff 4c8b | 5424 184c | 8954 2410 | 4c8b 5424 | 204c 8954 
  0x00007f816113da38: ;   {runtime_call UncommonTrapBlob}
  0x00007f816113da38: 2418 90e8 

  0x00007f816113da3c: ; ImmutableOopMap {[48]=NarrowOop [52]=NarrowOop [56]=Oop }
                      ;*invokevirtual poll {reexecute=0 rethrow=0 return_oop=0}
                      ; - com.saigou.thread.PushStreamThread::run@87 (line 89)
  0x00007f816113da3c: c07b 77ff 

  0x00007f816113da40: ;   {oop(a 'java/lang/Class'{0x00000007ffb00770} = 'java/lang/System')}
  0x00007f816113da40: 49ba 7007 | b0ff 0700 | 0000 418b | 6a74 bead | ffff ff4c | 8b54 2438 | 4c89 5424 | 1044 8b5c 
  0x00007f816113da60: 2430 4489 | 5c24 2844 | 8b54 2434 | 4489 5424 | 2c48 8944 | 2430 4c89 

  0x00007f816113da78: ;   {runtime_call UncommonTrapBlob}
  0x00007f816113da78: 4424 48e8 

  0x00007f816113da7c: ; ImmutableOopMap {rbp=NarrowOop [16]=Oop [40]=NarrowOop [44]=NarrowOop [48]=Oop }
                      ;*invokedynamic {reexecute=0 rethrow=0 return_oop=0}
                      ; - com.saigou.thread.PushStreamThread::run@121 (line 91)
  0x00007f816113da7c: 807b 77ff | 478b 54ec | 2845 85d2 | 0f84 f2f7 | ffff 4d8b | 5f20 498b | fa48 c1e7 | 034d 85db 
  0x00007f816113da9c: 0f84 be0e | 0000 4d8b | 5730 4b89 | 7c1a f849 | 83c3 f84d | 895f 20e9 | c8f7 ffff | 458b 54dc 
  0x00007f816113dabc: 2845 85d2 | 0f84 1af8 | ffff 4d8b | 5f20 498b | fa48 c1e7 | 034d 85db | 0f84 9b0e | 0000 4d8b 
  0x00007f816113dadc: 5730 4b89 | 7c1a f849 | 83c3 f84d | 895f 20e9 | f0f7 ffff | 478b 5cec | 2845 85db | 0f84 43f8 
  0x00007f816113dafc: ffff 4d8b | 5720 498b | fb48 c1e7 | 034d 85d2 | 0f84 780e | 0000 4d8b | 5f30 4b89 | 7c13 f849 
  0x00007f816113db1c: 83c2 f84d | 8957 20e9 | 19f8 ffff | 4d8b 5740 | 4d8b 5f50 | f083 4424 | c000 803f | 000f 847b 
  0x00007f816113db3c: f7ff ff44 | 8827 4d85 | d275 1549 | 8bf7 49ba | 6017 b076 | 817f 0000 | 41ff d2e9 | 5ef7 ffff 
  0x00007f816113db5c: 4b89 7c13 | f849 83c2 | f84d 8957 | 40e9 4cf7 | ffff 4d8b | 5740 4d8b | 5f50 f083 | 4424 c000 
  0x00007f816113db7c: 803f 000f | 8495 f7ff | ff44 8827 | 4d85 d275 | 1549 8bf7 | 49ba 6017 | b076 817f | 0000 41ff 
  0x00007f816113db9c: d2e9 78f7 | ffff 4b89 | 7c13 f849 | 83c2 f84d | 8957 40e9 | 66f7 ffff | 4d8b 5740 | 4d8b 5f50 
  0x00007f816113dbbc: f083 4424 | c000 803f | 000f 84b0 | f7ff ff44 | 8827 4d85 | d275 1549 | 8bf7 49ba | 6017 b076 
  0x00007f816113dbdc: 817f 0000 | 41ff d2e9 | 93f7 ffff | 4b89 7c13 | f849 83c2 | f84d 8957 | 40e9 81f7 | ffff bee4 
  0x00007f816113dbfc: ffff ff48 | 8b6c 2410 | 4c8b 5c24 | 184c 895c | 2410 4c8b | 5c24 204c | 895c 2418 | 448b 4424 
  0x00007f816113dc1c: 3044 8944 | 2420 4c8b | 5c24 384c | 895c 2430 | 4489 4c24 | 2444 8954 

  0x00007f816113dc34: ;   {runtime_call UncommonTrapBlob}
  0x00007f816113dc34: 2438 90e8 

  0x00007f816113dc38: ; ImmutableOopMap {rbp=Oop [32]=NarrowOop [36]=NarrowOop [48]=Oop [64]=Oop [72]=Oop }
                      ;*aaload {reexecute=0 rethrow=0 return_oop=0}
                      ; - java.util.ArrayList$Itr::next@64 (line 975)
                      ; - java.util.Collections$UnmodifiableCollection$1::next@4 (line 1054)
                      ; - com.saigou.thread.PushStreamThread::run@310 (line 112)
  0x00007f816113dc38: c479 77ff | bef6 ffff | ff48 8b6c | 2410 4c8b | 5424 184c | 8954 2410 | 4c8b 5424 | 204c 8954 
  0x00007f816113dc58: 2418 448b | 5424 3044 | 8954 2420 | 4c8b 5424 | 384c 8954 

  0x00007f816113dc6c: ;   {runtime_call UncommonTrapBlob}
  0x00007f816113dc6c: 2430 90e8 

  0x00007f816113dc70: ; ImmutableOopMap {rbp=Oop [32]=NarrowOop [48]=Oop [64]=Oop [72]=Oop [88]=Oop [112]=Oop }
                      ;*invokevirtual decrementAndGet {reexecute=0 rethrow=0 return_oop=0}
                      ; - org.bytedeco.javacpp.Pointer$DeallocatorReference::release@11 (line 361)
                      ; - org.bytedeco.javacpp.Pointer::releaseReference@13 (line 818)
                      ; - org.bytedeco.javacpp.Pointer::close@1 (line 767)
                      ; - com.saigou.draw.Draw::drawRectangle@77 (line 26)
                      ; - com.saigou.thread.PushStreamThread::run@332 (line 113)
  0x00007f816113dc70: 8c79 77ff | bef6 ffff | ff44 8b5c | 2430 4489 | 5c24 284c | 8b54 2458 | 4c89 5424 

  0x00007f816113dc8c: ;   {runtime_call UncommonTrapBlob}
  0x00007f816113dc8c: 5066 90e8 

  0x00007f816113dc90: ; ImmutableOopMap {rbp=NarrowOop [16]=Oop [40]=NarrowOop [56]=Oop [64]=Oop [72]=Oop [80]=Oop [96]=Oop [112]=Oop }
                      ;*putfield prev {reexecute=1 rethrow=0 return_oop=0}
                      ; - (reexecute) org.bytedeco.javacpp.Pointer$DeallocatorReference::remove@65 (line 330)
                      ; - org.bytedeco.javacpp.Pointer::releaseReference@34 (line 822)
                      ; - org.bytedeco.javacpp.Pointer::close@1 (line 767)
                      ; - com.saigou.draw.Draw::drawRectangle@77 (line 26)
                      ; - com.saigou.thread.PushStreamThread::run@332 (line 113)
  0x00007f816113dc90: 6c79 77ff | bef6 ffff | ff48 8b6c | 2410 4c8b | 5424 184c | 8954 2410 | 4c8b 5424 | 204c 8954 
  0x00007f816113dcb0: 2418 448b | 5c24 3044 | 895c 2420 | 4c8b 5424 | 384c 8954 

  0x00007f816113dcc4: ;   {runtime_call UncommonTrapBlob}
  0x00007f816113dcc4: 2430 90e8 

  0x00007f816113dcc8: ; ImmutableOopMap {rbp=Oop [32]=NarrowOop [48]=Oop [64]=Oop [72]=Oop [88]=Oop }
                      ;*invokevirtual decrementAndGet {reexecute=0 rethrow=0 return_oop=0}
                      ; - org.bytedeco.javacpp.Pointer$DeallocatorReference::release@11 (line 361)
                      ; - org.bytedeco.javacpp.Pointer::releaseReference@13 (line 818)
                      ; - org.bytedeco.javacpp.Pointer::close@1 (line 767)
                      ; - com.saigou.draw.Draw::drawRectangle@106 (line 26)
                      ; - com.saigou.thread.PushStreamThread::run@332 (line 113)
  0x00007f816113dcc8: 3479 77ff | bef6 ffff | ff44 8b5c | 2430 4489 | 5c24 284c | 8b54 2458 | 4c89 5424 

  0x00007f816113dce4: ;   {runtime_call UncommonTrapBlob}
  0x00007f816113dce4: 5066 90e8 

  0x00007f816113dce8: ; ImmutableOopMap {rbp=NarrowOop [16]=Oop [40]=NarrowOop [56]=Oop [64]=Oop [72]=Oop [80]=Oop [96]=Oop }
                      ;*putfield prev {reexecute=1 rethrow=0 return_oop=0}
                      ; - (reexecute) org.bytedeco.javacpp.Pointer$DeallocatorReference::remove@65 (line 330)
                      ; - org.bytedeco.javacpp.Pointer::releaseReference@34 (line 822)
                      ; - org.bytedeco.javacpp.Pointer::close@1 (line 767)
                      ; - com.saigou.draw.Draw::drawRectangle@106 (line 26)
                      ; - com.saigou.thread.PushStreamThread::run@332 (line 113)
  0x00007f816113dce8: 1479 77ff | bef6 ffff | ff48 8b6c | 2410 4c8b | 5424 184c | 8954 2410 | 4c8b 5424 | 204c 8954 
  0x00007f816113dd08: 2418 448b | 5c24 3044 | 895c 2420 | 4c8b 5424 | 384c 8954 

  0x00007f816113dd1c: ;   {runtime_call UncommonTrapBlob}
  0x00007f816113dd1c: 2430 90e8 

  0x00007f816113dd20: ; ImmutableOopMap {rbp=Oop [32]=NarrowOop [48]=Oop [64]=Oop [72]=Oop }
                      ;*invokevirtual decrementAndGet {reexecute=0 rethrow=0 return_oop=0}
                      ; - org.bytedeco.javacpp.Pointer$DeallocatorReference::release@11 (line 361)
                      ; - org.bytedeco.javacpp.Pointer::releaseReference@13 (line 818)
                      ; - org.bytedeco.javacpp.Pointer::close@1 (line 767)
                      ; - com.saigou.draw.Draw::drawText@46 (line 54)
                      ; - com.saigou.thread.PushStreamThread::run@347 (line 114)
  0x00007f816113dd20: dc78 77ff | bef6 ffff | ff44 8b5c | 2430 4489 

  0x00007f816113dd30: ;   {runtime_call UncommonTrapBlob}
  0x00007f816113dd30: 5c24 28e8 

  0x00007f816113dd34: ; ImmutableOopMap {rbp=NarrowOop [16]=Oop [40]=NarrowOop [56]=Oop [64]=Oop [72]=Oop [96]=Oop }
                      ;*putfield prev {reexecute=1 rethrow=0 return_oop=0}
                      ; - (reexecute) org.bytedeco.javacpp.Pointer$DeallocatorReference::remove@65 (line 330)
                      ; - org.bytedeco.javacpp.Pointer::releaseReference@34 (line 822)
                      ; - org.bytedeco.javacpp.Pointer::close@1 (line 767)
                      ; - com.saigou.draw.Draw::drawText@46 (line 54)
                      ; - com.saigou.thread.PushStreamThread::run@347 (line 114)
  0x00007f816113dd34: c878 77ff 

  0x00007f816113dd38: ;   {oop(a 'java/lang/Class'{0x000000064d400410} = 'org/bytedeco/javacpp/Pointer$DeallocatorReference')}
  0x00007f816113dd38: 48be 1004 | 404d 0600 | 0000 488d | 9424 a000 | 0000 488b 

  0x00007f816113dd4c: ;   {runtime_call _complete_monitor_locking_Java}
  0x00007f816113dd4c: 6c24 10e8 

  0x00007f816113dd50: ; ImmutableOopMap {rbp=Oop [16]=Oop [48]=NarrowOop [56]=Oop [64]=Oop [72]=Oop [80]=Oop [88]=Oop [96]=Oop [112]=Oop }
                      ;*monitorenter {reexecute=0 rethrow=0 return_oop=0}
                      ; - org.bytedeco.javacpp.Pointer$DeallocatorReference::remove@21 (line 323)
                      ; - org.bytedeco.javacpp.Pointer::releaseReference@34 (line 822)
                      ; - org.bytedeco.javacpp.Pointer::close@1 (line 767)
                      ; - com.saigou.draw.Draw::drawRectangle@77 (line 26)
                      ; - com.saigou.thread.PushStreamThread::run@332 (line 113)
  0x00007f816113dd50: acc5 81ff | e912 e4ff 

  0x00007f816113dd58: ;   {oop(a 'java/lang/Class'{0x000000064d400410} = 'org/bytedeco/javacpp/Pointer$DeallocatorReference')}
  0x00007f816113dd58: ff48 bf10 | 0440 4d06 | 0000 0048 | 8db4 24a0 | 0000 0049 | 8bd7 49ba | 40d0 1177 | 817f 0000 
  0x00007f816113dd78: 41ff d2e9 | f1e5 ffff 

  0x00007f816113dd80: ;   {oop(a 'java/lang/Class'{0x000000064d400410} = 'org/bytedeco/javacpp/Pointer$DeallocatorReference')}
  0x00007f816113dd80: 48be 1004 | 404d 0600 | 0000 488d | 9424 a000 | 0000 488b 

  0x00007f816113dd94: ;   {runtime_call _complete_monitor_locking_Java}
  0x00007f816113dd94: 6c24 10e8 

  0x00007f816113dd98: ; ImmutableOopMap {rbp=Oop [16]=Oop [48]=NarrowOop [56]=Oop [64]=Oop [72]=Oop [80]=Oop [88]=Oop [96]=Oop }
                      ;*monitorenter {reexecute=0 rethrow=0 return_oop=0}
                      ; - org.bytedeco.javacpp.Pointer$DeallocatorReference::remove@21 (line 323)
                      ; - org.bytedeco.javacpp.Pointer::releaseReference@34 (line 822)
                      ; - org.bytedeco.javacpp.Pointer::close@1 (line 767)
                      ; - com.saigou.draw.Draw::drawRectangle@106 (line 26)
                      ; - com.saigou.thread.PushStreamThread::run@332 (line 113)
  0x00007f816113dd98: 64c5 81ff | e98e e7ff 

  0x00007f816113dda0: ;   {oop(a 'java/lang/Class'{0x000000064d400410} = 'org/bytedeco/javacpp/Pointer$DeallocatorReference')}
  0x00007f816113dda0: ff48 bf10 | 0440 4d06 | 0000 0048 | 8db4 24a0 | 0000 0049 | 8bd7 49ba | 40d0 1177 | 817f 0000 
  0x00007f816113ddc0: 41ff d2e9 | 6ee9 ffff 

  0x00007f816113ddc8: ;   {oop(a 'java/lang/Class'{0x000000064d400410} = 'org/bytedeco/javacpp/Pointer$DeallocatorReference')}
  0x00007f816113ddc8: 48be 1004 | 404d 0600 | 0000 488d | 9424 a000 | 0000 488b 

  0x00007f816113dddc: ;   {runtime_call _complete_monitor_locking_Java}
  0x00007f816113dddc: 6c24 10e8 

  0x00007f816113dde0: ; ImmutableOopMap {rbp=Oop [16]=Oop [48]=NarrowOop [56]=Oop [64]=Oop [72]=Oop [80]=Oop [96]=Oop }
                      ;*monitorenter {reexecute=0 rethrow=0 return_oop=0}
                      ; - org.bytedeco.javacpp.Pointer$DeallocatorReference::remove@21 (line 323)
                      ; - org.bytedeco.javacpp.Pointer::releaseReference@34 (line 822)
                      ; - org.bytedeco.javacpp.Pointer::close@1 (line 767)
                      ; - com.saigou.draw.Draw::drawText@46 (line 54)
                      ; - com.saigou.thread.PushStreamThread::run@347 (line 114)
  0x00007f816113dde0: 1cc5 81ff | e959 dcff 

  0x00007f816113dde8: ;   {oop(a 'java/lang/Class'{0x000000064d400410} = 'org/bytedeco/javacpp/Pointer$DeallocatorReference')}
  0x00007f816113dde8: ff48 bf10 | 0440 4d06 | 0000 0048 | 8db4 24a0 | 0000 0049 | 8bd7 49ba | 40d0 1177 | 817f 0000 
  0x00007f816113de08: 41ff d2e9 | 39de ffff | bef6 ffff | ff48 8b6c | 2418 4c8b | 5424 204c | 8954 2410 | 4c89 7424 
  0x00007f816113de28: 2048 8954 

  0x00007f816113de2c: ;   {runtime_call UncommonTrapBlob}
  0x00007f816113de2c: 2428 90e8 

  0x00007f816113de30: ; ImmutableOopMap {[32]=Oop [48]=NarrowOop [52]=NarrowOop }
                      ;*invokevirtual CacheFrameHandler {reexecute=0 rethrow=0 return_oop=0}
                      ; - com.saigou.thread.PushStreamThread::run@206 (line 101)
  0x00007f816113de30: cc77 77ff 

  0x00007f816113de34: ;   {oop(a 'java/lang/Class'{0x00000007ffb00770} = 'java/lang/System')}
  0x00007f816113de34: 49ba 7007 | b0ff 0700 | 0000 418b | 6a74 448b | 5424 0cc4 | c179 6ec2 | c5fa e6c0 

  0x00007f816113de50: ;   {section_word}
  0x00007f816113de50: c5fb 5e05 | 90d4 ffff | be49 0100 | 004c 8b5c | 2438 4c89 | 5c24 1044 | 8b44 2430 | 4489 4424 
  0x00007f816113de70: 0c44 8b5c | 2434 4489 | 5c24 20c5 | fb11 4424 

  0x00007f816113de80: ;   {runtime_call UncommonTrapBlob}
  0x00007f816113de80: 3866 90e8 

  0x00007f816113de84: ; ImmutableOopMap {rbp=NarrowOop [12]=NarrowOop [16]=Oop [32]=NarrowOop [40]=Oop }
                      ;*invokestatic valueOf {reexecute=0 rethrow=0 return_oop=0}
                      ; - com.saigou.thread.PushStreamThread::run@471 (line 133)
  0x00007f816113de84: 7877 77ff | bef6 ffff | ff4c 8b54 | 2418 4c89 | 5424 104c | 8b54 2420 | 4c89 5424 | 1844 895c 
  0x00007f816113dea4: 2420 894c | 2424 4889 | 4424 3044 | 8944 2438 

  0x00007f816113deb4: ;   {runtime_call UncommonTrapBlob}
  0x00007f816113deb4: 6666 90e8 

  0x00007f816113deb8: ; ImmutableOopMap {rbp=Oop [32]=NarrowOop [36]=NarrowOop [40]=Oop [48]=Oop [56]=NarrowOop }
                      ;*invokevirtual record {reexecute=0 rethrow=0 return_oop=0}
                      ; - com.saigou.thread.PushStreamThread::run@239 (line 105)
  0x00007f816113deb8: 4477 77ff | 498b f749 | ba30 17b0 | 7681 7f00 | 0041 ffd2 | e940 dfff | ff49 8bf7 | 49ba 3017 
  0x00007f816113ded8: b076 817f | 0000 41ff | d2e9 47e0 | ffff 498b | f749 ba30 | 17b0 7681 | 7f00 0041 | ffd2 e946 
  0x00007f816113def8: e9ff ff49 | 8bf7 49ba | 3017 b076 | 817f 0000 | 41ff d2e9 | 50e1 ffff | 498b f749 | ba30 17b0 
  0x00007f816113df18: 7681 7f00 | 0041 ffd2 | e9df e2ff | ff49 8bf7 | 49ba 3017 | b076 817f | 0000 41ff | d2e9 21e3 
  0x00007f816113df38: ffff 498b | f749 ba30 | 17b0 7681 | 7f00 0041 | ffd2 e926 | e3ff ff49 | 8bf7 49ba | 3017 b076 
  0x00007f816113df58: 817f 0000 | 41ff d2e9 | c0e4 ffff | 498b f749 | ba30 17b0 | 7681 7f00 | 0041 ffd2 | e950 e6ff 
  0x00007f816113df78: ff49 8bf7 | 49ba 3017 | b076 817f | 0000 41ff | d2e9 92e6 | ffff 498b | f749 ba30 | 17b0 7681 
  0x00007f816113df98: 7f00 0041 | ffd2 e997 | e6ff ff49 | 8bf7 49ba | 3017 b076 | 817f 0000 | 41ff d2e9 | cce9 ffff 
  0x00007f816113dfb8: 498b f749 | ba30 17b0 | 7681 7f00 | 0041 ffd2 | e90f dbff | ff49 8bf7 | 49ba 3017 | b076 817f 
  0x00007f816113dfd8: 0000 41ff | d2e9 51db | ffff 498b | f749 ba30 | 17b0 7681 | 7f00 0041 | ffd2 e956 | dbff ff49 
  0x00007f816113dff8: 8bf7 49ba | 3017 b076 | 817f 0000 | 41ff d2e9 | 7de1 ffff | 498b f749 | ba30 17b0 | 7681 7f00 
  0x00007f816113e018: 0041 ffd2 | e92c e5ff | ff49 8bf7 | 49ba 3017 | b076 817f | 0000 41ff | d2e9 2ada | ffff be45 
  0x00007f816113e038: ffff ff44 | 8b5c 2430 | 4489 5c24 | 2844 8954 

  0x00007f816113e048: ;   {runtime_call UncommonTrapBlob}
  0x00007f816113e048: 242c 90e8 

  0x00007f816113e04c: ; ImmutableOopMap {[16]=Oop [40]=NarrowOop [56]=Oop [64]=Oop [72]=Oop [80]=Oop }
                      ;*if_icmpeq {reexecute=1 rethrow=0 return_oop=0}
                      ; - (reexecute) java.util.ArrayList$Itr::checkForComodification@11 (line 1012)
                      ; - java.util.ArrayList$Itr::next@1 (line 967)
                      ; - java.util.Collections$UnmodifiableCollection$1::next@4 (line 1054)
                      ; - com.saigou.thread.PushStreamThread::run@310 (line 112)
  0x00007f816113e04c: b075 77ff | be45 ffff | ff48 8b6c | 2410 4c8b | 4424 184c | 8944 2410 | 4c8b 4424 | 204c 8944 
  0x00007f816113e06c: 2418 448b | 4c24 3044 | 894c 2420 | 4c8b 4424 | 384c 8944 | 2430 4c8b | 4424 504c | 8944 2438 
  0x00007f816113e08c: 4489 5424 | 5044 895c 

  0x00007f816113e094: ;   {runtime_call UncommonTrapBlob}
  0x00007f816113e094: 2454 90e8 

  0x00007f816113e098: ; ImmutableOopMap {rbp=Oop [32]=NarrowOop [48]=Oop [56]=Oop [64]=Oop [72]=Oop }
                      ;*if_icmplt {reexecute=1 rethrow=0 return_oop=0}
                      ; - (reexecute) java.util.ArrayList$Itr::next@17 (line 969)
                      ; - java.util.Collections$UnmodifiableCollection$1::next@4 (line 1054)
                      ; - com.saigou.thread.PushStreamThread::run@310 (line 112)
  0x00007f816113e098: 6475 77ff | be45 ffff | ff44 8b5c | 2430 4489 | 5c24 2844 | 894c 2458 | 4489 5424 

  0x00007f816113e0b4: ;   {runtime_call UncommonTrapBlob}
  0x00007f816113e0b4: 5c66 90e8 

  0x00007f816113e0b8: ; ImmutableOopMap {[16]=Oop [40]=NarrowOop [56]=Oop [64]=Oop [72]=Oop [80]=Oop [88]=NarrowOop }
                      ;*if_icmplt {reexecute=1 rethrow=0 return_oop=0}
                      ; - (reexecute) java.util.ArrayList$Itr::next@39 (line 972)
                      ; - java.util.Collections$UnmodifiableCollection$1::next@4 (line 1054)
                      ; - com.saigou.thread.PushStreamThread::run@310 (line 112)
  0x00007f816113e0b8: 4475 77ff | be45 ffff | ff44 8b5c | 2430 4489 | 5c24 284c | 8b54 2458 | 4c89 5424 | 504c 8b54 
  0x00007f816113e0d8: 2470 4c89 

  0x00007f816113e0dc: ;   {runtime_call UncommonTrapBlob}
  0x00007f816113e0dc: 5424 58e8 

  0x00007f816113e0e0: ; ImmutableOopMap {rbp=NarrowOop [16]=Oop [40]=NarrowOop [56]=Oop [64]=Oop [72]=Oop [80]=Oop [88]=Oop [96]=Oop [120]=Oop }
                      ;*ifnull {reexecute=1 rethrow=0 return_oop=0}
                      ; - (reexecute) org.bytedeco.javacpp.Pointer$DeallocatorReference::release@4 (line 361)
                      ; - org.bytedeco.javacpp.Pointer::releaseReference@13 (line 818)
                      ; - org.bytedeco.javacpp.Pointer::close@1 (line 767)
                      ; - com.saigou.draw.Draw::drawRectangle@77 (line 26)
                      ; - com.saigou.thread.PushStreamThread::run@332 (line 113)
  0x00007f816113e0e0: 1c75 77ff | be45 ffff | ff44 8b54 | 2430 4489 | 5424 284c | 8b54 2458 | 4c89 5424 | 504c 8b54 
  0x00007f816113e100: 2470 4c89 

  0x00007f816113e104: ;   {runtime_call UncommonTrapBlob}
  0x00007f816113e104: 5424 58e8 

  0x00007f816113e108: ; ImmutableOopMap {[16]=Oop [40]=NarrowOop [56]=Oop [64]=Oop [72]=Oop [80]=Oop [88]=Oop [96]=Oop [120]=Oop }
                      ;*ifgt {reexecute=1 rethrow=0 return_oop=0}
                      ; - (reexecute) org.bytedeco.javacpp.Pointer$DeallocatorReference::release@14 (line 361)
                      ; - org.bytedeco.javacpp.Pointer::releaseReference@13 (line 818)
                      ; - org.bytedeco.javacpp.Pointer::close@1 (line 767)
                      ; - com.saigou.draw.Draw::drawRectangle@77 (line 26)
                      ; - com.saigou.thread.PushStreamThread::run@332 (line 113)
  0x00007f816113e108: f474 77ff | be45 ffff | ff44 8b5c | 2430 4489 | 5c24 284c | 8b54 2458 | 4c89 5424 | 504c 8b54 
  0x00007f816113e128: 2470 4c89 

  0x00007f816113e12c: ;   {runtime_call UncommonTrapBlob}
  0x00007f816113e12c: 5424 58e8 

  0x00007f816113e130: ; ImmutableOopMap {[16]=Oop [40]=NarrowOop [56]=Oop [64]=Oop [72]=Oop [80]=Oop [88]=Oop [96]=Oop [120]=Oop }
                      ;*ifeq {reexecute=1 rethrow=0 return_oop=0}
                      ; - (reexecute) org.bytedeco.javacpp.Pointer$DeallocatorReference::release@23 (line 362)
                      ; - org.bytedeco.javacpp.Pointer::releaseReference@13 (line 818)
                      ; - org.bytedeco.javacpp.Pointer::close@1 (line 767)
                      ; - com.saigou.draw.Draw::drawRectangle@77 (line 26)
                      ; - com.saigou.thread.PushStreamThread::run@332 (line 113)
  0x00007f816113e130: cc74 77ff | be45 ffff | ff44 8b5c | 2430 4489 | 5c24 284c | 8b54 2458 | 4c89 5424 

  0x00007f816113e14c: ;   {runtime_call UncommonTrapBlob}
  0x00007f816113e14c: 5066 90e8 

  0x00007f816113e150: ; ImmutableOopMap {rbp=NarrowOop [16]=Oop [40]=NarrowOop [56]=Oop [64]=Oop [72]=Oop [80]=Oop [96]=Oop [112]=Oop }
                      ;*ifnull {reexecute=1 rethrow=0 return_oop=0}
                      ; - (reexecute) org.bytedeco.javacpp.Pointer$DeallocatorReference::clear@8 (line 340)
                      ; - org.bytedeco.javacpp.Pointer::releaseReference@30 (line 821)
                      ; - org.bytedeco.javacpp.Pointer::close@1 (line 767)
                      ; - com.saigou.draw.Draw::drawRectangle@77 (line 26)
                      ; - com.saigou.thread.PushStreamThread::run@332 (line 113)
  0x00007f816113e150: ac74 77ff | be45 ffff | ff44 8b5c | 2430 4489 | 5c24 284c | 8b54 2458 | 4c89 5424 

  0x00007f816113e16c: ;   {runtime_call UncommonTrapBlob}
  0x00007f816113e16c: 5066 90e8 

  0x00007f816113e170: ; ImmutableOopMap {[16]=Oop [40]=NarrowOop [56]=Oop [64]=Oop [72]=Oop [80]=Oop [96]=Oop [112]=Oop }
                      ;*ifeq {reexecute=1 rethrow=0 return_oop=0}
                      ; - (reexecute) org.bytedeco.javacpp.Pointer$DeallocatorReference::clear@17 (line 341)
                      ; - org.bytedeco.javacpp.Pointer::releaseReference@30 (line 821)
                      ; - org.bytedeco.javacpp.Pointer::close@1 (line 767)
                      ; - com.saigou.draw.Draw::drawRectangle@77 (line 26)
                      ; - com.saigou.thread.PushStreamThread::run@332 (line 113)
  0x00007f816113e170: 8c74 77ff | be45 ffff | ff44 8b5c | 2430 4489 | 5c24 284c | 8b54 2458 | 4c89 5424 

  0x00007f816113e18c: ;   {runtime_call UncommonTrapBlob}
  0x00007f816113e18c: 5066 90e8 

  0x00007f816113e190: ; ImmutableOopMap {rbp=NarrowOop [16]=Oop [40]=NarrowOop [56]=Oop [64]=Oop [72]=Oop [80]=Oop [96]=Oop [112]=Oop }
                      ;*if_acmpne {reexecute=1 rethrow=0 return_oop=0}
                      ; - (reexecute) org.bytedeco.javacpp.Pointer$DeallocatorReference::remove@5 (line 320)
                      ; - org.bytedeco.javacpp.Pointer::releaseReference@34 (line 822)
                      ; - org.bytedeco.javacpp.Pointer::close@1 (line 767)
                      ; - com.saigou.draw.Draw::drawRectangle@77 (line 26)
                      ; - com.saigou.thread.PushStreamThread::run@332 (line 113)
  0x00007f816113e190: 6c74 77ff | be45 ffff | ff44 8b5c | 2430 4489 | 5c24 284c | 8b54 2458 | 4c89 5424 

  0x00007f816113e1ac: ;   {runtime_call UncommonTrapBlob}
  0x00007f816113e1ac: 5066 90e8 

  0x00007f816113e1b0: ; ImmutableOopMap {rbp=NarrowOop [16]=Oop [40]=NarrowOop [56]=Oop [64]=Oop [72]=Oop [80]=Oop [96]=Oop [112]=Oop }
                      ;*ifnull {reexecute=1 rethrow=0 return_oop=0}
                      ; - (reexecute) org.bytedeco.javacpp.Pointer$DeallocatorReference::remove@54 (line 329)
                      ; - org.bytedeco.javacpp.Pointer::releaseReference@34 (line 822)
                      ; - org.bytedeco.javacpp.Pointer::close@1 (line 767)
                      ; - com.saigou.draw.Draw::drawRectangle@77 (line 26)
                      ; - com.saigou.thread.PushStreamThread::run@332 (line 113)
  0x00007f816113e1b0: 4c74 77ff | be45 ffff | ff44 8b5c | 2430 4489 | 5c24 284c | 8b54 2458 | 4c89 5424 

  0x00007f816113e1cc: ;   {runtime_call UncommonTrapBlob}
  0x00007f816113e1cc: 5066 90e8 

  0x00007f816113e1d0: ; ImmutableOopMap {rbp=NarrowOop [16]=Oop [40]=NarrowOop [56]=Oop [64]=Oop [72]=Oop [80]=Oop [96]=Oop [112]=Oop }
                      ;*ifnull {reexecute=1 rethrow=0 return_oop=0}
                      ; - (reexecute) org.bytedeco.javacpp.Pointer$DeallocatorReference::release@4 (line 361)
                      ; - org.bytedeco.javacpp.Pointer::releaseReference@13 (line 818)
                      ; - org.bytedeco.javacpp.Pointer::close@1 (line 767)
                      ; - com.saigou.draw.Draw::drawRectangle@106 (line 26)
                      ; - com.saigou.thread.PushStreamThread::run@332 (line 113)
  0x00007f816113e1d0: 2c74 77ff | be45 ffff | ff44 8b5c | 2430 4489 | 5c24 284c | 8b54 2458 | 4c89 5424 

  0x00007f816113e1ec: ;   {runtime_call UncommonTrapBlob}
  0x00007f816113e1ec: 5066 90e8 

  0x00007f816113e1f0: ; ImmutableOopMap {[16]=Oop [40]=NarrowOop [56]=Oop [64]=Oop [72]=Oop [80]=Oop [96]=Oop [112]=Oop }
                      ;*ifgt {reexecute=1 rethrow=0 return_oop=0}
                      ; - (reexecute) org.bytedeco.javacpp.Pointer$DeallocatorReference::release@14 (line 361)
                      ; - org.bytedeco.javacpp.Pointer::releaseReference@13 (line 818)
                      ; - org.bytedeco.javacpp.Pointer::close@1 (line 767)
                      ; - com.saigou.draw.Draw::drawRectangle@106 (line 26)
                      ; - com.saigou.thread.PushStreamThread::run@332 (line 113)
  0x00007f816113e1f0: 0c74 77ff | be45 ffff | ff44 8b5c | 2430 4489 | 5c24 284c | 8b54 2458 | 4c89 5424 

  0x00007f816113e20c: ;   {runtime_call UncommonTrapBlob}
  0x00007f816113e20c: 5066 90e8 

  0x00007f816113e210: ; ImmutableOopMap {[16]=Oop [40]=NarrowOop [56]=Oop [64]=Oop [72]=Oop [80]=Oop [96]=Oop [112]=Oop }
                      ;*ifeq {reexecute=1 rethrow=0 return_oop=0}
                      ; - (reexecute) org.bytedeco.javacpp.Pointer$DeallocatorReference::release@23 (line 362)
                      ; - org.bytedeco.javacpp.Pointer::releaseReference@13 (line 818)
                      ; - org.bytedeco.javacpp.Pointer::close@1 (line 767)
                      ; - com.saigou.draw.Draw::drawRectangle@106 (line 26)
                      ; - com.saigou.thread.PushStreamThread::run@332 (line 113)
  0x00007f816113e210: ec73 77ff | be45 ffff | ff44 8b5c | 2430 4489 | 5c24 284c | 8b54 2458 | 4c89 5424 

  0x00007f816113e22c: ;   {runtime_call UncommonTrapBlob}
  0x00007f816113e22c: 5066 90e8 

  0x00007f816113e230: ; ImmutableOopMap {rbp=NarrowOop [16]=Oop [40]=NarrowOop [56]=Oop [64]=Oop [72]=Oop [80]=Oop [96]=Oop }
                      ;*ifnull {reexecute=1 rethrow=0 return_oop=0}
                      ; - (reexecute) org.bytedeco.javacpp.Pointer$DeallocatorReference::clear@8 (line 340)
                      ; - org.bytedeco.javacpp.Pointer::releaseReference@30 (line 821)
                      ; - org.bytedeco.javacpp.Pointer::close@1 (line 767)
                      ; - com.saigou.draw.Draw::drawRectangle@106 (line 26)
                      ; - com.saigou.thread.PushStreamThread::run@332 (line 113)
  0x00007f816113e230: cc73 77ff | be45 ffff | ff44 8b5c | 2430 4489 | 5c24 284c | 8b54 2458 | 4c89 5424 

  0x00007f816113e24c: ;   {runtime_call UncommonTrapBlob}
  0x00007f816113e24c: 5066 90e8 

  0x00007f816113e250: ; ImmutableOopMap {[16]=Oop [40]=NarrowOop [56]=Oop [64]=Oop [72]=Oop [80]=Oop [96]=Oop }
                      ;*ifeq {reexecute=1 rethrow=0 return_oop=0}
                      ; - (reexecute) org.bytedeco.javacpp.Pointer$DeallocatorReference::clear@17 (line 341)
                      ; - org.bytedeco.javacpp.Pointer::releaseReference@30 (line 821)
                      ; - org.bytedeco.javacpp.Pointer::close@1 (line 767)
                      ; - com.saigou.draw.Draw::drawRectangle@106 (line 26)
                      ; - com.saigou.thread.PushStreamThread::run@332 (line 113)
  0x00007f816113e250: ac73 77ff | be45 ffff | ff44 8b5c | 2430 4489 | 5c24 284c | 8b54 2458 | 4c89 5424 

  0x00007f816113e26c: ;   {runtime_call UncommonTrapBlob}
  0x00007f816113e26c: 5066 90e8 

  0x00007f816113e270: ; ImmutableOopMap {rbp=NarrowOop [16]=Oop [40]=NarrowOop [56]=Oop [64]=Oop [72]=Oop [80]=Oop [96]=Oop }
                      ;*if_acmpne {reexecute=1 rethrow=0 return_oop=0}
                      ; - (reexecute) org.bytedeco.javacpp.Pointer$DeallocatorReference::remove@5 (line 320)
                      ; - org.bytedeco.javacpp.Pointer::releaseReference@34 (line 822)
                      ; - org.bytedeco.javacpp.Pointer::close@1 (line 767)
                      ; - com.saigou.draw.Draw::drawRectangle@106 (line 26)
                      ; - com.saigou.thread.PushStreamThread::run@332 (line 113)
  0x00007f816113e270: 8c73 77ff | be45 ffff | ff44 8b5c | 2430 4489 | 5c24 284c | 8b54 2458 | 4c89 5424 

  0x00007f816113e28c: ;   {runtime_call UncommonTrapBlob}
  0x00007f816113e28c: 5066 90e8 

  0x00007f816113e290: ; ImmutableOopMap {rbp=NarrowOop [16]=Oop [40]=NarrowOop [56]=Oop [64]=Oop [72]=Oop [80]=Oop [96]=Oop }
                      ;*ifnull {reexecute=1 rethrow=0 return_oop=0}
                      ; - (reexecute) org.bytedeco.javacpp.Pointer$DeallocatorReference::remove@54 (line 329)
                      ; - org.bytedeco.javacpp.Pointer::releaseReference@34 (line 822)
                      ; - org.bytedeco.javacpp.Pointer::close@1 (line 767)
                      ; - com.saigou.draw.Draw::drawRectangle@106 (line 26)
                      ; - com.saigou.thread.PushStreamThread::run@332 (line 113)
  0x00007f816113e290: 6c73 77ff | be45 ffff | ff44 8b5c | 2430 4489 | 5c24 284c | 8b54 2458 | 4c89 5424 

  0x00007f816113e2ac: ;   {runtime_call UncommonTrapBlob}
  0x00007f816113e2ac: 5066 90e8 

  0x00007f816113e2b0: ; ImmutableOopMap {rbp=NarrowOop [16]=Oop [40]=NarrowOop [56]=Oop [64]=Oop [72]=Oop [80]=Oop [96]=Oop }
                      ;*ifnull {reexecute=1 rethrow=0 return_oop=0}
                      ; - (reexecute) org.bytedeco.javacpp.Pointer$DeallocatorReference::release@4 (line 361)
                      ; - org.bytedeco.javacpp.Pointer::releaseReference@13 (line 818)
                      ; - org.bytedeco.javacpp.Pointer::close@1 (line 767)
                      ; - com.saigou.draw.Draw::drawText@46 (line 54)
                      ; - com.saigou.thread.PushStreamThread::run@347 (line 114)
  0x00007f816113e2b0: 4c73 77ff | be45 ffff | ff44 8b5c | 2430 4489 | 5c24 284c | 8b54 2458 | 4c89 5424 

  0x00007f816113e2cc: ;   {runtime_call UncommonTrapBlob}
  0x00007f816113e2cc: 5066 90e8 

  0x00007f816113e2d0: ; ImmutableOopMap {[16]=Oop [40]=NarrowOop [56]=Oop [64]=Oop [72]=Oop [80]=Oop [96]=Oop }
                      ;*ifgt {reexecute=1 rethrow=0 return_oop=0}
                      ; - (reexecute) org.bytedeco.javacpp.Pointer$DeallocatorReference::release@14 (line 361)
                      ; - org.bytedeco.javacpp.Pointer::releaseReference@13 (line 818)
                      ; - org.bytedeco.javacpp.Pointer::close@1 (line 767)
                      ; - com.saigou.draw.Draw::drawText@46 (line 54)
                      ; - com.saigou.thread.PushStreamThread::run@347 (line 114)
  0x00007f816113e2d0: 2c73 77ff | be45 ffff | ff44 8b5c | 2430 4489 | 5c24 284c | 8b54 2458 | 4c89 5424 

  0x00007f816113e2ec: ;   {runtime_call UncommonTrapBlob}
  0x00007f816113e2ec: 5066 90e8 

  0x00007f816113e2f0: ; ImmutableOopMap {[16]=Oop [40]=NarrowOop [56]=Oop [64]=Oop [72]=Oop [80]=Oop [96]=Oop }
                      ;*ifeq {reexecute=1 rethrow=0 return_oop=0}
                      ; - (reexecute) org.bytedeco.javacpp.Pointer$DeallocatorReference::release@23 (line 362)
                      ; - org.bytedeco.javacpp.Pointer::releaseReference@13 (line 818)
                      ; - org.bytedeco.javacpp.Pointer::close@1 (line 767)
                      ; - com.saigou.draw.Draw::drawText@46 (line 54)
                      ; - com.saigou.thread.PushStreamThread::run@347 (line 114)
  0x00007f816113e2f0: 0c73 77ff | be45 ffff | ff44 8b5c | 2430 4489 | 5c24 284c | 8b54 2460 | 4c89 5424 

  0x00007f816113e30c: ;   {runtime_call UncommonTrapBlob}
  0x00007f816113e30c: 5866 90e8 

  0x00007f816113e310: ; ImmutableOopMap {rbp=NarrowOop [16]=Oop [40]=NarrowOop [56]=Oop [64]=Oop [72]=Oop [88]=Oop [96]=Oop }
                      ;*ifnull {reexecute=1 rethrow=0 return_oop=0}
                      ; - (reexecute) org.bytedeco.javacpp.Pointer$DeallocatorReference::clear@8 (line 340)
                      ; - org.bytedeco.javacpp.Pointer::releaseReference@30 (line 821)
                      ; - org.bytedeco.javacpp.Pointer::close@1 (line 767)
                      ; - com.saigou.draw.Draw::drawText@46 (line 54)
                      ; - com.saigou.thread.PushStreamThread::run@347 (line 114)
  0x00007f816113e310: ec72 77ff | be45 ffff | ff44 8b5c | 2430 4489 | 5c24 284c | 8b54 2460 | 4c89 5424 

  0x00007f816113e32c: ;   {runtime_call UncommonTrapBlob}
  0x00007f816113e32c: 5866 90e8 

  0x00007f816113e330: ; ImmutableOopMap {[16]=Oop [40]=NarrowOop [56]=Oop [64]=Oop [72]=Oop [88]=Oop [96]=Oop }
                      ;*ifeq {reexecute=1 rethrow=0 return_oop=0}
                      ; - (reexecute) org.bytedeco.javacpp.Pointer$DeallocatorReference::clear@17 (line 341)
                      ; - org.bytedeco.javacpp.Pointer::releaseReference@30 (line 821)
                      ; - org.bytedeco.javacpp.Pointer::close@1 (line 767)
                      ; - com.saigou.draw.Draw::drawText@46 (line 54)
                      ; - com.saigou.thread.PushStreamThread::run@347 (line 114)
  0x00007f816113e330: cc72 77ff | be45 ffff | ff44 8b5c | 2430 4489 | 5c24 284c | 8b54 2460 | 4c89 5424 

  0x00007f816113e34c: ;   {runtime_call UncommonTrapBlob}
  0x00007f816113e34c: 5866 90e8 

  0x00007f816113e350: ; ImmutableOopMap {rbp=NarrowOop [16]=Oop [40]=NarrowOop [56]=Oop [64]=Oop [72]=Oop [88]=Oop [96]=Oop }
                      ;*if_acmpne {reexecute=1 rethrow=0 return_oop=0}
                      ; - (reexecute) org.bytedeco.javacpp.Pointer$DeallocatorReference::remove@5 (line 320)
                      ; - org.bytedeco.javacpp.Pointer::releaseReference@34 (line 822)
                      ; - org.bytedeco.javacpp.Pointer::close@1 (line 767)
                      ; - com.saigou.draw.Draw::drawText@46 (line 54)
                      ; - com.saigou.thread.PushStreamThread::run@347 (line 114)
  0x00007f816113e350: ac72 77ff | be45 ffff | ff44 8b5c | 2430 4489 

  0x00007f816113e360: ;   {runtime_call UncommonTrapBlob}
  0x00007f816113e360: 5c24 28e8 

  0x00007f816113e364: ; ImmutableOopMap {rbp=NarrowOop [16]=Oop [40]=NarrowOop [56]=Oop [64]=Oop [72]=Oop [96]=Oop }
                      ;*ifnull {reexecute=1 rethrow=0 return_oop=0}
                      ; - (reexecute) org.bytedeco.javacpp.Pointer$DeallocatorReference::remove@54 (line 329)
                      ; - org.bytedeco.javacpp.Pointer::releaseReference@34 (line 822)
                      ; - org.bytedeco.javacpp.Pointer::close@1 (line 767)
                      ; - com.saigou.draw.Draw::drawText@46 (line 54)
                      ; - com.saigou.thread.PushStreamThread::run@347 (line 114)
  0x00007f816113e364: 9872 77ff | 4c8b d54c | 8b5c 2410 | be8d ffff | ff48 8b6c | 2418 4c8b | 4424 204c | 8944 2410 
  0x00007f816113e384: 4c89 5c24 | 184c 896c | 2420 4889 | 5c24 284c | 8954 2430 | 4c89 7424 

  0x00007f816113e39c: ;   {runtime_call UncommonTrapBlob}
  0x00007f816113e39c: 3866 90e8 

  0x00007f816113e3a0: ; ImmutableOopMap {[24]=Oop [40]=Oop [48]=Oop [56]=Oop }
                      ;*invokestatic currentTimeMillis {reexecute=0 rethrow=0 return_oop=0}
                      ; - com.saigou.thread.PushStreamThread::run@158 (line 96)
  0x00007f816113e3a0: 5c72 77ff | bee4 ffff | ff48 8b6c | 2410 4c8b | 4424 184c | 8944 2410 | 4c8b 4424 | 204c 8944 
  0x00007f816113e3c0: 2418 4c8b | 4424 284c | 8944 2420 | 4489 5424 | 4844 895c 

  0x00007f816113e3d4: ;   {runtime_call UncommonTrapBlob}
  0x00007f816113e3d4: 244c 90e8 

  0x00007f816113e3d8: ; ImmutableOopMap {rbp=Oop [32]=Oop [48]=Oop [56]=Oop [64]=Oop [72]=NarrowOop }
                      ;*aaload {reexecute=0 rethrow=0 return_oop=0}
                      ; - java.util.ArrayList$Itr::next@64 (line 975)
                      ; - java.util.Collections$UnmodifiableCollection$1::next@4 (line 1054)
                      ; - com.saigou.thread.PushStreamThread::run@379 (line 118)
  0x00007f816113e3d8: 2472 77ff | bede ffff | ff48 8b6c | 2410 4c8b | 5424 184c | 8954 2410 | 4c8b 5424 | 204c 8954 
  0x00007f816113e3f8: 2418 4c8b | 5424 284c | 8954 2420 | 4889 4424 

  0x00007f816113e408: ;   {runtime_call UncommonTrapBlob}
  0x00007f816113e408: 4866 90e8 

  0x00007f816113e40c: ; ImmutableOopMap {rbp=Oop [32]=Oop [48]=Oop [56]=Oop [64]=Oop [72]=Oop }
                      ;*checkcast {reexecute=0 rethrow=0 return_oop=0}
                      ; - com.saigou.draw.Draw::drawPersonPose@43 (line 88)
                      ; - com.saigou.thread.PushStreamThread::run@400 (line 120)
  0x00007f816113e40c: f071 77ff | bede ffff | ff48 8b6c | 2410 4c8b | 5424 184c | 8954 2410 | 4c8b 5424 | 204c 8954 
  0x00007f816113e42c: 2418 4c8b | 5424 284c | 8954 2420 | 4889 4424 

  0x00007f816113e43c: ;   {runtime_call UncommonTrapBlob}
  0x00007f816113e43c: 4866 90e8 

  0x00007f816113e440: ; ImmutableOopMap {rbp=Oop [32]=Oop [48]=Oop [56]=Oop [64]=Oop [72]=Oop }
                      ;*checkcast {reexecute=0 rethrow=0 return_oop=0}
                      ; - com.saigou.draw.Draw::drawPersonPose@149 (line 91)
                      ; - com.saigou.thread.PushStreamThread::run@400 (line 120)
  0x00007f816113e440: bc71 77ff | bede ffff | ff48 8b6c | 2410 4c8b | 5424 184c | 8954 2410 | 4c8b 5424 | 204c 8954 
  0x00007f816113e460: 2418 4c8b | 5424 284c | 8954 2420 | 4889 4424 

  0x00007f816113e470: ;   {runtime_call UncommonTrapBlob}
  0x00007f816113e470: 4866 90e8 

  0x00007f816113e474: ; ImmutableOopMap {rbp=Oop [32]=Oop [48]=Oop [56]=Oop [64]=Oop [72]=Oop }
                      ;*checkcast {reexecute=0 rethrow=0 return_oop=0}
                      ; - com.saigou.draw.Draw::drawPersonPose@63 (line 88)
                      ; - com.saigou.thread.PushStreamThread::run@400 (line 120)
  0x00007f816113e474: 8871 77ff | bede ffff | ff48 8b6c | 2410 4c8b | 5424 184c | 8954 2410 | 4c8b 5424 | 204c 8954 
  0x00007f816113e494: 2418 4c8b | 5424 284c | 8954 2420 | 4889 4424 

  0x00007f816113e4a4: ;   {runtime_call UncommonTrapBlob}
  0x00007f816113e4a4: 4866 90e8 

  0x00007f816113e4a8: ; ImmutableOopMap {rbp=Oop [32]=Oop [48]=Oop [56]=Oop [64]=Oop [72]=Oop }
                      ;*checkcast {reexecute=0 rethrow=0 return_oop=0}
                      ; - com.saigou.draw.Draw::drawPersonPose@169 (line 91)
                      ; - com.saigou.thread.PushStreamThread::run@400 (line 120)
  0x00007f816113e4a8: 5471 77ff | bede ffff | ff48 8b6c | 2410 4c8b | 5424 184c | 8954 2410 | 4c8b 5424 | 204c 8954 
  0x00007f816113e4c8: 2418 4c8b | 5424 284c | 8954 2420 | 4889 4424 

  0x00007f816113e4d8: ;   {runtime_call UncommonTrapBlob}
  0x00007f816113e4d8: 4866 90e8 

  0x00007f816113e4dc: ; ImmutableOopMap {rbp=Oop [32]=Oop [48]=Oop [56]=Oop [64]=Oop [72]=Oop }
                      ;*checkcast {reexecute=0 rethrow=0 return_oop=0}
                      ; - com.saigou.draw.Draw::drawPersonPose@82 (line 88)
                      ; - com.saigou.thread.PushStreamThread::run@400 (line 120)
  0x00007f816113e4dc: 2071 77ff | bede ffff | ff48 8b6c | 2410 4c8b | 5424 184c | 8954 2410 | 4c8b 5424 | 204c 8954 
  0x00007f816113e4fc: 2418 4c8b | 5424 284c | 8954 2420 | 4889 4424 

  0x00007f816113e50c: ;   {runtime_call UncommonTrapBlob}
  0x00007f816113e50c: 4866 90e8 

  0x00007f816113e510: ; ImmutableOopMap {rbp=Oop [32]=Oop [48]=Oop [56]=Oop [64]=Oop [72]=Oop }
                      ;*checkcast {reexecute=0 rethrow=0 return_oop=0}
                      ; - com.saigou.draw.Draw::drawPersonPose@189 (line 91)
                      ; - com.saigou.thread.PushStreamThread::run@400 (line 120)
  0x00007f816113e510: ec70 77ff | bede ffff | ff48 8b6c | 2410 4c8b | 5424 184c | 8954 2410 | 4c8b 5424 | 204c 8954 
  0x00007f816113e530: 2418 4c8b | 5424 284c | 8954 2420 | 4889 4424 

  0x00007f816113e540: ;   {runtime_call UncommonTrapBlob}
  0x00007f816113e540: 4866 90e8 

  0x00007f816113e544: ; ImmutableOopMap {rbp=Oop [32]=Oop [48]=Oop [56]=Oop [64]=Oop [72]=Oop }
                      ;*checkcast {reexecute=0 rethrow=0 return_oop=0}
                      ; - com.saigou.draw.Draw::drawPersonPose@102 (line 88)
                      ; - com.saigou.thread.PushStreamThread::run@400 (line 120)
  0x00007f816113e544: b870 77ff | bede ffff | ff48 8b6c | 2410 4c8b | 5424 184c | 8954 2410 | 4c8b 5424 | 204c 8954 
  0x00007f816113e564: 2418 4c8b | 5424 284c | 8954 2420 | 4889 4424 

  0x00007f816113e574: ;   {runtime_call UncommonTrapBlob}
  0x00007f816113e574: 4866 90e8 

  0x00007f816113e578: ; ImmutableOopMap {rbp=Oop [32]=Oop [48]=Oop [56]=Oop [64]=Oop [72]=Oop }
                      ;*checkcast {reexecute=0 rethrow=0 return_oop=0}
                      ; - com.saigou.draw.Draw::drawPersonPose@209 (line 91)
                      ; - com.saigou.thread.PushStreamThread::run@400 (line 120)
  0x00007f816113e578: 8470 77ff | bede ffff | ff48 8b6c | 2410 4c8b | 5424 184c | 8954 2410 | 4c8b 5424 | 204c 8954 
  0x00007f816113e598: 2418 4c8b | 5424 284c | 8954 2420 | 4889 4424 

  0x00007f816113e5a8: ;   {runtime_call UncommonTrapBlob}
  0x00007f816113e5a8: 4866 90e8 

  0x00007f816113e5ac: ; ImmutableOopMap {rbp=Oop [32]=Oop [48]=Oop [56]=Oop [64]=Oop [72]=Oop }
                      ;*checkcast {reexecute=0 rethrow=0 return_oop=0}
                      ; - com.saigou.draw.Draw::drawPersonPose@122 (line 89)
                      ; - com.saigou.thread.PushStreamThread::run@400 (line 120)
  0x00007f816113e5ac: 5070 77ff | bede ffff | ff48 8b6c | 2410 4c8b | 5424 184c | 8954 2410 | 4c8b 5424 | 204c 8954 
  0x00007f816113e5cc: 2418 4c8b | 5424 284c | 8954 2420 | 4889 4424 

  0x00007f816113e5dc: ;   {runtime_call UncommonTrapBlob}
  0x00007f816113e5dc: 4866 90e8 

  0x00007f816113e5e0: ; ImmutableOopMap {rbp=Oop [32]=Oop [48]=Oop [56]=Oop [64]=Oop [72]=Oop }
                      ;*checkcast {reexecute=0 rethrow=0 return_oop=0}
                      ; - com.saigou.draw.Draw::drawPersonPose@133 (line 89)
                      ; - com.saigou.thread.PushStreamThread::run@400 (line 120)
  0x00007f816113e5e0: 1c70 77ff | bede ffff | ff48 8b6c | 2410 4c8b | 5424 184c | 8954 2410 | 4c8b 5424 | 204c 8954 
  0x00007f816113e600: 2418 4c8b | 5424 284c | 8954 2420 | 4889 4424 

  0x00007f816113e610: ;   {runtime_call UncommonTrapBlob}
  0x00007f816113e610: 4866 90e8 

  0x00007f816113e614: ; ImmutableOopMap {rbp=Oop [32]=Oop [48]=Oop [56]=Oop [64]=Oop [72]=Oop }
                      ;*checkcast {reexecute=0 rethrow=0 return_oop=0}
                      ; - com.saigou.draw.Draw::drawPersonPose@230 (line 92)
                      ; - com.saigou.thread.PushStreamThread::run@400 (line 120)
  0x00007f816113e614: e86f 77ff | 4533 d249 | 3bca bdff | ffff ff7c | 0840 0f95 | c540 0fb6 | edbe 45ff | ffff 448b 
  0x00007f816113e634: 5424 3044 | 8954 2428 | 4c8b 5424 | 584c 8954 | 2450 4c8b | 5424 704c | 8954 2458 

  0x00007f816113e650: ;   {runtime_call UncommonTrapBlob}
  0x00007f816113e650: 6666 90e8 

  0x00007f816113e654: ; ImmutableOopMap {[16]=Oop [40]=NarrowOop [56]=Oop [64]=Oop [72]=Oop [80]=Oop [88]=Oop [96]=Oop [120]=Oop }
                      ;*ifeq {reexecute=1 rethrow=0 return_oop=0}
                      ; - (reexecute) org.bytedeco.javacpp.Pointer$NativeDeallocator::deallocate@15 (line 231)
                      ; - org.bytedeco.javacpp.Pointer$DeallocatorReference::release@52 (line 365)
                      ; - org.bytedeco.javacpp.Pointer::releaseReference@13 (line 818)
                      ; - org.bytedeco.javacpp.Pointer::close@1 (line 767)
                      ; - com.saigou.draw.Draw::drawRectangle@77 (line 26)
                      ; - com.saigou.thread.PushStreamThread::run@332 (line 113)
  0x00007f816113e654: a86f 77ff | 4533 d249 | 3bca bdff | ffff ff7c | 0840 0f95 | c540 0fb6 | edbe 45ff | ffff 448b 
  0x00007f816113e674: 5c24 3044 | 895c 2428 | 4c8b 5424 | 584c 8954 

  0x00007f816113e684: ;   {runtime_call UncommonTrapBlob}
  0x00007f816113e684: 2450 90e8 

  0x00007f816113e688: ; ImmutableOopMap {[16]=Oop [40]=NarrowOop [56]=Oop [64]=Oop [72]=Oop [80]=Oop [96]=Oop [112]=Oop }
                      ;*ifeq {reexecute=1 rethrow=0 return_oop=0}
                      ; - (reexecute) org.bytedeco.javacpp.Pointer$NativeDeallocator::deallocate@15 (line 231)
                      ; - org.bytedeco.javacpp.Pointer$DeallocatorReference::clear@46 (line 344)
                      ; - org.bytedeco.javacpp.Pointer::releaseReference@30 (line 821)
                      ; - org.bytedeco.javacpp.Pointer::close@1 (line 767)
                      ; - com.saigou.draw.Draw::drawRectangle@77 (line 26)
                      ; - com.saigou.thread.PushStreamThread::run@332 (line 113)
  0x00007f816113e688: 746f 77ff | 4533 d249 | 3bca bdff | ffff ff7c | 0840 0f95 | c540 0fb6 | edbe 45ff | ffff 448b 
  0x00007f816113e6a8: 5c24 3044 | 895c 2428 | 4c8b 5424 | 584c 8954 

  0x00007f816113e6b8: ;   {runtime_call UncommonTrapBlob}
  0x00007f816113e6b8: 2450 90e8 

  0x00007f816113e6bc: ; ImmutableOopMap {[16]=Oop [40]=NarrowOop [56]=Oop [64]=Oop [72]=Oop [80]=Oop [96]=Oop [112]=Oop }
                      ;*ifeq {reexecute=1 rethrow=0 return_oop=0}
                      ; - (reexecute) org.bytedeco.javacpp.Pointer$NativeDeallocator::deallocate@15 (line 231)
                      ; - org.bytedeco.javacpp.Pointer$DeallocatorReference::release@52 (line 365)
                      ; - org.bytedeco.javacpp.Pointer::releaseReference@13 (line 818)
                      ; - org.bytedeco.javacpp.Pointer::close@1 (line 767)
                      ; - com.saigou.draw.Draw::drawRectangle@106 (line 26)
                      ; - com.saigou.thread.PushStreamThread::run@332 (line 113)
  0x00007f816113e6bc: 406f 77ff | 4533 d249 | 3bca bdff | ffff ff7c | 0840 0f95 | c540 0fb6 | edbe 45ff | ffff 448b 
  0x00007f816113e6dc: 5c24 3044 | 895c 2428 | 4c8b 5424 | 584c 8954 

  0x00007f816113e6ec: ;   {runtime_call UncommonTrapBlob}
  0x00007f816113e6ec: 2450 90e8 

  0x00007f816113e6f0: ; ImmutableOopMap {[16]=Oop [40]=NarrowOop [56]=Oop [64]=Oop [72]=Oop [80]=Oop [96]=Oop }
                      ;*ifeq {reexecute=1 rethrow=0 return_oop=0}
                      ; - (reexecute) org.bytedeco.javacpp.Pointer$NativeDeallocator::deallocate@15 (line 231)
                      ; - org.bytedeco.javacpp.Pointer$DeallocatorReference::clear@46 (line 344)
                      ; - org.bytedeco.javacpp.Pointer::releaseReference@30 (line 821)
                      ; - org.bytedeco.javacpp.Pointer::close@1 (line 767)
                      ; - com.saigou.draw.Draw::drawRectangle@106 (line 26)
                      ; - com.saigou.thread.PushStreamThread::run@332 (line 113)
  0x00007f816113e6f0: 0c6f 77ff | 4533 d249 | 3bca bdff | ffff ff7c | 0840 0f95 | c540 0fb6 | edbe 45ff | ffff 448b 
  0x00007f816113e710: 5c24 3044 | 895c 2428 | 4c8b 5424 | 584c 8954 

  0x00007f816113e720: ;   {runtime_call UncommonTrapBlob}
  0x00007f816113e720: 2450 90e8 

  0x00007f816113e724: ; ImmutableOopMap {[16]=Oop [40]=NarrowOop [56]=Oop [64]=Oop [72]=Oop [80]=Oop [96]=Oop }
                      ;*ifeq {reexecute=1 rethrow=0 return_oop=0}
                      ; - (reexecute) org.bytedeco.javacpp.Pointer$NativeDeallocator::deallocate@15 (line 231)
                      ; - org.bytedeco.javacpp.Pointer$DeallocatorReference::release@52 (line 365)
                      ; - org.bytedeco.javacpp.Pointer::releaseReference@13 (line 818)
                      ; - org.bytedeco.javacpp.Pointer::close@1 (line 767)
                      ; - com.saigou.draw.Draw::drawText@46 (line 54)
                      ; - com.saigou.thread.PushStreamThread::run@347 (line 114)
  0x00007f816113e724: d86e 77ff | be45 ffff | ff44 8954 

  0x00007f816113e730: ;   {runtime_call UncommonTrapBlob}
  0x00007f816113e730: 2450 90e8 

  0x00007f816113e734: ; ImmutableOopMap {[16]=Oop [40]=Oop [48]=Oop [56]=Oop [64]=Oop [72]=Oop }
                      ;*if_icmpeq {reexecute=1 rethrow=0 return_oop=0}
                      ; - (reexecute) java.util.ArrayList$Itr::checkForComodification@11 (line 1012)
                      ; - java.util.ArrayList$Itr::next@1 (line 967)
                      ; - java.util.Collections$UnmodifiableCollection$1::next@4 (line 1054)
                      ; - com.saigou.thread.PushStreamThread::run@379 (line 118)
  0x00007f816113e734: c86e 77ff | be45 ffff | ff48 8b6c | 2410 4c8b | 4424 184c | 8944 2410 | 4c8b 4424 | 204c 8944 
  0x00007f816113e754: 2418 4c8b | 4424 284c | 8944 2420 | 4489 5c24 | 5444 8954 

  0x00007f816113e768: ;   {runtime_call UncommonTrapBlob}
  0x00007f816113e768: 2458 90e8 

  0x00007f816113e76c: ; ImmutableOopMap {rbp=Oop [32]=Oop [48]=Oop [56]=Oop [64]=Oop [72]=Oop }
                      ;*if_icmplt {reexecute=1 rethrow=0 return_oop=0}
                      ; - (reexecute) java.util.ArrayList$Itr::next@17 (line 969)
                      ; - java.util.Collections$UnmodifiableCollection$1::next@4 (line 1054)
                      ; - com.saigou.thread.PushStreamThread::run@379 (line 118)
  0x00007f816113e76c: 906e 77ff | be45 ffff | ff44 8954 | 2454 4489 

  0x00007f816113e77c: ;   {runtime_call UncommonTrapBlob}
  0x00007f816113e77c: 5c24 58e8 

  0x00007f816113e780: ; ImmutableOopMap {[16]=Oop [40]=Oop [48]=Oop [56]=Oop [64]=Oop [72]=Oop [84]=NarrowOop }
                      ;*if_icmplt {reexecute=1 rethrow=0 return_oop=0}
                      ; - (reexecute) java.util.ArrayList$Itr::next@39 (line 972)
                      ; - java.util.Collections$UnmodifiableCollection$1::next@4 (line 1054)
                      ; - com.saigou.thread.PushStreamThread::run@379 (line 118)
  0x00007f816113e780: 7c6e 77ff | bef6 ffff | ff4c 8b5c | 2418 4c89 | 5c24 104c | 8b5c 2420 | 4c89 5c24 | 1844 8944 
  0x00007f816113e7a0: 2420 4c89 

  0x00007f816113e7a4: ;   {runtime_call UncommonTrapBlob}
  0x00007f816113e7a4: 5424 30e8 

  0x00007f816113e7a8: ; ImmutableOopMap {[32]=NarrowOop [40]=Oop [48]=Oop [56]=Oop }
                      ;*invokevirtual convert {reexecute=0 rethrow=0 return_oop=0}
                      ; - com.saigou.thread.PushStreamThread::run@279 (line 110)
  0x00007f816113e7a8: 546e 77ff | bef6 ffff | ff4c 8b44 | 2418 4c89 | 4424 104c | 8b44 2420 | 4c89 4424 | 184c 8954 
  0x00007f816113e7c8: 2420 4c89 

  0x00007f816113e7cc: ;   {runtime_call UncommonTrapBlob}
  0x00007f816113e7cc: 5c24 28e8 

  0x00007f816113e7d0: ; ImmutableOopMap {rbp=Oop [32]=Oop [40]=Oop [56]=Oop }
                      ;*invokevirtual convert {reexecute=0 rethrow=0 return_oop=0}
                      ; - com.saigou.thread.PushStreamThread::run@412 (line 123)
  0x00007f816113e7d0: 2c6e 77ff | 488b e84c | 8b54 2428 | 4c8b 5c24 | 30be f6ff | ffff 4c89 | 4c24 104c | 8954 2428 
  0x00007f816113e7f0: 4c89 5c24 

  0x00007f816113e7f4: ;   {runtime_call UncommonTrapBlob}
  0x00007f816113e7f4: 3066 90e8 

  0x00007f816113e7f8: ; ImmutableOopMap {rbp=Oop [16]=Oop [40]=Oop [48]=Oop }
                      ;*invokevirtual record {reexecute=0 rethrow=0 return_oop=0}
                      ; - com.saigou.thread.PushStreamThread::run@423 (line 126)
  0x00007f816113e7f8: 046e 77ff | bede ffff | ff48 8b6c | 2410 4c8b | 5424 184c | 8954 2410 | 4c8b 5424 | 204c 8954 
  0x00007f816113e818: 2418 448b | 5424 3044 | 8954 2420 | 4889 4424 | 304c 895c 

  0x00007f816113e82c: ;   {runtime_call UncommonTrapBlob}
  0x00007f816113e82c: 2438 90e8 

  0x00007f816113e830: ; ImmutableOopMap {rbp=Oop [32]=NarrowOop [48]=Oop [56]=Oop }
                      ;*invokeinterface iterator {reexecute=0 rethrow=0 return_oop=0}
                      ; - com.saigou.thread.PushStreamThread::run@291 (line 112)
  0x00007f816113e830: cc6d 77ff | bede ffff | ff48 8b6c | 2410 4c8b | 5424 184c | 8954 2410 | 4c8b 5424 | 204c 8954 
  0x00007f816113e850: 2418 448b | 5c24 3044 | 895c 2420 | 4c8b 5424 | 384c 8954 | 2430 4889 

  0x00007f816113e868: ;   {runtime_call UncommonTrapBlob}
  0x00007f816113e868: 4424 48e8 

  0x00007f816113e86c: ; ImmutableOopMap {rbp=Oop [32]=NarrowOop [48]=Oop [64]=Oop [72]=Oop }
                      ;*invokeinterface hasNext {reexecute=0 rethrow=0 return_oop=0}
                      ; - java.util.Collections$UnmodifiableCollection$1::hasNext@4 (line 1053)
                      ; - com.saigou.thread.PushStreamThread::run@300 (line 112)
  0x00007f816113e86c: 906d 77ff | bede ffff | ff48 8b6c | 2410 4c8b | 5c24 184c | 895c 2410 | 4c8b 5c24 | 204c 895c 
  0x00007f816113e88c: 2418 4489 | 4424 244c | 8954 2428 

  0x00007f816113e898: ;   {runtime_call UncommonTrapBlob}
  0x00007f816113e898: 6666 90e8 

  0x00007f816113e89c: ; ImmutableOopMap {rbp=Oop [36]=NarrowOop [40]=Oop [56]=Oop }
                      ;*invokeinterface iterator {reexecute=0 rethrow=0 return_oop=0}
                      ; - com.saigou.thread.PushStreamThread::run@360 (line 118)
  0x00007f816113e89c: 606d 77ff | bede ffff | ff48 8b6c | 2410 4c8b | 5424 184c | 8954 2410 | 4c8b 5424 | 204c 8954 
  0x00007f816113e8bc: 2418 4c8b | 5424 284c | 8954 2420 | 4889 4424 

  0x00007f816113e8cc: ;   {runtime_call UncommonTrapBlob}
  0x00007f816113e8cc: 4866 90e8 

  0x00007f816113e8d0: ; ImmutableOopMap {rbp=Oop [32]=Oop [48]=Oop [56]=Oop [72]=Oop }
                      ;*invokeinterface hasNext {reexecute=0 rethrow=0 return_oop=0}
                      ; - java.util.Collections$UnmodifiableCollection$1::hasNext@4 (line 1053)
                      ; - com.saigou.thread.PushStreamThread::run@369 (line 118)
  0x00007f816113e8d0: 2c6d 77ff | bd01 0000 | 0033 c945 | 3bc2 0f44 | e9be 76ff | ffff 448b | 5424 3044 | 8954 2428 
  0x00007f816113e8f0: 4889 4424 

  0x00007f816113e8f4: ;   {runtime_call UncommonTrapBlob}
  0x00007f816113e8f4: 4866 90e8 

  0x00007f816113e8f8: ; ImmutableOopMap {[16]=Oop [40]=NarrowOop [56]=Oop [64]=Oop [72]=Oop }
                      ;*ifeq {reexecute=1 rethrow=0 return_oop=0}
                      ; - (reexecute) com.saigou.thread.PushStreamThread::run@305 (line 112)
  0x00007f816113e8f8: 046d 77ff | bef6 ffff | ff44 8b5c | 2430 4489 | 5c24 284c | 8b54 2458 | 4c89 5424 

  0x00007f816113e914: ;   {runtime_call UncommonTrapBlob}
  0x00007f816113e914: 5066 90e8 

  0x00007f816113e918: ; ImmutableOopMap {rbp=NarrowOop [16]=Oop [40]=NarrowOop [56]=Oop [64]=Oop [72]=Oop [80]=Oop [96]=Oop [112]=Oop }
                      ;*putfield next {reexecute=1 rethrow=0 return_oop=0}
                      ; - (reexecute) org.bytedeco.javacpp.Pointer$DeallocatorReference::remove@47 (line 327)
                      ; - org.bytedeco.javacpp.Pointer::releaseReference@34 (line 822)
                      ; - org.bytedeco.javacpp.Pointer::close@1 (line 767)
                      ; - com.saigou.draw.Draw::drawRectangle@77 (line 26)
                      ; - com.saigou.thread.PushStreamThread::run@332 (line 113)
  0x00007f816113e918: e46c 77ff | bef6 ffff | ff44 8b5c | 2430 4489 | 5c24 284c | 8b54 2458 | 4c89 5424 

  0x00007f816113e934: ;   {runtime_call UncommonTrapBlob}
  0x00007f816113e934: 5066 90e8 

  0x00007f816113e938: ; ImmutableOopMap {rbp=NarrowOop [16]=Oop [40]=NarrowOop [56]=Oop [64]=Oop [72]=Oop [80]=Oop [96]=Oop }
                      ;*putfield next {reexecute=1 rethrow=0 return_oop=0}
                      ; - (reexecute) org.bytedeco.javacpp.Pointer$DeallocatorReference::remove@47 (line 327)
                      ; - org.bytedeco.javacpp.Pointer::releaseReference@34 (line 822)
                      ; - org.bytedeco.javacpp.Pointer::close@1 (line 767)
                      ; - com.saigou.draw.Draw::drawRectangle@106 (line 26)
                      ; - com.saigou.thread.PushStreamThread::run@332 (line 113)
  0x00007f816113e938: c46c 77ff | bef6 ffff | ff44 8b5c | 2430 4489 

  0x00007f816113e948: ;   {runtime_call UncommonTrapBlob}
  0x00007f816113e948: 5c24 28e8 

  0x00007f816113e94c: ; ImmutableOopMap {rbp=NarrowOop [16]=Oop [40]=NarrowOop [56]=Oop [64]=Oop [72]=Oop [96]=Oop }
                      ;*putfield next {reexecute=1 rethrow=0 return_oop=0}
                      ; - (reexecute) org.bytedeco.javacpp.Pointer$DeallocatorReference::remove@47 (line 327)
                      ; - org.bytedeco.javacpp.Pointer::releaseReference@34 (line 822)
                      ; - org.bytedeco.javacpp.Pointer::close@1 (line 767)
                      ; - com.saigou.draw.Draw::drawText@46 (line 54)
                      ; - com.saigou.thread.PushStreamThread::run@347 (line 114)
  0x00007f816113e94c: b06c 77ff | 488b 6c24 | 2845 33d2 | 4533 dbe9 | 81fe ffff | 498b f749 | ba30 17b0 | 7681 7f00 
  0x00007f816113e96c: 0041 ffd2 | e90b e9ff | ff49 8bf7 | 49ba 3017 | b076 817f | 0000 41ff | d2e9 56e9 | ffff 498b 
  0x00007f816113e98c: f749 ba30 | 17b0 7681 | 7f00 0041 | ffd2 e9a2 | e9ff ffbe | deff ffff | 448b 5424 | 3044 8954 
  0x00007f816113e9ac: ;   {runtime_call UncommonTrapBlob}
  0x00007f816113e9ac: 2428 90e8 

  0x00007f816113e9b0: ; ImmutableOopMap {rbp=NarrowOop [16]=Oop [40]=NarrowOop [56]=Oop [64]=Oop [72]=Oop }
                      ;*checkcast {reexecute=0 rethrow=0 return_oop=0}
                      ; - com.saigou.thread.PushStreamThread::run@315 (line 112)
  0x00007f816113e9b0: 4c6c 77ff | bede ffff | ff48 8b6c | 2410 4c8b | 5424 184c | 8954 2410 | 4c8b 5424 | 204c 8954 
  0x00007f816113e9d0: 2418 448b | 5424 3044 | 8954 2420 | 4489 5c24 

  0x00007f816113e9e0: ;   {runtime_call UncommonTrapBlob}
  0x00007f816113e9e0: 6066 90e8 

  0x00007f816113e9e4: ; ImmutableOopMap {rbp=Oop [32]=NarrowOop [56]=Oop [64]=Oop [72]=Oop [88]=Oop [96]=NarrowOop }
                      ;*instanceof {reexecute=0 rethrow=0 return_oop=0}
                      ; - com.saigou.grpc.FaceBox::getExpressionFeature@6 (line 246)
                      ; - com.saigou.thread.PushStreamThread::run@339 (line 114)
  0x00007f816113e9e4: 186c 77ff | bede ffff | ff44 8b5c | 2430 4489 | 5c24 284c | 8b54 2458 | 4c89 5424 

  0x00007f816113ea00: ;   {runtime_call UncommonTrapBlob}
  0x00007f816113ea00: 5066 90e8 

  0x00007f816113ea04: ; ImmutableOopMap {rbp=NarrowOop [16]=Oop [40]=NarrowOop [56]=Oop [64]=Oop [72]=Oop [80]=Oop [112]=Oop [120]=Oop }
                      ;*checkcast {reexecute=0 rethrow=0 return_oop=0}
                      ; - org.bytedeco.javacpp.Pointer::releaseReference@4 (line 817)
                      ; - org.bytedeco.javacpp.Pointer::close@1 (line 767)
                      ; - com.saigou.draw.Draw::drawRectangle@77 (line 26)
                      ; - com.saigou.thread.PushStreamThread::run@332 (line 113)
  0x00007f816113ea04: f86b 77ff | bede ffff | ff44 8b5c | 2430 4489 | 5c24 284c | 8b54 2458 | 4c89 5424 

  0x00007f816113ea20: ;   {runtime_call UncommonTrapBlob}
  0x00007f816113ea20: 5066 90e8 

  0x00007f816113ea24: ; ImmutableOopMap {rbp=NarrowOop [16]=Oop [40]=NarrowOop [56]=Oop [64]=Oop [72]=Oop [80]=Oop [112]=Oop }
                      ;*checkcast {reexecute=0 rethrow=0 return_oop=0}
                      ; - org.bytedeco.javacpp.Pointer::releaseReference@4 (line 817)
                      ; - org.bytedeco.javacpp.Pointer::close@1 (line 767)
                      ; - com.saigou.draw.Draw::drawRectangle@106 (line 26)
                      ; - com.saigou.thread.PushStreamThread::run@332 (line 113)
  0x00007f816113ea24: d86b 77ff | bede ffff | ff44 8b5c | 2430 4489 

  0x00007f816113ea34: ;   {runtime_call UncommonTrapBlob}
  0x00007f816113ea34: 5c24 28e8 

  0x00007f816113ea38: ; ImmutableOopMap {rbp=NarrowOop [16]=Oop [40]=NarrowOop [56]=Oop [64]=Oop [72]=Oop [88]=Oop }
                      ;*checkcast {reexecute=0 rethrow=0 return_oop=0}
                      ; - org.bytedeco.javacpp.Pointer::releaseReference@4 (line 817)
                      ; - org.bytedeco.javacpp.Pointer::close@1 (line 767)
                      ; - com.saigou.draw.Draw::drawText@46 (line 54)
                      ; - com.saigou.thread.PushStreamThread::run@347 (line 114)
  0x00007f816113ea38: c46b 77ff | bede ffff 

  0x00007f816113ea40: ;   {runtime_call UncommonTrapBlob}
  0x00007f816113ea40: ff66 90e8 

  0x00007f816113ea44: ; ImmutableOopMap {rbp=NarrowOop [16]=Oop [40]=Oop [48]=Oop [56]=Oop [64]=Oop }
                      ;*checkcast {reexecute=0 rethrow=0 return_oop=0}
                      ; - com.saigou.thread.PushStreamThread::run@384 (line 118)
  0x00007f816113ea44: b86b 77ff | bede ffff | ff48 8b6c | 2438 4c8b | 4c24 184c | 894c 2410 | 4c8b 4c24 | 204c 894c 
  0x00007f816113ea64: 2418 448b | 4c24 3044 | 894c 2420 | 8b7c 2434 | 897c 2424 | 4c89 7424 | 284c 896c | 2430 4889 
  0x00007f816113ea84: 4c24 3844 | 895c 2440 | 4489 4424 | 4489 5c24 | 484c 8954 

  0x00007f816113ea98: ;   {runtime_call UncommonTrapBlob}
  0x00007f816113ea98: 2450 90e8 

  0x00007f816113ea9c: ; ImmutableOopMap {rbp=Oop [32]=NarrowOop [36]=NarrowOop [40]=Oop [56]=Oop [64]=NarrowOop [68]=NarrowOop [72]=NarrowOop }
                      ;*checkcast {reexecute=0 rethrow=0 return_oop=0}
                      ; - java.lang.Long::compareTo@2 (line 71)
                      ; - java.util.concurrent.ConcurrentSkipListMap::cpr@20 (line 393)
                      ; - java.util.concurrent.ConcurrentSkipListMap::doGet@191 (line 569)
                      ; - java.util.concurrent.ConcurrentSkipListMap::get@2 (line 1312)
                      ; - com.saigou.thread.PushStreamThread::run@181 (line 97)
  0x00007f816113ea9c: 606b 77ff | bede ffff | ff48 8b6c | 2438 4c8b | 4424 184c | 8944 2410 | 4c8b 4424 | 204c 8944 
  0x00007f816113eabc: 2418 448b | 4424 3044 | 8944 2420 | 8b7c 2434 | 897c 2424 | 4c89 7424 | 284c 896c | 2430 4c89 
  0x00007f816113eadc: 5c24 3844 | 894c 2440 | 895c 2444 | 894c 2448 | 8954 244c | 4c89 5424 

  0x00007f816113eaf4: ;   {runtime_call UncommonTrapBlob}
  0x00007f816113eaf4: 5066 90e8 

  0x00007f816113eaf8: ; ImmutableOopMap {rbp=Oop [32]=NarrowOop [36]=NarrowOop [40]=Oop [56]=Oop [64]=NarrowOop [68]=NarrowOop [72]=NarrowOop [76]=NarrowOop }
                      ;*checkcast {reexecute=0 rethrow=0 return_oop=0}
                      ; - java.lang.Long::compareTo@2 (line 71)
                      ; - java.util.concurrent.ConcurrentSkipListMap::cpr@20 (line 393)
                      ; - java.util.concurrent.ConcurrentSkipListMap::doGet@97 (line 551)
                      ; - java.util.concurrent.ConcurrentSkipListMap::get@2 (line 1312)
                      ; - com.saigou.thread.PushStreamThread::run@181 (line 97)
  0x00007f816113eaf8: 046b 77ff | bede ffff | ff4c 8b54 | 2418 4c89 | 5424 104c | 8b54 2420 | 4c89 5424 | 1844 8b54 
  0x00007f816113eb18: 2430 4489 | 5424 2044 | 8b5c 2434 | 4489 5c24 | 2448 8944 

  0x00007f816113eb2c: ;   {runtime_call UncommonTrapBlob}
  0x00007f816113eb2c: 2428 90e8 

  0x00007f816113eb30: ; ImmutableOopMap {[32]=NarrowOop [36]=NarrowOop [40]=Oop [56]=Oop }
                      ;*checkcast {reexecute=0 rethrow=0 return_oop=0}
                      ; - com.saigou.thread.PushStreamThread::run@90 (line 89)
  0x00007f816113eb30: cc6a 77ff | bede ffff | ff48 8b6c | 2438 4c8b | 5424 184c | 8954 2410 | 4c8b 5424 | 204c 8954 
  0x00007f816113eb50: 2418 448b | 5424 3044 | 8954 2420 | 448b 5c24 | 3444 895c | 2424 4c89 | 7424 284c | 896c 2430 
  0x00007f816113eb70: 4489 4424 

  0x00007f816113eb74: ;   {runtime_call UncommonTrapBlob}
  0x00007f816113eb74: 3866 90e8 

  0x00007f816113eb78: ; ImmutableOopMap {rbp=Oop [32]=NarrowOop [36]=NarrowOop [40]=Oop [56]=NarrowOop }
                      ;*checkcast {reexecute=0 rethrow=0 return_oop=0}
                      ; - com.saigou.thread.PushStreamThread::run@184 (line 97)
  0x00007f816113eb78: 846a 77ff | bef6 ffff | ff48 8b6c | 2418 4c8b | 5424 204c | 8954 2410 | 4c89 7424 | 204c 896c 
  0x00007f816113eb98: ;   {runtime_call UncommonTrapBlob}
  0x00007f816113eb98: 2428 90e8 

  0x00007f816113eb9c: ; ImmutableOopMap {[32]=Oop [48]=NarrowOop [52]=NarrowOop }
                      ;*getfield resultCache {reexecute=1 rethrow=0 return_oop=0}
                      ; - (reexecute) com.saigou.thread.PushStreamThread::run@170 (line 97)
  0x00007f816113eb9c: 606a 77ff | bef6 ffff | ff4c 8b54 | 2418 4c89 | 5424 104c | 8b54 2420 | 4c89 5424 | 1844 8b54 
  0x00007f816113ebbc: 2430 4489 | 5424 204c | 896c 2428 | 894c 2430 

  0x00007f816113ebcc: ;   {runtime_call UncommonTrapBlob}
  0x00007f816113ebcc: 6666 90e8 

  0x00007f816113ebd0: ; ImmutableOopMap {[32]=NarrowOop [48]=NarrowOop [52]=NarrowOop [56]=Oop }
                      ;*getfield timestamp {reexecute=1 rethrow=0 return_oop=0}
                      ; - (reexecute) com.saigou.thread.PushStreamThread::run@175 (line 97)
  0x00007f816113ebd0: 2c6a 77ff | be45 ffff | ff48 8b6c | 2438 4c8b | 5c24 184c | 895c 2410 | 4c8b 5c24 | 204c 895c 
  0x00007f816113ebf0: 2418 448b | 4c24 3044 | 894c 2420 | 448b 5c24 | 3444 895c | 2424 4c89 | 7424 284c | 896c 2430 
  0x00007f816113ec10: 4889 4c24 | 3844 8944 | 2444 4c89 

  0x00007f816113ec1c: ;   {runtime_call UncommonTrapBlob}
  0x00007f816113ec1c: 5424 48e8 

  0x00007f816113ec20: ; ImmutableOopMap {rbp=Oop [32]=NarrowOop [36]=NarrowOop [40]=Oop [56]=Oop [68]=NarrowOop }
                      ;*ifnull {reexecute=1 rethrow=0 return_oop=0}
                      ; - (reexecute) java.util.concurrent.ConcurrentSkipListMap::doGet@150 (line 564)
                      ; - java.util.concurrent.ConcurrentSkipListMap::get@2 (line 1312)
                      ; - com.saigou.thread.PushStreamThread::run@181 (line 97)
  0x00007f816113ec20: dc69 77ff | be45 ffff | ff48 8b6c | 2438 4c8b | 4424 184c | 8944 2410 | 4c8b 4424 | 204c 8944 
  0x00007f816113ec40: 2418 8b4c | 2430 894c | 2420 448b | 4424 3444 | 8944 2424 | 4c89 7424 | 284c 896c | 2430 4c89 
  0x00007f816113ec60: 5c24 3844 | 894c 2440 | 895c 2444 | 897c 244c | 4c89 5424 

  0x00007f816113ec74: ;   {runtime_call UncommonTrapBlob}
  0x00007f816113ec74: 5066 90e8 

  0x00007f816113ec78: ; ImmutableOopMap {rbp=Oop [32]=NarrowOop [36]=NarrowOop [40]=Oop [56]=Oop [64]=NarrowOop [68]=NarrowOop [76]=NarrowOop }
                      ;*ifnull {reexecute=1 rethrow=0 return_oop=0}
                      ; - (reexecute) java.util.concurrent.ConcurrentSkipListMap::doGet@50 (line 548)
                      ; - java.util.concurrent.ConcurrentSkipListMap::get@2 (line 1312)
                      ; - com.saigou.thread.PushStreamThread::run@181 (line 97)
  0x00007f816113ec78: 8469 77ff | be45 ffff | ff48 8b6c | 2438 4c8b | 4424 184c | 8944 2410 | 4c8b 4424 | 204c 8944 
  0x00007f816113ec98: 2418 448b | 4424 3044 | 8944 2420 | 8b4c 2434 | 894c 2424 | 4c89 7424 | 284c 896c | 2430 4c89 
  0x00007f816113ecb8: 5c24 3844 | 894c 2440 | 895c 2444 | 897c 2448 | 8954 2450 | 4c89 5424 

  0x00007f816113ecd0: ;   {runtime_call UncommonTrapBlob}
  0x00007f816113ecd0: 5866 90e8 

  0x00007f816113ecd4: ; ImmutableOopMap {rbp=Oop [32]=NarrowOop [36]=NarrowOop [40]=Oop [56]=Oop [64]=NarrowOop [68]=NarrowOop [72]=NarrowOop [80]=NarrowOop }
                      ;*ifnull {reexecute=1 rethrow=0 return_oop=0}
                      ; - (reexecute) java.util.concurrent.ConcurrentSkipListMap::doGet@61 (line 548)
                      ; - java.util.concurrent.ConcurrentSkipListMap::get@2 (line 1312)
                      ; - com.saigou.thread.PushStreamThread::run@181 (line 97)
  0x00007f816113ecd4: 2869 77ff | be45 ffff | ff48 8b6c | 2438 4c8b | 4c24 184c | 894c 2410 | 4c8b 4c24 | 204c 894c 
  0x00007f816113ecf4: 2418 8b7c | 2430 897c | 2420 448b | 4c24 3444 | 894c 2424 | 4c89 7424 | 284c 896c | 2430 4889 
  0x00007f816113ed14: 4c24 3844 | 895c 2440 | 895c 2448 | 4489 4424 | 4c4c 8954 

  0x00007f816113ed28: ;   {runtime_call UncommonTrapBlob}
  0x00007f816113ed28: 2450 90e8 

  0x00007f816113ed2c: ; ImmutableOopMap {rbp=Oop [32]=NarrowOop [36]=NarrowOop [40]=Oop [56]=Oop [64]=NarrowOop [72]=NarrowOop [76]=NarrowOop }
                      ;*ifnull {reexecute=1 rethrow=0 return_oop=0}
                      ; - (reexecute) java.util.concurrent.ConcurrentSkipListMap::doGet@179 (line 568)
                      ; - java.util.concurrent.ConcurrentSkipListMap::get@2 (line 1312)
                      ; - com.saigou.thread.PushStreamThread::run@181 (line 97)
  0x00007f816113ed2c: d068 77ff | be45 ffff | ff48 8b6c | 2438 4c8b | 4c24 184c | 894c 2410 | 4c8b 4c24 | 204c 894c 
  0x00007f816113ed4c: 2418 448b | 4c24 3044 | 894c 2420 | 8b7c 2434 | 897c 2424 | 4c89 7424 | 284c 896c | 2430 4889 
  0x00007f816113ed6c: 4c24 3844 | 895c 2440 | 4489 4424 | 4489 5c24 | 4c4c 8954 

  0x00007f816113ed80: ;   {runtime_call UncommonTrapBlob}
  0x00007f816113ed80: 2450 90e8 

  0x00007f816113ed84: ; ImmutableOopMap {rbp=Oop [32]=NarrowOop [36]=NarrowOop [40]=Oop [56]=Oop [64]=NarrowOop [68]=NarrowOop [76]=NarrowOop }
                      ;*ifnull {reexecute=1 rethrow=0 return_oop=0}
                      ; - (reexecute) java.util.concurrent.ConcurrentSkipListMap::doGet@184 (line 568)
                      ; - java.util.concurrent.ConcurrentSkipListMap::get@2 (line 1312)
                      ; - com.saigou.thread.PushStreamThread::run@181 (line 97)
  0x00007f816113ed84: 7868 77ff | bef4 ffff | ff4c 8b54 | 2418 4c89 | 5424 104c | 8b54 2420 | 4c89 5424 

  0x00007f816113eda0: ;   {runtime_call UncommonTrapBlob}
  0x00007f816113eda0: 1866 90e8 

  0x00007f816113eda4: ; ImmutableOopMap {[48]=NarrowOop [52]=NarrowOop [56]=Oop }
                      ;*checkcast {reexecute=0 rethrow=0 return_oop=0}
                      ; - com.saigou.thread.PushStreamThread::run@90 (line 89)
  0x00007f816113eda4: 5868 77ff | bef6 ffff | ff48 8b6c | 2410 4c8b | 5424 184c | 8954 2410 | 4c8b 5424 | 204c 8954 
  0x00007f816113edc4: 2418 448b | 5424 3044 | 8954 2420 | 4c8b 5424 | 384c 8954 

  0x00007f816113edd8: ;   {runtime_call UncommonTrapBlob}
  0x00007f816113edd8: 2430 90e8 

  0x00007f816113eddc: ; ImmutableOopMap {rbp=Oop [32]=NarrowOop [48]=Oop [64]=Oop [72]=Oop }
                      ;*getfield modCount {reexecute=1 rethrow=0 return_oop=0}
                      ; - (reexecute) java.util.ArrayList$Itr::checkForComodification@4 (line 1012)
                      ; - java.util.ArrayList$Itr::next@1 (line 967)
                      ; - java.util.Collections$UnmodifiableCollection$1::next@4 (line 1054)
                      ; - com.saigou.thread.PushStreamThread::run@310 (line 112)
  0x00007f816113eddc: 2068 77ff | bef6 ffff | ff48 8b6c | 2410 4c8b | 5424 184c | 8954 2410 | 4c8b 5424 | 204c 8954 
  0x00007f816113edfc: 2418 448b | 5424 3044 | 8954 2420 | 4c8b 5424 | 384c 8954 

  0x00007f816113ee10: ;   {runtime_call UncommonTrapBlob}
  0x00007f816113ee10: 2430 90e8 

  0x00007f816113ee14: ; ImmutableOopMap {rbp=Oop [32]=NarrowOop [48]=Oop [64]=Oop [72]=Oop }
                      ;*arraylength {reexecute=0 rethrow=0 return_oop=0}
                      ; - java.util.ArrayList$Itr::next@38 (line 972)
                      ; - java.util.Collections$UnmodifiableCollection$1::next@4 (line 1054)
                      ; - com.saigou.thread.PushStreamThread::run@310 (line 112)
  0x00007f816113ee14: e867 77ff | bef4 ffff | ff48 8b6c | 2410 4c8b | 5424 184c | 8954 2410 | 4c8b 5424 | 204c 8954 
  0x00007f816113ee34: 2418 448b | 5424 3044 | 8954 2420 | 4c8b 5424 | 384c 8954 

  0x00007f816113ee48: ;   {runtime_call UncommonTrapBlob}
  0x00007f816113ee48: 2430 90e8 

  0x00007f816113ee4c: ; ImmutableOopMap {rbp=Oop [32]=NarrowOop [48]=Oop [64]=Oop [72]=Oop }
                      ;*checkcast {reexecute=0 rethrow=0 return_oop=0}
                      ; - com.saigou.thread.PushStreamThread::run@315 (line 112)
  0x00007f816113ee4c: b067 77ff | bef6 ffff | ff48 8b6c | 2410 4c8b | 5424 184c | 8954 2410 | 4c8b 5424 | 204c 8954 
  0x00007f816113ee6c: 2418 448b | 5424 3044 | 8954 2420 | 4c8b 5424 | 584c 8954 | 2450 4889 

  0x00007f816113ee84: ;   {runtime_call UncommonTrapBlob}
  0x00007f816113ee84: 4424 68e8 

  0x00007f816113ee88: ; ImmutableOopMap {rbp=Oop [32]=NarrowOop [56]=Oop [64]=Oop [72]=Oop [80]=Oop [104]=Oop [112]=Oop [120]=Oop }
                      ;*invokevirtual getX {reexecute=0 rethrow=0 return_oop=0}
                      ; - com.saigou.draw.Draw::drawRectangle@35 (line 24)
                      ; - com.saigou.thread.PushStreamThread::run@332 (line 113)
  0x00007f816113ee88: 7467 77ff | bef4 ffff | ff48 8b6c | 2410 4c8b | 5424 184c | 8954 2410 | 4c8b 5424 | 204c 8954 
  0x00007f816113eea8: 2418 448b | 5424 3044 | 8954 2420 

  0x00007f816113eeb4: ;   {runtime_call UncommonTrapBlob}
  0x00007f816113eeb4: 6666 90e8 

  0x00007f816113eeb8: ; ImmutableOopMap {rbp=Oop [32]=NarrowOop [56]=Oop [64]=Oop [72]=Oop [88]=Oop }
                      ;*instanceof {reexecute=0 rethrow=0 return_oop=0}
                      ; - com.saigou.grpc.FaceBox::getExpressionFeature@6 (line 246)
                      ; - com.saigou.thread.PushStreamThread::run@339 (line 114)
  0x00007f816113eeb8: 4467 77ff | bef6 ffff | ff48 8b6c | 2410 4c8b | 5424 184c | 8954 2410 | 4c8b 5424 | 204c 8954 
  0x00007f816113eed8: 2418 448b | 5c24 3044 | 895c 2420 | 4c8b 5424 | 384c 8954 

  0x00007f816113eeec: ;   {runtime_call UncommonTrapBlob}
  0x00007f816113eeec: 2430 90e8 

  0x00007f816113eef0: ; ImmutableOopMap {rbp=Oop [32]=NarrowOop [48]=Oop [64]=Oop [72]=Oop }
                      ;*getfield size {reexecute=1 rethrow=0 return_oop=0}
                      ; - (reexecute) java.util.ArrayList$Itr::hasNext@8 (line 962)
                      ; - java.util.Collections$UnmodifiableCollection$1::hasNext@4 (line 1053)
                      ; - com.saigou.thread.PushStreamThread::run@300 (line 112)
  0x00007f816113eef0: 0c67 77ff | bef6 ffff | ff4c 8b54 | 2418 4c89 | 5424 104c | 8b54 2420 | 4c89 5424 

  0x00007f816113ef0c: ;   {runtime_call UncommonTrapBlob}
  0x00007f816113ef0c: 1866 90e8 

  0x00007f816113ef10: ; ImmutableOopMap {[48]=NarrowOop [52]=NarrowOop [56]=Oop }
                      ;*getfield timestamp {reexecute=1 rethrow=0 return_oop=0}
                      ; - (reexecute) com.saigou.thread.PushStreamThread::run@203 (line 101)
  0x00007f816113ef10: ec66 77ff | bef6 ffff | ff4c 8b5c | 2418 4c89 | 5c24 104c | 8b5c 2420 | 4c89 5c24 | 1844 8b44 
  0x00007f816113ef30: 2430 4489 | 4424 2044 | 8b5c 2434 | 4489 5c24 | 244c 8954 

  0x00007f816113ef44: ;   {runtime_call UncommonTrapBlob}
  0x00007f816113ef44: 2430 90e8 

  0x00007f816113ef48: ; ImmutableOopMap {[32]=NarrowOop [36]=NarrowOop [40]=Oop [48]=Oop [56]=Oop }
                      ;*getfield timestamp {reexecute=1 rethrow=0 return_oop=0}
                      ; - (reexecute) com.saigou.thread.PushStreamThread::run@247 (line 106)
  0x00007f816113ef48: b466 77ff | be45 ffff | ff48 8b6c | 2410 4c8b | 5424 184c | 8954 2410 | 4c8b 5424 | 204c 8954 
  0x00007f816113ef68: 2418 448b | 5424 3044 | 8954 2420 | 4489 5c24 

  0x00007f816113ef78: ;   {runtime_call UncommonTrapBlob}
  0x00007f816113ef78: 2466 90e8 

  0x00007f816113ef7c: ; ImmutableOopMap {rbp=Oop [32]=NarrowOop [36]=NarrowOop [56]=Oop [64]=Oop [72]=Oop [88]=Oop }
                      ;*ifnonnull {reexecute=1 rethrow=0 return_oop=0}
                      ; - (reexecute) com.saigou.grpc.FaceBox::getMinPoint@4 (line 120)
                      ; - com.saigou.thread.PushStreamThread::run@324 (line 113)
  0x00007f816113ef7c: 8066 77ff | be45 ffff | ff48 8b6c | 2410 4c8b | 5424 184c | 8954 2410 | 4c8b 5424 | 204c 8954 
  0x00007f816113ef9c: 2418 448b | 5c24 3044 | 895c 2420 | 448b 5c24 | 2844 895c 

  0x00007f816113efb0: ;   {runtime_call UncommonTrapBlob}
  0x00007f816113efb0: 2424 90e8 

  0x00007f816113efb4: ; ImmutableOopMap {rbp=Oop [32]=NarrowOop [36]=NarrowOop [56]=Oop [64]=Oop [72]=Oop [88]=Oop [96]=Oop }
                      ;*ifnonnull {reexecute=1 rethrow=0 return_oop=0}
                      ; - (reexecute) com.saigou.grpc.FaceBox::getMinPoint@4 (line 120)
                      ; - com.saigou.thread.PushStreamThread::run@344 (line 114)
  0x00007f816113efb4: 4866 77ff | bef6 ffff | ff48 8b6c | 2410 4c8b | 5424 184c | 8954 2410 | 4c8b 5424 | 204c 8954 
  0x00007f816113efd4: 2418 4c8b | 5424 284c | 8954 2420 

  0x00007f816113efe0: ;   {runtime_call UncommonTrapBlob}
  0x00007f816113efe0: 6666 90e8 

  0x00007f816113efe4: ; ImmutableOopMap {rbp=Oop [32]=Oop [48]=Oop [56]=Oop [64]=Oop }
                      ;*getfield modCount {reexecute=1 rethrow=0 return_oop=0}
                      ; - (reexecute) java.util.ArrayList$Itr::checkForComodification@4 (line 1012)
                      ; - java.util.ArrayList$Itr::next@1 (line 967)
                      ; - java.util.Collections$UnmodifiableCollection$1::next@4 (line 1054)
                      ; - com.saigou.thread.PushStreamThread::run@379 (line 118)
  0x00007f816113efe4: 1866 77ff | bef6 ffff | ff48 8b6c | 2410 4c8b | 5424 184c | 8954 2410 | 4c8b 5424 | 204c 8954 
  0x00007f816113f004: 2418 4c8b | 5424 284c | 8954 2420 

  0x00007f816113f010: ;   {runtime_call UncommonTrapBlob}
  0x00007f816113f010: 6666 90e8 

  0x00007f816113f014: ; ImmutableOopMap {rbp=Oop [32]=Oop [48]=Oop [56]=Oop [64]=Oop }
                      ;*arraylength {reexecute=0 rethrow=0 return_oop=0}
                      ; - java.util.ArrayList$Itr::next@38 (line 972)
                      ; - java.util.Collections$UnmodifiableCollection$1::next@4 (line 1054)
                      ; - com.saigou.thread.PushStreamThread::run@379 (line 118)
  0x00007f816113f014: e865 77ff | bef4 ffff | ff48 8b6c | 2410 4c8b | 5424 184c | 8954 2410 | 4c8b 5424 | 204c 8954 
  0x00007f816113f034: 2418 4c8b | 5424 284c | 8954 2420 

  0x00007f816113f040: ;   {runtime_call UncommonTrapBlob}
  0x00007f816113f040: 6666 90e8 

  0x00007f816113f044: ; ImmutableOopMap {rbp=Oop [32]=Oop [48]=Oop [56]=Oop [64]=Oop }
                      ;*checkcast {reexecute=0 rethrow=0 return_oop=0}
                      ; - com.saigou.thread.PushStreamThread::run@384 (line 118)
  0x00007f816113f044: b865 77ff | bef4 ffff 

  0x00007f816113f04c: ;   {runtime_call UncommonTrapBlob}
  0x00007f816113f04c: ff66 90e8 

  0x00007f816113f050: ; ImmutableOopMap {rbp=NarrowOop [16]=Oop [40]=Oop [48]=Oop [56]=Oop [64]=Oop [104]=Oop }
                      ;*checkcast {reexecute=0 rethrow=0 return_oop=0}
                      ; - com.saigou.draw.Draw::drawPersonPose@43 (line 88)
                      ; - com.saigou.thread.PushStreamThread::run@400 (line 120)
  0x00007f816113f050: ac65 77ff | bef4 ffff 

  0x00007f816113f058: ;   {runtime_call UncommonTrapBlob}
  0x00007f816113f058: ff66 90e8 

  0x00007f816113f05c: ; ImmutableOopMap {rbp=NarrowOop [16]=Oop [40]=Oop [48]=Oop [56]=Oop [64]=Oop [104]=Oop }
                      ;*checkcast {reexecute=0 rethrow=0 return_oop=0}
                      ; - com.saigou.draw.Draw::drawPersonPose@149 (line 91)
                      ; - com.saigou.thread.PushStreamThread::run@400 (line 120)
  0x00007f816113f05c: a065 77ff | bef6 ffff | ff48 8b6c | 2410 4c8b | 5424 184c | 8954 2410 | 4c8b 5424 | 204c 8954 
  0x00007f816113f07c: 2418 4c8b | 5424 284c | 8954 2420 

  0x00007f816113f088: ;   {runtime_call UncommonTrapBlob}
  0x00007f816113f088: 6666 90e8 

  0x00007f816113f08c: ; ImmutableOopMap {rbp=Oop [32]=Oop [48]=Oop [56]=Oop [64]=Oop }
                      ;*getfield size {reexecute=1 rethrow=0 return_oop=0}
                      ; - (reexecute) java.util.ArrayList$Itr::hasNext@8 (line 962)
                      ; - java.util.Collections$UnmodifiableCollection$1::hasNext@4 (line 1053)
                      ; - com.saigou.thread.PushStreamThread::run@369 (line 118)
  0x00007f816113f08c: 7065 77ff | bef4 ffff 

  0x00007f816113f094: ;   {runtime_call UncommonTrapBlob}
  0x00007f816113f094: ff66 90e8 

  0x00007f816113f098: ; ImmutableOopMap {rbp=NarrowOop [16]=Oop [40]=Oop [48]=Oop [56]=Oop [64]=Oop [104]=Oop }
                      ;*checkcast {reexecute=0 rethrow=0 return_oop=0}
                      ; - com.saigou.draw.Draw::drawPersonPose@63 (line 88)
                      ; - com.saigou.thread.PushStreamThread::run@400 (line 120)
  0x00007f816113f098: 6465 77ff | bef4 ffff 

  0x00007f816113f0a0: ;   {runtime_call UncommonTrapBlob}
  0x00007f816113f0a0: ff66 90e8 

  0x00007f816113f0a4: ; ImmutableOopMap {rbp=NarrowOop [16]=Oop [40]=Oop [48]=Oop [56]=Oop [64]=Oop [104]=Oop }
                      ;*checkcast {reexecute=0 rethrow=0 return_oop=0}
                      ; - com.saigou.draw.Draw::drawPersonPose@169 (line 91)
                      ; - com.saigou.thread.PushStreamThread::run@400 (line 120)
  0x00007f816113f0a4: 5865 77ff | bef4 ffff 

  0x00007f816113f0ac: ;   {runtime_call UncommonTrapBlob}
  0x00007f816113f0ac: ff66 90e8 

  0x00007f816113f0b0: ; ImmutableOopMap {rbp=NarrowOop [16]=Oop [40]=Oop [48]=Oop [56]=Oop [64]=Oop [104]=Oop }
                      ;*checkcast {reexecute=0 rethrow=0 return_oop=0}
                      ; - com.saigou.draw.Draw::drawPersonPose@82 (line 88)
                      ; - com.saigou.thread.PushStreamThread::run@400 (line 120)
  0x00007f816113f0b0: 4c65 77ff | bef4 ffff 

  0x00007f816113f0b8: ;   {runtime_call UncommonTrapBlob}
  0x00007f816113f0b8: ff66 90e8 

  0x00007f816113f0bc: ; ImmutableOopMap {rbp=NarrowOop [16]=Oop [40]=Oop [48]=Oop [56]=Oop [64]=Oop [104]=Oop }
                      ;*checkcast {reexecute=0 rethrow=0 return_oop=0}
                      ; - com.saigou.draw.Draw::drawPersonPose@189 (line 91)
                      ; - com.saigou.thread.PushStreamThread::run@400 (line 120)
  0x00007f816113f0bc: 4065 77ff | bef4 ffff 

  0x00007f816113f0c4: ;   {runtime_call UncommonTrapBlob}
  0x00007f816113f0c4: ff66 90e8 

  0x00007f816113f0c8: ; ImmutableOopMap {rbp=NarrowOop [16]=Oop [40]=Oop [48]=Oop [56]=Oop [64]=Oop [104]=Oop }
                      ;*checkcast {reexecute=0 rethrow=0 return_oop=0}
                      ; - com.saigou.draw.Draw::drawPersonPose@102 (line 88)
                      ; - com.saigou.thread.PushStreamThread::run@400 (line 120)
  0x00007f816113f0c8: 3465 77ff | bef4 ffff 

  0x00007f816113f0d0: ;   {runtime_call UncommonTrapBlob}
  0x00007f816113f0d0: ff66 90e8 

  0x00007f816113f0d4: ; ImmutableOopMap {rbp=NarrowOop [16]=Oop [40]=Oop [48]=Oop [56]=Oop [64]=Oop [104]=Oop }
                      ;*checkcast {reexecute=0 rethrow=0 return_oop=0}
                      ; - com.saigou.draw.Draw::drawPersonPose@209 (line 91)
                      ; - com.saigou.thread.PushStreamThread::run@400 (line 120)
  0x00007f816113f0d4: 2865 77ff | bef4 ffff 

  0x00007f816113f0dc: ;   {runtime_call UncommonTrapBlob}
  0x00007f816113f0dc: ff66 90e8 

  0x00007f816113f0e0: ; ImmutableOopMap {rbp=NarrowOop [16]=Oop [40]=Oop [48]=Oop [56]=Oop [64]=Oop [104]=Oop }
                      ;*checkcast {reexecute=0 rethrow=0 return_oop=0}
                      ; - com.saigou.draw.Draw::drawPersonPose@122 (line 89)
                      ; - com.saigou.thread.PushStreamThread::run@400 (line 120)
  0x00007f816113f0e0: 1c65 77ff | bef4 ffff | ff4c 8b54 | 2468 4c89 

  0x00007f816113f0f0: ;   {runtime_call UncommonTrapBlob}
  0x00007f816113f0f0: 5424 50e8 

  0x00007f816113f0f4: ; ImmutableOopMap {rbp=NarrowOop [16]=Oop [40]=Oop [48]=Oop [56]=Oop [64]=Oop [80]=Oop [120]=Oop }
                      ;*checkcast {reexecute=0 rethrow=0 return_oop=0}
                      ; - com.saigou.draw.Draw::drawPersonPose@133 (line 89)
                      ; - com.saigou.thread.PushStreamThread::run@400 (line 120)
  0x00007f816113f0f4: 0865 77ff | bef4 ffff 

  0x00007f816113f0fc: ;   {runtime_call UncommonTrapBlob}
  0x00007f816113f0fc: ff66 90e8 

  0x00007f816113f100: ; ImmutableOopMap {rbp=NarrowOop [16]=Oop [40]=Oop [48]=Oop [56]=Oop [64]=Oop [104]=Oop }
                      ;*checkcast {reexecute=0 rethrow=0 return_oop=0}
                      ; - com.saigou.draw.Draw::drawPersonPose@230 (line 92)
                      ; - com.saigou.thread.PushStreamThread::run@400 (line 120)
  0x00007f816113f100: fc64 77ff | bef4 ffff | ff48 8b6c | 2410 4c8b | 5424 184c | 8954 2410 | 4c8b 5424 | 204c 8954 
  0x00007f816113f120: 2418 4c8b | 5424 284c | 8954 2420 

  0x00007f816113f12c: ;   {runtime_call UncommonTrapBlob}
  0x00007f816113f12c: 6666 90e8 

  0x00007f816113f130: ; ImmutableOopMap {rbp=Oop [32]=Oop [48]=Oop [56]=Oop [64]=Oop [104]=Oop [120]=Oop }
                      ;*checkcast {reexecute=0 rethrow=0 return_oop=0}
                      ; - com.saigou.draw.Draw::drawPersonPose@241 (line 92)
                      ; - com.saigou.thread.PushStreamThread::run@400 (line 120)
  0x00007f816113f130: cc64 77ff | bef6 ffff | ff4c 8b54 | 2418 4c89 | 5424 104c | 8b54 2420 | 4c89 5424 | 184c 8b54 
  0x00007f816113f150: 2428 4c89 

  0x00007f816113f154: ;   {runtime_call UncommonTrapBlob}
  0x00007f816113f154: 5424 20e8 

  0x00007f816113f158: ; ImmutableOopMap {[32]=Oop [48]=Oop [56]=Oop }
                      ;*getfield timestamp {reexecute=1 rethrow=0 return_oop=0}
                      ; - (reexecute) com.saigou.thread.PushStreamThread::run@428 (line 127)
  0x00007f816113f158: a464 77ff | bef6 ffff | ff48 8b6c | 2410 4c8b | 5424 184c | 8954 2410 | 4c8b 5424 | 204c 8954 
  0x00007f816113f178: 2418 448b | 5424 3044 | 8954 2420 | 4c8b 5424 | 384c 8954 | 2430 4889 

  0x00007f816113f190: ;   {runtime_call UncommonTrapBlob}
  0x00007f816113f190: 4424 38e8 

  0x00007f816113f194: ; ImmutableOopMap {rbp=Oop [32]=NarrowOop [48]=Oop [56]=Oop [64]=Oop }
                      ;*invokeinterface hasNext {reexecute=0 rethrow=0 return_oop=0}
                      ; - java.util.Collections$UnmodifiableCollection$1::hasNext@4 (line 1053)
                      ; - com.saigou.thread.PushStreamThread::run@300 (line 112)
  0x00007f816113f194: 6864 77ff | bef6 ffff | ff48 8b6c | 2410 4c8b | 5424 184c | 8954 2410 | 4c8b 5424 | 204c 8954 
  0x00007f816113f1b4: 2418 448b | 5424 3044 | 8954 2420 | 4c8b 5424 | 384c 8954 | 2430 4889 

  0x00007f816113f1cc: ;   {runtime_call UncommonTrapBlob}
  0x00007f816113f1cc: 4424 38e8 

  0x00007f816113f1d0: ; ImmutableOopMap {rbp=Oop [32]=NarrowOop [48]=Oop [56]=Oop [64]=Oop }
                      ;*getfield size {reexecute=1 rethrow=0 return_oop=0}
                      ; - (reexecute) java.util.ArrayList$Itr::hasNext@8 (line 962)
                      ; - java.util.Collections$UnmodifiableCollection$1::hasNext@4 (line 1053)
                      ; - com.saigou.thread.PushStreamThread::run@300 (line 112)
  0x00007f816113f1d0: 2c64 77ff | bef6 ffff | ff48 8b6c | 2410 4c8b | 5424 184c | 8954 2410 | 4c8b 5424 | 204c 8954 
  0x00007f816113f1f0: 2418 4c8b | 5424 284c | 8954 2420 | 4889 4424 

  0x00007f816113f200: ;   {runtime_call UncommonTrapBlob}
  0x00007f816113f200: 4066 90e8 

  0x00007f816113f204: ; ImmutableOopMap {rbp=Oop [32]=Oop [48]=Oop [56]=Oop [64]=Oop }
                      ;*invokeinterface hasNext {reexecute=0 rethrow=0 return_oop=0}
                      ; - java.util.Collections$UnmodifiableCollection$1::hasNext@4 (line 1053)
                      ; - com.saigou.thread.PushStreamThread::run@369 (line 118)
  0x00007f816113f204: f863 77ff | bef6 ffff | ff48 8b6c | 2410 4c8b | 5424 184c | 8954 2410 | 4c8b 5424 | 204c 8954 
  0x00007f816113f224: 2418 4c8b | 5424 284c | 8954 2420 | 4889 4424 

  0x00007f816113f234: ;   {runtime_call UncommonTrapBlob}
  0x00007f816113f234: 4066 90e8 

  0x00007f816113f238: ; ImmutableOopMap {rbp=Oop [32]=Oop [48]=Oop [56]=Oop [64]=Oop }
                      ;*getfield size {reexecute=1 rethrow=0 return_oop=0}
                      ; - (reexecute) java.util.ArrayList$Itr::hasNext@8 (line 962)
                      ; - java.util.Collections$UnmodifiableCollection$1::hasNext@4 (line 1053)
                      ; - com.saigou.thread.PushStreamThread::run@369 (line 118)
  0x00007f816113f238: c463 77ff | e974 0e00 | 0048 8944 | 2460 e9d1 | 0a00 0049 | 8bf7 49ba | 3017 b076 | 817f 0000 
  0x00007f816113f258: 41ff d2e9 | f310 0000 | 498b f749 | ba30 17b0 | 7681 7f00 | 0041 ffd2 | e97e 1000 | 00e9 360e 
  0x00007f816113f278: 0000 498b | f749 ba30 | 17b0 7681 | 7f00 0041 | ffd2 e952 | 0e00 0049 | 8bf7 49ba | 3017 b076 
  0x00007f816113f298: 817f 0000 | 41ff d2e9 | ac04 0000 | 498b f749 | ba30 17b0 | 7681 7f00 | 0041 ffd2 | e973 0500 
  0x00007f816113f2b8: 0049 8bf7 | 49ba 3017 | b076 817f | 0000 41ff | d2e9 4905 | 0000 498b | f749 ba30 | 17b0 7681 
  0x00007f816113f2d8: 7f00 0041 | ffd2 e9e3 | 0400 0049 | 8be9 498b | d849 8bf7 | 49ba 3017 | b076 817f | 0000 41ff 
  0x00007f816113f2f8: d24c 8bc3 | 4c8b cde9 | 4303 0000 | 498b f749 | ba30 17b0 | 7681 7f00 | 0041 ffd2 | e9f4 1000 
  0x00007f816113f318: ;   {oop(a 'java/lang/Class'{0x000000064d400410} = 'org/bytedeco/javacpp/Pointer$DeallocatorReference')}
  0x00007f816113f318: 0048 bf10 | 0440 4d06 | 0000 0048 | 8db4 24a0 | 0000 0049 | 8bd7 49ba | 40d0 1177 | 817f 0000 
  0x00007f816113f338: 41ff d2e9 | de05 0000 

  0x00007f816113f340: ;   {oop(a 'java/lang/Class'{0x000000064d400410} = 'org/bytedeco/javacpp/Pointer$DeallocatorReference')}
  0x00007f816113f340: 48bf 1004 | 404d 0600 | 0000 488d | b424 a000 | 0000 498b | d749 ba40 | d011 7781 | 7f00 0041 
  0x00007f816113f360: ffd2 e96c | 0900 0049 | 8bf7 49ba | 3017 b076 | 817f 0000 | 41ff d2e9 | 600b 0000 | 498b f749 
  0x00007f816113f380: ba30 17b0 | 7681 7f00 | 0041 ffd2 | e928 0c00 | 0049 8bf7 | 49ba 3017 | b076 817f | 0000 41ff 
  0x00007f816113f3a0: d2e9 fe0b | 0000 498b | f749 ba30 | 17b0 7681 | 7f00 0041 | ffd2 e998 | 0b00 0049 | 8be9 498b 
  0x00007f816113f3c0: d849 8bf7 | 49ba 3017 | b076 817f | 0000 41ff | d24c 8bc3 | 4c8b cde9 | f709 0000 

  0x00007f816113f3dc: ;   {oop(a 'java/lang/Class'{0x000000064d400410} = 'org/bytedeco/javacpp/Pointer$DeallocatorReference')}
  0x00007f816113f3dc: 48bf 1004 | 404d 0600 | 0000 488d | b424 a000 | 0000 498b | d749 ba40 | d011 7781 | 7f00 0041 
  0x00007f816113f3fc: ffd2 e9a8 | 0c00 0048 | 8bd0 eb08 | 488b d0eb | 0348 8bd0 | 488b 6c24 | 104c 8b54 | 2418 4c89 
  0x00007f816113f41c: 5424 104c | 8b54 2420 | 4c89 5424 | 1844 8b5c | 2430 4489 | 5c24 2048 | 8b74 2450 | 4c8b 5424 
  0x00007f816113f43c: 384c 8954 

  0x00007f816113f440: ;   {optimized virtual_call}
  0x00007f816113f440: 2430 90e8 

  0x00007f816113f444: ; ImmutableOopMap {rbp=Oop [32]=NarrowOop [48]=Oop [64]=Oop [72]=Oop [80]=Oop }
                      ;*invokevirtual addSuppressed {reexecute=0 rethrow=0 return_oop=0}
                      ; - com.saigou.draw.Draw::drawText@67 (line 52)
                      ; - com.saigou.thread.PushStreamThread::run@347 (line 114)
  0x00007f816113f444: 380c 77ff | e9d1 0400 | 0048 8bd0 | eb08 488b | d0eb 0348 | 8bd0 488b | 7424 5048 | 8b6c 2410 
  0x00007f816113f464: ;   {optimized virtual_call}
  0x00007f816113f464: 6666 90e8 

  0x00007f816113f468: ; ImmutableOopMap {rbp=Oop [16]=Oop [48]=NarrowOop [56]=Oop [64]=Oop [72]=Oop [80]=Oop [88]=Oop [112]=Oop }
                      ;*invokevirtual addSuppressed {reexecute=0 rethrow=0 return_oop=0}
                      ; - com.saigou.draw.Draw::drawRectangle@99 (line 23)
                      ; - com.saigou.thread.PushStreamThread::run@332 (line 113)
  0x00007f816113f468: 140c 77ff | e962 0800 | 00e9 9508 | 0000 e93a | 0c00 0048 | 8944 2460 | e997 0800 | 00e9 260c 
  0x00007f816113f488: 0000 488b | d0eb 0848 | 8bd0 eb03 | 488b d048 | 8b6c 2410 | 4c8b 5424 | 184c 8954 | 2410 4c8b 
  0x00007f816113f4a8: 5424 204c | 8954 2418 | 448b 5424 | 3044 8954 | 2420 488b | 7424 604c | 8b54 2438 | 4c89 5424 
  0x00007f816113f4c8: ;   {optimized virtual_call}
  0x00007f816113f4c8: 3066 90e8 

  0x00007f816113f4cc: ; ImmutableOopMap {rbp=Oop [32]=NarrowOop [48]=Oop [64]=Oop [72]=Oop [88]=Oop [96]=Oop }
                      ;*invokevirtual addSuppressed {reexecute=0 rethrow=0 return_oop=0}
                      ; - com.saigou.draw.Draw::drawRectangle@127 (line 23)
                      ; - com.saigou.thread.PushStreamThread::run@332 (line 113)
  0x00007f816113f4cc: b00b 77ff | e9d6 0b00 | 0048 8bf0 | e9db 0b00 | 0048 8bf0 | e9d3 0b00 | 0048 8bf0 | e9cb 0b00 
  0x00007f816113f4ec: 0048 8bf0 | e9c3 0b00 | 0048 8bf0 | e9bb 0b00 | 00e9 0908 | 0000 e904 | 0800 00e9 | ff07 0000 
  0x00007f816113f50c: e9fa 0700 | 00e9 f507 | 0000 e9f0 | 0700 00e9 | eb07 0000 | e9e6 0700 | 00e9 e107 | 0000 e9dc 
  0x00007f816113f52c: 0700 00e9 | d707 0000 | e9d2 0700 | 00e9 cd07 | 0000 e9c8 | 0700 00e9 | c307 0000 | e9be 0700 
  0x00007f816113f54c: 00e9 630b | 0000 e95e | 0b00 00e9 | 540b 0000 | e94f 0b00 | 0048 8bf0 | e94f 0b00 | 0048 8bf0 
  0x00007f816113f56c: e947 0b00 | 0048 8bf0 | e93f 0b00 | 0048 8bf0 | e937 0b00 | 00e9 2f0b | 0000 e925 | 0b00 0048 
  0x00007f816113f58c: 8944 2450 | 4c8b 4424 | 5841 8b68 | 0c85 ed0f | 847d 0300 | 0045 8b5c 

  0x00007f816113f5a4: ;   {metadata('org/bytedeco/javacpp/Pointer$NativeDeallocator')}
  0x00007f816113f5a4: ec08 4181 | fb60 9600 | 010f 85f1 | 1900 004d | 8d14 ec4d | 8bca 418b | 692c 85ed | 0f84 aa17 
  0x00007f816113f5c4: 0000 418b | 4930 85c9 | 0f84 ae15 | 0000 448b | 9c24 9800 | 0000 f045 | 0fc1 5ccc | 0c41 ffcb 
  0x00007f816113f5e4: 4585 db0f | 8f9f 1700 

  0x00007f816113f5ec: ;   {oop(a 'java/lang/Class'{0x000000064d400398} = 'org/bytedeco/javacpp/tools/Logger')}
  0x00007f816113f5ec: 0049 ba98 | 0340 4d06 | 0000 0041 | 0fb6 6a70 | 85ed 0f85 | d417 0000 | 498b 5138 | 4885 d274 
  0x00007f816113f60c: 2f49 8b49 | 4048 85c9 | 0f84 c218 | 0000 4c89 | 4c24 2849 | 8be8 498b 

  0x00007f816113f624: ;   {optimized virtual_call}
  0x00007f816113f624: f166 90e8 

  0x00007f816113f628: ; ImmutableOopMap {rbp=Oop [16]=Oop [40]=Oop [48]=NarrowOop [56]=Oop [64]=Oop [72]=Oop [80]=Oop }
                      ;*invokespecial deallocate {reexecute=0 rethrow=0 return_oop=0}
                      ; - org.bytedeco.javacpp.Pointer$NativeDeallocator::deallocate@27 (line 232)
                      ; - org.bytedeco.javacpp.Pointer$DeallocatorReference::release@52 (line 365)
                      ; - org.bytedeco.javacpp.Pointer::releaseReference@13 (line 818)
                      ; - org.bytedeco.javacpp.Pointer::close@1 (line 767)
                      ; - com.saigou.draw.Draw::drawText@55 (line 52)
                      ; - com.saigou.thread.PushStreamThread::run@347 (line 114)
  0x00007f816113f628: 540a 77ff | 4c8b 4c24 | 284d 8961 | 404d 8961 | 384c 8bc5 | 4180 7f38 | 000f 8548 | 0e00 0049 
  0x00007f816113f648: 8be9 4d89 | 6010 4589 | 600c 498b 

  0x00007f816113f654: ;   {optimized virtual_call}
  0x00007f816113f654: f166 90e8 

  0x00007f816113f658: ; ImmutableOopMap {rbp=Oop [16]=Oop [48]=NarrowOop [56]=Oop [64]=Oop [72]=Oop [80]=Oop }
                      ;*invokevirtual clear0 {reexecute=0 rethrow=0 return_oop=0}
                      ; - java.lang.ref.Reference::clear@1 (line 389)
                      ; - org.bytedeco.javacpp.Pointer$DeallocatorReference::clear@1 (line 339)
                      ; - org.bytedeco.javacpp.Pointer::releaseReference@30 (line 821)
                      ; - org.bytedeco.javacpp.Pointer::close@1 (line 767)
                      ; - com.saigou.draw.Draw::drawText@55 (line 52)
                      ; - com.saigou.thread.PushStreamThread::run@347 (line 114)
  0x00007f816113f658: 240a 77ff | 4c8b ed8b | 6d2c 85ed | 0f84 8a17 

  0x00007f816113f668: ;   {oop(a 'java/lang/Class'{0x000000064d400398} = 'org/bytedeco/javacpp/tools/Logger')}
  0x00007f816113f668: 0000 49ba | 9803 404d | 0600 0000 | 410f b66a | 7085 ed0f | 858f 1700 | 0049 8b55 | 3848 85d2 
  0x00007f816113f688: 7425 498b | 4d40 4885 | c90f 8475 | 1800 0049 | 8bed 488b 

  0x00007f816113f69c: ;   {optimized virtual_call}
  0x00007f816113f69c: f566 90e8 

  0x00007f816113f6a0: ; ImmutableOopMap {rbp=Oop [16]=Oop [48]=NarrowOop [56]=Oop [64]=Oop [72]=Oop [80]=Oop }
                      ;*invokespecial deallocate {reexecute=0 rethrow=0 return_oop=0}
                      ; - org.bytedeco.javacpp.Pointer$NativeDeallocator::deallocate@27 (line 232)
                      ; - org.bytedeco.javacpp.Pointer$DeallocatorReference::clear@46 (line 344)
                      ; - org.bytedeco.javacpp.Pointer::releaseReference@30 (line 821)
                      ; - org.bytedeco.javacpp.Pointer::close@1 (line 767)
                      ; - com.saigou.draw.Draw::drawText@55 (line 52)
                      ; - com.saigou.thread.PushStreamThread::run@347 (line 114)
  0x00007f816113f6a0: dc09 77ff | 4c8b ed4c | 8965 404c | 8965 3841 | 8b6d 1c4c | 8bd5 49c1 | e203 4d3b | d50f 8469 
  0x00007f816113f6c0: ;   {oop(a 'java/lang/Class'{0x000000064d400410} = 'org/bytedeco/javacpp/Pointer$DeallocatorReference')}
  0x00007f816113f6c0: 1700 0049 | b810 0440 | 4d06 0000 | 0048 8d9c | 24a0 0000 | 0049 8b00 | 48f7 c002 | 0000 0075 
  0x00007f816113f6e0: 2448 83c8 | 0148 8903 | f049 0fb1 | 180f 843e | 0000 0048 | 2bc4 4881 | e007 f0ff | ff48 8903 
  0x00007f816113f700: e92c 0000 | 004c 8bd0 | 4833 c0f0 | 4d0f b17a | 3e48 c703 | 0300 0000 | 0f84 1300 | 0000 4c3b 
  0x00007f816113f720: f80f 850a | 0000 0049 | ff82 8600 | 0000 4833 | c00f 85ba | 1400 0045 | 3b65 1c0f | 85f7 0b00 
  0x00007f816113f740: 0041 8b5d | 2841 807f | 3800 0f85 | 620e 0000 

  0x00007f816113f750: ;   {oop(a 'java/lang/Class'{0x000000064d400410} = 'org/bytedeco/javacpp/Pointer$DeallocatorReference')}
  0x00007f816113f750: 49ba 1004 | 404d 0600 | 0000 4189 | 5a70 4c8b | d349 c1e2 

  0x00007f816113f764: ;   {oop(a 'java/lang/Class'{0x000000064d400410} = 'org/bytedeco/javacpp/Pointer$DeallocatorReference')}
  0x00007f816113f764: 0349 bb10 | 0440 4d06 | 0000 004d | 33d3 49c1 | ea16 4d85 | d274 1e85 | db74 1a49 | c1eb 0948 
  0x00007f816113f784: bf00 203a | 5581 7f00 | 0049 03fb | 803f 040f | 8530 0f00 | 00f0 8344 | 24c0 0041 | 8b6d 2885 
  0x00007f816113f7a4: ed0f 849d | 1600 0041 | 8b5d 2841 | 8b6d 1c85 | db0f 84fd | 1300 0041 | 807f 3800 | 0f85 000d 
  0x00007f816113f7c4: 0000 4189 | 6cdc 1c4d | 8bf5 49c1 | ee03 4d8d | 14dc 4c8b | dd49 c1e3 | 034d 33da | 49c1 eb16 
  0x00007f816113f7e4: 4d85 db74 | 1d85 ed74 | 1949 c1ea | 094c 8b84 | 2490 0000 | 004d 03c2 | 4180 3804 | 0f85 330e 
  0x00007f816113f804: 0000 f083 | 4424 c000 | 4180 7f38 | 000f 85e7 | 0c00 0045 | 8975 28f0 | 8344 24c0 | 0041 807f 
  0x00007f816113f824: 3800 0f85 | 090d 0000 | 4589 751c | f083 4424 

  0x00007f816113f834: ;   {oop(a 'java/lang/Class'{0x000000064d400410} = 'org/bytedeco/javacpp/Pointer$DeallocatorReference')}
  0x00007f816113f834: c000 49ba | 1004 404d | 0600 0000 | 4d8b 5278 | 4d8b 5d20 

  0x00007f816113f848: ;   {oop(a 'java/lang/Class'{0x000000064d400410} = 'org/bytedeco/javacpp/Pointer$DeallocatorReference')}
  0x00007f816113f848: 4d2b d349 | bb10 0440 | 4d06 0000 | 004d 8953 | 78f0 8344 

  0x00007f816113f85c: ;   {oop(a 'java/lang/Class'{0x000000064d400410} = 'org/bytedeco/javacpp/Pointer$DeallocatorReference')}
  0x00007f816113f85c: 24c0 0049 | ba10 0440 | 4d06 0000 | 004d 8b92 | 8000 0000 | 49ff ca4d | 8993 8000 | 0000 f083 
  0x00007f816113f87c: 4424 c000 | 488d 8424 | a000 0000 | 4881 3800 | 0000 000f | 8483 0000 | 004d 8b13 | 49f7 c202 
  0x00007f816113f89c: 0000 0074 | 6f49 81ba | 8600 0000 | 0000 0000 | 7409 49ff | 8a86 0000 | 00eb 5149 | 8b82 9600 
  0x00007f816113f8bc: 0000 490b | 828e 0000 | 0075 0a49 | c742 3e00 | 0000 00eb | 4749 81ba | 9e00 0000 | 0000 0000 
  0x00007f816113f8dc: 7425 4833 | c049 c742 | 3e00 0000 | 00f0 8304 | 2400 4981 | ba9e 0000 | 0000 0000 | 0075 0df0 
  0x00007f816113f8fc: 4d0f b17a | 3e75 0583 | c801 eb10 | f7c0 0000 | 0000 eb08 | 4c8b 10f0 | 4d0f b113 | 0f85 fbf9 
  0x00007f816113f91c: ffff 488b | 4424 50e9 | 8d07 0000 | e988 0700 | 00e9 8307 | 0000 4889 | 4424 504c | 8b44 2478 
  0x00007f816113f93c: 418b 680c | 85ed 0f84 | 8b03 0000 | 458b 54ec 

  0x00007f816113f94c: ;   {metadata('org/bytedeco/javacpp/Pointer$NativeDeallocator')}
  0x00007f816113f94c: 0841 81fa | 6096 0001 | 0f85 5e16 | 0000 4d8d | 14ec 4d8b | ca41 8b69 | 2c85 ed0f | 8401 1300 
  0x00007f816113f96c: 0045 8b51 | 3045 85d2 | 0f84 a911 | 0000 bdff | ffff fff0 | 430f c16c | d40c ffcd | 85ed 0f8f 
  0x00007f816113f98c: 0813 0000 

  0x00007f816113f990: ;   {oop(a 'java/lang/Class'{0x000000064d400398} = 'org/bytedeco/javacpp/tools/Logger')}
  0x00007f816113f990: 49ba 9803 | 404d 0600 | 0000 410f | b66a 7085 | ed0f 8519 | 1300 0049 | 8b51 3848 | 85d2 7430 
  0x00007f816113f9b0: 498b 4940 | 4885 c90f | 84a7 1400 | 004c 894c | 2428 498b | e849 8bf1 

  0x00007f816113f9c8: ;   {optimized virtual_call}
  0x00007f816113f9c8: 6666 90e8 

  0x00007f816113f9cc: ; ImmutableOopMap {rbp=Oop [16]=Oop [40]=Oop [48]=NarrowOop [56]=Oop [64]=Oop [72]=Oop [80]=Oop [88]=Oop [112]=Oop }
                      ;*invokespecial deallocate {reexecute=0 rethrow=0 return_oop=0}
                      ; - org.bytedeco.javacpp.Pointer$NativeDeallocator::deallocate@27 (line 232)
                      ; - org.bytedeco.javacpp.Pointer$DeallocatorReference::release@52 (line 365)
                      ; - org.bytedeco.javacpp.Pointer::releaseReference@13 (line 818)
                      ; - org.bytedeco.javacpp.Pointer::close@1 (line 767)
                      ; - com.saigou.draw.Draw::drawRectangle@87 (line 23)
                      ; - com.saigou.thread.PushStreamThread::run@332 (line 113)
  0x00007f816113f9cc: b006 77ff | 4c8b 4c24 | 284d 8961 | 404d 8961 | 384c 8bc5 | 4180 7f38 | 000f 85ad | 0900 0049 
  0x00007f816113f9ec: 8be9 4d89 | 6010 4589 | 600c 498b 

  0x00007f816113f9f8: ;   {optimized virtual_call}
  0x00007f816113f9f8: f166 90e8 

  0x00007f816113f9fc: ; ImmutableOopMap {rbp=Oop [16]=Oop [48]=NarrowOop [56]=Oop [64]=Oop [72]=Oop [80]=Oop [88]=Oop [112]=Oop }
                      ;*invokevirtual clear0 {reexecute=0 rethrow=0 return_oop=0}
                      ; - java.lang.ref.Reference::clear@1 (line 389)
                      ; - org.bytedeco.javacpp.Pointer$DeallocatorReference::clear@1 (line 339)
                      ; - org.bytedeco.javacpp.Pointer::releaseReference@30 (line 821)
                      ; - org.bytedeco.javacpp.Pointer::close@1 (line 767)
                      ; - com.saigou.draw.Draw::drawRectangle@87 (line 23)
                      ; - com.saigou.thread.PushStreamThread::run@332 (line 113)
  0x00007f816113f9fc: 8006 77ff | 4c8b dd41 | 8b6b 2c85 | ed0f 84d9 

  0x00007f816113fa0c: ;   {oop(a 'java/lang/Class'{0x000000064d400398} = 'org/bytedeco/javacpp/tools/Logger')}
  0x00007f816113fa0c: 1200 0049 | ba98 0340 | 4d06 0000 | 0041 0fb6 | 6a70 85ed | 0f85 e612 | 0000 498b | 5338 4885 
  0x00007f816113fa2c: d274 2449 | 8b4b 4048 | 85c9 0f84 | 6814 0000 | 498b eb49 

  0x00007f816113fa40: ;   {optimized virtual_call}
  0x00007f816113fa40: 8bf3 90e8 

  0x00007f816113fa44: ; ImmutableOopMap {rbp=Oop [16]=Oop [48]=NarrowOop [56]=Oop [64]=Oop [72]=Oop [80]=Oop [88]=Oop [112]=Oop }
                      ;*invokespecial deallocate {reexecute=0 rethrow=0 return_oop=0}
                      ; - org.bytedeco.javacpp.Pointer$NativeDeallocator::deallocate@27 (line 232)
                      ; - org.bytedeco.javacpp.Pointer$DeallocatorReference::clear@46 (line 344)
                      ; - org.bytedeco.javacpp.Pointer::releaseReference@30 (line 821)
                      ; - org.bytedeco.javacpp.Pointer::close@1 (line 767)
                      ; - com.saigou.draw.Draw::drawRectangle@87 (line 23)
                      ; - com.saigou.thread.PushStreamThread::run@332 (line 113)
  0x00007f816113fa44: 3806 77ff | 4c8b dd4d | 8963 404d | 8963 3841 | 8b6b 1c4c | 8bd5 49c1 | e203 4d3b | d30f 84c9 
  0x00007f816113fa64: 1200 0049 

  0x00007f816113fa68: ;   {oop(a 'java/lang/Class'{0x000000064d400410} = 'org/bytedeco/javacpp/Pointer$DeallocatorReference')}
  0x00007f816113fa68: 8beb 49b8 | 1004 404d | 0600 0000 | 488d 9c24 | a000 0000 | 498b 0048 | f7c0 0200 | 0000 7524 
  0x00007f816113fa88: 4883 c801 | 4889 03f0 | 490f b118 | 0f84 3e00 | 0000 482b | c448 81e0 | 07f0 ffff | 4889 03e9 
  0x00007f816113faa8: 2c00 0000 | 4c8b d048 | 33c0 f04d | 0fb1 7a3e | 48c7 0303 | 0000 000f | 8413 0000 | 004c 3bf8 
  0x00007f816113fac8: 0f85 0a00 | 0000 49ff | 8286 0000 | 0048 33c0 | 0f85 f610 | 0000 4c8b | d545 3b62 | 1c0f 85e9 
  0x00007f816113fae8: 0700 0041 | 8b6a 2841 | 807f 3800 | 0f85 720a | 0000 498b 

  0x00007f816113fafc: ;   {oop(a 'java/lang/Class'{0x000000064d400410} = 'org/bytedeco/javacpp/Pointer$DeallocatorReference')}
  0x00007f816113fafc: da49 ba10 | 0440 4d06 | 0000 0041 | 896a 704c | 8bd5 49c1 

  0x00007f816113fb10: ;   {oop(a 'java/lang/Class'{0x000000064d400410} = 'org/bytedeco/javacpp/Pointer$DeallocatorReference')}
  0x00007f816113fb10: e203 49bb | 1004 404d | 0600 0000 | 4d33 d349 | c1ea 164d | 85d2 741e | 85ed 741a | 49c1 eb09 
  0x00007f816113fb30: 48bf 0020 | 3a55 817f | 0000 4903 | fb80 3f04 | 0f85 3d0b | 0000 f083 | 4424 c000 | 4c8b d38b 
  0x00007f816113fb50: 6b28 85ed | 0f84 fa11 | 0000 8b5b | 2841 8b6a | 1c85 db0f | 84fb 0f00 | 0041 807f | 3800 0f85 
  0x00007f816113fb70: 6708 0000 | 4d8b f241 | 896c dc1c | 4d8b ea49 | c1ed 034d | 8d14 dc4c | 8bdd 49c1 | e303 4d33 
  0x00007f816113fb90: da49 c1eb | 164d 85db | 741e 85ed | 741a 49c1 | ea09 48bf | 0020 3a55 | 817f 0000 | 4903 fa80 
  0x00007f816113fbb0: 3f04 0f85 | 3b0a 0000 | f083 4424 | c000 4180 | 7f38 000f | 854c 0800 | 004d 8bc6 | 4589 6828 
  0x00007f816113fbd0: f083 4424 | c000 4180 | 7f38 000f | 8571 0800 | 0045 8968 | 1cf0 8344 

  0x00007f816113fbe8: ;   {oop(a 'java/lang/Class'{0x000000064d400410} = 'org/bytedeco/javacpp/Pointer$DeallocatorReference')}
  0x00007f816113fbe8: 24c0 0049 | ba10 0440 | 4d06 0000 | 004d 8b52 | 784d 8b58 | 204d 2bd3 

  0x00007f816113fc00: ;   {oop(a 'java/lang/Class'{0x000000064d400410} = 'org/bytedeco/javacpp/Pointer$DeallocatorReference')}
  0x00007f816113fc00: 49bb 1004 | 404d 0600 | 0000 4d89 | 5378 f083 | 4424 c000 

  0x00007f816113fc14: ;   {oop(a 'java/lang/Class'{0x000000064d400410} = 'org/bytedeco/javacpp/Pointer$DeallocatorReference')}
  0x00007f816113fc14: 49ba 1004 | 404d 0600 | 0000 4d8b | 9280 0000 | 0049 ffca | 4d89 9380 | 0000 00f0 | 8344 24c0 
  0x00007f816113fc34: 0048 8d84 | 24a0 0000 | 0048 8138 | 0000 0000 | 0f84 8300 | 0000 4d8b | 1349 f7c2 | 0200 0000 
  0x00007f816113fc54: 746f 4981 | ba86 0000 | 0000 0000 | 0074 0949 | ff8a 8600 | 0000 eb51 | 498b 8296 | 0000 0049 
  0x00007f816113fc74: 0b82 8e00 | 0000 750a | 49c7 423e | 0000 0000 | eb47 4981 | ba9e 0000 | 0000 0000 | 0074 2548 
  0x00007f816113fc94: 33c0 49c7 | 423e 0000 | 0000 f083 | 0424 0049 | 81ba 9e00 | 0000 0000 | 0000 750d | f04d 0fb1 
  0x00007f816113fcb4: 7a3e 7505 | 83c8 01eb | 10f7 c000 | 0000 00eb | 084c 8b10 | f04d 0fb1 | 130f 856d | f6ff ff4c 
  0x00007f816113fcd4: 8b54 2450 | 4c89 5424 | 60eb 3d48 | 8944 2460 | eb36 4889 | 4424 60eb | 2f48 8944 | 2460 eb28 
  0x00007f816113fcf4: e9b7 0300 | 00e9 b203 | 0000 e9ad | 0300 0048 | 8bf0 e9ad | 0300 0048 | 8bf0 e9a5 | 0300 00eb 
  0x00007f816113fd14: 02eb 0048 | 8944 2460 | 4c8b 4424 | 7041 8b68 | 0c85 ed0f | 847e 0300 | 0045 8b54 

  0x00007f816113fd30: ;   {metadata('org/bytedeco/javacpp/Pointer$NativeDeallocator')}
  0x00007f816113fd30: ec08 4181 | fa60 9600 | 010f 858d | 1200 004d | 8d14 ec4d | 8bca 418b | 692c 85ed | 0f84 c60a 
  0x00007f816113fd50: 0000 458b | 5130 4585 | d20f 842e | 0a00 0044 | 8b9c 2498 | 0000 00f0 | 470f c15c | d40c 41ff 
  0x00007f816113fd70: cb45 85db | 0f8f d20a 

  0x00007f816113fd78: ;   {oop(a 'java/lang/Class'{0x000000064d400398} = 'org/bytedeco/javacpp/tools/Logger')}
  0x00007f816113fd78: 0000 49ba | 9803 404d | 0600 0000 | 410f b66a | 7085 ed0f | 8513 0b00 | 0049 8b51 | 3848 85d2 
  0x00007f816113fd98: 742e 498b | 4940 4885 | c90f 84f1 | 0b00 004c | 894c 2428 | 498b e849 

  0x00007f816113fdb0: ;   {optimized virtual_call}
  0x00007f816113fdb0: 8bf1 90e8 

  0x00007f816113fdb4: ; ImmutableOopMap {rbp=Oop [16]=Oop [40]=Oop [48]=NarrowOop [56]=Oop [64]=Oop [72]=Oop [88]=Oop [96]=Oop }
                      ;*invokespecial deallocate {reexecute=0 rethrow=0 return_oop=0}
                      ; - org.bytedeco.javacpp.Pointer$NativeDeallocator::deallocate@27 (line 232)
                      ; - org.bytedeco.javacpp.Pointer$DeallocatorReference::release@52 (line 365)
                      ; - org.bytedeco.javacpp.Pointer::releaseReference@13 (line 818)
                      ; - org.bytedeco.javacpp.Pointer::close@1 (line 767)
                      ; - com.saigou.draw.Draw::drawRectangle@115 (line 23)
                      ; - com.saigou.thread.PushStreamThread::run@332 (line 113)
  0x00007f816113fdb4: c802 77ff | 4c8b 4c24 | 284d 8961 | 404d 8961 | 384c 8bc5 | 4180 7f38 | 000f 8553 | 0300 0049 
  0x00007f816113fdd4: 8be9 4d89 | 6010 4589 | 600c 498b 

  0x00007f816113fde0: ;   {optimized virtual_call}
  0x00007f816113fde0: f166 90e8 

  0x00007f816113fde4: ; ImmutableOopMap {rbp=Oop [16]=Oop [48]=NarrowOop [56]=Oop [64]=Oop [72]=Oop [88]=Oop [96]=Oop }
                      ;*invokevirtual clear0 {reexecute=0 rethrow=0 return_oop=0}
                      ; - java.lang.ref.Reference::clear@1 (line 389)
                      ; - org.bytedeco.javacpp.Pointer$DeallocatorReference::clear@1 (line 339)
                      ; - org.bytedeco.javacpp.Pointer::releaseReference@30 (line 821)
                      ; - org.bytedeco.javacpp.Pointer::close@1 (line 767)
                      ; - com.saigou.draw.Draw::drawRectangle@115 (line 23)
                      ; - com.saigou.thread.PushStreamThread::run@332 (line 113)
  0x00007f816113fde4: 9802 77ff | 4c8b ed8b | 6d2c 85ed | 0f84 e20a 

  0x00007f816113fdf4: ;   {oop(a 'java/lang/Class'{0x000000064d400398} = 'org/bytedeco/javacpp/tools/Logger')}
  0x00007f816113fdf4: 0000 49ba | 9803 404d | 0600 0000 | 410f b66a | 7085 ed0f | 85fb 0a00 | 0049 8b55 | 3848 85d2 
  0x00007f816113fe14: 7425 498b | 4d40 4885 | c90f 84bd | 0b00 0049 | 8bed 488b 

  0x00007f816113fe28: ;   {optimized virtual_call}
  0x00007f816113fe28: f566 90e8 

  0x00007f816113fe2c: ; ImmutableOopMap {rbp=Oop [16]=Oop [48]=NarrowOop [56]=Oop [64]=Oop [72]=Oop [88]=Oop [96]=Oop }
                      ;*invokespecial deallocate {reexecute=0 rethrow=0 return_oop=0}
                      ; - org.bytedeco.javacpp.Pointer$NativeDeallocator::deallocate@27 (line 232)
                      ; - org.bytedeco.javacpp.Pointer$DeallocatorReference::clear@46 (line 344)
                      ; - org.bytedeco.javacpp.Pointer::releaseReference@30 (line 821)
                      ; - org.bytedeco.javacpp.Pointer::close@1 (line 767)
                      ; - com.saigou.draw.Draw::drawRectangle@115 (line 23)
                      ; - com.saigou.thread.PushStreamThread::run@332 (line 113)
  0x00007f816113fe2c: 5002 77ff | 4c8b ed4c | 8965 404c | 8965 3841 | 8b6d 1c4c | 8bd5 49c1 | e203 4d3b | d50f 84e9 
  0x00007f816113fe4c: ;   {oop(a 'java/lang/Class'{0x000000064d400410} = 'org/bytedeco/javacpp/Pointer$DeallocatorReference')}
  0x00007f816113fe4c: 0a00 0049 | b810 0440 | 4d06 0000 | 0048 8d9c | 24a0 0000 | 0049 8b00 | 48f7 c002 | 0000 0075 
  0x00007f816113fe6c: 2448 83c8 | 0148 8903 | f049 0fb1 | 180f 843e | 0000 0048 | 2bc4 4881 | e007 f0ff | ff48 8903 
  0x00007f816113fe8c: e92c 0000 | 004c 8bd0 | 4833 c0f0 | 4d0f b17a | 3e48 c703 | 0300 0000 | 0f84 1300 | 0000 4c3b 
  0x00007f816113feac: f80f 850a | 0000 0049 | ff82 8600 | 0000 4833 | c00f 8531 | 0900 0045 | 3b65 1c0f | 85f8 0100 
  0x00007f816113fecc: 0041 8b6d | 2841 807f | 3800 0f85 | 2703 0000 

  0x00007f816113fedc: ;   {oop(a 'java/lang/Class'{0x000000064d400410} = 'org/bytedeco/javacpp/Pointer$DeallocatorReference')}
  0x00007f816113fedc: 49ba 1004 | 404d 0600 | 0000 4189 | 6a70 4c8b | d549 c1e2 

  0x00007f816113fef0: ;   {oop(a 'java/lang/Class'{0x000000064d400410} = 'org/bytedeco/javacpp/Pointer$DeallocatorReference')}
  0x00007f816113fef0: 0349 bb10 | 0440 4d06 | 0000 004d | 33d3 49c1 | ea16 4d85 | d274 1e85 | ed74 1a49 | c1eb 0948 
  0x00007f816113ff10: bf00 203a | 5581 7f00 | 0049 03fb | 803f 040f | 8569 0300 | 00f0 8344 | 24c0 0041 | 8b6d 2885 
  0x00007f816113ff30: ed0f 8431 | 0a00 0045 | 8b75 2841 | 8b6d 1c45 | 85f6 0f84 | 7c08 0000 | 4180 7f38 | 000f 850a 
  0x00007f816113ff50: 0200 0043 | 896c f41c | 498b dd48 | c1eb 034f | 8d14 f44c | 8bdd 49c1 | e303 4d33 | da49 c1eb 
  0x00007f816113ff70: 164d 85db | 741d 85ed | 7419 49c1 | ea09 4c8b | 8424 9000 | 0000 4d03 | c241 8038 | 040f 85b1 
  0x00007f816113ff90: 0200 00f0 | 8344 24c0 | 0041 807f | 3800 0f85 | f101 0000 | 4189 5d28 | f083 4424 | c000 4180 
  0x00007f816113ffb0: 7f38 000f | 8513 0200 | 0041 895d | 1cf0 8344 

  0x00007f816113ffc0: ;   {oop(a 'java/lang/Class'{0x000000064d400410} = 'org/bytedeco/javacpp/Pointer$DeallocatorReference')}
  0x00007f816113ffc0: 24c0 0049 | ba10 0440 | 4d06 0000 | 004d 8b52 | 784d 8b5d | 204d 2bd3 

  0x00007f816113ffd8: ;   {oop(a 'java/lang/Class'{0x000000064d400410} = 'org/bytedeco/javacpp/Pointer$DeallocatorReference')}
  0x00007f816113ffd8: 49bb 1004 | 404d 0600 | 0000 4d89 | 5378 f083 | 4424 c000 

  0x00007f816113ffec: ;   {oop(a 'java/lang/Class'{0x000000064d400410} = 'org/bytedeco/javacpp/Pointer$DeallocatorReference')}
  0x00007f816113ffec: 49ba 1004 | 404d 0600 | 0000 4d8b | 9280 0000 | 0049 ffca | 4d89 9380 | 0000 00f0 | 8344 24c0 
  0x00007f816114000c: 0048 8d84 | 24a0 0000 | 0048 8138 | 0000 0000 | 0f84 8300 | 0000 4d8b | 1349 f7c2 | 0200 0000 
  0x00007f816114002c: 746f 4981 | ba86 0000 | 0000 0000 | 0074 0949 | ff8a 8600 | 0000 eb51 | 498b 8296 | 0000 0049 
  0x00007f816114004c: 0b82 8e00 | 0000 750a | 49c7 423e | 0000 0000 | eb47 4981 | ba9e 0000 | 0000 0000 | 0074 2548 
  0x00007f816114006c: 33c0 49c7 | 423e 0000 | 0000 f083 | 0424 0049 | 81ba 9e00 | 0000 0000 | 0000 750d | f04d 0fb1 
  0x00007f816114008c: 7a3e 7505 | 83c8 01eb | 10f7 c000 | 0000 00eb | 084c 8b10 | f04d 0fb1 | 130f 8531 | f3ff ff48 
  0x00007f81611400ac: 8b44 2460 | 488b f0eb | 0348 8bf0 | 4881 c4b0 | 0000 005d 

  0x00007f81611400c0: ;   {runtime_call _rethrow_Java}
  0x00007f81611400c0: e93b f281 | ff45 8b75 | 1c41 8b6d | 2845 85f6 | 0f84 660e | 0000 4180 | 7f38 000f | 852e 0600 
  0x00007f81611400e0: 0043 896c | f428 4f8d | 14f4 4c8b | dd49 c1e3 | 034d 33da | 49c1 eb16 | 4d85 db74 | 1e85 ed74 
  0x00007f8161140100: 1a49 c1ea | 0948 bf00 | 203a 5581 | 7f00 0049 | 03fa 803f | 040f 852c | 0600 00f0 | 8344 24c0 
  0x00007f8161140120: 00e9 05fe | ffff 458b | 500c 4585 | d20f 84a0 | fcff ff4d | 8b5f 2049 | 8bfa 48c1 | e703 4d85 
  0x00007f8161140140: db0f 8474 | f2ff ff4d | 8b57 304b | 897c 1af8 | 4983 c3f8 | 4d89 5f20 | e976 fcff | ff47 8b5c 
  0x00007f8161140160: f41c 4585 | db0f 84e8 | fdff ff4d | 8b57 2049 | 8bfb 48c1 | e703 4d85 | d20f 8427 | f2ff ff4d 
  0x00007f8161140180: 8b5f 304b | 897c 13f8 | 4983 c2f8 | 4d89 5720 | e9be fdff | ff45 8b55 | 2845 85d2 | 0f84 02fe 
  0x00007f81611401a0: ffff 4d8b | 5f20 498b | fa48 c1e7 | 034d 85db | 0f84 dbf1 | ffff 4d8b | 5730 4b89 | 7c1a f849 
  0x00007f81611401c0: 83c3 f84d | 895f 20e9 | d8fd ffff | 458b 5d1c | 4585 db0f | 84e0 fdff | ff4d 8b57 | 2049 8bfb 
  0x00007f81611401e0: 48c1 e703 | 4d85 d20f | 848f f1ff | ff4d 8b5f | 304b 897c | 13f8 4983 | c2f8 4d89 | 5720 e9b6 
  0x00007f8161140200: ;   {oop(a 'java/lang/Class'{0x000000064d400410} = 'org/bytedeco/javacpp/Pointer$DeallocatorReference')}
  0x00007f8161140200: fdff ff49 | ba10 0440 | 4d06 0000 | 0045 8b5a | 7045 85db | 0f84 c2fc | ffff 4d8b | 5720 498b 
  0x00007f8161140220: fb48 c1e7 | 034d 85d2 | 0f84 39f1 | ffff 4d8b | 5f30 4b89 | 7c13 f849 | 83c2 f84d | 8957 20e9 
  0x00007f8161140240: 98fc ffff | 4d8b 5740 | 4d8b 5f50 | f083 4424 | c000 4180 | 3800 0f84 | 37fd ffff | 4588 204d 
  0x00007f8161140260: 85d2 7518 | 498b f849 | 8bf7 49ba | 6017 b076 | 817f 0000 | 41ff d2e9 | 17fd ffff | 4f89 4413 
  0x00007f8161140280: f849 83c2 | f84d 8957 | 40e9 05fd | ffff 4d8b | 5740 4d8b | 5f50 f083 | 4424 c000 | 803f 000f 
  0x00007f81611402a0: 8480 fcff | ff44 8827 | 4d85 d275 | 1549 8bf7 | 49ba 6017 | b076 817f | 0000 41ff | d2e9 63fc 
  0x00007f81611402c0: ffff 4b89 | 7c13 f849 | 83c2 f84d | 8957 40e9 | 51fc ffff | 458b 721c | 418b 6a28 | 4585 f60f 
  0x00007f81611402e0: 8487 0c00 | 0041 807f | 3800 0f85 | 3407 0000 | 498b da43 | 896c f428 | 4f8d 14f4 | 4c8b dd49 
  0x00007f8161140300: c1e3 034d | 33da 49c1 | eb16 4d85 | db74 1e85 | ed74 1a49 | c1ea 0948 | bf00 203a | 5581 7f00 
  0x00007f8161140320: 0049 03fa | 803f 040f | 856a 0700 | 00f0 8344 | 24c0 00e9 | 14f8 ffff | 418b 5d1c | 418b 6d28 
  0x00007f8161140340: 85db 0f84 | 400c 0000 | 4180 7f38 | 000f 850c | 0700 0041 | 896c dc28 | 4d8d 14dc | 4c8b dd49 
  0x00007f8161140360: c1e3 034d | 33da 49c1 | eb16 4d85 | db74 1e85 | ed74 1a49 | c1ea 0948 | bf00 203a | 5581 7f00 
  0x00007f8161140380: 0049 03fa | 803f 040f | 8550 0700 | 00f0 8344 | 24c0 00e9 | 07f4 ffff | 458b 500c | 4585 d20f 
  0x00007f81611403a0: 8446 f6ff | ff4d 8b5f | 2049 8bfa | 48c1 e703 | 4d85 db0f | 845b 0800 | 0049 8be9 | 498b d84d 
  0x00007f81611403c0: 8b57 304b | 897c 1af8 | 4983 c3f8 | 4d89 5f20 | 4c8b c34c | 8bcd e910 | f6ff ff4d | 8bea 458b 
  0x00007f81611403e0: 54dc 1c45 | 85d2 7425 | 4d8b 5f20 | 498b fa48 | c1e7 034d | 85db 0f84 | 08ef ffff | 4d8b 5730 
  0x00007f8161140400: 4b89 7c1a | f849 83c3 | f84d 895f | 204d 8bd5 | e95f f7ff | ff4d 8bc6 | 458b 5828 | 4585 db0f 
  0x00007f8161140420: 84a7 f7ff | ff4d 8b57 | 2049 8bfb | 48c1 e703 | 4d85 d20f | 84f6 0700 | 004d 8b5f | 304b 897c 
  0x00007f8161140440: 13f8 4983 | c2f8 4d89 | 5720 4d8b | c6e9 7af7 | ffff 458b | 501c 4585 | d20f 8482 | f7ff ff49 
  0x00007f8161140460: 8bd8 4d8b | 5f20 498b | fa48 c1e7 | 034d 85db | 0f84 ce07 | 0000 4d8b | 5730 4b89 | 7c1a f849 
  0x00007f8161140480: 83c3 f84d | 895f 204c | 8bc3 e952 | f7ff ff45 | 8b58 0c45 | 85db 0f84 | abf1 ffff | 4d8b 5720 
  0x00007f81611404a0: 498b fb48 | c1e7 034d | 85d2 0f84 | 33ee ffff | 4d8b 5f30 | 4b89 7c13 | f849 83c2 | f84d 8957 
  0x00007f81611404c0: 20e9 81f1 | ffff 458b | 54dc 1c45 | 85d2 0f84 | f2f2 ffff | 4d8b 5f20 | 498b fa48 | c1e7 034d 
  0x00007f81611404e0: 85db 0f84 | e6ed ffff | 4d8b 5730 | 4b89 7c1a | f849 83c3 | f84d 895f | 20e9 c8f2 | ffff 458b 
  0x00007f8161140500: 5d28 4585 | db0f 840c | f3ff ff4d | 8b57 2049 | 8bfb 48c1 | e703 4d85 | d20f 849a | edff ff4d 
  0x00007f8161140520: 8b5f 304b | 897c 13f8 | 4983 c2f8 | 4d89 5720 | e9e2 f2ff | ff45 8b55 | 1c45 85d2 | 0f84 eaf2 
  0x00007f8161140540: ffff 4d8b | 5f20 498b | fa48 c1e7 | 034d 85db | 0f84 4eed | ffff 4d8b | 5730 4b89 | 7c1a f849 
  0x00007f8161140560: 83c3 f84d | 895f 20e9 | c0f2 ffff 

  0x00007f816114056c: ;   {oop(a 'java/lang/Class'{0x000000064d400410} = 'org/bytedeco/javacpp/Pointer$DeallocatorReference')}
  0x00007f816114056c: 49bb 1004 | 404d 0600 | 0000 458b | 5b70 4585 | db74 2b49 | 8bda 4d8b | 5720 498b | fb48 c1e7 
  0x00007f816114058c: 034d 85d2 | 0f84 c306 | 0000 4d8b | 5f30 4b89 | 7c13 f849 | 83c2 f84d | 8957 204c | 8bd3 498b 
  0x00007f81611405ac: dae9 4bf5 

  0x00007f81611405b0: ;   {oop(a 'java/lang/Class'{0x000000064d400410} = 'org/bytedeco/javacpp/Pointer$DeallocatorReference')}
  0x00007f81611405b0: ffff 49ba | 1004 404d | 0600 0000 | 458b 5270 | 4585 d20f | 8487 f1ff | ff4d 8b5f | 2049 8bfa 
  0x00007f81611405d0: 48c1 e703 | 4d85 db0f | 84b2 ecff | ff4d 8b57 | 304b 897c | 1af8 4983 | c3f8 4d89 | 5f20 e95d 
  0x00007f81611405f0: f1ff ff4d | 8b57 404d | 8b5f 50f0 | 8344 24c0 | 0080 3f00 | 0f84 aef5 | ffff 4488 | 274d 85d2 
  0x00007f8161140610: 7515 498b | f749 ba60 | 17b0 7681 | 7f00 0041 | ffd2 e991 | f5ff ff4b | 897c 13f8 | 4983 c2f8 
  0x00007f8161140630: 4d89 5740 | e97f f5ff | ff4d 8b57 | 404d 8b5f | 50f0 8344 | 24c0 0041 | 8038 000f | 84b5 f1ff 
  0x00007f8161140650: ff45 8820 | 4d85 d275 | 1849 8bf8 | 498b f749 | ba60 17b0 | 7681 7f00 | 0041 ffd2 | e995 f1ff 
  0x00007f8161140670: ff4f 8944 | 13f8 4983 | c2f8 4d89 | 5740 e983 | f1ff ff4d | 8b57 404d | 8b5f 50f0 | 8344 24c0 
  0x00007f8161140690: 0080 3f00 | 0f84 acf4 | ffff 4488 | 274d 85d2 | 7515 498b | f749 ba60 | 17b0 7681 | 7f00 0041 
  0x00007f81611406b0: ffd2 e98f | f4ff ff4b | 897c 13f8 | 4983 c2f8 | 4d89 5740 | e97d f4ff | ff4d 8b57 | 404d 8b5f 
  0x00007f81611406d0: 50f0 8344 | 24c0 0080 | 3f00 0f84 | b9f0 ffff | 4488 274d | 85d2 7515 | 498b f749 | ba60 17b0 
  0x00007f81611406f0: 7681 7f00 | 0041 ffd2 | e99c f0ff | ff4b 897c | 13f8 4983 | c2f8 4d89 | 5740 e98a | f0ff ff47 
  0x00007f8161140710: 8b5c f428 | 4585 db0f | 84c4 f9ff | ff4d 8b57 | 2049 8bfb | 48c1 e703 | 4d85 d20f | 8449 ebff 
  0x00007f8161140730: ff4d 8b5f | 304b 897c | 13f8 4983 | c2f8 4d89 | 5720 e99a | f9ff ff4d | 8b57 404d | 8b5f 50f0 
  0x00007f8161140750: 8344 24c0 | 0080 3f00 | 0f84 bdf9 | ffff 4488 | 274d 85d2 | 7515 498b | f749 ba60 | 17b0 7681 
  0x00007f8161140770: 7f00 0041 | ffd2 e9a0 | f9ff ff4b | 897c 13f8 | 4983 c2f8 | 4d89 5740 | e98e f9ff | ffbe f6ff 
  0x00007f8161140790: ffff 488b | 6c24 104c | 8b54 2418 | 4c89 5424 | 104c 8b54 | 2420 4c89 | 5424 1844 | 8b54 2430 
  0x00007f81611407b0: 4489 5424 | 204c 8b54 | 2438 4c89 

  0x00007f81611407bc: ;   {runtime_call UncommonTrapBlob}
  0x00007f81611407bc: 5424 30e8 

  0x00007f81611407c0: ; ImmutableOopMap {rbp=Oop [32]=NarrowOop [48]=Oop [64]=Oop [72]=Oop [88]=Oop [96]=Oop }
                      ;*invokevirtual decrementAndGet {reexecute=0 rethrow=0 return_oop=0}
                      ; - org.bytedeco.javacpp.Pointer$DeallocatorReference::release@11 (line 361)
                      ; - org.bytedeco.javacpp.Pointer::releaseReference@13 (line 818)
                      ; - org.bytedeco.javacpp.Pointer::close@1 (line 767)
                      ; - com.saigou.draw.Draw::drawRectangle@115 (line 23)
                      ; - com.saigou.thread.PushStreamThread::run@332 (line 113)
  0x00007f81611407c0: 3c4e 77ff | bef6 ffff | ff44 8b5c | 2430 4489 | 5c24 284c | 8b54 2458 | 4c89 5424 | 504c 8b54 
  0x00007f81611407e0: 2460 4c89 | 5424 584c | 896c 2460 

  0x00007f81611407ec: ;   {runtime_call UncommonTrapBlob}
  0x00007f81611407ec: 6666 90e8 

  0x00007f81611407f0: ; ImmutableOopMap {rbp=NarrowOop [16]=Oop [40]=NarrowOop [56]=Oop [64]=Oop [72]=Oop [80]=Oop [88]=Oop [96]=Oop }
                      ;*putfield prev {reexecute=1 rethrow=0 return_oop=0}
                      ; - (reexecute) org.bytedeco.javacpp.Pointer$DeallocatorReference::remove@65 (line 330)
                      ; - org.bytedeco.javacpp.Pointer::releaseReference@34 (line 822)
                      ; - org.bytedeco.javacpp.Pointer::close@1 (line 767)
                      ; - com.saigou.draw.Draw::drawRectangle@115 (line 23)
                      ; - com.saigou.thread.PushStreamThread::run@332 (line 113)
  0x00007f81611407f0: 0c4e 77ff 

  0x00007f81611407f4: ;   {oop(a 'java/lang/Class'{0x000000064d400410} = 'org/bytedeco/javacpp/Pointer$DeallocatorReference')}
  0x00007f81611407f4: 498b ed48 | be10 0440 | 4d06 0000 | 0048 8d94 | 24a0 0000 

  0x00007f8161140808: ;   {runtime_call _complete_monitor_locking_Java}
  0x00007f8161140808: 0066 90e8 

  0x00007f816114080c: ; ImmutableOopMap {rbp=Oop [16]=Oop [48]=NarrowOop [56]=Oop [64]=Oop [72]=Oop [88]=Oop [96]=Oop }
                      ;*monitorenter {reexecute=0 rethrow=0 return_oop=0}
                      ; - org.bytedeco.javacpp.Pointer$DeallocatorReference::remove@21 (line 323)
                      ; - org.bytedeco.javacpp.Pointer::releaseReference@34 (line 822)
                      ; - org.bytedeco.javacpp.Pointer::close@1 (line 767)
                      ; - com.saigou.draw.Draw::drawRectangle@115 (line 23)
                      ; - com.saigou.thread.PushStreamThread::run@332 (line 113)
  0x00007f816114080c: f09a 81ff | 4c8b ede9 | abf6 ffff | be45 ffff | ff44 8b5c | 2430 4489 | 5c24 284c | 8b54 2458 
  0x00007f816114082c: 4c89 5424 | 504c 8b54 | 2460 4c89 | 5424 584c | 8944 2460 | 4c89 4c24 

  0x00007f8161140844: ;   {runtime_call UncommonTrapBlob}
  0x00007f8161140844: 7066 90e8 

  0x00007f8161140848: ; ImmutableOopMap {rbp=NarrowOop [16]=Oop [40]=NarrowOop [56]=Oop [64]=Oop [72]=Oop [80]=Oop [88]=Oop [96]=Oop [112]=Oop }
                      ;*ifnull {reexecute=1 rethrow=0 return_oop=0}
                      ; - (reexecute) org.bytedeco.javacpp.Pointer$DeallocatorReference::release@4 (line 361)
                      ; - org.bytedeco.javacpp.Pointer::releaseReference@13 (line 818)
                      ; - org.bytedeco.javacpp.Pointer::close@1 (line 767)
                      ; - com.saigou.draw.Draw::drawRectangle@115 (line 23)
                      ; - com.saigou.thread.PushStreamThread::run@332 (line 113)
  0x00007f8161140848: b44d 77ff | be45 ffff | ff48 8b6c | 2410 4c8b | 5424 184c | 8954 2410 | 4c8b 5424 | 204c 8954 
  0x00007f8161140868: 2418 448b | 5424 3044 | 8954 2420 | 4489 5c24 | 244c 8b54 | 2438 4c89 | 5424 304c | 8b54 2458 
  0x00007f8161140888: 4c89 5424 | 384c 8b54 | 2460 4c89 | 5424 504c | 894c 2468 

  0x00007f816114089c: ;   {runtime_call UncommonTrapBlob}
  0x00007f816114089c: 6666 90e8 

  0x00007f81611408a0: ; ImmutableOopMap {rbp=Oop [32]=NarrowOop [48]=Oop [56]=Oop [64]=Oop [72]=Oop [80]=Oop [104]=Oop [112]=Oop }
                      ;*ifgt {reexecute=1 rethrow=0 return_oop=0}
                      ; - (reexecute) org.bytedeco.javacpp.Pointer$DeallocatorReference::release@14 (line 361)
                      ; - org.bytedeco.javacpp.Pointer::releaseReference@13 (line 818)
                      ; - org.bytedeco.javacpp.Pointer::close@1 (line 767)
                      ; - com.saigou.draw.Draw::drawRectangle@115 (line 23)
                      ; - com.saigou.thread.PushStreamThread::run@332 (line 113)
  0x00007f81611408a0: 5c4d 77ff | be45 ffff | ff44 8b54 | 2430 4489 | 5424 284c | 8b54 2458 | 4c89 5424 | 504c 8b54 
  0x00007f81611408c0: 2460 4c89 | 5424 584c | 8944 2460 | 4c89 4c24 

  0x00007f81611408d0: ;   {runtime_call UncommonTrapBlob}
  0x00007f81611408d0: 7066 90e8 

  0x00007f81611408d4: ; ImmutableOopMap {[16]=Oop [40]=NarrowOop [56]=Oop [64]=Oop [72]=Oop [80]=Oop [88]=Oop [96]=Oop [112]=Oop }
                      ;*ifeq {reexecute=1 rethrow=0 return_oop=0}
                      ; - (reexecute) org.bytedeco.javacpp.Pointer$DeallocatorReference::release@23 (line 362)
                      ; - org.bytedeco.javacpp.Pointer::releaseReference@13 (line 818)
                      ; - org.bytedeco.javacpp.Pointer::close@1 (line 767)
                      ; - com.saigou.draw.Draw::drawRectangle@115 (line 23)
                      ; - com.saigou.thread.PushStreamThread::run@332 (line 113)
  0x00007f81611408d4: 284d 77ff | be45 ffff | ff44 8b5c | 2430 4489 | 5c24 284c | 8b54 2458 | 4c89 5424 | 504c 8b54 
  0x00007f81611408f4: 2460 4c89 | 5424 584c | 896c 2468 

  0x00007f8161140900: ;   {runtime_call UncommonTrapBlob}
  0x00007f8161140900: 6666 90e8 

  0x00007f8161140904: ; ImmutableOopMap {rbp=NarrowOop [16]=Oop [40]=NarrowOop [56]=Oop [64]=Oop [72]=Oop [80]=Oop [88]=Oop [104]=Oop }
                      ;*ifnull {reexecute=1 rethrow=0 return_oop=0}
                      ; - (reexecute) org.bytedeco.javacpp.Pointer$DeallocatorReference::clear@8 (line 340)
                      ; - org.bytedeco.javacpp.Pointer::releaseReference@30 (line 821)
                      ; - org.bytedeco.javacpp.Pointer::close@1 (line 767)
                      ; - com.saigou.draw.Draw::drawRectangle@115 (line 23)
                      ; - com.saigou.thread.PushStreamThread::run@332 (line 113)
  0x00007f8161140904: f84c 77ff | be45 ffff | ff44 8b5c | 2430 4489 | 5c24 284c | 8b54 2458 | 4c89 5424 | 504c 8b54 
  0x00007f8161140924: 2460 4c89 | 5424 584c | 896c 2468 

  0x00007f8161140930: ;   {runtime_call UncommonTrapBlob}
  0x00007f8161140930: 6666 90e8 

  0x00007f8161140934: ; ImmutableOopMap {[16]=Oop [40]=NarrowOop [56]=Oop [64]=Oop [72]=Oop [80]=Oop [88]=Oop [104]=Oop }
                      ;*ifeq {reexecute=1 rethrow=0 return_oop=0}
                      ; - (reexecute) org.bytedeco.javacpp.Pointer$DeallocatorReference::clear@17 (line 341)
                      ; - org.bytedeco.javacpp.Pointer::releaseReference@30 (line 821)
                      ; - org.bytedeco.javacpp.Pointer::close@1 (line 767)
                      ; - com.saigou.draw.Draw::drawRectangle@115 (line 23)
                      ; - com.saigou.thread.PushStreamThread::run@332 (line 113)
  0x00007f8161140934: c84c 77ff | be45 ffff | ff44 8b5c | 2430 4489 | 5c24 284c | 8b54 2458 | 4c89 5424 | 504c 8b54 
  0x00007f8161140954: 2460 4c89 | 5424 584c | 896c 2468 

  0x00007f8161140960: ;   {runtime_call UncommonTrapBlob}
  0x00007f8161140960: 6666 90e8 

  0x00007f8161140964: ; ImmutableOopMap {rbp=NarrowOop [16]=Oop [40]=NarrowOop [56]=Oop [64]=Oop [72]=Oop [80]=Oop [88]=Oop [104]=Oop }
                      ;*if_acmpne {reexecute=1 rethrow=0 return_oop=0}
                      ; - (reexecute) org.bytedeco.javacpp.Pointer$DeallocatorReference::remove@5 (line 320)
                      ; - org.bytedeco.javacpp.Pointer::releaseReference@34 (line 822)
                      ; - org.bytedeco.javacpp.Pointer::close@1 (line 767)
                      ; - com.saigou.draw.Draw::drawRectangle@115 (line 23)
                      ; - com.saigou.thread.PushStreamThread::run@332 (line 113)
  0x00007f8161140964: 984c 77ff | be45 ffff | ff44 8b5c | 2430 4489 | 5c24 284c | 8b54 2458 | 4c89 5424 | 504c 8b54 
  0x00007f8161140984: 2460 4c89 | 5424 584c | 896c 2460 

  0x00007f8161140990: ;   {runtime_call UncommonTrapBlob}
  0x00007f8161140990: 6666 90e8 

  0x00007f8161140994: ; ImmutableOopMap {rbp=NarrowOop [16]=Oop [40]=NarrowOop [56]=Oop [64]=Oop [72]=Oop [80]=Oop [88]=Oop [96]=Oop }
                      ;*ifnull {reexecute=1 rethrow=0 return_oop=0}
                      ; - (reexecute) org.bytedeco.javacpp.Pointer$DeallocatorReference::remove@54 (line 329)
                      ; - org.bytedeco.javacpp.Pointer::releaseReference@34 (line 822)
                      ; - org.bytedeco.javacpp.Pointer::close@1 (line 767)
                      ; - com.saigou.draw.Draw::drawRectangle@115 (line 23)
                      ; - com.saigou.thread.PushStreamThread::run@332 (line 113)
  0x00007f8161140994: 684c 77ff | 4533 d249 | 3bca bdff | ffff ff7c | 0840 0f95 | c540 0fb6 | edbe 45ff | ffff 448b 
  0x00007f81611409b4: 5c24 3044 | 895c 2428 | 4c8b 5424 | 584c 8954 | 2450 4c8b | 5424 604c | 8954 2458 | 4c89 4424 
  0x00007f81611409d4: 604c 894c 

  0x00007f81611409d8: ;   {runtime_call UncommonTrapBlob}
  0x00007f81611409d8: 2470 90e8 

  0x00007f81611409dc: ; ImmutableOopMap {[16]=Oop [40]=NarrowOop [56]=Oop [64]=Oop [72]=Oop [80]=Oop [88]=Oop [96]=Oop [112]=Oop }
                      ;*ifeq {reexecute=1 rethrow=0 return_oop=0}
                      ; - (reexecute) org.bytedeco.javacpp.Pointer$NativeDeallocator::deallocate@15 (line 231)
                      ; - org.bytedeco.javacpp.Pointer$DeallocatorReference::release@52 (line 365)
                      ; - org.bytedeco.javacpp.Pointer::releaseReference@13 (line 818)
                      ; - org.bytedeco.javacpp.Pointer::close@1 (line 767)
                      ; - com.saigou.draw.Draw::drawRectangle@115 (line 23)
                      ; - com.saigou.thread.PushStreamThread::run@332 (line 113)
  0x00007f81611409dc: 204c 77ff | 4533 d249 | 3bca bdff | ffff ff7c | 0840 0f95 | c540 0fb6 | edbe 45ff | ffff 448b 
  0x00007f81611409fc: 5c24 3044 | 895c 2428 | 4c8b 5424 | 584c 8954 | 2450 4c8b | 5424 604c | 8954 2458 | 4c89 6c24 
  0x00007f8161140a1c: ;   {runtime_call UncommonTrapBlob}
  0x00007f8161140a1c: 6866 90e8 

  0x00007f8161140a20: ; ImmutableOopMap {[16]=Oop [40]=NarrowOop [56]=Oop [64]=Oop [72]=Oop [80]=Oop [88]=Oop [104]=Oop }
                      ;*ifeq {reexecute=1 rethrow=0 return_oop=0}
                      ; - (reexecute) org.bytedeco.javacpp.Pointer$NativeDeallocator::deallocate@15 (line 231)
                      ; - org.bytedeco.javacpp.Pointer$DeallocatorReference::clear@46 (line 344)
                      ; - org.bytedeco.javacpp.Pointer::releaseReference@30 (line 821)
                      ; - org.bytedeco.javacpp.Pointer::close@1 (line 767)
                      ; - com.saigou.draw.Draw::drawRectangle@115 (line 23)
                      ; - com.saigou.thread.PushStreamThread::run@332 (line 113)
  0x00007f8161140a20: dc4b 77ff | 498b da47 | 8b54 f428 | 4585 d20f | 84be f8ff | ff4d 8b5f | 2049 8bfa | 48c1 e703 
  0x00007f8161140a40: 4d85 db0f | 8417 e8ff | ff4d 8b57 | 304b 897c | 1af8 4983 | c3f8 4d89 | 5f20 e994 | f8ff ff45 
  0x00007f8161140a60: 8b54 dc28 | 4585 d20f | 84e6 f8ff | ff4d 8b5f | 2049 8bfa | 48c1 e703 | 4d85 db0f | 84ca e7ff 
  0x00007f8161140a80: ff4d 8b57 | 304b 897c | 1af8 4983 | c3f8 4d89 | 5f20 e9bc | f8ff ff4d | 8b57 404d | 8b5f 50f0 
  0x00007f8161140aa0: 8344 24c0 | 0080 3f00 | 0f84 7ff8 | ffff 4488 | 274d 85d2 | 7515 498b | f749 ba60 | 17b0 7681 
  0x00007f8161140ac0: 7f00 0041 | ffd2 e962 | f8ff ff4b | 897c 13f8 | 4983 c2f8 | 4d89 5740 | e950 f8ff | ff4d 8b57 
  0x00007f8161140ae0: 404d 8b5f | 50f0 8344 | 24c0 0080 | 3f00 0f84 | 99f8 ffff | 4488 274d | 85d2 7515 | 498b f749 
  0x00007f8161140b00: ba60 17b0 | 7681 7f00 | 0041 ffd2 | e97c f8ff | ff4b 897c | 13f8 4983 | c2f8 4d89 | 5740 e96a 
  0x00007f8161140b20: f8ff ffbe | f6ff ffff | 488b 6c24 | 104c 8b54 | 2418 4c89 | 5424 104c | 8b54 2420 | 4c89 5424 
  0x00007f8161140b40: 1844 8b5c | 2430 4489 | 5c24 204c | 8b54 2438 | 4c89 5424 | 304c 8b54 | 2458 4c89 

  0x00007f8161140b5c: ;   {runtime_call UncommonTrapBlob}
  0x00007f8161140b5c: 5424 38e8 

  0x00007f8161140b60: ; ImmutableOopMap {rbp=Oop [32]=NarrowOop [48]=Oop [56]=Oop [64]=Oop [72]=Oop [80]=Oop [112]=Oop }
                      ;*invokevirtual decrementAndGet {reexecute=0 rethrow=0 return_oop=0}
                      ; - org.bytedeco.javacpp.Pointer$DeallocatorReference::release@11 (line 361)
                      ; - org.bytedeco.javacpp.Pointer::releaseReference@13 (line 818)
                      ; - org.bytedeco.javacpp.Pointer::close@1 (line 767)
                      ; - com.saigou.draw.Draw::drawRectangle@87 (line 23)
                      ; - com.saigou.thread.PushStreamThread::run@332 (line 113)
  0x00007f8161140b60: 9c4a 77ff | bef6 ffff | ff44 8b5c | 2430 4489 | 5c24 284c | 8954 2468 

  0x00007f8161140b78: ;   {runtime_call UncommonTrapBlob}
  0x00007f8161140b78: 6666 90e8 

  0x00007f8161140b7c: ; ImmutableOopMap {rbp=NarrowOop [16]=Oop [40]=NarrowOop [56]=Oop [64]=Oop [72]=Oop [80]=Oop [88]=Oop [104]=Oop [112]=Oop }
                      ;*putfield prev {reexecute=1 rethrow=0 return_oop=0}
                      ; - (reexecute) org.bytedeco.javacpp.Pointer$DeallocatorReference::remove@65 (line 330)
                      ; - org.bytedeco.javacpp.Pointer::releaseReference@34 (line 822)
                      ; - org.bytedeco.javacpp.Pointer::close@1 (line 767)
                      ; - com.saigou.draw.Draw::drawRectangle@87 (line 23)
                      ; - com.saigou.thread.PushStreamThread::run@332 (line 113)
  0x00007f8161140b7c: 804a 77ff | bef6 ffff | ff48 8b6c | 2410 4c8b | 5424 184c | 8954 2410 | 4c8b 5424 | 204c 8954 
  0x00007f8161140b9c: 2418 448b | 5c24 3044 | 895c 2420 | 4c8b 5424 | 384c 8954 

  0x00007f8161140bb0: ;   {runtime_call UncommonTrapBlob}
  0x00007f8161140bb0: 2430 90e8 

  0x00007f8161140bb4: ; ImmutableOopMap {rbp=Oop [32]=NarrowOop [48]=Oop [64]=Oop [72]=Oop [80]=Oop }
                      ;*invokevirtual decrementAndGet {reexecute=0 rethrow=0 return_oop=0}
                      ; - org.bytedeco.javacpp.Pointer$DeallocatorReference::release@11 (line 361)
                      ; - org.bytedeco.javacpp.Pointer::releaseReference@13 (line 818)
                      ; - org.bytedeco.javacpp.Pointer::close@1 (line 767)
                      ; - com.saigou.draw.Draw::drawText@55 (line 52)
                      ; - com.saigou.thread.PushStreamThread::run@347 (line 114)
  0x00007f8161140bb4: 484a 77ff | bef6 ffff | ff44 8b54 | 2430 4489 | 5424 284c | 896c 2458 

  0x00007f8161140bcc: ;   {runtime_call UncommonTrapBlob}
  0x00007f8161140bcc: 6666 90e8 

  0x00007f8161140bd0: ; ImmutableOopMap {rbp=NarrowOop [16]=Oop [40]=NarrowOop [56]=Oop [64]=Oop [72]=Oop [80]=Oop [88]=Oop }
                      ;*putfield prev {reexecute=1 rethrow=0 return_oop=0}
                      ; - (reexecute) org.bytedeco.javacpp.Pointer$DeallocatorReference::remove@65 (line 330)
                      ; - org.bytedeco.javacpp.Pointer::releaseReference@34 (line 822)
                      ; - org.bytedeco.javacpp.Pointer::close@1 (line 767)
                      ; - com.saigou.draw.Draw::drawText@55 (line 52)
                      ; - com.saigou.thread.PushStreamThread::run@347 (line 114)
  0x00007f8161140bd0: 2c4a 77ff 

  0x00007f8161140bd4: ;   {oop(a 'java/lang/Class'{0x000000064d400410} = 'org/bytedeco/javacpp/Pointer$DeallocatorReference')}
  0x00007f8161140bd4: 48be 1004 | 404d 0600 | 0000 488d | 9424 a000 

  0x00007f8161140be4: ;   {runtime_call _complete_monitor_locking_Java}
  0x00007f8161140be4: 0000 90e8 

  0x00007f8161140be8: ; ImmutableOopMap {rbp=Oop [16]=Oop [48]=NarrowOop [56]=Oop [64]=Oop [72]=Oop [80]=Oop [88]=Oop [112]=Oop }
                      ;*monitorenter {reexecute=0 rethrow=0 return_oop=0}
                      ; - org.bytedeco.javacpp.Pointer$DeallocatorReference::remove@21 (line 323)
                      ; - org.bytedeco.javacpp.Pointer::releaseReference@34 (line 822)
                      ; - org.bytedeco.javacpp.Pointer::close@1 (line 767)
                      ; - com.saigou.draw.Draw::drawRectangle@87 (line 23)
                      ; - com.saigou.thread.PushStreamThread::run@332 (line 113)
  0x00007f8161140be8: 1497 81ff | e9ed eeff | ff49 8bed 

  0x00007f8161140bf4: ;   {oop(a 'java/lang/Class'{0x000000064d400410} = 'org/bytedeco/javacpp/Pointer$DeallocatorReference')}
  0x00007f8161140bf4: 48be 1004 | 404d 0600 | 0000 488d | 9424 a000 

  0x00007f8161140c04: ;   {runtime_call _complete_monitor_locking_Java}
  0x00007f8161140c04: 0000 90e8 

  0x00007f8161140c08: ; ImmutableOopMap {rbp=Oop [16]=Oop [48]=NarrowOop [56]=Oop [64]=Oop [72]=Oop [80]=Oop }
                      ;*monitorenter {reexecute=0 rethrow=0 return_oop=0}
                      ; - org.bytedeco.javacpp.Pointer$DeallocatorReference::remove@21 (line 323)
                      ; - org.bytedeco.javacpp.Pointer::releaseReference@34 (line 822)
                      ; - org.bytedeco.javacpp.Pointer::close@1 (line 767)
                      ; - com.saigou.draw.Draw::drawText@55 (line 52)
                      ; - com.saigou.thread.PushStreamThread::run@347 (line 114)
  0x00007f8161140c08: f496 81ff | 4c8b ede9 | 23eb ffff | 498b e949 | 8bd8 498b | f749 ba30 | 17b0 7681 | 7f00 0041 
  0x00007f8161140c28: ffd2 e9a1 | f7ff ff49 | 8bf7 49ba | 3017 b076 | 817f 0000 | 41ff d2e9 | 06f8 ffff | 498b f749 
  0x00007f8161140c48: ba30 17b0 | 7681 7f00 | 0041 ffd2 | e92e f8ff | ff49 8bf7 | 49ba 3017 | b076 817f | 0000 41ff 
  0x00007f8161140c68: d2e9 39f9 | ffff be45 | ffff ff44 | 8b54 2430 | 4489 5424 | 284c 8b54 | 2470 4c89 | 5424 604c 
  0x00007f8161140c88: 8944 2468 | 4c89 4c24 

  0x00007f8161140c90: ;   {runtime_call UncommonTrapBlob}
  0x00007f8161140c90: 7866 90e8 

  0x00007f8161140c94: ; ImmutableOopMap {rbp=NarrowOop [16]=Oop [40]=NarrowOop [56]=Oop [64]=Oop [72]=Oop [80]=Oop [88]=Oop [96]=Oop [104]=Oop [120]=Oop }
                      ;*ifnull {reexecute=1 rethrow=0 return_oop=0}
                      ; - (reexecute) org.bytedeco.javacpp.Pointer$DeallocatorReference::release@4 (line 361)
                      ; - org.bytedeco.javacpp.Pointer::releaseReference@13 (line 818)
                      ; - org.bytedeco.javacpp.Pointer::close@1 (line 767)
                      ; - com.saigou.draw.Draw::drawRectangle@87 (line 23)
                      ; - com.saigou.thread.PushStreamThread::run@332 (line 113)
  0x00007f8161140c94: 6849 77ff | be45 ffff | ff44 8b54 | 2430 4489 | 5424 284c | 8b54 2470 | 4c89 5424 | 604c 8944 
  0x00007f8161140cb4: 2468 4c89 

  0x00007f8161140cb8: ;   {runtime_call UncommonTrapBlob}
  0x00007f8161140cb8: 4c24 78e8 

  0x00007f8161140cbc: ; ImmutableOopMap {[16]=Oop [40]=NarrowOop [56]=Oop [64]=Oop [72]=Oop [80]=Oop [88]=Oop [96]=Oop [104]=Oop [120]=Oop }
                      ;*ifgt {reexecute=1 rethrow=0 return_oop=0}
                      ; - (reexecute) org.bytedeco.javacpp.Pointer$DeallocatorReference::release@14 (line 361)
                      ; - org.bytedeco.javacpp.Pointer::releaseReference@13 (line 818)
                      ; - org.bytedeco.javacpp.Pointer::close@1 (line 767)
                      ; - com.saigou.draw.Draw::drawRectangle@87 (line 23)
                      ; - com.saigou.thread.PushStreamThread::run@332 (line 113)
  0x00007f8161140cbc: 4049 77ff | be45 ffff | ff44 8b5c | 2430 4489 | 5c24 284c | 8b54 2470 | 4c89 5424 | 604c 8944 
  0x00007f8161140cdc: 2468 4c89 

  0x00007f8161140ce0: ;   {runtime_call UncommonTrapBlob}
  0x00007f8161140ce0: 4c24 78e8 

  0x00007f8161140ce4: ; ImmutableOopMap {[16]=Oop [40]=NarrowOop [56]=Oop [64]=Oop [72]=Oop [80]=Oop [88]=Oop [96]=Oop [104]=Oop [120]=Oop }
                      ;*ifeq {reexecute=1 rethrow=0 return_oop=0}
                      ; - (reexecute) org.bytedeco.javacpp.Pointer$DeallocatorReference::release@23 (line 362)
                      ; - org.bytedeco.javacpp.Pointer::releaseReference@13 (line 818)
                      ; - org.bytedeco.javacpp.Pointer::close@1 (line 767)
                      ; - com.saigou.draw.Draw::drawRectangle@87 (line 23)
                      ; - com.saigou.thread.PushStreamThread::run@332 (line 113)
  0x00007f8161140ce4: 1849 77ff | be45 ffff | ff44 8b44 | 2430 4489 | 4424 284c | 8b54 2470 | 4c89 5424 | 604c 895c 
  0x00007f8161140d04: ;   {runtime_call UncommonTrapBlob}
  0x00007f8161140d04: 2470 90e8 

  0x00007f8161140d08: ; ImmutableOopMap {rbp=NarrowOop [16]=Oop [40]=NarrowOop [56]=Oop [64]=Oop [72]=Oop [80]=Oop [88]=Oop [96]=Oop [112]=Oop }
                      ;*ifnull {reexecute=1 rethrow=0 return_oop=0}
                      ; - (reexecute) org.bytedeco.javacpp.Pointer$DeallocatorReference::clear@8 (line 340)
                      ; - org.bytedeco.javacpp.Pointer::releaseReference@30 (line 821)
                      ; - org.bytedeco.javacpp.Pointer::close@1 (line 767)
                      ; - com.saigou.draw.Draw::drawRectangle@87 (line 23)
                      ; - com.saigou.thread.PushStreamThread::run@332 (line 113)
  0x00007f8161140d08: f448 77ff | be45 ffff | ff44 8b54 | 2430 4489 | 5424 284c | 8b54 2470 | 4c89 5424 | 604c 895c 
  0x00007f8161140d28: ;   {runtime_call UncommonTrapBlob}
  0x00007f8161140d28: 2470 90e8 

  0x00007f8161140d2c: ; ImmutableOopMap {[16]=Oop [40]=NarrowOop [56]=Oop [64]=Oop [72]=Oop [80]=Oop [88]=Oop [96]=Oop [112]=Oop }
                      ;*ifeq {reexecute=1 rethrow=0 return_oop=0}
                      ; - (reexecute) org.bytedeco.javacpp.Pointer$DeallocatorReference::clear@17 (line 341)
                      ; - org.bytedeco.javacpp.Pointer::releaseReference@30 (line 821)
                      ; - org.bytedeco.javacpp.Pointer::close@1 (line 767)
                      ; - com.saigou.draw.Draw::drawRectangle@87 (line 23)
                      ; - com.saigou.thread.PushStreamThread::run@332 (line 113)
  0x00007f8161140d2c: d048 77ff | be45 ffff | ff44 8b44 | 2430 4489 | 4424 284c | 8b54 2470 | 4c89 5424 | 604c 895c 
  0x00007f8161140d4c: ;   {runtime_call UncommonTrapBlob}
  0x00007f8161140d4c: 2470 90e8 

  0x00007f8161140d50: ; ImmutableOopMap {rbp=NarrowOop [16]=Oop [40]=NarrowOop [56]=Oop [64]=Oop [72]=Oop [80]=Oop [88]=Oop [96]=Oop [112]=Oop }
                      ;*if_acmpne {reexecute=1 rethrow=0 return_oop=0}
                      ; - (reexecute) org.bytedeco.javacpp.Pointer$DeallocatorReference::remove@5 (line 320)
                      ; - org.bytedeco.javacpp.Pointer::releaseReference@34 (line 822)
                      ; - org.bytedeco.javacpp.Pointer::close@1 (line 767)
                      ; - com.saigou.draw.Draw::drawRectangle@87 (line 23)
                      ; - com.saigou.thread.PushStreamThread::run@332 (line 113)
  0x00007f8161140d50: ac48 77ff | be45 ffff | ff44 8b44 | 2430 4489 | 4424 2848 | 895c 2468 

  0x00007f8161140d68: ;   {runtime_call UncommonTrapBlob}
  0x00007f8161140d68: 6666 90e8 

  0x00007f8161140d6c: ; ImmutableOopMap {rbp=NarrowOop [16]=Oop [40]=NarrowOop [56]=Oop [64]=Oop [72]=Oop [80]=Oop [88]=Oop [104]=Oop [112]=Oop }
                      ;*ifnull {reexecute=1 rethrow=0 return_oop=0}
                      ; - (reexecute) org.bytedeco.javacpp.Pointer$DeallocatorReference::remove@54 (line 329)
                      ; - org.bytedeco.javacpp.Pointer::releaseReference@34 (line 822)
                      ; - org.bytedeco.javacpp.Pointer::close@1 (line 767)
                      ; - com.saigou.draw.Draw::drawRectangle@87 (line 23)
                      ; - com.saigou.thread.PushStreamThread::run@332 (line 113)
  0x00007f8161140d6c: 9048 77ff | be45 ffff | ff44 8b5c | 2430 4489 | 5c24 284c | 894c 2468 

  0x00007f8161140d84: ;   {runtime_call UncommonTrapBlob}
  0x00007f8161140d84: 6666 90e8 

  0x00007f8161140d88: ; ImmutableOopMap {rbp=NarrowOop [16]=Oop [40]=NarrowOop [56]=Oop [64]=Oop [72]=Oop [80]=Oop [88]=Oop [104]=Oop }
                      ;*ifnull {reexecute=1 rethrow=0 return_oop=0}
                      ; - (reexecute) org.bytedeco.javacpp.Pointer$DeallocatorReference::release@4 (line 361)
                      ; - org.bytedeco.javacpp.Pointer::releaseReference@13 (line 818)
                      ; - org.bytedeco.javacpp.Pointer::close@1 (line 767)
                      ; - com.saigou.draw.Draw::drawText@55 (line 52)
                      ; - com.saigou.thread.PushStreamThread::run@347 (line 114)
  0x00007f8161140d88: 7448 77ff | be45 ffff | ff48 8b6c | 2410 4c8b | 5424 184c | 8954 2410 | 4c8b 5424 | 204c 8954 
  0x00007f8161140da8: 2418 448b | 5424 3044 | 8954 2420 | 4489 5c24 | 244c 8b54 | 2438 4c89 | 5424 3048 | 8944 2438 
  0x00007f8161140dc8: 4c89 4424 | 504c 894c 

  0x00007f8161140dd0: ;   {runtime_call UncommonTrapBlob}
  0x00007f8161140dd0: 2460 90e8 

  0x00007f8161140dd4: ; ImmutableOopMap {rbp=Oop [32]=NarrowOop [48]=Oop [56]=Oop [64]=Oop [72]=Oop [80]=Oop [96]=Oop }
                      ;*ifgt {reexecute=1 rethrow=0 return_oop=0}
                      ; - (reexecute) org.bytedeco.javacpp.Pointer$DeallocatorReference::release@14 (line 361)
                      ; - org.bytedeco.javacpp.Pointer::releaseReference@13 (line 818)
                      ; - org.bytedeco.javacpp.Pointer::close@1 (line 767)
                      ; - com.saigou.draw.Draw::drawText@55 (line 52)
                      ; - com.saigou.thread.PushStreamThread::run@347 (line 114)
  0x00007f8161140dd4: 2848 77ff | be45 ffff | ff44 8b5c | 2430 4489 | 5c24 284c | 894c 2468 

  0x00007f8161140dec: ;   {runtime_call UncommonTrapBlob}
  0x00007f8161140dec: 6666 90e8 

  0x00007f8161140df0: ; ImmutableOopMap {[16]=Oop [40]=NarrowOop [56]=Oop [64]=Oop [72]=Oop [80]=Oop [88]=Oop [104]=Oop }
                      ;*ifeq {reexecute=1 rethrow=0 return_oop=0}
                      ; - (reexecute) org.bytedeco.javacpp.Pointer$DeallocatorReference::release@23 (line 362)
                      ; - org.bytedeco.javacpp.Pointer::releaseReference@13 (line 818)
                      ; - org.bytedeco.javacpp.Pointer::close@1 (line 767)
                      ; - com.saigou.draw.Draw::drawText@55 (line 52)
                      ; - com.saigou.thread.PushStreamThread::run@347 (line 114)
  0x00007f8161140df0: 0c48 77ff | be45 ffff | ff44 8b54 | 2430 4489 | 5424 284c | 896c 2460 

  0x00007f8161140e08: ;   {runtime_call UncommonTrapBlob}
  0x00007f8161140e08: 6666 90e8 

  0x00007f8161140e0c: ; ImmutableOopMap {rbp=NarrowOop [16]=Oop [40]=NarrowOop [56]=Oop [64]=Oop [72]=Oop [80]=Oop [96]=Oop }
                      ;*ifnull {reexecute=1 rethrow=0 return_oop=0}
                      ; - (reexecute) org.bytedeco.javacpp.Pointer$DeallocatorReference::clear@8 (line 340)
                      ; - org.bytedeco.javacpp.Pointer::releaseReference@30 (line 821)
                      ; - org.bytedeco.javacpp.Pointer::close@1 (line 767)
                      ; - com.saigou.draw.Draw::drawText@55 (line 52)
                      ; - com.saigou.thread.PushStreamThread::run@347 (line 114)
  0x00007f8161140e0c: f047 77ff | be45 ffff | ff44 8b54 | 2430 4489 | 5424 284c | 896c 2460 

  0x00007f8161140e24: ;   {runtime_call UncommonTrapBlob}
  0x00007f8161140e24: 6666 90e8 

  0x00007f8161140e28: ; ImmutableOopMap {[16]=Oop [40]=NarrowOop [56]=Oop [64]=Oop [72]=Oop [80]=Oop [96]=Oop }
                      ;*ifeq {reexecute=1 rethrow=0 return_oop=0}
                      ; - (reexecute) org.bytedeco.javacpp.Pointer$DeallocatorReference::clear@17 (line 341)
                      ; - org.bytedeco.javacpp.Pointer::releaseReference@30 (line 821)
                      ; - org.bytedeco.javacpp.Pointer::close@1 (line 767)
                      ; - com.saigou.draw.Draw::drawText@55 (line 52)
                      ; - com.saigou.thread.PushStreamThread::run@347 (line 114)
  0x00007f8161140e28: d447 77ff | be45 ffff | ff44 8b54 | 2430 4489 | 5424 284c | 896c 2460 

  0x00007f8161140e40: ;   {runtime_call UncommonTrapBlob}
  0x00007f8161140e40: 6666 90e8 

  0x00007f8161140e44: ; ImmutableOopMap {rbp=NarrowOop [16]=Oop [40]=NarrowOop [56]=Oop [64]=Oop [72]=Oop [80]=Oop [96]=Oop }
                      ;*if_acmpne {reexecute=1 rethrow=0 return_oop=0}
                      ; - (reexecute) org.bytedeco.javacpp.Pointer$DeallocatorReference::remove@5 (line 320)
                      ; - org.bytedeco.javacpp.Pointer::releaseReference@34 (line 822)
                      ; - org.bytedeco.javacpp.Pointer::close@1 (line 767)
                      ; - com.saigou.draw.Draw::drawText@55 (line 52)
                      ; - com.saigou.thread.PushStreamThread::run@347 (line 114)
  0x00007f8161140e44: b847 77ff | be45 ffff | ff44 8b54 | 2430 4489 | 5424 284c | 896c 2458 

  0x00007f8161140e5c: ;   {runtime_call UncommonTrapBlob}
  0x00007f8161140e5c: 6666 90e8 

  0x00007f8161140e60: ; ImmutableOopMap {rbp=NarrowOop [16]=Oop [40]=NarrowOop [56]=Oop [64]=Oop [72]=Oop [80]=Oop [88]=Oop }
                      ;*ifnull {reexecute=1 rethrow=0 return_oop=0}
                      ; - (reexecute) org.bytedeco.javacpp.Pointer$DeallocatorReference::remove@54 (line 329)
                      ; - org.bytedeco.javacpp.Pointer::releaseReference@34 (line 822)
                      ; - org.bytedeco.javacpp.Pointer::close@1 (line 767)
                      ; - com.saigou.draw.Draw::drawText@55 (line 52)
                      ; - com.saigou.thread.PushStreamThread::run@347 (line 114)
  0x00007f8161140e60: 9c47 77ff | 4533 d249 | 3bca bdff | ffff ff7c | 0840 0f95 | c540 0fb6 | edbe 45ff | ffff 448b 
  0x00007f8161140e80: 5424 3044 | 8954 2428 | 4c8b 5424 | 704c 8954 | 2460 4c89 | 4424 684c | 894c 2478 

  0x00007f8161140e9c: ;   {runtime_call UncommonTrapBlob}
  0x00007f8161140e9c: 6666 90e8 

  0x00007f8161140ea0: ; ImmutableOopMap {[16]=Oop [40]=NarrowOop [56]=Oop [64]=Oop [72]=Oop [80]=Oop [88]=Oop [96]=Oop [104]=Oop [120]=Oop }
                      ;*ifeq {reexecute=1 rethrow=0 return_oop=0}
                      ; - (reexecute) org.bytedeco.javacpp.Pointer$NativeDeallocator::deallocate@15 (line 231)
                      ; - org.bytedeco.javacpp.Pointer$DeallocatorReference::release@52 (line 365)
                      ; - org.bytedeco.javacpp.Pointer::releaseReference@13 (line 818)
                      ; - org.bytedeco.javacpp.Pointer::close@1 (line 767)
                      ; - com.saigou.draw.Draw::drawRectangle@87 (line 23)
                      ; - com.saigou.thread.PushStreamThread::run@332 (line 113)
  0x00007f8161140ea0: 5c47 77ff | 4533 d249 | 3bca bdff | ffff ff7c | 0840 0f95 | c540 0fb6 | edbe 45ff | ffff 448b 
  0x00007f8161140ec0: 5424 3044 | 8954 2428 | 4c8b 5424 | 704c 8954 | 2460 4c89 

  0x00007f8161140ed4: ;   {runtime_call UncommonTrapBlob}
  0x00007f8161140ed4: 5c24 70e8 

  0x00007f8161140ed8: ; ImmutableOopMap {[16]=Oop [40]=NarrowOop [56]=Oop [64]=Oop [72]=Oop [80]=Oop [88]=Oop [96]=Oop [112]=Oop }
                      ;*ifeq {reexecute=1 rethrow=0 return_oop=0}
                      ; - (reexecute) org.bytedeco.javacpp.Pointer$NativeDeallocator::deallocate@15 (line 231)
                      ; - org.bytedeco.javacpp.Pointer$DeallocatorReference::clear@46 (line 344)
                      ; - org.bytedeco.javacpp.Pointer::releaseReference@30 (line 821)
                      ; - org.bytedeco.javacpp.Pointer::close@1 (line 767)
                      ; - com.saigou.draw.Draw::drawRectangle@87 (line 23)
                      ; - com.saigou.thread.PushStreamThread::run@332 (line 113)
  0x00007f8161140ed8: 2447 77ff | 4533 d249 | 3bca bdff | ffff ff7c | 0840 0f95 | c540 0fb6 | edbe 45ff | ffff 448b 
  0x00007f8161140ef8: 5424 3044 | 8954 2428 | 4c89 4c24 

  0x00007f8161140f04: ;   {runtime_call UncommonTrapBlob}
  0x00007f8161140f04: 6866 90e8 

  0x00007f8161140f08: ; ImmutableOopMap {[16]=Oop [40]=NarrowOop [56]=Oop [64]=Oop [72]=Oop [80]=Oop [88]=Oop [104]=Oop }
                      ;*ifeq {reexecute=1 rethrow=0 return_oop=0}
                      ; - (reexecute) org.bytedeco.javacpp.Pointer$NativeDeallocator::deallocate@15 (line 231)
                      ; - org.bytedeco.javacpp.Pointer$DeallocatorReference::release@52 (line 365)
                      ; - org.bytedeco.javacpp.Pointer::releaseReference@13 (line 818)
                      ; - org.bytedeco.javacpp.Pointer::close@1 (line 767)
                      ; - com.saigou.draw.Draw::drawText@55 (line 52)
                      ; - com.saigou.thread.PushStreamThread::run@347 (line 114)
  0x00007f8161140f08: f446 77ff | 4533 d249 | 3bca bdff | ffff ff7c | 0840 0f95 | c540 0fb6 | edbe 45ff | ffff 448b 
  0x00007f8161140f28: 5424 3044 | 8954 2428 | 4c89 6c24 

  0x00007f8161140f34: ;   {runtime_call UncommonTrapBlob}
  0x00007f8161140f34: 6066 90e8 

  0x00007f8161140f38: ; ImmutableOopMap {[16]=Oop [40]=NarrowOop [56]=Oop [64]=Oop [72]=Oop [80]=Oop [96]=Oop }
                      ;*ifeq {reexecute=1 rethrow=0 return_oop=0}
                      ; - (reexecute) org.bytedeco.javacpp.Pointer$NativeDeallocator::deallocate@15 (line 231)
                      ; - org.bytedeco.javacpp.Pointer$DeallocatorReference::clear@46 (line 344)
                      ; - org.bytedeco.javacpp.Pointer::releaseReference@30 (line 821)
                      ; - org.bytedeco.javacpp.Pointer::close@1 (line 767)
                      ; - com.saigou.draw.Draw::drawText@55 (line 52)
                      ; - com.saigou.thread.PushStreamThread::run@347 (line 114)
  0x00007f8161140f38: c446 77ff | bef6 ffff | ff44 8b5c | 2430 4489 | 5c24 284c | 8b54 2458 | 4c89 5424 | 504c 8b54 
  0x00007f8161140f58: 2460 4c89 | 5424 584c | 896c 2460 

  0x00007f8161140f64: ;   {runtime_call UncommonTrapBlob}
  0x00007f8161140f64: 6666 90e8 

  0x00007f8161140f68: ; ImmutableOopMap {rbp=NarrowOop [16]=Oop [40]=NarrowOop [56]=Oop [64]=Oop [72]=Oop [80]=Oop [88]=Oop [96]=Oop }
                      ;*putfield next {reexecute=1 rethrow=0 return_oop=0}
                      ; - (reexecute) org.bytedeco.javacpp.Pointer$DeallocatorReference::remove@47 (line 327)
                      ; - org.bytedeco.javacpp.Pointer::releaseReference@34 (line 822)
                      ; - org.bytedeco.javacpp.Pointer::close@1 (line 767)
                      ; - com.saigou.draw.Draw::drawRectangle@115 (line 23)
                      ; - com.saigou.thread.PushStreamThread::run@332 (line 113)
  0x00007f8161140f68: 9446 77ff | bef6 ffff | ff44 8b5c | 2430 4489 | 5c24 284c | 8954 2468 

  0x00007f8161140f80: ;   {runtime_call UncommonTrapBlob}
  0x00007f8161140f80: 6666 90e8 

  0x00007f8161140f84: ; ImmutableOopMap {rbp=NarrowOop [16]=Oop [40]=NarrowOop [56]=Oop [64]=Oop [72]=Oop [80]=Oop [88]=Oop [104]=Oop [112]=Oop }
                      ;*putfield next {reexecute=1 rethrow=0 return_oop=0}
                      ; - (reexecute) org.bytedeco.javacpp.Pointer$DeallocatorReference::remove@47 (line 327)
                      ; - org.bytedeco.javacpp.Pointer::releaseReference@34 (line 822)
                      ; - org.bytedeco.javacpp.Pointer::close@1 (line 767)
                      ; - com.saigou.draw.Draw::drawRectangle@87 (line 23)
                      ; - com.saigou.thread.PushStreamThread::run@332 (line 113)
  0x00007f8161140f84: 7846 77ff | bef6 ffff | ff44 8b54 | 2430 4489 | 5424 284c | 896c 2458 

  0x00007f8161140f9c: ;   {runtime_call UncommonTrapBlob}
  0x00007f8161140f9c: 6666 90e8 

  0x00007f8161140fa0: ; ImmutableOopMap {rbp=NarrowOop [16]=Oop [40]=NarrowOop [56]=Oop [64]=Oop [72]=Oop [80]=Oop [88]=Oop }
                      ;*putfield next {reexecute=1 rethrow=0 return_oop=0}
                      ; - (reexecute) org.bytedeco.javacpp.Pointer$DeallocatorReference::remove@47 (line 327)
                      ; - org.bytedeco.javacpp.Pointer::releaseReference@34 (line 822)
                      ; - org.bytedeco.javacpp.Pointer::close@1 (line 767)
                      ; - com.saigou.draw.Draw::drawText@55 (line 52)
                      ; - com.saigou.thread.PushStreamThread::run@347 (line 114)
  0x00007f8161140fa0: 5c46 77ff | bede ffff | ff44 8b54 | 2430 4489 

  0x00007f8161140fb0: ;   {runtime_call UncommonTrapBlob}
  0x00007f8161140fb0: 5424 28e8 

  0x00007f8161140fb4: ; ImmutableOopMap {rbp=NarrowOop [16]=Oop [40]=NarrowOop [56]=Oop [64]=Oop [72]=Oop [80]=Oop [88]=Oop }
                      ;*checkcast {reexecute=0 rethrow=0 return_oop=0}
                      ; - org.bytedeco.javacpp.Pointer::releaseReference@4 (line 817)
                      ; - org.bytedeco.javacpp.Pointer::close@1 (line 767)
                      ; - com.saigou.draw.Draw::drawText@55 (line 52)
                      ; - com.saigou.thread.PushStreamThread::run@347 (line 114)
  0x00007f8161140fb4: 4846 77ff | bede ffff | ff44 8b54 | 2430 4489 

  0x00007f8161140fc4: ;   {runtime_call UncommonTrapBlob}
  0x00007f8161140fc4: 5424 28e8 

  0x00007f8161140fc8: ; ImmutableOopMap {rbp=NarrowOop [16]=Oop [40]=NarrowOop [56]=Oop [64]=Oop [72]=Oop [80]=Oop [88]=Oop [112]=Oop [120]=Oop }
                      ;*checkcast {reexecute=0 rethrow=0 return_oop=0}
                      ; - org.bytedeco.javacpp.Pointer::releaseReference@4 (line 817)
                      ; - org.bytedeco.javacpp.Pointer::close@1 (line 767)
                      ; - com.saigou.draw.Draw::drawRectangle@87 (line 23)
                      ; - com.saigou.thread.PushStreamThread::run@332 (line 113)
  0x00007f8161140fc8: 3446 77ff | bede ffff | ff44 8b5c | 2430 4489 | 5c24 284c | 8b54 2458 | 4c89 5424 | 504c 8b54 
  0x00007f8161140fe8: 2460 4c89 

  0x00007f8161140fec: ;   {runtime_call UncommonTrapBlob}
  0x00007f8161140fec: 5424 58e8 

  0x00007f8161140ff0: ; ImmutableOopMap {rbp=NarrowOop [16]=Oop [40]=NarrowOop [56]=Oop [64]=Oop [72]=Oop [80]=Oop [88]=Oop [112]=Oop }
                      ;*checkcast {reexecute=0 rethrow=0 return_oop=0}
                      ; - org.bytedeco.javacpp.Pointer::releaseReference@4 (line 817)
                      ; - org.bytedeco.javacpp.Pointer::close@1 (line 767)
                      ; - com.saigou.draw.Draw::drawRectangle@115 (line 23)
                      ; - com.saigou.thread.PushStreamThread::run@332 (line 113)
  0x00007f8161140ff0: 0c46 77ff 

  0x00007f8161140ff4: ;   {internal_word}
  0x00007f8161140ff4: 49ba feb6 | 1361 817f | 0000 4d89 | 9760 0300 

  0x00007f8161141004: ;   {runtime_call SafepointBlob}
  0x00007f8161141004: 00e9 f656 | 77ff f4f4 | f4f4 f4f4 | f4f4 f4f4 | f4f4 f4f4 | f4f4 f4f4 | f4f4 f4f4 
[Stub Code]
  0x00007f8161141020: ;   {no_reloc}
  0x00007f8161141020: 48bb 38ea | 77e7 807f 

  0x00007f8161141028: ;   {runtime_call I2C/C2I adapters}
  0x00007f8161141028: 0000 e9ae 

  0x00007f816114102c: ;   {static_stub}
  0x00007f816114102c: 6277 ff48 | bb50 dd32 | e880 7f00 

  0x00007f8161141038: ;   {runtime_call I2C/C2I adapters}
  0x00007f8161141038: 00e9 1f43 

  0x00007f816114103c: ;   {static_stub}
  0x00007f816114103c: 77ff 48bb | 08ae 35e8 | 807f 0000 

  0x00007f8161141048: ;   {runtime_call I2C/C2I adapters}
  0x00007f8161141048: e90c 3a77 

  0x00007f816114104c: ;   {static_stub}
  0x00007f816114104c: ff48 bb08 | ae35 e880 

  0x00007f8161141054: ;   {runtime_call I2C/C2I adapters}
  0x00007f8161141054: 7f00 00e9 | fd39 77ff 

  0x00007f816114105c: ;   {static_stub}
  0x00007f816114105c: 48bb 0000 | 0000 0000 

  0x00007f8161141064: ;   {runtime_call}
  0x00007f8161141064: 0000 e9fb 

  0x00007f8161141068: ;   {static_stub}
  0x00007f8161141068: ffff ff48 | bb30 23a9 | e780 7f00 

  0x00007f8161141074: ;   {runtime_call I2C/C2I adapters}
  0x00007f8161141074: 00e9 e342 

  0x00007f8161141078: ;   {static_stub}
  0x00007f8161141078: 77ff 48bb | 9824 a9e7 | 807f 0000 

  0x00007f8161141084: ;   {runtime_call I2C/C2I adapters}
  0x00007f8161141084: e9d4 4277 

  0x00007f8161141088: ;   {static_stub}
  0x00007f8161141088: ff48 bb50 | dd32 e880 

  0x00007f8161141090: ;   {runtime_call I2C/C2I adapters}
  0x00007f8161141090: 7f00 00e9 | c542 77ff 

  0x00007f8161141098: ;   {static_stub}
  0x00007f8161141098: 48bb 0000 | 0000 0000 

  0x00007f81611410a0: ;   {runtime_call}
  0x00007f81611410a0: 0000 e9fb 

  0x00007f81611410a4: ;   {static_stub}
  0x00007f81611410a4: ffff ff48 | bb00 0000 | 0000 0000 

  0x00007f81611410b0: ;   {runtime_call}
  0x00007f81611410b0: 00e9 fbff 

  0x00007f81611410b4: ;   {static_stub}
  0x00007f81611410b4: ffff 48bb | 0000 0000 | 0000 0000 

  0x00007f81611410c0: ;   {runtime_call}
  0x00007f81611410c0: e9fb ffff 

  0x00007f81611410c4: ;   {static_stub}
  0x00007f81611410c4: ff48 bb00 | 0000 0000 

  0x00007f81611410cc: ;   {runtime_call}
  0x00007f81611410cc: 0000 00e9 | fbff ffff 

  0x00007f81611410d4: ;   {static_stub}
  0x00007f81611410d4: 48bb 0000 | 0000 0000 

  0x00007f81611410dc: ;   {runtime_call}
  0x00007f81611410dc: 0000 e9fb 

  0x00007f81611410e0: ;   {static_stub}
  0x00007f81611410e0: ffff ff48 | bb00 0000 | 0000 0000 

  0x00007f81611410ec: ;   {runtime_call}
  0x00007f81611410ec: 00e9 fbff 

  0x00007f81611410f0: ;   {static_stub}
  0x00007f81611410f0: ffff 48bb | 0000 0000 | 0000 0000 

  0x00007f81611410fc: ;   {runtime_call}
  0x00007f81611410fc: e9fb ffff 

  0x00007f8161141100: ;   {static_stub}
  0x00007f8161141100: ff48 bb00 | 0000 0000 

  0x00007f8161141108: ;   {runtime_call}
  0x00007f8161141108: 0000 00e9 | fbff ffff 

  0x00007f8161141110: ;   {static_stub}
  0x00007f8161141110: 48bb 0000 | 0000 0000 

  0x00007f8161141118: ;   {runtime_call}
  0x00007f8161141118: 0000 e9fb 

  0x00007f816114111c: ;   {static_stub}
  0x00007f816114111c: ffff ff48 | bb00 0000 | 0000 0000 

  0x00007f8161141128: ;   {runtime_call}
  0x00007f8161141128: 00e9 fbff 

  0x00007f816114112c: ;   {static_stub}
  0x00007f816114112c: ffff 48bb | 0000 0000 | 0000 0000 

  0x00007f8161141138: ;   {runtime_call}
  0x00007f8161141138: e9fb ffff 

  0x00007f816114113c: ;   {static_stub}
  0x00007f816114113c: ff48 bb00 | 0000 0000 

  0x00007f8161141144: ;   {runtime_call}
  0x00007f8161141144: 0000 00e9 | fbff ffff 

  0x00007f816114114c: ;   {static_stub}
  0x00007f816114114c: 48bb 0000 | 0000 0000 

  0x00007f8161141154: ;   {runtime_call}
  0x00007f8161141154: 0000 e9fb 

  0x00007f8161141158: ;   {static_stub}
  0x00007f8161141158: ffff ff48 | bb00 0000 | 0000 0000 

  0x00007f8161141164: ;   {runtime_call}
  0x00007f8161141164: 00e9 fbff 

  0x00007f8161141168: ;   {static_stub}
  0x00007f8161141168: ffff 48bb | 0000 0000 | 0000 0000 

  0x00007f8161141174: ;   {runtime_call}
  0x00007f8161141174: e9fb ffff 

  0x00007f8161141178: ;   {static_stub}
  0x00007f8161141178: ff48 bb00 | 0000 0000 

  0x00007f8161141180: ;   {runtime_call}
  0x00007f8161141180: 0000 00e9 | fbff ffff 

  0x00007f8161141188: ;   {static_stub}
  0x00007f8161141188: 48bb 0000 | 0000 0000 

  0x00007f8161141190: ;   {runtime_call}
  0x00007f8161141190: 0000 e9fb 

  0x00007f8161141194: ;   {static_stub}
  0x00007f8161141194: ffff ff48 | bb00 0000 | 0000 0000 

  0x00007f81611411a0: ;   {runtime_call}
  0x00007f81611411a0: 00e9 fbff 

  0x00007f81611411a4: ;   {static_stub}
  0x00007f81611411a4: ffff 48bb | 0000 0000 | 0000 0000 

  0x00007f81611411b0: ;   {runtime_call}
  0x00007f81611411b0: e9fb ffff 

  0x00007f81611411b4: ;   {static_stub}
  0x00007f81611411b4: ff48 bb00 | 0000 0000 

  0x00007f81611411bc: ;   {runtime_call}
  0x00007f81611411bc: 0000 00e9 | fbff ffff 

  0x00007f81611411c4: ;   {static_stub}
  0x00007f81611411c4: 48bb 0000 | 0000 0000 

  0x00007f81611411cc: ;   {runtime_call}
  0x00007f81611411cc: 0000 e9fb 

  0x00007f81611411d0: ;   {static_stub}
  0x00007f81611411d0: ffff ff48 | bb00 0000 | 0000 0000 

  0x00007f81611411dc: ;   {runtime_call}
  0x00007f81611411dc: 00e9 fbff 

  0x00007f81611411e0: ;   {static_stub}
  0x00007f81611411e0: ffff 48bb | 0000 0000 | 0000 0000 

  0x00007f81611411ec: ;   {runtime_call}
  0x00007f81611411ec: e9fb ffff 

  0x00007f81611411f0: ;   {static_stub}
  0x00007f81611411f0: ff48 bb00 | 0000 0000 

  0x00007f81611411f8: ;   {runtime_call}
  0x00007f81611411f8: 0000 00e9 | fbff ffff 

  0x00007f8161141200: ;   {static_stub}
  0x00007f8161141200: 48bb 0000 | 0000 0000 

  0x00007f8161141208: ;   {runtime_call}
  0x00007f8161141208: 0000 e9fb 

  0x00007f816114120c: ;   {static_stub}
  0x00007f816114120c: ffff ff48 | bb00 0000 | 0000 0000 

  0x00007f8161141218: ;   {runtime_call}
  0x00007f8161141218: 00e9 fbff 

  0x00007f816114121c: ;   {static_stub}
  0x00007f816114121c: ffff 48bb | 0000 0000 | 0000 0000 

  0x00007f8161141228: ;   {runtime_call}
  0x00007f8161141228: e9fb ffff 

  0x00007f816114122c: ;   {static_stub}
  0x00007f816114122c: ff48 bb00 | 0000 0000 

  0x00007f8161141234: ;   {runtime_call}
  0x00007f8161141234: 0000 00e9 | fbff ffff 

  0x00007f816114123c: ;   {static_stub}
  0x00007f816114123c: 48bb 0000 | 0000 0000 

  0x00007f8161141244: ;   {runtime_call}
  0x00007f8161141244: 0000 e9fb 

  0x00007f8161141248: ;   {static_stub}
  0x00007f8161141248: ffff ff48 | bb00 0000 | 0000 0000 

  0x00007f8161141254: ;   {runtime_call}
  0x00007f8161141254: 00e9 fbff 

  0x00007f8161141258: ;   {static_stub}
  0x00007f8161141258: ffff 48bb | 0000 0000 | 0000 0000 

  0x00007f8161141264: ;   {runtime_call}
  0x00007f8161141264: e9fb ffff 

  0x00007f8161141268: ;   {static_stub}
  0x00007f8161141268: ff48 bb00 | 0000 0000 

  0x00007f8161141270: ;   {runtime_call}
  0x00007f8161141270: 0000 00e9 | fbff ffff 

  0x00007f8161141278: ;   {static_stub}
  0x00007f8161141278: 48bb 0000 | 0000 0000 

  0x00007f8161141280: ;   {runtime_call}
  0x00007f8161141280: 0000 e9fb 

  0x00007f8161141284: ;   {static_stub}
  0x00007f8161141284: ffff ff48 | bb00 0000 | 0000 0000 

  0x00007f8161141290: ;   {runtime_call}
  0x00007f8161141290: 00e9 fbff 

  0x00007f8161141294: ;   {static_stub}
  0x00007f8161141294: ffff 48bb | 0000 0000 | 0000 0000 

  0x00007f81611412a0: ;   {runtime_call}
  0x00007f81611412a0: e9fb ffff 

  0x00007f81611412a4: ;   {static_stub}
  0x00007f81611412a4: ff48 bb00 | 0000 0000 

  0x00007f81611412ac: ;   {runtime_call}
  0x00007f81611412ac: 0000 00e9 | fbff ffff 

  0x00007f81611412b4: ;   {static_stub}
  0x00007f81611412b4: 48bb 0000 | 0000 0000 

  0x00007f81611412bc: ;   {runtime_call}
  0x00007f81611412bc: 0000 e9fb 

  0x00007f81611412c0: ;   {runtime_call ExceptionBlob}
  0x00007f81611412c0: ffff ffe9 | b8f6 80ff 
[Deopt Handler Code]
  0x00007f81611412c8: e800 0000 | 0048 832c 

  0x00007f81611412d0: ;   {runtime_call DeoptimizationBlob}
  0x00007f81611412d0: 2405 e9c9 | 4677 fff4 
[/MachCode]


---------------  P R O C E S S  ---------------

Threads class SMR info:
_java_thread_list=0x00007f7dc8000c40, length=42, elements={
0x00007f81700344e0, 0x00007f817015b0d0, 0x00007f817015c4c0, 0x00007f8170161b60,
0x00007f8170162f20, 0x00007f8170164340, 0x00007f8170165d80, 0x00007f81701672c0,
0x00007f8170168740, 0x00007f817016e1d0, 0x00007f80b404fa50, 0x00007f8170fc7ce0,
0x00007f8170fc8d30, 0x00007f817106e5a0, 0x00007f80a40bb3e0, 0x00007f80cc001810,
0x00007f8172964e60, 0x00007f81729685b0, 0x00007f803082ff80, 0x00007f802c603e10,
0x00007f803079edf0, 0x00007f8172c28410, 0x00007f8172c28990, 0x00007f8172c20a40,
0x00007f8172f90730, 0x00007f7f1c002350, 0x00007f7f1c003480, 0x00007f7f1c0044d0,
0x00007f7f1c005540, 0x00007f7f1c0065b0, 0x00007f7f1c007600, 0x00007f80306fb0b0,
0x00007f80306fc230, 0x00007f80307b4050, 0x00007f80307b5060, 0x00007f80307b61d0,
0x00007f7f1c008650, 0x00007f80307b7210, 0x00007f80307b7d10, 0x00007f7f1c0096d0,
0x00007f8030504e70, 0x00007f7f1c00a6d0
}

Java Threads: ( => current thread )
  0x00007f81700344e0 JavaThread "main" [_thread_blocked, id=76493, stack(0x00007f8178443000,0x00007f8178543000)]
  0x00007f817015b0d0 JavaThread "Reference Handler" daemon [_thread_blocked, id=76500, stack(0x00007f81489ef000,0x00007f8148aef000)]
  0x00007f817015c4c0 JavaThread "Finalizer" daemon [_thread_blocked, id=76501, stack(0x00007f81488ef000,0x00007f81489ef000)]
  0x00007f8170161b60 JavaThread "Signal Dispatcher" daemon [_thread_blocked, id=76502, stack(0x00007f8148500000,0x00007f8148600000)]
  0x00007f8170162f20 JavaThread "Service Thread" daemon [_thread_blocked, id=76503, stack(0x00007f8148400000,0x00007f8148500000)]
  0x00007f8170164340 JavaThread "Monitor Deflation Thread" daemon [_thread_blocked, id=76504, stack(0x00007f8148300000,0x00007f8148400000)]
  0x00007f8170165d80 JavaThread "C2 CompilerThread0" daemon [_thread_blocked, id=76505, stack(0x00007f8148200000,0x00007f8148300000)]
  0x00007f81701672c0 JavaThread "C1 CompilerThread0" daemon [_thread_blocked, id=76506, stack(0x00007f8148100000,0x00007f8148200000)]
  0x00007f8170168740 JavaThread "Sweeper thread" daemon [_thread_blocked, id=76507, stack(0x00007f8148000000,0x00007f8148100000)]
  0x00007f817016e1d0 JavaThread "Common-Cleaner" daemon [_thread_blocked, id=76508, stack(0x00007f8141f00000,0x00007f8142000000)]
  0x00007f80b404fa50 JavaThread "C1 CompilerThread1" daemon [_thread_blocked, id=76511, stack(0x00007f8141500000,0x00007f8141600000)]
  0x00007f8170fc7ce0 JavaThread "Monitor Ctrl-Break" daemon [_thread_in_native, id=76523, stack(0x00007f8140100000,0x00007f8140200000)]
  0x00007f8170fc8d30 JavaThread "Notification Thread" daemon [_thread_blocked, id=76524, stack(0x00007f8140000000,0x00007f8140100000)]
  0x00007f817106e5a0 JavaThread "JavaCPP Deallocator" daemon [_thread_blocked, id=76526, stack(0x00007f8137dff000,0x00007f8137eff000)]
  0x00007f80a40bb3e0 JavaThread "C1 CompilerThread2" daemon [_thread_blocked, id=76527, stack(0x00007f8137cff000,0x00007f8137dff000)]
  0x00007f80cc001810 JavaThread "Attach Listener" daemon [_thread_blocked, id=76534, stack(0x00007f8136afd000,0x00007f8136bfd000)]
  0x00007f8172964e60 JavaThread "grpc-default-worker-ELG-1-1" daemon [_thread_in_native, id=76554, stack(0x00007f8137aff000,0x00007f8137bff000)]
  0x00007f81729685b0 JavaThread "grpc-default-executor-0" daemon [_thread_blocked, id=76555, stack(0x00007f8137300000,0x00007f8137400000)]
  0x00007f803082ff80 JavaThread "grpc-default-executor-1" daemon [_thread_blocked, id=76556, stack(0x00007f8137700000,0x00007f8137800000)]
  0x00007f802c603e10 JavaThread "grpc-default-executor-2" daemon [_thread_blocked, id=76557, stack(0x00007f8137bff000,0x00007f8137cff000)]
  0x00007f803079edf0 JavaThread "grpc-default-worker-ELG-1-2" daemon [_thread_in_native, id=76589, stack(0x00007f8136700000,0x00007f8136800000)]
  0x00007f8172c28410 JavaThread "Thread-0" [_thread_in_native, id=76597, stack(0x00007f8136d00000,0x00007f8136e00000)]
  0x00007f8172c28990 JavaThread "Thread-1" [_thread_blocked, id=76598, stack(0x00007f8141400000,0x00007f8141500000)]
  0x00007f8172c20a40 JavaThread "Thread-2" [_thread_blocked, id=76599, stack(0x00007f8137200000,0x00007f8137300000)]
=>0x00007f8172f90730 JavaThread "Thread-3" [_thread_in_native, id=76600, stack(0x00007f8134d00000,0x00007f8134e00000)]
  0x00007f7f1c002350 JavaThread "pool-2-thread-1" [_thread_blocked, id=76601, stack(0x00007f8134300000,0x00007f8134400000)]
  0x00007f7f1c003480 JavaThread "pool-2-thread-2" [_thread_blocked, id=76617, stack(0x00007f813407f000,0x00007f813417f000)]
  0x00007f7f1c0044d0 JavaThread "pool-2-thread-3" [_thread_blocked, id=76619, stack(0x00007f80e4100000,0x00007f80e4200000)]
  0x00007f7f1c005540 JavaThread "pool-2-thread-4" [_thread_blocked, id=76621, stack(0x00007f80e4000000,0x00007f80e4100000)]
  0x00007f7f1c0065b0 JavaThread "pool-2-thread-5" [_thread_blocked, id=76622, stack(0x00007f80dff00000,0x00007f80e0000000)]
  0x00007f7f1c007600 JavaThread "pool-2-thread-6" [_thread_blocked, id=76624, stack(0x00007f80df500000,0x00007f80df600000)]
  0x00007f80306fb0b0 JavaThread "pool-3-thread-1" [_thread_blocked, id=76625, stack(0x00007f80deb00000,0x00007f80dec00000)]
  0x00007f80306fc230 JavaThread "pool-3-thread-2" [_thread_blocked, id=76627, stack(0x00007f80dd700000,0x00007f80dd800000)]
  0x00007f80307b4050 JavaThread "pool-3-thread-3" [_thread_blocked, id=76628, stack(0x00007f80dcd00000,0x00007f80dce00000)]
  0x00007f80307b5060 JavaThread "pool-3-thread-4" [_thread_blocked, id=76629, stack(0x00007f80dc300000,0x00007f80dc400000)]
  0x00007f80307b61d0 JavaThread "pool-3-thread-5" [_thread_blocked, id=76630, stack(0x00007f80dc200000,0x00007f80dc300000)]
  0x00007f7f1c008650 JavaThread "pool-2-thread-7" [_thread_blocked, id=76631, stack(0x00007f80dc100000,0x00007f80dc200000)]
  0x00007f80307b7210 JavaThread "pool-3-thread-6" [_thread_blocked, id=76632, stack(0x00007f80de100000,0x00007f80de200000)]
  0x00007f80307b7d10 JavaThread "pool-3-thread-7" [_thread_blocked, id=76662, stack(0x00007f80dc000000,0x00007f80dc100000)]
  0x00007f7f1c0096d0 JavaThread "pool-2-thread-8" [_thread_blocked, id=76664, stack(0x00007f80d3f00000,0x00007f80d4000000)]
  0x00007f8030504e70 JavaThread "pool-3-thread-8" [_thread_blocked, id=76665, stack(0x00007f80d3500000,0x00007f80d3600000)]
  0x00007f7f1c00a6d0 JavaThread "pool-2-thread-9" [_thread_blocked, id=76666, stack(0x00007f80d2b00000,0x00007f80d2c00000)]

Other Threads:
  0x00007f8170157010 VMThread "VM Thread" [stack: 0x00007f8148af0000,0x00007f8148bf0000] [id=76499]
  0x00007f8170036d00 WatcherThread [stack: 0x00007f8137f00000,0x00007f8138000000] [id=76525]
  0x00007f8170061430 GCTaskThread "GC Thread#0" [stack: 0x00007f8174fff000,0x00007f81750ff000] [id=76494]
  0x00007f80e0006be0 GCTaskThread "GC Thread#1" [stack: 0x00007f8141300000,0x00007f8141400000] [id=76514]
  0x00007f80e00075b0 GCTaskThread "GC Thread#2" [stack: 0x00007f81411ff000,0x00007f81412ff000] [id=76515]
  0x00007f80e0007fc0 GCTaskThread "GC Thread#3" [stack: 0x00007f81410fe000,0x00007f81411fe000] [id=76516]
  0x00007f80e00089d0 GCTaskThread "GC Thread#4" [stack: 0x00007f8140d00000,0x00007f8140e00000] [id=76517]
  0x00007f80e0009400 GCTaskThread "GC Thread#5" [stack: 0x00007f8140bff000,0x00007f8140cff000] [id=76518]
  0x00007f80e0009e80 GCTaskThread "GC Thread#6" [stack: 0x00007f8140afe000,0x00007f8140bfe000] [id=76519]
  0x00007f80e000a900 GCTaskThread "GC Thread#7" [stack: 0x00007f8140700000,0x00007f8140800000] [id=76520]
  0x00007f80e000b380 GCTaskThread "GC Thread#8" [stack: 0x00007f81405ff000,0x00007f81406ff000] [id=76521]
  0x00007f80e000be00 GCTaskThread "GC Thread#9" [stack: 0x00007f81404fe000,0x00007f81405fe000] [id=76522]
  0x00007f80e0014b70 GCTaskThread "GC Thread#10" [stack: 0x00007f8136600000,0x00007f8136700000] [id=76592]
  0x00007f80e0011be0 GCTaskThread "GC Thread#11" [stack: 0x00007f80d2100000,0x00007f80d2200000] [id=76667]
  0x00007f80e0012400 GCTaskThread "GC Thread#12" [stack: 0x00007f80d1700000,0x00007f80d1800000] [id=76668]
  0x00007f81700703f0 ConcurrentGCThread "G1 Main Marker" [stack: 0x00007f8174100000,0x00007f8174200000] [id=76495]
  0x00007f8170071360 ConcurrentGCThread "G1 Conc#0" [stack: 0x00007f8149b00000,0x00007f8149c00000] [id=76496]
  0x00007f813c000eb0 ConcurrentGCThread "G1 Conc#1" [stack: 0x00007f81364ff000,0x00007f81365ff000] [id=76593]
  0x00007f813c001690 ConcurrentGCThread "G1 Conc#2" [stack: 0x00007f8136100000,0x00007f8136200000] [id=76594]
  0x00007f8170129f70 ConcurrentGCThread "G1 Refine#0" [stack: 0x00007f8148cf2000,0x00007f8148df2000] [id=76497]
  0x00007f817012ae70 ConcurrentGCThread "G1 Service" [stack: 0x00007f8148bf1000,0x00007f8148cf1000] [id=76498]

Threads with active compile tasks:

VM state: not at safepoint (normal execution)

VM Mutex/Monitor currently owned by a thread: None

Heap address: 0x000000064bc00000, size: 6980 MB, Compressed Oops mode: Zero based, Oop shift amount: 3

CDS archive(s) mapped at: [0x00007f80eb000000-0x00007f80ebbc9000-0x00007f80ebbc9000), size 12357632, SharedBaseAddress: 0x00007f80eb000000, ArchiveRelocationMode: 1.
Compressed class space mapped at: 0x00007f80ec000000-0x00007f812c000000, reserved size: 1073741824
Narrow klass base: 0x00007f80eb000000, Narrow klass shift: 0, Narrow klass range: 0x100000000

GC Precious Log:
 CPUs: 16 total, 16 available
 Memory: 27913M
 Large Page Support: Disabled
 NUMA Support: Disabled
 Compressed Oops: Enabled (Zero based)
 Heap Region Size: 4M
 Heap Min Capacity: 8M
 Heap Initial Capacity: 440M
 Heap Max Capacity: 6980M
 Pre-touch: Disabled
 Parallel Workers: 13
 Concurrent Workers: 3
 Concurrent Refinement Workers: 13
 Periodic GC: Disabled

Heap:
 garbage-first heap   total 110592K, used 25701K [0x000000064bc00000, 0x0000000800000000)
  region size 4096K, 4 young (16384K), 3 survivors (12288K)
 Metaspace       used 23253K, committed 23424K, reserved 1114112K
  class space    used 2209K, committed 2304K, reserved 1048576K

Heap Regions: E=young(eden), S=young(survivor), O=old, HS=humongous(starts), HC=humongous(continues), CS=collection set, F=free, OA=open archive, CA=closed archive, TAMS=top-at-mark-start (previous, next)
|   0|0x000000064bc00000, 0x000000064c000000, 0x000000064c000000|100%| O|  |TAMS 0x000000064c000000, 0x000000064bc00000| Untracked 
|   1|0x000000064c000000, 0x000000064c400000, 0x000000064c400000|100%| O|  |TAMS 0x000000064c400000, 0x000000064c000000| Untracked 
|   2|0x000000064c400000, 0x000000064c7e7e00, 0x000000064c800000| 97%| O|  |TAMS 0x000000064c7e7e00, 0x000000064c400000| Untracked 
|   3|0x000000064c800000, 0x000000064c800000, 0x000000064cc00000|  0%| F|  |TAMS 0x000000064c800000, 0x000000064c800000| Untracked 
|   4|0x000000064cc00000, 0x000000064cd456b8, 0x000000064d000000| 31%| S|CS|TAMS 0x000000064cc00000, 0x000000064cc00000| Complete 
|   5|0x000000064d000000, 0x000000064d400000, 0x000000064d400000|100%| S|CS|TAMS 0x000000064d000000, 0x000000064d000000| Complete 
|   6|0x000000064d400000, 0x000000064d800000, 0x000000064d800000|100%| S|CS|TAMS 0x000000064d400000, 0x000000064d400000| Complete 
|   7|0x000000064d800000, 0x000000064d800000, 0x000000064dc00000|  0%| F|  |TAMS 0x000000064d800000, 0x000000064d800000| Untracked 
|   8|0x000000064dc00000, 0x000000064dc00000, 0x000000064e000000|  0%| F|  |TAMS 0x000000064dc00000, 0x000000064dc00000| Untracked 
|   9|0x000000064e000000, 0x000000064e000000, 0x000000064e400000|  0%| F|  |TAMS 0x000000064e000000, 0x000000064e000000| Untracked 
|  10|0x000000064e400000, 0x000000064e400000, 0x000000064e800000|  0%| F|  |TAMS 0x000000064e400000, 0x000000064e400000| Untracked 
|  11|0x000000064e800000, 0x000000064e800000, 0x000000064ec00000|  0%| F|  |TAMS 0x000000064e800000, 0x000000064e800000| Untracked 
|  12|0x000000064ec00000, 0x000000064ec00000, 0x000000064f000000|  0%| F|  |TAMS 0x000000064ec00000, 0x000000064ec00000| Untracked 
|  13|0x000000064f000000, 0x000000064f000000, 0x000000064f400000|  0%| F|  |TAMS 0x000000064f000000, 0x000000064f000000| Untracked 
|  14|0x000000064f400000, 0x000000064f400000, 0x000000064f800000|  0%| F|  |TAMS 0x000000064f400000, 0x000000064f400000| Untracked 
|  15|0x000000064f800000, 0x000000064f800000, 0x000000064fc00000|  0%| F|  |TAMS 0x000000064f800000, 0x000000064f800000| Untracked 
|  16|0x000000064fc00000, 0x000000064fc00000, 0x0000000650000000|  0%| F|  |TAMS 0x000000064fc00000, 0x000000064fc00000| Untracked 
|  17|0x0000000650000000, 0x0000000650000000, 0x0000000650400000|  0%| F|  |TAMS 0x0000000650000000, 0x0000000650000000| Untracked 
|  18|0x0000000650400000, 0x0000000650400000, 0x0000000650800000|  0%| F|  |TAMS 0x0000000650400000, 0x0000000650400000| Untracked 
|  19|0x0000000650800000, 0x0000000650800000, 0x0000000650c00000|  0%| F|  |TAMS 0x0000000650800000, 0x0000000650800000| Untracked 
|  20|0x0000000650c00000, 0x0000000650c00000, 0x0000000651000000|  0%| F|  |TAMS 0x0000000650c00000, 0x0000000650c00000| Untracked 
|  21|0x0000000651000000, 0x0000000651000000, 0x0000000651400000|  0%| F|  |TAMS 0x0000000651000000, 0x0000000651000000| Untracked 
|  62|0x000000065b400000, 0x000000065b400000, 0x000000065b800000|  0%| F|  |TAMS 0x000000065b400000, 0x000000065b400000| Untracked 
|  63|0x000000065b800000, 0x000000065b800000, 0x000000065bc00000|  0%| F|  |TAMS 0x000000065b800000, 0x000000065b800000| Untracked 
| 109|0x0000000667000000, 0x0000000667367f90, 0x0000000667400000| 85%| E|  |TAMS 0x0000000667000000, 0x0000000667000000| Complete 
|1743|0x00000007ff800000, 0x00000007ffb75000, 0x00000007ffc00000| 86%|OA|  |TAMS 0x00000007ffb75000, 0x00000007ff800000| Untracked 
|1744|0x00000007ffc00000, 0x00000007ffc77000, 0x0000000800000000| 11%|CA|  |TAMS 0x00000007ffc77000, 0x00000007ffc00000| Untracked 

Card table byte_map: [0x00007f8158600000,0x00007f81593a2000] _byte_map_base: 0x00007f81553a2000

Marking Bits (Prev, Next): (CMBitMap*) 0x00007f8170061f00, (CMBitMap*) 0x00007f8170061ec0
 Prev Bits: [0x00007f8149c00000, 0x00007f8150910000)
 Next Bits: [0x00007f8150a00000, 0x00007f8157710000)

Polling page: 0x00007f817866a000

Metaspace:

Usage:
  Non-class:     20.55 MB used.
      Class:      2.16 MB used.
       Both:     22.71 MB used.

Virtual space:
  Non-class space:       64.00 MB reserved,      20.62 MB ( 32%) committed,  1 nodes.
      Class space:        1.00 GB reserved,       2.25 MB ( <1%) committed,  1 nodes.
             Both:        1.06 GB reserved,      22.88 MB (  2%) committed. 

Chunk freelists:
   Non-Class:  10.47 MB
       Class:  13.56 MB
        Both:  24.03 MB

MaxMetaspaceSize: unlimited
CompressedClassSpaceSize: 1.00 GB
Initial GC threshold: 21.00 MB
Current GC threshold: 35.25 MB
CDS: on
MetaspaceReclaimPolicy: balanced
 - commit_granule_bytes: 65536.
 - commit_granule_words: 8192.
 - virtual_space_node_default_size: 8388608.
 - enlarge_chunks_in_place: 1.
 - new_chunks_are_fully_committed: 0.
 - uncommit_free_chunks: 1.
 - use_allocation_guard: 0.
 - handle_deallocations: 1.


Internal statistics:

num_allocs_failed_limit: 3.
num_arena_births: 114.
num_arena_deaths: 0.
num_vsnodes_births: 2.
num_vsnodes_deaths: 0.
num_space_committed: 364.
num_space_uncommitted: 0.
num_chunks_returned_to_freelist: 3.
num_chunks_taken_from_freelist: 770.
num_chunk_merges: 3.
num_chunk_splits: 664.
num_chunks_enlarged: 600.
num_inconsistent_stats: 0.

CodeHeap 'non-profiled nmethods': size=119168Kb used=1724Kb max_used=1724Kb free=117443Kb
 bounds [0x00007f8160fa0000, 0x00007f8161210000, 0x00007f8168400000]
CodeHeap 'profiled nmethods': size=119164Kb used=4998Kb max_used=4998Kb free=114165Kb
 bounds [0x00007f8159400000, 0x00007f81598f0000, 0x00007f816085f000]
CodeHeap 'non-nmethods': size=7428Kb used=2884Kb max_used=3453Kb free=4543Kb
 bounds [0x00007f816085f000, 0x00007f8160bcf000, 0x00007f8160fa0000]
 total_blobs=3685 nmethods=2506 adapters=1090
 compilation: enabled
              stopped_count=0, restarted_count=0
 full_count=0

Compilation events (20 events):
Event: 5.710 Thread 0x00007f81701672c0 nmethod 2482 0x00007f81598d7890 code [0x00007f81598d7a40, 0x00007f81598d7be0]
Event: 5.834 Thread 0x00007f80a40bb3e0 2485       3       java.util.concurrent.LinkedBlockingQueue$Node::<init> (10 bytes)
Event: 5.835 Thread 0x00007f80a40bb3e0 nmethod 2485 0x00007f81598d7c90 code [0x00007f81598d7e40, 0x00007f81598d7ff0]
Event: 5.876 Thread 0x00007f80a40bb3e0 2486       3       java.nio.MappedByteBuffer::position (6 bytes)
Event: 5.876 Thread 0x00007f80a40bb3e0 nmethod 2486 0x00007f81598d8090 code [0x00007f81598d8240, 0x00007f81598d8440]
Event: 5.877 Thread 0x00007f80b404fa50 2487       3       java.util.concurrent.CopyOnWriteArrayList$COWIterator::hasNext (18 bytes)
Event: 5.877 Thread 0x00007f80b404fa50 nmethod 2487 0x00007f81598d8590 code [0x00007f81598d8720, 0x00007f81598d8890]
Event: 5.882 Thread 0x00007f80a40bb3e0 2488       3       java.lang.ref.Reference::enqueueFromPending (19 bytes)
Event: 5.882 Thread 0x00007f80b404fa50 2489   !   3       java.lang.ref.ReferenceQueue::enqueue (119 bytes)
Event: 5.882 Thread 0x00007f81701672c0 2490       3       java.lang.ref.ReferenceQueue::reallyPoll (65 bytes)
Event: 5.882 Thread 0x00007f80a40bb3e0 nmethod 2488 0x00007f81598d8990 code [0x00007f81598d8b40, 0x00007f81598d8d60]
Event: 5.882 Thread 0x00007f80a40bb3e0 2491   !   3       java.lang.ref.ReferenceQueue::remove (125 bytes)
Event: 5.882 Thread 0x00007f81701672c0 nmethod 2490 0x00007f81598d8e10 code [0x00007f81598d8fe0, 0x00007f81598d9510]
Event: 5.882 Thread 0x00007f81701672c0 2492       3       java.lang.ref.ReferenceQueue::remove (6 bytes)
Event: 5.882 Thread 0x00007f81701672c0 nmethod 2492 0x00007f81598d9610 code [0x00007f81598d97c0, 0x00007f81598d9980]
Event: 5.883 Thread 0x00007f80b404fa50 nmethod 2489 0x00007f81598d9a10 code [0x00007f81598d9c00, 0x00007f81598da2e0]
Event: 5.883 Thread 0x00007f80a40bb3e0 nmethod 2491 0x00007f81598da490 code [0x00007f81598da6c0, 0x00007f81598dae30]
Event: 5.883 Thread 0x00007f8170165d80 2493       4       org.bytedeco.javacpp.Pointer::access$000 (4 bytes)
Event: 5.883 Thread 0x00007f8170165d80 nmethod 2493 0x00007f816114aa10 code [0x00007f816114ab80, 0x00007f816114abd8]
Event: 5.884 Thread 0x00007f8170165d80 2494       4       java.lang.ref.Reference::enqueueFromPending (19 bytes)

GC Heap History (12 events):
Event: 0.190 GC heap before
{Heap before GC invocations=0 (full 0):
 garbage-first heap   total 458752K, used 24496K [0x000000064bc00000, 0x0000000800000000)
  region size 4096K, 5 young (20480K), 0 survivors (0K)
 Metaspace       used 688K, committed 896K, reserved 1114112K
  class space    used 19K, committed 128K, reserved 1048576K
}
Event: 0.193 GC heap after
{Heap after GC invocations=1 (full 0):
 garbage-first heap   total 458752K, used 16140K [0x000000064bc00000, 0x0000000800000000)
  region size 4096K, 1 young (4096K), 1 survivors (4096K)
 Metaspace       used 688K, committed 896K, reserved 1114112K
  class space    used 19K, committed 128K, reserved 1048576K
}
Event: 0.294 GC heap before
{Heap before GC invocations=1 (full 0):
 garbage-first heap   total 458752K, used 32524K [0x000000064bc00000, 0x0000000800000000)
  region size 4096K, 5 young (20480K), 1 survivors (4096K)
 Metaspace       used 2369K, committed 2496K, reserved 1114112K
  class space    used 155K, committed 192K, reserved 1048576K
}
Event: 0.296 GC heap after
{Heap after GC invocations=2 (full 0):
 garbage-first heap   total 458752K, used 16911K [0x000000064bc00000, 0x0000000800000000)
  region size 4096K, 1 young (4096K), 1 survivors (4096K)
 Metaspace       used 2369K, committed 2496K, reserved 1114112K
  class space    used 155K, committed 192K, reserved 1048576K
}
Event: 1.400 GC heap before
{Heap before GC invocations=2 (full 0):
 garbage-first heap   total 458752K, used 57871K [0x000000064bc00000, 0x0000000800000000)
  region size 4096K, 11 young (45056K), 1 survivors (4096K)
 Metaspace       used 6824K, committed 6976K, reserved 1114112K
  class space    used 702K, committed 768K, reserved 1048576K
}
Event: 1.402 GC heap after
{Heap after GC invocations=3 (full 0):
 garbage-first heap   total 458752K, used 18520K [0x000000064bc00000, 0x0000000800000000)
  region size 4096K, 1 young (4096K), 1 survivors (4096K)
 Metaspace       used 6824K, committed 6976K, reserved 1114112K
  class space    used 702K, committed 768K, reserved 1048576K
}
Event: 2.311 GC heap before
{Heap before GC invocations=3 (full 0):
 garbage-first heap   total 458752K, used 284760K [0x000000064bc00000, 0x0000000800000000)
  region size 4096K, 66 young (270336K), 1 survivors (4096K)
 Metaspace       used 20021K, committed 20160K, reserved 1114112K
  class space    used 1854K, committed 1920K, reserved 1048576K
}
Event: 2.313 GC heap after
{Heap after GC invocations=4 (full 0):
 garbage-first heap   total 458752K, used 22518K [0x000000064bc00000, 0x0000000800000000)
  region size 4096K, 2 young (8192K), 2 survivors (8192K)
 Metaspace       used 20021K, committed 20160K, reserved 1114112K
  class space    used 1854K, committed 1920K, reserved 1048576K
}
Event: 2.698 GC heap before
{Heap before GC invocations=4 (full 0):
 garbage-first heap   total 458752K, used 206838K [0x000000064bc00000, 0x0000000800000000)
  region size 4096K, 48 young (196608K), 2 survivors (8192K)
 Metaspace       used 21385K, committed 21504K, reserved 1114112K
  class space    used 2059K, committed 2112K, reserved 1048576K
}
Event: 2.700 GC heap after
{Heap after GC invocations=5 (full 0):
 garbage-first heap   total 458752K, used 22797K [0x000000064bc00000, 0x0000000800000000)
  region size 4096K, 2 young (8192K), 2 survivors (8192K)
 Metaspace       used 21385K, committed 21504K, reserved 1114112K
  class space    used 2059K, committed 2112K, reserved 1048576K
}
Event: 5.879 GC heap before
{Heap before GC invocations=6 (full 0):
 garbage-first heap   total 110592K, used 84237K [0x000000064bc00000, 0x0000000800000000)
  region size 4096K, 18 young (73728K), 2 survivors (8192K)
 Metaspace       used 23246K, committed 23424K, reserved 1114112K
  class space    used 2209K, committed 2304K, reserved 1048576K
}
Event: 5.882 GC heap after
{Heap after GC invocations=7 (full 0):
 garbage-first heap   total 110592K, used 25701K [0x000000064bc00000, 0x0000000800000000)
  region size 4096K, 3 young (12288K), 3 survivors (12288K)
 Metaspace       used 23246K, committed 23424K, reserved 1114112K
  class space    used 2209K, committed 2304K, reserved 1048576K
}

Dll operation events (20 events):
Event: 0.542 Loaded shared library /home/pan/.javacpp/cache/ffmpeg-6.0-1.5.9-linux-x86_64.jar/org/bytedeco/ffmpeg/linux-x86_64/libswscale.so.7
Event: 0.546 Loaded shared library /home/pan/.javacpp/cache/ffmpeg-6.0-1.5.9-linux-x86_64.jar/org/bytedeco/ffmpeg/linux-x86_64/libjniswscale.so
Event: 0.572 Loaded shared library /home/pan/.javacpp/cache/ffmpeg-6.0-1.5.9-linux-x86_64.jar/org/bytedeco/ffmpeg/linux-x86_64/libavfilter.so.9
Event: 0.575 Loaded shared library /home/pan/.javacpp/cache/ffmpeg-6.0-1.5.9-linux-x86_64.jar/org/bytedeco/ffmpeg/linux-x86_64/libjniavfilter.so
Event: 0.590 Loaded shared library /home/pan/.javacpp/cache/ffmpeg-6.0-1.5.9-linux-x86_64.jar/org/bytedeco/ffmpeg/linux-x86_64/libavdevice.so.60
Event: 0.596 Loaded shared library /home/pan/.javacpp/cache/ffmpeg-6.0-1.5.9-linux-x86_64.jar/org/bytedeco/ffmpeg/linux-x86_64/libjniavdevice.so
Event: 1.449 Loaded shared library /tmp/libio_grpc_netty_shaded_netty_transport_native_epoll_x86_6413371379173191417609.so
Event: 1.654 Loaded shared library /home/pan/.javacpp/cache/openblas-0.3.23-1.5.9-linux-x86_64.jar/org/bytedeco/openblas/linux-x86_64/libgcc_s.so.1
Event: 1.658 Loaded shared library /home/pan/.javacpp/cache/openblas-0.3.23-1.5.9-linux-x86_64.jar/org/bytedeco/openblas/linux-x86_64/libquadmath.so.0
Event: 1.662 Loaded shared library /home/pan/.javacpp/cache/openblas-0.3.23-1.5.9-linux-x86_64.jar/org/bytedeco/openblas/linux-x86_64/libgfortran.so.5
Event: 1.691 Loaded shared library /home/pan/.javacpp/cache/openblas-0.3.23-1.5.9-linux-x86_64.jar/org/bytedeco/openblas/linux-x86_64/libopenblas_nolapack.so.0
Event: 1.713 Loaded shared library /home/pan/.javacpp/cache/openblas-0.3.23-1.5.9-linux-x86_64.jar/org/bytedeco/openblas/linux-x86_64/libjniopenblas_nolapack.so
Event: 1.783 Loaded shared library /home/pan/.javacpp/cache/openblas-0.3.23-1.5.9-linux-x86_64.jar/org/bytedeco/openblas/linux-x86_64/libopenblas.so.0
Event: 1.789 Loaded shared library /home/pan/.javacpp/cache/openblas-0.3.23-1.5.9-linux-x86_64.jar/org/bytedeco/openblas/linux-x86_64/libjniopenblas.so
Event: 2.605 Loaded shared library /home/pan/.javacpp/cache/opencv-4.7.0-1.5.9-linux-x86_64.jar/org/bytedeco/opencv/linux-x86_64/libopencv_core.so.407
Event: 2.653 Loaded shared library /home/pan/.javacpp/cache/opencv-4.7.0-1.5.9-linux-x86_64.jar/org/bytedeco/opencv/linux-x86_64/libopencv_imgproc.so.407
Event: 2.667 Loaded shared library /home/pan/.javacpp/cache/opencv-4.7.0-1.5.9-linux-x86_64.jar/org/bytedeco/opencv/linux-x86_64/libjniopencv_core.so
Event: 2.952 Loaded shared library /home/pan/.javacpp/cache/opencv-4.7.0-1.5.9-linux-x86_64.jar/org/bytedeco/opencv/linux-x86_64/libjniopencv_imgproc.so
Event: 2.969 Loaded shared library /home/pan/.javacpp/cache/opencv-4.7.0-1.5.9-linux-x86_64.jar/org/bytedeco/opencv/linux-x86_64/libopencv_imgcodecs.so.407
Event: 2.972 Loaded shared library /home/pan/.javacpp/cache/opencv-4.7.0-1.5.9-linux-x86_64.jar/org/bytedeco/opencv/linux-x86_64/libjniopencv_imgcodecs.so

Deoptimization events (20 events):
Event: 4.785 Thread 0x00007f8172f90730 Uncommon trap: trap_request=0xffffff45 fr.pc=0x00007f81611299bc relative=0x00000000000001fc
Event: 4.785 Thread 0x00007f8172f90730 Uncommon trap: reason=unstable_if action=reinterpret pc=0x00007f81611299bc method=java.util.concurrent.ConcurrentSkipListMap.doGet(Ljava/lang/Object;)Ljava/lang/Object; @ 209 c2
Event: 4.785 Thread 0x00007f8172f90730 DEOPT PACKING pc=0x00007f81611299bc sp=0x00007f8134dfe6a0
Event: 4.785 Thread 0x00007f8172f90730 DEOPT UNPACKING pc=0x00007f81608b5699 sp=0x00007f8134dfe620 mode 2
Event: 5.006 Thread 0x00007f8172f90730 DEOPT PACKING pc=0x00007f81598bcf6d sp=0x00007f8134dfe6f0
Event: 5.006 Thread 0x00007f8172f90730 DEOPT UNPACKING pc=0x00007f81608b5e2f sp=0x00007f8134dfddf0 mode 0
Event: 5.036 Thread 0x00007f8172f90730 Uncommon trap: trap_request=0xffffff45 fr.pc=0x00007f816112cf44 relative=0x0000000000001dc4
Event: 5.036 Thread 0x00007f8172f90730 Uncommon trap: reason=unstable_if action=reinterpret pc=0x00007f816112cf44 method=java.util.concurrent.ConcurrentSkipListMap.doGet(Ljava/lang/Object;)Ljava/lang/Object; @ 134 c2
Event: 5.036 Thread 0x00007f8172f90730 DEOPT PACKING pc=0x00007f816112cf44 sp=0x00007f8134dfe930
Event: 5.036 Thread 0x00007f8172f90730 DEOPT UNPACKING pc=0x00007f81608b5699 sp=0x00007f8134dfe7d8 mode 2
Event: 5.036 Thread 0x00007f8172f90730 Uncommon trap: trap_request=0xffffff45 fr.pc=0x00007f8161137ed4 relative=0x0000000000000194
Event: 5.036 Thread 0x00007f8172f90730 Uncommon trap: reason=unstable_if action=reinterpret pc=0x00007f8161137ed4 method=java.util.concurrent.ConcurrentSkipListMap.doGet(Ljava/lang/Object;)Ljava/lang/Object; @ 134 c2
Event: 5.036 Thread 0x00007f8172f90730 DEOPT PACKING pc=0x00007f8161137ed4 sp=0x00007f8134dfe8a0
Event: 5.036 Thread 0x00007f8172f90730 DEOPT UNPACKING pc=0x00007f81608b5699 sp=0x00007f8134dfe7c8 mode 2
Event: 5.036 Thread 0x00007f8172f90730 Uncommon trap: trap_request=0xffffff45 fr.pc=0x00007f816112a3d4 relative=0x0000000000000194
Event: 5.036 Thread 0x00007f8172f90730 Uncommon trap: reason=unstable_if action=reinterpret pc=0x00007f816112a3d4 method=java.util.concurrent.ConcurrentSkipListMap.doGet(Ljava/lang/Object;)Ljava/lang/Object; @ 134 c2
Event: 5.036 Thread 0x00007f8172f90730 DEOPT PACKING pc=0x00007f816112a3d4 sp=0x00007f8134dfe840
Event: 5.036 Thread 0x00007f8172f90730 DEOPT UNPACKING pc=0x00007f81608b5699 sp=0x00007f8134dfe7d0 mode 2
Event: 5.229 Thread 0x00007f8172f90730 DEOPT PACKING pc=0x00007f81598cc0dd sp=0x00007f8134dfe6f0
Event: 5.229 Thread 0x00007f8172f90730 DEOPT UNPACKING pc=0x00007f81608b5e2f sp=0x00007f8134dfddf0 mode 0

Classes loaded (20 events):
Event: 2.711 Loading class java/util/concurrent/Semaphore
Event: 2.711 Loading class java/util/concurrent/Semaphore done
Event: 2.711 Loading class java/util/concurrent/Semaphore$NonfairSync
Event: 2.711 Loading class java/util/concurrent/Semaphore$Sync
Event: 2.711 Loading class java/util/concurrent/Semaphore$Sync done
Event: 2.711 Loading class java/util/concurrent/Semaphore$NonfairSync done
Event: 2.871 Loading class java/util/concurrent/locks/AbstractQueuedSynchronizer$ConditionNode
Event: 2.871 Loading class java/util/concurrent/locks/AbstractQueuedSynchronizer$Node
Event: 2.871 Loading class java/util/concurrent/locks/AbstractQueuedSynchronizer$Node done
Event: 2.871 Loading class java/util/concurrent/locks/AbstractQueuedSynchronizer$ConditionNode done
Event: 2.871 Loading class java/nio/DirectFloatBufferU
Event: 2.871 Loading class java/nio/DirectFloatBufferU done
Event: 2.872 Loading class java/nio/DirectShortBufferU
Event: 2.872 Loading class java/nio/DirectShortBufferU done
Event: 2.931 Loading class java/util/concurrent/locks/AbstractQueuedSynchronizer$ExclusiveNode
Event: 2.931 Loading class java/util/concurrent/locks/AbstractQueuedSynchronizer$ExclusiveNode done
Event: 2.932 Loading class java/util/concurrent/FutureTask
Event: 2.932 Loading class java/util/concurrent/FutureTask done
Event: 2.932 Loading class java/util/concurrent/FutureTask$WaitNode
Event: 2.932 Loading class java/util/concurrent/FutureTask$WaitNode done

Classes unloaded (0 events):
No events

Classes redefined (0 events):
No events

Internal exceptions (20 events):
Event: 0.210 Thread 0x00007f81700344e0 Exception <a 'java/lang/NoSuchMethodError'{0x000000066711b160}: 'int java.lang.invoke.DirectMethodHandle$Holder.invokeStaticInit(java.lang.Object, java.lang.Object, java.lang.Object, java.lang.Object)'> (0x000000066711b160) 
thrown [src/hotspot/share/interpreter/linkResolver.cpp, line 759]
Event: 0.211 Thread 0x00007f81700344e0 Exception <a 'java/lang/NoSuchMethodError'{0x0000000667125730}: 'java.lang.Object java.lang.invoke.DirectMethodHandle$Holder.invokeInterface(java.lang.Object, java.lang.Object)'> (0x0000000667125730) 
thrown [src/hotspot/share/interpreter/linkResolver.cpp, line 759]
Event: 0.212 Thread 0x00007f81700344e0 Exception <a 'java/lang/IncompatibleClassChangeError'{0x0000000667128da8}: Found class java.lang.Object, but interface was expected> (0x0000000667128da8) 
thrown [src/hotspot/share/interpreter/linkResolver.cpp, line 826]
Event: 0.212 Thread 0x00007f81700344e0 Exception <a 'java/lang/NoSuchMethodError'{0x000000066712bd18}: 'void java.lang.invoke.DirectMethodHandle$Holder.invokeStaticInit(java.lang.Object, java.lang.Object)'> (0x000000066712bd18) 
thrown [src/hotspot/share/interpreter/linkResolver.cpp, line 759]
Event: 0.213 Thread 0x00007f81700344e0 Exception <a 'java/lang/NoSuchMethodError'{0x0000000667132bf0}: 'int java.lang.invoke.DirectMethodHandle$Holder.invokeStaticInit(java.lang.Object, java.lang.Object)'> (0x0000000667132bf0) 
thrown [src/hotspot/share/interpreter/linkResolver.cpp, line 759]
Event: 0.399 Thread 0x00007f81700344e0 Exception <a 'java/lang/NoSuchMethodError'{0x0000000666ae6c08}: 'java.lang.Object java.lang.invoke.DirectMethodHandle$Holder.invokeSpecial(java.lang.Object, java.lang.Object, java.lang.Object, long, java.lang.Object)'> (0x0000000666ae6c08) 
thrown [src/hotspot/share/interpreter/linkResolver.cpp, line 759]
Event: 0.400 Thread 0x00007f81700344e0 Exception <a 'java/lang/NoSuchMethodError'{0x0000000666aea7d8}: 'java.lang.Object java.lang.invoke.Invokers$Holder.linkToTargetMethod(java.lang.Object, long, java.lang.Object, java.lang.Object)'> (0x0000000666aea7d8) 
thrown [src/hotspot/share/interpreter/linkResolver.cpp, line 759]
Event: 0.418 Thread 0x00007f81700344e0 Exception <a 'java/lang/ClassNotFoundException'{0x0000000666b2b918}: javax/smartcardio/CardPermission> (0x0000000666b2b918) 
thrown [src/hotspot/share/classfile/systemDictionary.cpp, line 256]
Event: 0.421 Thread 0x00007f81700344e0 Exception <a 'java/io/FileNotFoundException'{0x0000000666b39188}> (0x0000000666b39188) 
thrown [src/hotspot/share/prims/jni.cpp, line 516]
Event: 0.453 Thread 0x00007f81700344e0 Implicit null exception at 0x00007f8160fd8cdb to 0x00007f8160fd97ac
Event: 0.453 Thread 0x00007f81700344e0 Implicit null exception at 0x00007f8160fd76af to 0x00007f8160fd7729
Event: 1.428 Thread 0x00007f81700344e0 Exception <a 'java/lang/UnsatisfiedLinkError'{0x0000000666c53388}: 'int io.grpc.netty.shaded.io.netty.channel.epoll.Native.offsetofEpollData()'> (0x0000000666c53388) 
thrown [src/hotspot/share/prims/nativeLookup.cpp, line 543]
Event: 1.430 Thread 0x00007f81700344e0 Exception <a 'java/lang/reflect/InvocationTargetException'{0x0000000666c7e1e0}> (0x0000000666c7e1e0) 
thrown [src/hotspot/share/runtime/reflection.cpp, line 1128]
Event: 1.849 Thread 0x00007f81729685b0 Exception <a 'java/lang/NoSuchMethodError'{0x0000000661f44568}: 'java.lang.Object java.lang.invoke.DirectMethodHandle$Holder.invokeStatic(java.lang.Object, java.lang.Object, long, java.lang.Object)'> (0x0000000661f44568) 
thrown [src/hotspot/share/interpreter/linkResolver.cpp, line 759]
Event: 1.849 Thread 0x00007f81729685b0 Exception <a 'java/lang/NoSuchMethodError'{0x0000000661f48000}: 'java.lang.Object java.lang.invoke.DirectMethodHandle$Holder.invokeStaticInit(java.lang.Object, java.lang.Object, long, java.lang.Object)'> (0x0000000661f48000) 
thrown [src/hotspot/share/interpreter/linkResolver.cpp, line 759]
Event: 1.850 Thread 0x00007f81729685b0 Exception <a 'java/lang/NoSuchMethodError'{0x0000000661a01b98}: 'java.lang.Object java.lang.invoke.DirectMethodHandle$Holder.newInvokeSpecial(java.lang.Object, java.lang.Object, long)'> (0x0000000661a01b98) 
thrown [src/hotspot/share/interpreter/linkResolver.cpp, line 759]
Event: 1.850 Thread 0x00007f81729685b0 Exception <a 'java/lang/NoSuchMethodError'{0x0000000661a05708}: 'java.lang.Object java.lang.invoke.Invokers$Holder.linkToTargetMethod(java.lang.Object, long, java.lang.Object)'> (0x0000000661a05708) 
thrown [src/hotspot/share/interpreter/linkResolver.cpp, line 759]
Event: 2.931 Thread 0x00007f8172c28990 Exception <a 'java/lang/NoSuchMethodError'{0x0000000650c00d30}: 'void java.lang.invoke.DirectMethodHandle$Holder.invokeSpecial(java.lang.Object, java.lang.Object, java.lang.Object)'> (0x0000000650c00d30) 
thrown [src/hotspot/share/interpreter/linkResolver.cpp, line 759]
Event: 2.997 Thread 0x00007f8172c20a40 Exception <a 'java/lang/NoSuchMethodError'{0x0000000650f44960}: 'java.lang.Object java.lang.invoke.DirectMethodHandle$Holder.newInvokeSpecial(java.lang.Object, java.lang.Object, int, int)'> (0x0000000650f44960) 
thrown [src/hotspot/share/interpreter/linkResolver.cpp, line 759]
Event: 4.680 Thread 0x00007f7f1c008650 Implicit null exception at 0x00007f8161119713 to 0x00007f8161119f0f

VM Operations (20 events):
Event: 1.649 Executing VM operation: HandshakeAllThreads
Event: 1.649 Executing VM operation: HandshakeAllThreads done
Event: 1.693 Executing VM operation: HandshakeAllThreads
Event: 1.694 Executing VM operation: HandshakeAllThreads done
Event: 2.310 Executing VM operation: G1CollectForAllocation
Event: 2.313 Executing VM operation: G1CollectForAllocation done
Event: 2.698 Executing VM operation: CollectForMetadataAllocation
Event: 2.700 Executing VM operation: CollectForMetadataAllocation done
Event: 2.703 Executing VM operation: G1PauseRemark
Event: 2.704 Executing VM operation: G1PauseRemark done
Event: 2.704 Executing VM operation: G1PauseCleanup
Event: 2.709 Executing VM operation: G1PauseCleanup done
Event: 3.709 Executing VM operation: Cleanup
Event: 3.709 Executing VM operation: Cleanup done
Event: 4.709 Executing VM operation: Cleanup
Event: 4.712 Executing VM operation: Cleanup done
Event: 5.221 Executing VM operation: HandshakeAllThreads
Event: 5.221 Executing VM operation: HandshakeAllThreads done
Event: 5.879 Executing VM operation: G1CollectForAllocation
Event: 5.882 Executing VM operation: G1CollectForAllocation done

Memory protections (20 events):
Event: 2.871 Protecting memory [0x00007f8137200000,0x00007f8137204000] with protection modes 0
Event: 2.871 Protecting memory [0x00007f8134d00000,0x00007f8134d04000] with protection modes 0
Event: 2.932 Protecting memory [0x00007f8134300000,0x00007f8134304000] with protection modes 0
Event: 3.006 Protecting memory [0x00007f813407f000,0x00007f8134083000] with protection modes 0
Event: 3.081 Protecting memory [0x00007f80e4100000,0x00007f80e4104000] with protection modes 0
Event: 3.148 Protecting memory [0x00007f80e4000000,0x00007f80e4004000] with protection modes 0
Event: 3.476 Protecting memory [0x00007f80dff00000,0x00007f80dff04000] with protection modes 0
Event: 4.073 Protecting memory [0x00007f80df500000,0x00007f80df504000] with protection modes 0
Event: 4.103 Protecting memory [0x00007f80deb00000,0x00007f80deb04000] with protection modes 0
Event: 4.123 Protecting memory [0x00007f80de100000,0x00007f80de104000] with protection modes 0
Event: 4.235 Protecting memory [0x00007f80dd700000,0x00007f80dd704000] with protection modes 0
Event: 4.307 Protecting memory [0x00007f80dcd00000,0x00007f80dcd04000] with protection modes 0
Event: 4.398 Protecting memory [0x00007f80dc300000,0x00007f80dc304000] with protection modes 0
Event: 4.572 Protecting memory [0x00007f80dc200000,0x00007f80dc204000] with protection modes 0
Event: 4.671 Protecting memory [0x00007f80dc100000,0x00007f80dc104000] with protection modes 0
Event: 4.740 Protecting memory [0x00007f80de100000,0x00007f80de104000] with protection modes 0
Event: 5.025 Protecting memory [0x00007f80dc000000,0x00007f80dc004000] with protection modes 0
Event: 5.280 Protecting memory [0x00007f80d3f00000,0x00007f80d3f04000] with protection modes 0
Event: 5.601 Protecting memory [0x00007f80d3500000,0x00007f80d3504000] with protection modes 0
Event: 5.876 Protecting memory [0x00007f80d2b00000,0x00007f80d2b04000] with protection modes 0

Nmethod flushes (0 events):
No events

Events (20 events):
Event: 2.871 Thread 0x00007f81700344e0 Thread added: 0x00007f8172f90730
Event: 2.932 Thread 0x00007f8172c28990 Thread added: 0x00007f7f1c002350
Event: 3.006 Thread 0x00007f8172c28990 Thread added: 0x00007f7f1c003480
Event: 3.080 Thread 0x00007f8172c28990 Thread added: 0x00007f7f1c0044d0
Event: 3.148 Thread 0x00007f8172c28990 Thread added: 0x00007f7f1c005540
Event: 3.476 Thread 0x00007f8172c28990 Thread added: 0x00007f7f1c0065b0
Event: 4.073 Thread 0x00007f8172c28990 Thread added: 0x00007f7f1c007600
Event: 4.103 Thread 0x00007f81729685b0 Thread added: 0x00007f80306fb0b0
Event: 4.123 Thread 0x00007f8170165d80 Thread added: 0x00007f80bc9aa940
Event: 4.235 Thread 0x00007f81729685b0 Thread added: 0x00007f80306fc230
Event: 4.307 Thread 0x00007f81729685b0 Thread added: 0x00007f80307b4050
Event: 4.398 Thread 0x00007f81729685b0 Thread added: 0x00007f80307b5060
Event: 4.572 Thread 0x00007f81729685b0 Thread added: 0x00007f80307b61d0
Event: 4.671 Thread 0x00007f8172c28990 Thread added: 0x00007f7f1c008650
Event: 4.681 Thread 0x00007f80bc9aa940 Thread exited: 0x00007f80bc9aa940
Event: 4.740 Thread 0x00007f81729685b0 Thread added: 0x00007f80307b7210
Event: 5.025 Thread 0x00007f81729685b0 Thread added: 0x00007f80307b7d10
Event: 5.280 Thread 0x00007f8172c28990 Thread added: 0x00007f7f1c0096d0
Event: 5.601 Thread 0x00007f81729685b0 Thread added: 0x00007f8030504e70
Event: 5.876 Thread 0x00007f8172c28990 Thread added: 0x00007f7f1c00a6d0


Dynamic libraries:
64bc00000-651400000 rw-p 00000000 00:00 0 
651400000-65b400000 ---p 00000000 00:00 0 
65b400000-65bc00000 rw-p 00000000 00:00 0 
65bc00000-667000000 ---p 00000000 00:00 0 
667000000-667400000 rw-p 00000000 00:00 0 
667400000-7ff800000 ---p 00000000 00:00 0 
7ff800000-7ffb00000 rw-p 00000000 00:00 0 
7ffb00000-7ffb75000 rw-p 00c78000 103:02 4342152                         /home/pan/.jdks/corretto-17.0.14/lib/server/classes.jsa
7ffb75000-7ffc00000 rw-p 00000000 00:00 0 
7ffc00000-7ffc77000 rw-p 00c01000 103:02 4342152                         /home/pan/.jdks/corretto-17.0.14/lib/server/classes.jsa
7ffc77000-800000000 rw-p 00000000 00:00 0 
637d1dc00000-637d1dc01000 r-xp 00000000 103:02 4342252                   /home/pan/.jdks/corretto-17.0.14/bin/java
637d1de01000-637d1de02000 r--p 00001000 103:02 4342252                   /home/pan/.jdks/corretto-17.0.14/bin/java
637d1de02000-637d1de03000 rw-p 00002000 103:02 4342252                   /home/pan/.jdks/corretto-17.0.14/bin/java
637d299f7000-637d29a3a000 rw-p 00000000 00:00 0                          [heap]
7f7dc8000000-7f7dc8034000 rw-p 00000000 00:00 0 
7f7dc8034000-7f7dcc000000 ---p 00000000 00:00 0 
7f7dcc000000-7f7dcc021000 rw-p 00000000 00:00 0 
7f7dcc021000-7f7dd0000000 ---p 00000000 00:00 0 
7f7dd4000000-7f7dd4021000 rw-p 00000000 00:00 0 
7f7dd4021000-7f7dd8000000 ---p 00000000 00:00 0 
7f7dd8000000-7f7dd8210000 rw-p 00000000 00:00 0 
7f7dd8210000-7f7ddc000000 ---p 00000000 00:00 0 
7f7de0000000-7f7de3565000 rw-p 00000000 00:00 0 
7f7de3565000-7f7de4000000 ---p 00000000 00:00 0 
7f7de4000000-7f7de4321000 rw-p 00000000 00:00 0 
7f7de4321000-7f7de8000000 ---p 00000000 00:00 0 
7f7dec000000-7f7defb54000 rw-p 00000000 00:00 0 
7f7defb54000-7f7df0000000 ---p 00000000 00:00 0 
7f7df0000000-7f7df0210000 rw-p 00000000 00:00 0 
7f7df0210000-7f7df4000000 ---p 00000000 00:00 0 
7f7df8000000-7f7df8321000 rw-p 00000000 00:00 0 
7f7df8321000-7f7dfc000000 ---p 00000000 00:00 0 
7f7dfc000000-7f7dffc18000 rw-p 00000000 00:00 0 
7f7dffc18000-7f7e00000000 ---p 00000000 00:00 0 
7f7e04000000-7f7e04210000 rw-p 00000000 00:00 0 
7f7e04210000-7f7e08000000 ---p 00000000 00:00 0 
7f7e08000000-7f7e08322000 rw-p 00000000 00:00 0 
7f7e08322000-7f7e0c000000 ---p 00000000 00:00 0 
7f7e10000000-7f7e13b54000 rw-p 00000000 00:00 0 
7f7e13b54000-7f7e14000000 ---p 00000000 00:00 0 
7f7e14000000-7f7e14322000 rw-p 00000000 00:00 0 
7f7e14322000-7f7e18000000 ---p 00000000 00:00 0 
7f7e1c000000-7f7e1c322000 rw-p 00000000 00:00 0 
7f7e1c322000-7f7e20000000 ---p 00000000 00:00 0 
7f7e20000000-7f7e20322000 rw-p 00000000 00:00 0 
7f7e20322000-7f7e24000000 ---p 00000000 00:00 0 
7f7e28000000-7f7e28595000 rw-p 00000000 00:00 0 
7f7e28595000-7f7e2c000000 ---p 00000000 00:00 0 
7f7e2c000000-7f7e2c322000 rw-p 00000000 00:00 0 
7f7e2c322000-7f7e30000000 ---p 00000000 00:00 0 
7f7e34000000-7f7e34210000 rw-p 00000000 00:00 0 
7f7e34210000-7f7e38000000 ---p 00000000 00:00 0 
7f7e38000000-7f7e38210000 rw-p 00000000 00:00 0 
7f7e38210000-7f7e3c000000 ---p 00000000 00:00 0 
7f7e40000000-7f7e40210000 rw-p 00000000 00:00 0 
7f7e40210000-7f7e44000000 ---p 00000000 00:00 0 
7f7e44000000-7f7e44210000 rw-p 00000000 00:00 0 
7f7e44210000-7f7e48000000 ---p 00000000 00:00 0 
7f7e4c000000-7f7e4c210000 rw-p 00000000 00:00 0 
7f7e4c210000-7f7e50000000 ---p 00000000 00:00 0 
7f7e50000000-7f7e50021000 rw-p 00000000 00:00 0 
7f7e50021000-7f7e54000000 ---p 00000000 00:00 0 
7f7e58000000-7f7e58021000 rw-p 00000000 00:00 0 
7f7e58021000-7f7e5c000000 ---p 00000000 00:00 0 
7f7e5c000000-7f7e5c021000 rw-p 00000000 00:00 0 
7f7e5c021000-7f7e60000000 ---p 00000000 00:00 0 
7f7e64000000-7f7e64021000 rw-p 00000000 00:00 0 
7f7e64021000-7f7e68000000 ---p 00000000 00:00 0 
7f7e68000000-7f7e68021000 rw-p 00000000 00:00 0 
7f7e68021000-7f7e6c000000 ---p 00000000 00:00 0 
7f7e70000000-7f7e70021000 rw-p 00000000 00:00 0 
7f7e70021000-7f7e74000000 ---p 00000000 00:00 0 
7f7e74000000-7f7e74021000 rw-p 00000000 00:00 0 
7f7e74021000-7f7e78000000 ---p 00000000 00:00 0 
7f7e7c000000-7f7e7c021000 rw-p 00000000 00:00 0 
7f7e7c021000-7f7e80000000 ---p 00000000 00:00 0 
7f7e80000000-7f7e80021000 rw-p 00000000 00:00 0 
7f7e80021000-7f7e84000000 ---p 00000000 00:00 0 
7f7e88000000-7f7e88021000 rw-p 00000000 00:00 0 
7f7e88021000-7f7e8c000000 ---p 00000000 00:00 0 
7f7e8c000000-7f7e8c021000 rw-p 00000000 00:00 0 
7f7e8c021000-7f7e90000000 ---p 00000000 00:00 0 
7f7e94000000-7f7e94021000 rw-p 00000000 00:00 0 
7f7e94021000-7f7e98000000 ---p 00000000 00:00 0 
7f7e98000000-7f7e98021000 rw-p 00000000 00:00 0 
7f7e98021000-7f7e9c000000 ---p 00000000 00:00 0 
7f7ea0000000-7f7ea0021000 rw-p 00000000 00:00 0 
7f7ea0021000-7f7ea4000000 ---p 00000000 00:00 0 
7f7ea4000000-7f7ea4021000 rw-p 00000000 00:00 0 
7f7ea4021000-7f7ea8000000 ---p 00000000 00:00 0 
7f7eac000000-7f7eac269000 rw-p 00000000 00:00 0 
7f7eac269000-7f7eb0000000 ---p 00000000 00:00 0 
7f7eb0000000-7f7eb0c55000 rw-p 00000000 00:00 0 
7f7eb0c55000-7f7eb4000000 ---p 00000000 00:00 0 
7f7eb8000000-7f7eb875d000 rw-p 00000000 00:00 0 
7f7eb875d000-7f7ebc000000 ---p 00000000 00:00 0 
7f7ebc000000-7f7ebcb2a000 rw-p 00000000 00:00 0 
7f7ebcb2a000-7f7ec0000000 ---p 00000000 00:00 0 
7f7ec4000000-7f7ec45ca000 rw-p 00000000 00:00 0 
7f7ec45ca000-7f7ec8000000 ---p 00000000 00:00 0 
7f7ec8000000-7f7ec86e5000 rw-p 00000000 00:00 0 
7f7ec86e5000-7f7ecc000000 ---p 00000000 00:00 0 
7f7ed0000000-7f7ed06fc000 rw-p 00000000 00:00 0 
7f7ed06fc000-7f7ed4000000 ---p 00000000 00:00 0 
7f7ed4000000-7f7ed4761000 rw-p 00000000 00:00 0 
7f7ed4761000-7f7ed8000000 ---p 00000000 00:00 0 
7f7edc000000-7f7edc5c8000 rw-p 00000000 00:00 0 
7f7edc5c8000-7f7ee0000000 ---p 00000000 00:00 0 
7f7ee0000000-7f7ee05ca000 rw-p 00000000 00:00 0 
7f7ee05ca000-7f7ee4000000 ---p 00000000 00:00 0 
7f7ee8000000-7f7ee8913000 rw-p 00000000 00:00 0 
7f7ee8913000-7f7eec000000 ---p 00000000 00:00 0 
7f7eec000000-7f7eec74a000 rw-p 00000000 00:00 0 
7f7eec74a000-7f7ef0000000 ---p 00000000 00:00 0 
7f7ef4000000-7f7ef4aa9000 rw-p 00000000 00:00 0 
7f7ef4aa9000-7f7ef8000000 ---p 00000000 00:00 0 
7f7ef8000000-7f7ef88cb000 rw-p 00000000 00:00 0 
7f7ef88cb000-7f7efc000000 ---p 00000000 00:00 0 
7f7efd800000-7f7efddef000 rw-p 00000000 00:00 0 
7f7efde00000-7f7efe3ef000 rw-p 00000000 00:00 0 
7f7efe800000-7f7efedef000 rw-p 00000000 00:00 0 
7f7efee00000-7f7eff3ef000 rw-p 00000000 00:00 0 
7f7eff400000-7f7eff9ef000 rw-p 00000000 00:00 0 
7f7effa00000-7f7efffef000 rw-p 00000000 00:00 0 
7f7f00000000-7f7f008cc000 rw-p 00000000 00:00 0 
7f7f008cc000-7f7f04000000 ---p 00000000 00:00 0 
7f7f04000000-7f7f04a2e000 rw-p 00000000 00:00 0 
7f7f04a2e000-7f7f08000000 ---p 00000000 00:00 0 
7f7f08400000-7f7f089ef000 rw-p 00000000 00:00 0 
7f7f08a00000-7f7f08fef000 rw-p 00000000 00:00 0 
7f7f09000000-7f7f095ef000 rw-p 00000000 00:00 0 
7f7f09600000-7f7f09bef000 rw-p 00000000 00:00 0 
7f7f09c00000-7f7f0a1ef000 rw-p 00000000 00:00 0 
7f7f0a200000-7f7f0a7ef000 rw-p 00000000 00:00 0 
7f7f0a800000-7f7f0adef000 rw-p 00000000 00:00 0 
7f7f0ae00000-7f7f0b3ef000 rw-p 00000000 00:00 0 
7f7f0b400000-7f7f0b9ef000 rw-p 00000000 00:00 0 
7f7f0ba00000-7f7f0bfef000 rw-p 00000000 00:00 0 
7f7f0c000000-7f7f0ce64000 rw-p 00000000 00:00 0 
7f7f0ce64000-7f7f10000000 ---p 00000000 00:00 0 
7f7f10000000-7f7f10c8c000 rw-p 00000000 00:00 0 
7f7f10c8c000-7f7f14000000 ---p 00000000 00:00 0 
7f7f14400000-7f7f149ef000 rw-p 00000000 00:00 0 
7f7f14a00000-7f7f14fef000 rw-p 00000000 00:00 0 
7f7f15000000-7f7f155ef000 rw-p 00000000 00:00 0 
7f7f15600000-7f7f15bef000 rw-p 00000000 00:00 0 
7f7f15c00000-7f7f161ef000 rw-p 00000000 00:00 0 
7f7f16200000-7f7f167ef000 rw-p 00000000 00:00 0 
7f7f16800000-7f7f16def000 rw-p 00000000 00:00 0 
7f7f16e00000-7f7f173ef000 rw-p 00000000 00:00 0 
7f7f17400000-7f7f179ef000 rw-p 00000000 00:00 0 
7f7f17a00000-7f7f17fef000 rw-p 00000000 00:00 0 
7f7f18000000-7f7f18219000 rw-p 00000000 00:00 0 
7f7f18219000-7f7f1c000000 ---p 00000000 00:00 0 
7f7f1c000000-7f7f1c021000 rw-p 00000000 00:00 0 
7f7f1c021000-7f7f20000000 ---p 00000000 00:00 0 
7f7f20400000-7f7f209ef000 rw-p 00000000 00:00 0 
7f7f20a00000-7f7f20fef000 rw-p 00000000 00:00 0 
7f7f21000000-7f7f215ef000 rw-p 00000000 00:00 0 
7f7f21600000-7f7f21bef000 rw-p 00000000 00:00 0 
7f7f21c00000-7f7f221ef000 rw-p 00000000 00:00 0 
7f7f22200000-7f7f227ef000 rw-p 00000000 00:00 0 
7f7f22800000-7f7f22def000 rw-p 00000000 00:00 0 
7f7f22e00000-7f7f233ef000 rw-p 00000000 00:00 0 
7f7f23400000-7f7f239ef000 rw-p 00000000 00:00 0 
7f7f23a00000-7f7f23fef000 rw-p 00000000 00:00 0 
7f7f24000000-7f7f27c71000 rw-p 00000000 00:00 0 
7f7f27c71000-7f7f28000000 ---p 00000000 00:00 0 
7f7f28000000-7f7f28232000 rw-p 00000000 00:00 0 
7f7f28232000-7f7f2c000000 ---p 00000000 00:00 0 
7f7f30000000-7f8020000000 rw-p 00000000 00:00 0 
7f8020000000-7f8020041000 rw-p 00000000 00:00 0 
7f8020041000-7f8024000000 ---p 00000000 00:00 0 
7f8024000000-7f8024cc4000 rw-p 00000000 00:00 0 
7f8024cc4000-7f8028000000 ---p 00000000 00:00 0 
7f802c000000-7f802d29b000 rw-p 00000000 00:00 0 
7f802d29b000-7f8030000000 ---p 00000000 00:00 0 
7f8030000000-7f8030f09000 rw-p 00000000 00:00 0 
7f8030f09000-7f8034000000 ---p 00000000 00:00 0 
7f8038000000-7f8038bef000 rw-p 00000000 00:00 0 
7f8038bef000-7f803c000000 ---p 00000000 00:00 0 
7f803c000000-7f803d060000 rw-p 00000000 00:00 0 
7f803d060000-7f8040000000 ---p 00000000 00:00 0 
7f8041c00000-7f8041c1e000 r--p 00000000 103:02 5259726                   /home/pan/.javacpp/cache/opencv-4.7.0-1.5.9-linux-x86_64.jar/org/bytedeco/opencv/linux-x86_64/libopencv_imgcodecs.so.407
7f8041c1e000-7f8041e2e000 r-xp 0001e000 103:02 5259726                   /home/pan/.javacpp/cache/opencv-4.7.0-1.5.9-linux-x86_64.jar/org/bytedeco/opencv/linux-x86_64/libopencv_imgcodecs.so.407
7f8041e2e000-7f8041f4c000 r--p 0022e000 103:02 5259726                   /home/pan/.javacpp/cache/opencv-4.7.0-1.5.9-linux-x86_64.jar/org/bytedeco/opencv/linux-x86_64/libopencv_imgcodecs.so.407
7f8041f4c000-7f8041f56000 r--p 0034b000 103:02 5259726                   /home/pan/.javacpp/cache/opencv-4.7.0-1.5.9-linux-x86_64.jar/org/bytedeco/opencv/linux-x86_64/libopencv_imgcodecs.so.407
7f8041f56000-7f8041f5b000 rw-p 00355000 103:02 5259726                   /home/pan/.javacpp/cache/opencv-4.7.0-1.5.9-linux-x86_64.jar/org/bytedeco/opencv/linux-x86_64/libopencv_imgcodecs.so.407
7f8041f5b000-7f8041fc4000 rw-p 00000000 00:00 0 
7f8042c00000-7f8042c01000 ---p 00000000 00:00 0 
7f8042c01000-7f8043401000 rw-p 00000000 00:00 0 
7f8043600000-7f8043601000 ---p 00000000 00:00 0 
7f8043601000-7f8043e01000 rw-p 00000000 00:00 0 
7f8044000000-7f804424d000 rw-p 00000000 00:00 0 
7f804424d000-7f8048000000 ---p 00000000 00:00 0 
7f8048000000-7f80482fc000 rw-p 00000000 00:00 0 
7f80482fc000-7f804c000000 ---p 00000000 00:00 0 
7f804c400000-7f804c401000 ---p 00000000 00:00 0 
7f804c401000-7f804cc01000 rw-p 00000000 00:00 0 
7f804ce00000-7f804ce01000 ---p 00000000 00:00 0 
7f804ce01000-7f804d601000 rw-p 00000000 00:00 0 
7f804d800000-7f804d801000 ---p 00000000 00:00 0 
7f804d801000-7f804e001000 rw-p 00000000 00:00 0 
7f804e200000-7f804e201000 ---p 00000000 00:00 0 
7f804e201000-7f804ea01000 rw-p 00000000 00:00 0 
7f804ec00000-7f804ec01000 ---p 00000000 00:00 0 
7f804ec01000-7f804f401000 rw-p 00000000 00:00 0 
7f804f600000-7f804f601000 ---p 00000000 00:00 0 
7f804f601000-7f804fe01000 rw-p 00000000 00:00 0 
7f8050000000-7f8050021000 rw-p 00000000 00:00 0 
7f8050021000-7f8054000000 ---p 00000000 00:00 0 
7f8054000000-7f8054021000 rw-p 00000000 00:00 0 
7f8054021000-7f8058000000 ---p 00000000 00:00 0 
7f8058400000-7f8058401000 ---p 00000000 00:00 0 
7f8058401000-7f8058c01000 rw-p 00000000 00:00 0 
7f8058e00000-7f8058e01000 ---p 00000000 00:00 0 
7f8058e01000-7f8059601000 rw-p 00000000 00:00 0 
7f8059800000-7f8059801000 ---p 00000000 00:00 0 
7f8059801000-7f805a001000 rw-p 00000000 00:00 0 
7f805a200000-7f805a201000 ---p 00000000 00:00 0 
7f805a201000-7f805aa01000 rw-p 00000000 00:00 0 
7f805ac00000-7f805ac01000 ---p 00000000 00:00 0 
7f805ac01000-7f805b401000 rw-p 00000000 00:00 0 
7f805b600000-7f805b601000 ---p 00000000 00:00 0 
7f805b601000-7f805be01000 rw-p 00000000 00:00 0 
7f805c000000-7f805c021000 rw-p 00000000 00:00 0 
7f805c021000-7f8060000000 ---p 00000000 00:00 0 
7f8060000000-7f8060021000 rw-p 00000000 00:00 0 
7f8060021000-7f8064000000 ---p 00000000 00:00 0 
7f8064400000-7f8064401000 ---p 00000000 00:00 0 
7f8064401000-7f8064c01000 rw-p 00000000 00:00 0 
7f8067800000-7f8067af8000 rw-p 00000000 00:00 0 
7f8067c00000-7f8067f46000 rw-p 00000000 00:00 0 
7f8068000000-7f8068021000 rw-p 00000000 00:00 0 
7f8068021000-7f806c000000 ---p 00000000 00:00 0 
7f806c000000-7f806c021000 rw-p 00000000 00:00 0 
7f806c021000-7f8070000000 ---p 00000000 00:00 0 
7f8070200000-7f8070546000 rw-p 00000000 00:00 0 
7f8070600000-7f8070946000 rw-p 00000000 00:00 0 
7f8070a00000-7f8070d46000 rw-p 00000000 00:00 0 
7f8070e00000-7f8071146000 rw-p 00000000 00:00 0 
7f8071200000-7f80714fe000 rw-p 00000000 00:00 0 
7f8071600000-7f80718fe000 rw-p 00000000 00:00 0 
7f8071a00000-7f8071a6c000 r--p 00000000 103:02 5259722                   /home/pan/.javacpp/cache/opencv-4.7.0-1.5.9-linux-x86_64.jar/org/bytedeco/opencv/linux-x86_64/libopencv_imgproc.so.407
7f8071a6c000-7f8071ec4000 r-xp 0006c000 103:02 5259722                   /home/pan/.javacpp/cache/opencv-4.7.0-1.5.9-linux-x86_64.jar/org/bytedeco/opencv/linux-x86_64/libopencv_imgproc.so.407
7f8071ec4000-7f8071fdf000 r--p 004c4000 103:02 5259722                   /home/pan/.javacpp/cache/opencv-4.7.0-1.5.9-linux-x86_64.jar/org/bytedeco/opencv/linux-x86_64/libopencv_imgproc.so.407
7f8071fdf000-7f8071ffb000 r--p 005de000 103:02 5259722                   /home/pan/.javacpp/cache/opencv-4.7.0-1.5.9-linux-x86_64.jar/org/bytedeco/opencv/linux-x86_64/libopencv_imgproc.so.407
7f8071ffb000-7f8072004000 rw-p 005fa000 103:02 5259722                   /home/pan/.javacpp/cache/opencv-4.7.0-1.5.9-linux-x86_64.jar/org/bytedeco/opencv/linux-x86_64/libopencv_imgproc.so.407
7f8072004000-7f80720a4000 rw-p 00000000 00:00 0 
7f8072200000-7f8072262000 r--p 00000000 103:02 5259716                   /home/pan/.javacpp/cache/opencv-4.7.0-1.5.9-linux-x86_64.jar/org/bytedeco/opencv/linux-x86_64/libopencv_core.so.407
7f8072262000-7f8072566000 r-xp 00062000 103:02 5259716                   /home/pan/.javacpp/cache/opencv-4.7.0-1.5.9-linux-x86_64.jar/org/bytedeco/opencv/linux-x86_64/libopencv_core.so.407
7f8072566000-7f8072634000 r--p 00366000 103:02 5259716                   /home/pan/.javacpp/cache/opencv-4.7.0-1.5.9-linux-x86_64.jar/org/bytedeco/opencv/linux-x86_64/libopencv_core.so.407
7f8072634000-7f8072642000 r--p 00433000 103:02 5259716                   /home/pan/.javacpp/cache/opencv-4.7.0-1.5.9-linux-x86_64.jar/org/bytedeco/opencv/linux-x86_64/libopencv_core.so.407
7f8072642000-7f8072648000 rw-p 00441000 103:02 5259716                   /home/pan/.javacpp/cache/opencv-4.7.0-1.5.9-linux-x86_64.jar/org/bytedeco/opencv/linux-x86_64/libopencv_core.so.407
7f8072648000-7f807264e000 rw-p 00000000 00:00 0 
7f8072800000-7f8072be9000 r--p 00000000 103:02 5259710                   /home/pan/.javacpp/cache/openblas-0.3.23-1.5.9-linux-x86_64.jar/org/bytedeco/openblas/linux-x86_64/libjniopenblas.so
7f8072be9000-7f8073d06000 r-xp 003e9000 103:02 5259710                   /home/pan/.javacpp/cache/openblas-0.3.23-1.5.9-linux-x86_64.jar/org/bytedeco/openblas/linux-x86_64/libjniopenblas.so
7f8073d06000-7f8073eb0000 r--p 01506000 103:02 5259710                   /home/pan/.javacpp/cache/openblas-0.3.23-1.5.9-linux-x86_64.jar/org/bytedeco/openblas/linux-x86_64/libjniopenblas.so
7f8073eb0000-7f8073eb1000 ---p 016b0000 103:02 5259710                   /home/pan/.javacpp/cache/openblas-0.3.23-1.5.9-linux-x86_64.jar/org/bytedeco/openblas/linux-x86_64/libjniopenblas.so
7f8073eb1000-7f8073eb2000 r--p 016b0000 103:02 5259710                   /home/pan/.javacpp/cache/openblas-0.3.23-1.5.9-linux-x86_64.jar/org/bytedeco/openblas/linux-x86_64/libjniopenblas.so
7f8073eb2000-7f8073eba000 rw-p 016b1000 103:02 5259710                   /home/pan/.javacpp/cache/openblas-0.3.23-1.5.9-linux-x86_64.jar/org/bytedeco/openblas/linux-x86_64/libjniopenblas.so
7f8073eba000-7f8073ebb000 rw-p 00000000 00:00 0 
7f8074000000-7f8074021000 rw-p 00000000 00:00 0 
7f8074021000-7f8078000000 ---p 00000000 00:00 0 
7f8078000000-7f8078021000 rw-p 00000000 00:00 0 
7f8078021000-7f807c000000 ---p 00000000 00:00 0 
7f807c400000-7f807c401000 ---p 00000000 00:00 0 
7f807c401000-7f807cc01000 rw-p 00000000 00:00 0 
7f807ce00000-7f807ce01000 ---p 00000000 00:00 0 
7f807ce01000-7f807d601000 rw-p 00000000 00:00 0 
7f807d800000-7f807d801000 ---p 00000000 00:00 0 
7f807d801000-7f807e001000 rw-p 00000000 00:00 0 
7f807e200000-7f807e201000 ---p 00000000 00:00 0 
7f807e201000-7f807ea01000 rw-p 00000000 00:00 0 
7f807ec00000-7f807ec01000 ---p 00000000 00:00 0 
7f807ec01000-7f807f401000 rw-p 00000000 00:00 0 
7f807f600000-7f807f601000 ---p 00000000 00:00 0 
7f807f601000-7f807fe01000 rw-p 00000000 00:00 0 
7f8080000000-7f8080021000 rw-p 00000000 00:00 0 
7f8080021000-7f8084000000 ---p 00000000 00:00 0 
7f8084000000-7f8084021000 rw-p 00000000 00:00 0 
7f8084021000-7f8088000000 ---p 00000000 00:00 0 
7f8088400000-7f8088401000 ---p 00000000 00:00 0 
7f8088401000-7f8088c01000 rw-p 00000000 00:00 0 
7f8088e00000-7f8088e01000 ---p 00000000 00:00 0 
7f8088e01000-7f8089601000 rw-p 00000000 00:00 0 
7f8089800000-7f8089801000 ---p 00000000 00:00 0 
7f8089801000-7f808a001000 rw-p 00000000 00:00 0 
7f808a200000-7f808a201000 ---p 00000000 00:00 0 
7f808a201000-7f808aa01000 rw-p 00000000 00:00 0 
7f808ac00000-7f808ac01000 ---p 00000000 00:00 0 
7f808ac01000-7f808b401000 rw-p 00000000 00:00 0 
7f808b600000-7f808b601000 ---p 00000000 00:00 0 
7f808b601000-7f808be01000 rw-p 00000000 00:00 0 
7f808c000000-7f808c021000 rw-p 00000000 00:00 0 
7f808c021000-7f8090000000 ---p 00000000 00:00 0 
7f8090000000-7f8090021000 rw-p 00000000 00:00 0 
7f8090021000-7f8094000000 ---p 00000000 00:00 0 
7f8094200000-7f8094201000 ---p 00000000 00:00 0 
7f8094201000-7f8094a01000 rw-p 00000000 00:00 0 
7f8094c00000-7f8094c01000 ---p 00000000 00:00 0 
7f8094c01000-7f8095401000 rw-p 00000000 00:00 0 
7f8095600000-7f8095601000 ---p 00000000 00:00 0 
7f8095601000-7f8095e01000 rw-p 00000000 00:00 0 
7f8096000000-7f8096106000 r--p 00000000 103:02 5259708                   /home/pan/.javacpp/cache/openblas-0.3.23-1.5.9-linux-x86_64.jar/org/bytedeco/openblas/linux-x86_64/libopenblas.so.0
7f8096106000-7f8096116000 r-xp 00106000 103:02 5259708                   /home/pan/.javacpp/cache/openblas-0.3.23-1.5.9-linux-x86_64.jar/org/bytedeco/openblas/linux-x86_64/libopenblas.so.0
7f8096116000-7f8096118000 ---p 00116000 103:02 5259708                   /home/pan/.javacpp/cache/openblas-0.3.23-1.5.9-linux-x86_64.jar/org/bytedeco/openblas/linux-x86_64/libopenblas.so.0
7f8096118000-7f8097bed000 r-xp 00118000 103:02 5259708                   /home/pan/.javacpp/cache/openblas-0.3.23-1.5.9-linux-x86_64.jar/org/bytedeco/openblas/linux-x86_64/libopenblas.so.0
7f8097bed000-7f8097ddc000 r--p 01bed000 103:02 5259708                   /home/pan/.javacpp/cache/openblas-0.3.23-1.5.9-linux-x86_64.jar/org/bytedeco/openblas/linux-x86_64/libopenblas.so.0
7f8097ddc000-7f8097de2000 r--p 01ddb000 103:02 5259708                   /home/pan/.javacpp/cache/openblas-0.3.23-1.5.9-linux-x86_64.jar/org/bytedeco/openblas/linux-x86_64/libopenblas.so.0
7f8097de2000-7f8097dfa000 rw-p 01de1000 103:02 5259708                   /home/pan/.javacpp/cache/openblas-0.3.23-1.5.9-linux-x86_64.jar/org/bytedeco/openblas/linux-x86_64/libopenblas.so.0
7f8097dfa000-7f8097e07000 rw-p 00000000 00:00 0 
7f8098000000-7f8098021000 rw-p 00000000 00:00 0 
7f8098021000-7f809c000000 ---p 00000000 00:00 0 
7f809c000000-7f809d459000 rw-p 00000000 00:00 0 
7f809d459000-7f80a0000000 ---p 00000000 00:00 0 
7f80a0400000-7f80a0401000 ---p 00000000 00:00 0 
7f80a0401000-7f80a0c01000 rw-p 00000000 00:00 0 
7f80a0e00000-7f80a0e01000 ---p 00000000 00:00 0 
7f80a0e01000-7f80a1601000 rw-p 00000000 00:00 0 
7f80a1800000-7f80a1801000 ---p 00000000 00:00 0 
7f80a1801000-7f80a2001000 rw-p 00000000 00:00 0 
7f80a2200000-7f80a2201000 ---p 00000000 00:00 0 
7f80a2201000-7f80a2a01000 rw-p 00000000 00:00 0 
7f80a2c00000-7f80a2c01000 ---p 00000000 00:00 0 
7f80a2c01000-7f80a3401000 rw-p 00000000 00:00 0 
7f80a3600000-7f80a3601000 ---p 00000000 00:00 0 
7f80a3601000-7f80a3e01000 rw-p 00000000 00:00 0 
7f80a4000000-7f80a4494000 rw-p 00000000 00:00 0 
7f80a4494000-7f80a8000000 ---p 00000000 00:00 0 
7f80a8000000-7f80a8021000 rw-p 00000000 00:00 0 
7f80a8021000-7f80ac000000 ---p 00000000 00:00 0 
7f80ac400000-7f80ac401000 ---p 00000000 00:00 0 
7f80ac401000-7f80acc01000 rw-p 00000000 00:00 0 
7f80ace00000-7f80ace01000 ---p 00000000 00:00 0 
7f80ace01000-7f80ad601000 rw-p 00000000 00:00 0 
7f80ad800000-7f80ad801000 ---p 00000000 00:00 0 
7f80ad801000-7f80ae001000 rw-p 00000000 00:00 0 
7f80ae200000-7f80ae201000 ---p 00000000 00:00 0 
7f80ae201000-7f80aea01000 rw-p 00000000 00:00 0 
7f80aec00000-7f80aec01000 ---p 00000000 00:00 0 
7f80aec01000-7f80af401000 rw-p 00000000 00:00 0 
7f80af600000-7f80af601000 ---p 00000000 00:00 0 
7f80af601000-7f80afe01000 rw-p 00000000 00:00 0 
7f80b0000000-7f80b0021000 rw-p 00000000 00:00 0 
7f80b0021000-7f80b4000000 ---p 00000000 00:00 0 
7f80b4000000-7f80b4347000 rw-p 00000000 00:00 0 
7f80b4347000-7f80b8000000 ---p 00000000 00:00 0 
7f80b8200000-7f80b8201000 ---p 00000000 00:00 0 
7f80b8201000-7f80b8a01000 rw-p 00000000 00:00 0 
7f80b8c00000-7f80b8c01000 ---p 00000000 00:00 0 
7f80b8c01000-7f80b9401000 rw-p 00000000 00:00 0 
7f80b9600000-7f80b9601000 ---p 00000000 00:00 0 
7f80b9601000-7f80b9e01000 rw-p 00000000 00:00 0 
7f80ba000000-7f80ba106000 r--p 00000000 103:02 5259705                   /home/pan/.javacpp/cache/openblas-0.3.23-1.5.9-linux-x86_64.jar/org/bytedeco/openblas/linux-x86_64/libopenblas_nolapack.so.0
7f80ba106000-7f80ba116000 r-xp 00106000 103:02 5259705                   /home/pan/.javacpp/cache/openblas-0.3.23-1.5.9-linux-x86_64.jar/org/bytedeco/openblas/linux-x86_64/libopenblas_nolapack.so.0
7f80ba116000-7f80ba118000 ---p 00116000 103:02 5259705                   /home/pan/.javacpp/cache/openblas-0.3.23-1.5.9-linux-x86_64.jar/org/bytedeco/openblas/linux-x86_64/libopenblas_nolapack.so.0
7f80ba118000-7f80bbbed000 r-xp 00118000 103:02 5259705                   /home/pan/.javacpp/cache/openblas-0.3.23-1.5.9-linux-x86_64.jar/org/bytedeco/openblas/linux-x86_64/libopenblas_nolapack.so.0
7f80bbbed000-7f80bbddc000 r--p 01bed000 103:02 5259705                   /home/pan/.javacpp/cache/openblas-0.3.23-1.5.9-linux-x86_64.jar/org/bytedeco/openblas/linux-x86_64/libopenblas_nolapack.so.0
7f80bbddc000-7f80bbde2000 r--p 01ddb000 103:02 5259705                   /home/pan/.javacpp/cache/openblas-0.3.23-1.5.9-linux-x86_64.jar/org/bytedeco/openblas/linux-x86_64/libopenblas_nolapack.so.0
7f80bbde2000-7f80bbdfa000 rw-p 01de1000 103:02 5259705                   /home/pan/.javacpp/cache/openblas-0.3.23-1.5.9-linux-x86_64.jar/org/bytedeco/openblas/linux-x86_64/libopenblas_nolapack.so.0
7f80bbdfa000-7f80bbe07000 rw-p 00000000 00:00 0 
7f80bc000000-7f80bd5a3000 rw-p 00000000 00:00 0 
7f80bd5a3000-7f80c0000000 ---p 00000000 00:00 0 
7f80c0000000-7f80c0021000 rw-p 00000000 00:00 0 
7f80c0021000-7f80c4000000 ---p 00000000 00:00 0 
7f80c4200000-7f80c4476000 r-xp 00000000 103:02 5259703                   /home/pan/.javacpp/cache/openblas-0.3.23-1.5.9-linux-x86_64.jar/org/bytedeco/openblas/linux-x86_64/libgfortran.so.5
7f80c4476000-7f80c4675000 ---p 00276000 103:02 5259703                   /home/pan/.javacpp/cache/openblas-0.3.23-1.5.9-linux-x86_64.jar/org/bytedeco/openblas/linux-x86_64/libgfortran.so.5
7f80c4675000-7f80c4676000 r--p 00275000 103:02 5259703                   /home/pan/.javacpp/cache/openblas-0.3.23-1.5.9-linux-x86_64.jar/org/bytedeco/openblas/linux-x86_64/libgfortran.so.5
7f80c4676000-7f80c4678000 rw-p 00276000 103:02 5259703                   /home/pan/.javacpp/cache/openblas-0.3.23-1.5.9-linux-x86_64.jar/org/bytedeco/openblas/linux-x86_64/libgfortran.so.5
7f80c4a00000-7f80c4a3b000 r-xp 00000000 103:02 5259701                   /home/pan/.javacpp/cache/openblas-0.3.23-1.5.9-linux-x86_64.jar/org/bytedeco/openblas/linux-x86_64/libquadmath.so.0
7f80c4a3b000-7f80c4c3a000 ---p 0003b000 103:02 5259701                   /home/pan/.javacpp/cache/openblas-0.3.23-1.5.9-linux-x86_64.jar/org/bytedeco/openblas/linux-x86_64/libquadmath.so.0
7f80c4c3a000-7f80c4c3b000 r--p 0003a000 103:02 5259701                   /home/pan/.javacpp/cache/openblas-0.3.23-1.5.9-linux-x86_64.jar/org/bytedeco/openblas/linux-x86_64/libquadmath.so.0
7f80c4c3b000-7f80c4c3c000 rw-p 0003b000 103:02 5259701                   /home/pan/.javacpp/cache/openblas-0.3.23-1.5.9-linux-x86_64.jar/org/bytedeco/openblas/linux-x86_64/libquadmath.so.0
7f80c5000000-7f80c5015000 r-xp 00000000 103:02 5259699                   /home/pan/.javacpp/cache/openblas-0.3.23-1.5.9-linux-x86_64.jar/org/bytedeco/openblas/linux-x86_64/libgcc_s.so.1
7f80c5015000-7f80c5214000 ---p 00015000 103:02 5259699                   /home/pan/.javacpp/cache/openblas-0.3.23-1.5.9-linux-x86_64.jar/org/bytedeco/openblas/linux-x86_64/libgcc_s.so.1
7f80c5214000-7f80c5215000 r--p 00014000 103:02 5259699                   /home/pan/.javacpp/cache/openblas-0.3.23-1.5.9-linux-x86_64.jar/org/bytedeco/openblas/linux-x86_64/libgcc_s.so.1
7f80c5215000-7f80c5216000 rw-p 00015000 103:02 5259699                   /home/pan/.javacpp/cache/openblas-0.3.23-1.5.9-linux-x86_64.jar/org/bytedeco/openblas/linux-x86_64/libgcc_s.so.1
7f80c5600000-7f80c5612000 r-xp 00000000 103:02 1181985                   /tmp/libio_grpc_netty_shaded_netty_transport_native_epoll_x86_6413371379173191417609.so (deleted)
7f80c5612000-7f80c5811000 ---p 00012000 103:02 1181985                   /tmp/libio_grpc_netty_shaded_netty_transport_native_epoll_x86_6413371379173191417609.so (deleted)
7f80c5811000-7f80c5813000 r--p 00011000 103:02 1181985                   /tmp/libio_grpc_netty_shaded_netty_transport_native_epoll_x86_6413371379173191417609.so (deleted)
7f80c5813000-7f80c5814000 rw-p 00000000 00:00 0 
7f80c5c00000-7f80c61ef000 rw-p 00000000 00:00 0 
7f80c6200000-7f80c6201000 ---p 00000000 00:00 0 
7f80c6201000-7f80c6a01000 rw-p 00000000 00:00 0 
7f80c6c00000-7f80c6c01000 ---p 00000000 00:00 0 
7f80c6c01000-7f80c7401000 rw-p 00000000 00:00 0 
7f80c7600000-7f80c7601000 ---p 00000000 00:00 0 
7f80c7601000-7f80c7e01000 rw-p 00000000 00:00 0 
7f80c8000000-7f80c8021000 rw-p 00000000 00:00 0 
7f80c8021000-7f80cc000000 ---p 00000000 00:00 0 
7f80cc000000-7f80cc021000 rw-p 00000000 00:00 0 
7f80cc021000-7f80d0000000 ---p 00000000 00:00 0 
7f80d0400000-7f80d0401000 ---p 00000000 00:00 0 
7f80d0401000-7f80d0c01000 rw-p 00000000 00:00 0 
7f80d0d00000-7f80d0d04000 ---p 00000000 00:00 0 
7f80d0d04000-7f80d0e00000 rw-p 00000000 00:00 0 
7f80d0e00000-7f80d0e01000 ---p 00000000 00:00 0 
7f80d0e01000-7f80d1601000 rw-p 00000000 00:00 0 
7f80d16ff000-7f80d1700000 ---p 00000000 00:00 0 
7f80d1700000-7f80d1800000 rw-p 00000000 00:00 0 
7f80d1800000-7f80d1801000 ---p 00000000 00:00 0 
7f80d1801000-7f80d2001000 rw-p 00000000 00:00 0 
7f80d20ff000-7f80d2100000 ---p 00000000 00:00 0 
7f80d2100000-7f80d2200000 rw-p 00000000 00:00 0 
7f80d2200000-7f80d2201000 ---p 00000000 00:00 0 
7f80d2201000-7f80d2a01000 rw-p 00000000 00:00 0 
7f80d2b00000-7f80d2b04000 ---p 00000000 00:00 0 
7f80d2b04000-7f80d2c00000 rw-p 00000000 00:00 0 
7f80d2c00000-7f80d2c01000 ---p 00000000 00:00 0 
7f80d2c01000-7f80d3401000 rw-p 00000000 00:00 0 
7f80d3500000-7f80d3504000 ---p 00000000 00:00 0 
7f80d3504000-7f80d3600000 rw-p 00000000 00:00 0 
7f80d3600000-7f80d3601000 ---p 00000000 00:00 0 
7f80d3601000-7f80d3e01000 rw-p 00000000 00:00 0 
7f80d3f00000-7f80d3f04000 ---p 00000000 00:00 0 
7f80d3f04000-7f80d4000000 rw-p 00000000 00:00 0 
7f80d4000000-7f80d4021000 rw-p 00000000 00:00 0 
7f80d4021000-7f80d8000000 ---p 00000000 00:00 0 
7f80d8000000-7f80d8021000 rw-p 00000000 00:00 0 
7f80d8021000-7f80dc000000 ---p 00000000 00:00 0 
7f80dc000000-7f80dc004000 ---p 00000000 00:00 0 
7f80dc004000-7f80dc100000 rw-p 00000000 00:00 0 
7f80dc100000-7f80dc104000 ---p 00000000 00:00 0 
7f80dc104000-7f80dc200000 rw-p 00000000 00:00 0 
7f80dc200000-7f80dc204000 ---p 00000000 00:00 0 
7f80dc204000-7f80dc300000 rw-p 00000000 00:00 0 
7f80dc300000-7f80dc304000 ---p 00000000 00:00 0 
7f80dc304000-7f80dc400000 rw-p 00000000 00:00 0 
7f80dc400000-7f80dc401000 ---p 00000000 00:00 0 
7f80dc401000-7f80dcc01000 rw-p 00000000 00:00 0 
7f80dcd00000-7f80dcd04000 ---p 00000000 00:00 0 
7f80dcd04000-7f80dce00000 rw-p 00000000 00:00 0 
7f80dce00000-7f80dce01000 ---p 00000000 00:00 0 
7f80dce01000-7f80dd601000 rw-p 00000000 00:00 0 
7f80dd700000-7f80dd704000 ---p 00000000 00:00 0 
7f80dd704000-7f80dd800000 rw-p 00000000 00:00 0 
7f80dd800000-7f80dd801000 ---p 00000000 00:00 0 
7f80dd801000-7f80de001000 rw-p 00000000 00:00 0 
7f80de100000-7f80de104000 ---p 00000000 00:00 0 
7f80de104000-7f80de200000 rw-p 00000000 00:00 0 
7f80de200000-7f80de201000 ---p 00000000 00:00 0 
7f80de201000-7f80dea01000 rw-p 00000000 00:00 0 
7f80deb00000-7f80deb04000 ---p 00000000 00:00 0 
7f80deb04000-7f80dec00000 rw-p 00000000 00:00 0 
7f80dec00000-7f80dec01000 ---p 00000000 00:00 0 
7f80dec01000-7f80df401000 rw-p 00000000 00:00 0 
7f80df500000-7f80df504000 ---p 00000000 00:00 0 
7f80df504000-7f80df600000 rw-p 00000000 00:00 0 
7f80df600000-7f80df601000 ---p 00000000 00:00 0 
7f80df601000-7f80dfe01000 rw-p 00000000 00:00 0 
7f80dff00000-7f80dff04000 ---p 00000000 00:00 0 
7f80dff04000-7f80e0000000 rw-p 00000000 00:00 0 
7f80e0000000-7f80e0021000 rw-p 00000000 00:00 0 
7f80e0021000-7f80e4000000 ---p 00000000 00:00 0 
7f80e4000000-7f80e4004000 ---p 00000000 00:00 0 
7f80e4004000-7f80e4100000 rw-p 00000000 00:00 0 
7f80e4100000-7f80e4104000 ---p 00000000 00:00 0 
7f80e4104000-7f80e4200000 rw-p 00000000 00:00 0 
7f80e4200000-7f80e42cf000 r--p 00000000 103:02 5259724                   /home/pan/.javacpp/cache/opencv-4.7.0-1.5.9-linux-x86_64.jar/org/bytedeco/opencv/linux-x86_64/libjniopencv_core.so
7f80e42cf000-7f80e44c0000 r-xp 000cf000 103:02 5259724                   /home/pan/.javacpp/cache/opencv-4.7.0-1.5.9-linux-x86_64.jar/org/bytedeco/opencv/linux-x86_64/libjniopencv_core.so
7f80e44c0000-7f80e4597000 r--p 002c0000 103:02 5259724                   /home/pan/.javacpp/cache/opencv-4.7.0-1.5.9-linux-x86_64.jar/org/bytedeco/opencv/linux-x86_64/libjniopencv_core.so
7f80e4597000-7f80e45a4000 r--p 00396000 103:02 5259724                   /home/pan/.javacpp/cache/opencv-4.7.0-1.5.9-linux-x86_64.jar/org/bytedeco/opencv/linux-x86_64/libjniopencv_core.so
7f80e45a4000-7f80e45a7000 rw-p 003a3000 103:02 5259724                   /home/pan/.javacpp/cache/opencv-4.7.0-1.5.9-linux-x86_64.jar/org/bytedeco/opencv/linux-x86_64/libjniopencv_core.so
7f80e45a7000-7f80e45a8000 rw-p 00000000 00:00 0 
7f80e4600000-7f80e46ad000 r--p 00000000 103:02 5259679                   /home/pan/.javacpp/cache/ffmpeg-6.0-1.5.9-linux-x86_64.jar/org/bytedeco/ffmpeg/linux-x86_64/libavcodec.so.60
7f80e46ad000-7f80e5f6c000 r-xp 000ad000 103:02 5259679                   /home/pan/.javacpp/cache/ffmpeg-6.0-1.5.9-linux-x86_64.jar/org/bytedeco/ffmpeg/linux-x86_64/libavcodec.so.60
7f80e5f6c000-7f80e6544000 r--p 0196c000 103:02 5259679                   /home/pan/.javacpp/cache/ffmpeg-6.0-1.5.9-linux-x86_64.jar/org/bytedeco/ffmpeg/linux-x86_64/libavcodec.so.60
7f80e6544000-7f80e6545000 ---p 01f44000 103:02 5259679                   /home/pan/.javacpp/cache/ffmpeg-6.0-1.5.9-linux-x86_64.jar/org/bytedeco/ffmpeg/linux-x86_64/libavcodec.so.60
7f80e6545000-7f80e65d3000 r--p 01f44000 103:02 5259679                   /home/pan/.javacpp/cache/ffmpeg-6.0-1.5.9-linux-x86_64.jar/org/bytedeco/ffmpeg/linux-x86_64/libavcodec.so.60
7f80e65d3000-7f80e65ea000 rw-p 01fd2000 103:02 5259679                   /home/pan/.javacpp/cache/ffmpeg-6.0-1.5.9-linux-x86_64.jar/org/bytedeco/ffmpeg/linux-x86_64/libavcodec.so.60
7f80e65ea000-7f80e6f92000 rw-p 00000000 00:00 0 
7f80e7000000-7f80e73f0000 rw-p 00000000 00:00 0 
7f80e73f0000-7f80e8490000 rw-p 00000000 00:00 0 
7f80e8490000-7f80e8500000 ---p 00000000 00:00 0 
7f80e8500000-7f80e8510000 rw-p 00000000 00:00 0 
7f80e8510000-7f80eb000000 ---p 00000000 00:00 0 
7f80eb000000-7f80ebbc9000 rw-p 00001000 103:02 4342152                   /home/pan/.jdks/corretto-17.0.14/lib/server/classes.jsa
7f80ebbc9000-7f80ec000000 ---p 00000000 00:00 0 
7f80ec000000-7f80ec030000 rw-p 00000000 00:00 0 
7f80ec030000-7f80ec070000 rw-p 00000000 00:00 0 
7f80ec070000-7f80ec0f0000 rw-p 00000000 00:00 0 
7f80ec0f0000-7f80ec230000 rw-p 00000000 00:00 0 
7f80ec230000-7f80ec240000 ---p 00000000 00:00 0 
7f80ec240000-7f80ec250000 rw-p 00000000 00:00 0 
7f80ec250000-7f812c000000 ---p 00000000 00:00 0 
7f812c000000-7f812c021000 rw-p 00000000 00:00 0 
7f812c021000-7f8130000000 ---p 00000000 00:00 0 
7f8130000000-7f8130021000 rw-p 00000000 00:00 0 
7f8130021000-7f8134000000 ---p 00000000 00:00 0 
7f813407f000-7f8134083000 ---p 00000000 00:00 0 
7f8134083000-7f813417f000 rw-p 00000000 00:00 0 
7f813417f000-7f81341d5000 r--p 00000000 103:02 5259725                   /home/pan/.javacpp/cache/opencv-4.7.0-1.5.9-linux-x86_64.jar/org/bytedeco/opencv/linux-x86_64/libjniopencv_imgproc.so
7f81341d5000-7f81342b1000 r-xp 00056000 103:02 5259725                   /home/pan/.javacpp/cache/opencv-4.7.0-1.5.9-linux-x86_64.jar/org/bytedeco/opencv/linux-x86_64/libjniopencv_imgproc.so
7f81342b1000-7f81342fb000 r--p 00132000 103:02 5259725                   /home/pan/.javacpp/cache/opencv-4.7.0-1.5.9-linux-x86_64.jar/org/bytedeco/opencv/linux-x86_64/libjniopencv_imgproc.so
7f81342fb000-7f81342fc000 ---p 0017c000 103:02 5259725                   /home/pan/.javacpp/cache/opencv-4.7.0-1.5.9-linux-x86_64.jar/org/bytedeco/opencv/linux-x86_64/libjniopencv_imgproc.so
7f81342fc000-7f81342ff000 r--p 0017c000 103:02 5259725                   /home/pan/.javacpp/cache/opencv-4.7.0-1.5.9-linux-x86_64.jar/org/bytedeco/opencv/linux-x86_64/libjniopencv_imgproc.so
7f81342ff000-7f8134300000 rw-p 0017f000 103:02 5259725                   /home/pan/.javacpp/cache/opencv-4.7.0-1.5.9-linux-x86_64.jar/org/bytedeco/opencv/linux-x86_64/libjniopencv_imgproc.so
7f8134300000-7f8134304000 ---p 00000000 00:00 0 
7f8134304000-7f8134400000 rw-p 00000000 00:00 0 
7f8134400000-7f8134401000 ---p 00000000 00:00 0 
7f8134401000-7f8134c01000 rw-p 00000000 00:00 0 
7f8134d00000-7f8134d04000 ---p 00000000 00:00 0 
7f8134d04000-7f8134e00000 rw-p 00000000 00:00 0 
7f8134e00000-7f8134e8a000 r--p 00000000 103:02 5259688                   /home/pan/.javacpp/cache/ffmpeg-6.0-1.5.9-linux-x86_64.jar/org/bytedeco/ffmpeg/linux-x86_64/libavfilter.so.9
7f8134e8a000-7f81351d8000 r-xp 0008a000 103:02 5259688                   /home/pan/.javacpp/cache/ffmpeg-6.0-1.5.9-linux-x86_64.jar/org/bytedeco/ffmpeg/linux-x86_64/libavfilter.so.9
7f81351d8000-7f8135295000 r--p 003d8000 103:02 5259688                   /home/pan/.javacpp/cache/ffmpeg-6.0-1.5.9-linux-x86_64.jar/org/bytedeco/ffmpeg/linux-x86_64/libavfilter.so.9
7f8135295000-7f8135317000 r--p 00494000 103:02 5259688                   /home/pan/.javacpp/cache/ffmpeg-6.0-1.5.9-linux-x86_64.jar/org/bytedeco/ffmpeg/linux-x86_64/libavfilter.so.9
7f8135317000-7f8135319000 rw-p 00516000 103:02 5259688                   /home/pan/.javacpp/cache/ffmpeg-6.0-1.5.9-linux-x86_64.jar/org/bytedeco/ffmpeg/linux-x86_64/libavfilter.so.9
7f8135319000-7f813531c000 rw-p 00000000 00:00 0 
7f8135400000-7f81354bf000 r--p 00000000 103:02 5259682                   /home/pan/.javacpp/cache/ffmpeg-6.0-1.5.9-linux-x86_64.jar/org/bytedeco/ffmpeg/linux-x86_64/libavformat.so.60
7f81354bf000-7f8135b78000 r-xp 000bf000 103:02 5259682                   /home/pan/.javacpp/cache/ffmpeg-6.0-1.5.9-linux-x86_64.jar/org/bytedeco/ffmpeg/linux-x86_64/libavformat.so.60
7f8135b78000-7f8135d3a000 r--p 00778000 103:02 5259682                   /home/pan/.javacpp/cache/ffmpeg-6.0-1.5.9-linux-x86_64.jar/org/bytedeco/ffmpeg/linux-x86_64/libavformat.so.60
7f8135d3a000-7f8135dcf000 r--p 00939000 103:02 5259682                   /home/pan/.javacpp/cache/ffmpeg-6.0-1.5.9-linux-x86_64.jar/org/bytedeco/ffmpeg/linux-x86_64/libavformat.so.60
7f8135dcf000-7f8135dd8000 rw-p 009ce000 103:02 5259682                   /home/pan/.javacpp/cache/ffmpeg-6.0-1.5.9-linux-x86_64.jar/org/bytedeco/ffmpeg/linux-x86_64/libavformat.so.60
7f8135dd8000-7f8135de1000 rw-p 00000000 00:00 0 
7f8135e00000-7f8135e17000 r--p 00000000 103:02 5259673                   /home/pan/.javacpp/cache/ffmpeg-6.0-1.5.9-linux-x86_64.jar/org/bytedeco/ffmpeg/linux-x86_64/libavutil.so.58
7f8135e17000-7f8135ec6000 r-xp 00017000 103:02 5259673                   /home/pan/.javacpp/cache/ffmpeg-6.0-1.5.9-linux-x86_64.jar/org/bytedeco/ffmpeg/linux-x86_64/libavutil.so.58
7f8135ec6000-7f8135eea000 r--p 000c6000 103:02 5259673                   /home/pan/.javacpp/cache/ffmpeg-6.0-1.5.9-linux-x86_64.jar/org/bytedeco/ffmpeg/linux-x86_64/libavutil.so.58
7f8135eea000-7f8135eeb000 ---p 000ea000 103:02 5259673                   /home/pan/.javacpp/cache/ffmpeg-6.0-1.5.9-linux-x86_64.jar/org/bytedeco/ffmpeg/linux-x86_64/libavutil.so.58
7f8135eeb000-7f8135efd000 r--p 000ea000 103:02 5259673                   /home/pan/.javacpp/cache/ffmpeg-6.0-1.5.9-linux-x86_64.jar/org/bytedeco/ffmpeg/linux-x86_64/libavutil.so.58
7f8135efd000-7f8135efe000 rw-p 000fc000 103:02 5259673                   /home/pan/.javacpp/cache/ffmpeg-6.0-1.5.9-linux-x86_64.jar/org/bytedeco/ffmpeg/linux-x86_64/libavutil.so.58
7f8135efe000-7f813600d000 rw-p 00000000 00:00 0 
7f81360ff000-7f8136100000 ---p 00000000 00:00 0 
7f8136100000-7f8136200000 rw-p 00000000 00:00 0 
7f8136200000-7f8136202000 r-xp 00000000 103:02 5259672                   /home/pan/.javacpp/cache/ffmpeg-6.0-1.5.9-linux-x86_64.jar/org/bytedeco/ffmpeg/linux-x86_64/libva-drm.so
7f8136202000-7f8136401000 ---p 00002000 103:02 5259672                   /home/pan/.javacpp/cache/ffmpeg-6.0-1.5.9-linux-x86_64.jar/org/bytedeco/ffmpeg/linux-x86_64/libva-drm.so
7f8136401000-7f8136402000 r--p 00001000 103:02 5259672                   /home/pan/.javacpp/cache/ffmpeg-6.0-1.5.9-linux-x86_64.jar/org/bytedeco/ffmpeg/linux-x86_64/libva-drm.so
7f8136402000-7f8136403000 rw-p 00002000 103:02 5259672                   /home/pan/.javacpp/cache/ffmpeg-6.0-1.5.9-linux-x86_64.jar/org/bytedeco/ffmpeg/linux-x86_64/libva-drm.so
7f81364fe000-7f81364ff000 ---p 00000000 00:00 0 
7f81364ff000-7f81365ff000 rw-p 00000000 00:00 0 
7f81365ff000-7f8136600000 ---p 00000000 00:00 0 
7f8136600000-7f8136700000 rw-p 00000000 00:00 0 
7f8136700000-7f8136704000 ---p 00000000 00:00 0 
7f8136704000-7f8136800000 rw-p 00000000 00:00 0 
7f8136800000-7f8136810000 r-xp 00000000 103:02 5259670                   /home/pan/.javacpp/cache/ffmpeg-6.0-1.5.9-linux-x86_64.jar/org/bytedeco/ffmpeg/linux-x86_64/libdrm.so.2
7f8136810000-7f8136a0f000 ---p 00010000 103:02 5259670                   /home/pan/.javacpp/cache/ffmpeg-6.0-1.5.9-linux-x86_64.jar/org/bytedeco/ffmpeg/linux-x86_64/libdrm.so.2
7f8136a0f000-7f8136a10000 r--p 0000f000 103:02 5259670                   /home/pan/.javacpp/cache/ffmpeg-6.0-1.5.9-linux-x86_64.jar/org/bytedeco/ffmpeg/linux-x86_64/libdrm.so.2
7f8136a10000-7f8136a11000 rw-p 00010000 103:02 5259670                   /home/pan/.javacpp/cache/ffmpeg-6.0-1.5.9-linux-x86_64.jar/org/bytedeco/ffmpeg/linux-x86_64/libdrm.so.2
7f8136afd000-7f8136b01000 ---p 00000000 00:00 0 
7f8136b01000-7f8136bfd000 rw-p 00000000 00:00 0 
7f8136bfd000-7f8136c27000 r--p 00000000 103:02 11846987                  /usr/lib/x86_64-linux-gnu/libasound.so.2.0.0
7f8136c27000-7f8136cbe000 r-xp 0002a000 103:02 11846987                  /usr/lib/x86_64-linux-gnu/libasound.so.2.0.0
7f8136cbe000-7f8136cf8000 r--p 000c1000 103:02 11846987                  /usr/lib/x86_64-linux-gnu/libasound.so.2.0.0
7f8136cf8000-7f8136cff000 r--p 000fa000 103:02 11846987                  /usr/lib/x86_64-linux-gnu/libasound.so.2.0.0
7f8136cff000-7f8136d00000 rw-p 00101000 103:02 11846987                  /usr/lib/x86_64-linux-gnu/libasound.so.2.0.0
7f8136d00000-7f8136d04000 ---p 00000000 00:00 0 
7f8136d04000-7f8136e00000 rw-p 00000000 00:00 0 
7f8136e00000-7f8136e2b000 r-xp 00000000 103:02 5259669                   /home/pan/.javacpp/cache/ffmpeg-6.0-1.5.9-linux-x86_64.jar/org/bytedeco/ffmpeg/linux-x86_64/libva.so
7f8136e2b000-7f813702a000 ---p 0002b000 103:02 5259669                   /home/pan/.javacpp/cache/ffmpeg-6.0-1.5.9-linux-x86_64.jar/org/bytedeco/ffmpeg/linux-x86_64/libva.so
7f813702a000-7f813702b000 r--p 0002a000 103:02 5259669                   /home/pan/.javacpp/cache/ffmpeg-6.0-1.5.9-linux-x86_64.jar/org/bytedeco/ffmpeg/linux-x86_64/libva.so
7f813702b000-7f813702c000 rw-p 0002b000 103:02 5259669                   /home/pan/.javacpp/cache/ffmpeg-6.0-1.5.9-linux-x86_64.jar/org/bytedeco/ffmpeg/linux-x86_64/libva.so
7f81370d2000-7f813712e000 r--p 00000000 103:02 5259675                   /home/pan/.javacpp/cache/ffmpeg-6.0-1.5.9-linux-x86_64.jar/org/bytedeco/ffmpeg/linux-x86_64/libjniavutil.so
7f813712e000-7f81371b4000 r-xp 0005c000 103:02 5259675                   /home/pan/.javacpp/cache/ffmpeg-6.0-1.5.9-linux-x86_64.jar/org/bytedeco/ffmpeg/linux-x86_64/libjniavutil.so
7f81371b4000-7f81371f0000 r--p 000e2000 103:02 5259675                   /home/pan/.javacpp/cache/ffmpeg-6.0-1.5.9-linux-x86_64.jar/org/bytedeco/ffmpeg/linux-x86_64/libjniavutil.so
7f81371f0000-7f81371fd000 r--p 0011d000 103:02 5259675                   /home/pan/.javacpp/cache/ffmpeg-6.0-1.5.9-linux-x86_64.jar/org/bytedeco/ffmpeg/linux-x86_64/libjniavutil.so
7f81371fd000-7f81371ff000 rw-p 0012a000 103:02 5259675                   /home/pan/.javacpp/cache/ffmpeg-6.0-1.5.9-linux-x86_64.jar/org/bytedeco/ffmpeg/linux-x86_64/libjniavutil.so
7f81371ff000-7f8137200000 rw-p 00000000 00:00 0 
7f8137200000-7f8137204000 ---p 00000000 00:00 0 
7f8137204000-7f8137300000 rw-p 00000000 00:00 0 
7f8137300000-7f8137304000 ---p 00000000 00:00 0 
7f8137304000-7f8137400000 rw-p 00000000 00:00 0 
7f8137400000-7f813749a000 r--p 00000000 103:02 11848158                  /usr/lib/x86_64-linux-gnu/libstdc++.so.6.0.30
7f813749a000-7f81375ab000 r-xp 0009a000 103:02 11848158                  /usr/lib/x86_64-linux-gnu/libstdc++.so.6.0.30
7f81375ab000-7f813761a000 r--p 001ab000 103:02 11848158                  /usr/lib/x86_64-linux-gnu/libstdc++.so.6.0.30
7f813761a000-7f813761b000 ---p 0021a000 103:02 11848158                  /usr/lib/x86_64-linux-gnu/libstdc++.so.6.0.30
7f813761b000-7f8137626000 r--p 0021a000 103:02 11848158                  /usr/lib/x86_64-linux-gnu/libstdc++.so.6.0.30
7f8137626000-7f8137629000 rw-p 00225000 103:02 11848158                  /usr/lib/x86_64-linux-gnu/libstdc++.so.6.0.30
7f8137629000-7f813762c000 rw-p 00000000 00:00 0 
7f8137700000-7f8137704000 ---p 00000000 00:00 0 
7f8137704000-7f8137800000 rw-p 00000000 00:00 0 
7f8137800000-7f8137802000 r-xp 00000000 103:02 4342186                   /home/pan/.jdks/corretto-17.0.14/lib/libextnet.so
7f8137802000-7f8137a01000 ---p 00002000 103:02 4342186                   /home/pan/.jdks/corretto-17.0.14/lib/libextnet.so
7f8137a01000-7f8137a02000 r--p 00001000 103:02 4342186                   /home/pan/.jdks/corretto-17.0.14/lib/libextnet.so
7f8137a02000-7f8137a03000 rw-p 00000000 00:00 0 
7f8137aff000-7f8137b03000 ---p 00000000 00:00 0 
7f8137b03000-7f8137bff000 rw-p 00000000 00:00 0 
7f8137bff000-7f8137c03000 ---p 00000000 00:00 0 
7f8137c03000-7f8137cff000 rw-p 00000000 00:00 0 
7f8137cff000-7f8137d03000 ---p 00000000 00:00 0 
7f8137d03000-7f8137dff000 rw-p 00000000 00:00 0 
7f8137dff000-7f8137e03000 ---p 00000000 00:00 0 
7f8137e03000-7f8137eff000 rw-p 00000000 00:00 0 
7f8137eff000-7f8137f00000 ---p 00000000 00:00 0 
7f8137f00000-7f8138000000 rw-p 00000000 00:00 0 
7f8138000000-7f8138021000 rw-p 00000000 00:00 0 
7f8138021000-7f813c000000 ---p 00000000 00:00 0 
7f813c000000-7f813c021000 rw-p 00000000 00:00 0 
7f813c021000-7f8140000000 ---p 00000000 00:00 0 
7f8140000000-7f8140004000 ---p 00000000 00:00 0 
7f8140004000-7f8140100000 rw-p 00000000 00:00 0 
7f8140100000-7f8140104000 ---p 00000000 00:00 0 
7f8140104000-7f8140200000 rw-p 00000000 00:00 0 
7f8140200000-7f8140215000 r-xp 00000000 103:02 4342139                   /home/pan/.jdks/corretto-17.0.14/lib/libnet.so
7f8140215000-7f8140414000 ---p 00015000 103:02 4342139                   /home/pan/.jdks/corretto-17.0.14/lib/libnet.so
7f8140414000-7f8140415000 r--p 00014000 103:02 4342139                   /home/pan/.jdks/corretto-17.0.14/lib/libnet.so
7f8140415000-7f8140416000 rw-p 00015000 103:02 4342139                   /home/pan/.jdks/corretto-17.0.14/lib/libnet.so
7f81404fd000-7f81404fe000 ---p 00000000 00:00 0 
7f81404fe000-7f81405fe000 rw-p 00000000 00:00 0 
7f81405fe000-7f81405ff000 ---p 00000000 00:00 0 
7f81405ff000-7f81406ff000 rw-p 00000000 00:00 0 
7f81406ff000-7f8140700000 ---p 00000000 00:00 0 
7f8140700000-7f8140800000 rw-p 00000000 00:00 0 
7f8140800000-7f8140812000 r-xp 00000000 103:02 4342140                   /home/pan/.jdks/corretto-17.0.14/lib/libnio.so
7f8140812000-7f8140a12000 ---p 00012000 103:02 4342140                   /home/pan/.jdks/corretto-17.0.14/lib/libnio.so
7f8140a12000-7f8140a13000 r--p 00012000 103:02 4342140                   /home/pan/.jdks/corretto-17.0.14/lib/libnio.so
7f8140a13000-7f8140a14000 rw-p 00013000 103:02 4342140                   /home/pan/.jdks/corretto-17.0.14/lib/libnio.so
7f8140afd000-7f8140afe000 ---p 00000000 00:00 0 
7f8140afe000-7f8140bfe000 rw-p 00000000 00:00 0 
7f8140bfe000-7f8140bff000 ---p 00000000 00:00 0 
7f8140bff000-7f8140cff000 rw-p 00000000 00:00 0 
7f8140cff000-7f8140d00000 ---p 00000000 00:00 0 
7f8140d00000-7f8140e00000 rw-p 00000000 00:00 0 
7f8140e00000-7f8140e07000 r-xp 00000000 103:02 4342142                   /home/pan/.jdks/corretto-17.0.14/lib/libzip.so
7f8140e07000-7f8141007000 ---p 00007000 103:02 4342142                   /home/pan/.jdks/corretto-17.0.14/lib/libzip.so
7f8141007000-7f8141008000 r--p 00007000 103:02 4342142                   /home/pan/.jdks/corretto-17.0.14/lib/libzip.so
7f8141008000-7f8141009000 rw-p 00000000 00:00 0 
7f81410fd000-7f81410fe000 ---p 00000000 00:00 0 
7f81410fe000-7f81411fe000 rw-p 00000000 00:00 0 
7f81411fe000-7f81411ff000 ---p 00000000 00:00 0 
7f81411ff000-7f81412ff000 rw-p 00000000 00:00 0 
7f81412ff000-7f8141300000 ---p 00000000 00:00 0 
7f8141300000-7f8141400000 rw-p 00000000 00:00 0 
7f8141400000-7f8141404000 ---p 00000000 00:00 0 
7f8141404000-7f8141500000 rw-p 00000000 00:00 0 
7f8141500000-7f8141504000 ---p 00000000 00:00 0 
7f8141504000-7f8141600000 rw-p 00000000 00:00 0 
7f8141600000-7f8141e78000 r--p 00000000 103:02 11820149                  /usr/lib/locale/locale-archive
7f8141f00000-7f8141f04000 ---p 00000000 00:00 0 
7f8141f04000-7f8142000000 rw-p 00000000 00:00 0 
7f8142000000-7f8144000000 rw-p 00000000 00:00 0 
7f8144000000-7f8144021000 rw-p 00000000 00:00 0 
7f8144021000-7f8148000000 ---p 00000000 00:00 0 
7f8148000000-7f8148004000 ---p 00000000 00:00 0 
7f8148004000-7f8148100000 rw-p 00000000 00:00 0 
7f8148100000-7f8148104000 ---p 00000000 00:00 0 
7f8148104000-7f8148200000 rw-p 00000000 00:00 0 
7f8148200000-7f8148204000 ---p 00000000 00:00 0 
7f8148204000-7f8148300000 rw-p 00000000 00:00 0 
7f8148300000-7f8148304000 ---p 00000000 00:00 0 
7f8148304000-7f8148400000 rw-p 00000000 00:00 0 
7f8148400000-7f8148404000 ---p 00000000 00:00 0 
7f8148404000-7f8148500000 rw-p 00000000 00:00 0 
7f8148500000-7f8148504000 ---p 00000000 00:00 0 
7f8148504000-7f8148600000 rw-p 00000000 00:00 0 
7f8148600000-7f81486ce000 r-xp 00000000 103:02 4342178                   /home/pan/.jdks/corretto-17.0.14/lib/libjsvml.so
7f81486ce000-7f81488cd000 ---p 000ce000 103:02 4342178                   /home/pan/.jdks/corretto-17.0.14/lib/libjsvml.so
7f81488cd000-7f81488ce000 r--p 000cd000 103:02 4342178                   /home/pan/.jdks/corretto-17.0.14/lib/libjsvml.so
7f81488ce000-7f81488cf000 rw-p 000ce000 103:02 4342178                   /home/pan/.jdks/corretto-17.0.14/lib/libjsvml.so
7f81488ef000-7f81488f3000 ---p 00000000 00:00 0 
7f81488f3000-7f81489ef000 rw-p 00000000 00:00 0 
7f81489ef000-7f81489f3000 ---p 00000000 00:00 0 
7f81489f3000-7f8148aef000 rw-p 00000000 00:00 0 
7f8148aef000-7f8148af0000 ---p 00000000 00:00 0 
7f8148af0000-7f8148bf0000 rw-p 00000000 00:00 0 
7f8148bf0000-7f8148bf1000 ---p 00000000 00:00 0 
7f8148bf1000-7f8148cf1000 rw-p 00000000 00:00 0 
7f8148cf1000-7f8148cf2000 ---p 00000000 00:00 0 
7f8148cf2000-7f8148df2000 rw-p 00000000 00:00 0 
7f8148df2000-7f8149aff000 rw-p 00000000 00:00 0 
7f8149aff000-7f8149b00000 ---p 00000000 00:00 0 
7f8149b00000-7f8149c00000 rw-p 00000000 00:00 0 
7f8149c00000-7f8149d60000 rw-p 00000000 00:00 0 
7f8149d60000-7f8149fe0000 ---p 00000000 00:00 0 
7f8149fe0000-7f814a000000 rw-p 00000000 00:00 0 
7f814a000000-7f814a2d0000 ---p 00000000 00:00 0 
7f814a2d0000-7f814a2e0000 rw-p 00000000 00:00 0 
7f814a2e0000-7f81508f0000 ---p 00000000 00:00 0 
7f81508f0000-7f8150910000 rw-p 00000000 00:00 0 
7f8150a00000-7f8150b60000 rw-p 00000000 00:00 0 
7f8150b60000-7f8150de0000 ---p 00000000 00:00 0 
7f8150de0000-7f8150e00000 rw-p 00000000 00:00 0 
7f8150e00000-7f81510d0000 ---p 00000000 00:00 0 
7f81510d0000-7f81510e0000 rw-p 00000000 00:00 0 
7f81510e0000-7f81576f0000 ---p 00000000 00:00 0 
7f81576f0000-7f8157710000 rw-p 00000000 00:00 0 
7f815772d000-7f8157737000 r--p 00000000 103:02 5259728                   /home/pan/.javacpp/cache/opencv-4.7.0-1.5.9-linux-x86_64.jar/org/bytedeco/opencv/linux-x86_64/libjniopencv_imgcodecs.so
7f8157737000-7f815775e000 r-xp 0000a000 103:02 5259728                   /home/pan/.javacpp/cache/opencv-4.7.0-1.5.9-linux-x86_64.jar/org/bytedeco/opencv/linux-x86_64/libjniopencv_imgcodecs.so
7f815775e000-7f8157768000 r--p 00031000 103:02 5259728                   /home/pan/.javacpp/cache/opencv-4.7.0-1.5.9-linux-x86_64.jar/org/bytedeco/opencv/linux-x86_64/libjniopencv_imgcodecs.so
7f8157768000-7f8157769000 ---p 0003b000 103:02 5259728                   /home/pan/.javacpp/cache/opencv-4.7.0-1.5.9-linux-x86_64.jar/org/bytedeco/opencv/linux-x86_64/libjniopencv_imgcodecs.so
7f8157769000-7f815776a000 r--p 0003b000 103:02 5259728                   /home/pan/.javacpp/cache/opencv-4.7.0-1.5.9-linux-x86_64.jar/org/bytedeco/opencv/linux-x86_64/libjniopencv_imgcodecs.so
7f815776a000-7f815776b000 rw-p 0003c000 103:02 5259728                   /home/pan/.javacpp/cache/opencv-4.7.0-1.5.9-linux-x86_64.jar/org/bytedeco/opencv/linux-x86_64/libjniopencv_imgcodecs.so
7f815776b000-7f815776e000 r--p 00000000 103:02 5259685                   /home/pan/.javacpp/cache/ffmpeg-6.0-1.5.9-linux-x86_64.jar/org/bytedeco/ffmpeg/linux-x86_64/libswscale.so.7
7f815776e000-7f81577e5000 r-xp 00003000 103:02 5259685                   /home/pan/.javacpp/cache/ffmpeg-6.0-1.5.9-linux-x86_64.jar/org/bytedeco/ffmpeg/linux-x86_64/libswscale.so.7
7f81577e5000-7f81577f5000 r--p 0007a000 103:02 5259685                   /home/pan/.javacpp/cache/ffmpeg-6.0-1.5.9-linux-x86_64.jar/org/bytedeco/ffmpeg/linux-x86_64/libswscale.so.7
7f81577f5000-7f81577f6000 ---p 0008a000 103:02 5259685                   /home/pan/.javacpp/cache/ffmpeg-6.0-1.5.9-linux-x86_64.jar/org/bytedeco/ffmpeg/linux-x86_64/libswscale.so.7
7f81577f6000-7f81577f7000 r--p 0008a000 103:02 5259685                   /home/pan/.javacpp/cache/ffmpeg-6.0-1.5.9-linux-x86_64.jar/org/bytedeco/ffmpeg/linux-x86_64/libswscale.so.7
7f81577f7000-7f81577f8000 rw-p 0008b000 103:02 5259685                   /home/pan/.javacpp/cache/ffmpeg-6.0-1.5.9-linux-x86_64.jar/org/bytedeco/ffmpeg/linux-x86_64/libswscale.so.7
7f81577f8000-7f815782c000 rw-p 00000000 00:00 0 
7f815782c000-7f815787c000 ---p 00000000 00:00 0 
7f815787c000-7f8157880000 rw-p 00000000 00:00 0 
7f8157880000-7f81578da000 ---p 00000000 00:00 0 
7f81578da000-7f81578dc000 rw-p 00000000 00:00 0 
7f81578dc000-7f815859e000 ---p 00000000 00:00 0 
7f815859e000-7f81585a2000 rw-p 00000000 00:00 0 
7f81585b4000-7f81585c6000 r--p 00000000 103:02 5259707                   /home/pan/.javacpp/cache/openblas-0.3.23-1.5.9-linux-x86_64.jar/org/bytedeco/openblas/linux-x86_64/libjniopenblas_nolapack.so
7f81585c6000-7f81585f1000 r-xp 00012000 103:02 5259707                   /home/pan/.javacpp/cache/openblas-0.3.23-1.5.9-linux-x86_64.jar/org/bytedeco/openblas/linux-x86_64/libjniopenblas_nolapack.so
7f81585f1000-7f81585fe000 r--p 0003d000 103:02 5259707                   /home/pan/.javacpp/cache/openblas-0.3.23-1.5.9-linux-x86_64.jar/org/bytedeco/openblas/linux-x86_64/libjniopenblas_nolapack.so
7f81585fe000-7f81585ff000 r--p 00049000 103:02 5259707                   /home/pan/.javacpp/cache/openblas-0.3.23-1.5.9-linux-x86_64.jar/org/bytedeco/openblas/linux-x86_64/libjniopenblas_nolapack.so
7f81585ff000-7f8158600000 rw-p 0004a000 103:02 5259707                   /home/pan/.javacpp/cache/openblas-0.3.23-1.5.9-linux-x86_64.jar/org/bytedeco/openblas/linux-x86_64/libjniopenblas_nolapack.so
7f8158600000-7f815862c000 rw-p 00000000 00:00 0 
7f815862c000-7f815867c000 ---p 00000000 00:00 0 
7f815867c000-7f8158680000 rw-p 00000000 00:00 0 
7f8158680000-7f81586da000 ---p 00000000 00:00 0 
7f81586da000-7f81586dc000 rw-p 00000000 00:00 0 
7f81586dc000-7f815939e000 ---p 00000000 00:00 0 
7f815939e000-7f81593a2000 rw-p 00000000 00:00 0 
7f81593d6000-7f81593e1000 r--p 00000000 103:02 11848391                  /usr/lib/x86_64-linux-gnu/libxcb.so.1.1.0
7f81593e1000-7f81593f5000 r-xp 0000b000 103:02 11848391                  /usr/lib/x86_64-linux-gnu/libxcb.so.1.1.0
7f81593f5000-7f81593fe000 r--p 0001f000 103:02 11848391                  /usr/lib/x86_64-linux-gnu/libxcb.so.1.1.0
7f81593fe000-7f81593ff000 r--p 00027000 103:02 11848391                  /usr/lib/x86_64-linux-gnu/libxcb.so.1.1.0
7f81593ff000-7f8159400000 rw-p 00028000 103:02 11848391                  /usr/lib/x86_64-linux-gnu/libxcb.so.1.1.0
7f8159400000-7f81598f0000 rwxp 00000000 00:00 0 
7f81598f0000-7f816085f000 ---p 00000000 00:00 0 
7f816085f000-7f8160bcf000 rwxp 00000000 00:00 0 
7f8160bcf000-7f8160fa0000 ---p 00000000 00:00 0 
7f8160fa0000-7f8161210000 rwxp 00000000 00:00 0 
7f8161210000-7f8168400000 ---p 00000000 00:00 0 
7f8168400000-7f816ffdf000 r--s 00000000 103:02 4342129                   /home/pan/.jdks/corretto-17.0.14/lib/modules
7f8170000000-7f8172f9d000 rw-p 00000000 00:00 0 
7f8172f9d000-7f8174000000 ---p 00000000 00:00 0 
7f8174008000-7f817400f000 r--p 00000000 103:02 5259693                   /home/pan/.javacpp/cache/ffmpeg-6.0-1.5.9-linux-x86_64.jar/org/bytedeco/ffmpeg/linux-x86_64/libjniavdevice.so
7f817400f000-7f8174019000 r-xp 00007000 103:02 5259693                   /home/pan/.javacpp/cache/ffmpeg-6.0-1.5.9-linux-x86_64.jar/org/bytedeco/ffmpeg/linux-x86_64/libjniavdevice.so
7f8174019000-7f817401e000 r--p 00011000 103:02 5259693                   /home/pan/.javacpp/cache/ffmpeg-6.0-1.5.9-linux-x86_64.jar/org/bytedeco/ffmpeg/linux-x86_64/libjniavdevice.so
7f817401e000-7f817401f000 ---p 00016000 103:02 5259693                   /home/pan/.javacpp/cache/ffmpeg-6.0-1.5.9-linux-x86_64.jar/org/bytedeco/ffmpeg/linux-x86_64/libjniavdevice.so
7f817401f000-7f8174020000 r--p 00016000 103:02 5259693                   /home/pan/.javacpp/cache/ffmpeg-6.0-1.5.9-linux-x86_64.jar/org/bytedeco/ffmpeg/linux-x86_64/libjniavdevice.so
7f8174020000-7f8174021000 rw-p 00017000 103:02 5259693                   /home/pan/.javacpp/cache/ffmpeg-6.0-1.5.9-linux-x86_64.jar/org/bytedeco/ffmpeg/linux-x86_64/libjniavdevice.so
7f8174021000-7f8174037000 r--p 00000000 103:02 5259690                   /home/pan/.javacpp/cache/ffmpeg-6.0-1.5.9-linux-x86_64.jar/org/bytedeco/ffmpeg/linux-x86_64/libjniavfilter.so
7f8174037000-7f8174056000 r-xp 00016000 103:02 5259690                   /home/pan/.javacpp/cache/ffmpeg-6.0-1.5.9-linux-x86_64.jar/org/bytedeco/ffmpeg/linux-x86_64/libjniavfilter.so
7f8174056000-7f8174066000 r--p 00035000 103:02 5259690                   /home/pan/.javacpp/cache/ffmpeg-6.0-1.5.9-linux-x86_64.jar/org/bytedeco/ffmpeg/linux-x86_64/libjniavfilter.so
7f8174066000-7f817406a000 r--p 00044000 103:02 5259690                   /home/pan/.javacpp/cache/ffmpeg-6.0-1.5.9-linux-x86_64.jar/org/bytedeco/ffmpeg/linux-x86_64/libjniavfilter.so
7f817406a000-7f817406b000 rw-p 00048000 103:02 5259690                   /home/pan/.javacpp/cache/ffmpeg-6.0-1.5.9-linux-x86_64.jar/org/bytedeco/ffmpeg/linux-x86_64/libjniavfilter.so
7f817406b000-7f8174096000 r--p 00000000 103:02 5259684                   /home/pan/.javacpp/cache/ffmpeg-6.0-1.5.9-linux-x86_64.jar/org/bytedeco/ffmpeg/linux-x86_64/libjniavformat.so
7f8174096000-7f81740d2000 r-xp 0002b000 103:02 5259684                   /home/pan/.javacpp/cache/ffmpeg-6.0-1.5.9-linux-x86_64.jar/org/bytedeco/ffmpeg/linux-x86_64/libjniavformat.so
7f81740d2000-7f81740f2000 r--p 00067000 103:02 5259684                   /home/pan/.javacpp/cache/ffmpeg-6.0-1.5.9-linux-x86_64.jar/org/bytedeco/ffmpeg/linux-x86_64/libjniavformat.so
7f81740f2000-7f81740fd000 r--p 00086000 103:02 5259684                   /home/pan/.javacpp/cache/ffmpeg-6.0-1.5.9-linux-x86_64.jar/org/bytedeco/ffmpeg/linux-x86_64/libjniavformat.so
7f81740fd000-7f81740fe000 rw-p 00091000 103:02 5259684                   /home/pan/.javacpp/cache/ffmpeg-6.0-1.5.9-linux-x86_64.jar/org/bytedeco/ffmpeg/linux-x86_64/libjniavformat.so
7f81740fe000-7f81740ff000 rw-p 00000000 00:00 0 
7f81740ff000-7f8174100000 ---p 00000000 00:00 0 
7f8174100000-7f8174200000 rw-p 00000000 00:00 0 
7f8174200000-7f817422c000 rw-p 00000000 00:00 0 
7f817422c000-7f817427c000 ---p 00000000 00:00 0 
7f817427c000-7f8174280000 rw-p 00000000 00:00 0 
7f8174280000-7f81742da000 ---p 00000000 00:00 0 
7f81742da000-7f81742dc000 rw-p 00000000 00:00 0 
7f81742dc000-7f8174f9e000 ---p 00000000 00:00 0 
7f8174f9e000-7f8174fa2000 rw-p 00000000 00:00 0 
7f8174fb2000-7f8174fb6000 r--p 00000000 103:02 11847081                  /usr/lib/x86_64-linux-gnu/libbsd.so.0.11.5
7f8174fb6000-7f8174fc3000 r-xp 00004000 103:02 11847081                  /usr/lib/x86_64-linux-gnu/libbsd.so.0.11.5
7f8174fc3000-7f8174fc6000 r--p 00011000 103:02 11847081                  /usr/lib/x86_64-linux-gnu/libbsd.so.0.11.5
7f8174fc6000-7f8174fc7000 ---p 00014000 103:02 11847081                  /usr/lib/x86_64-linux-gnu/libbsd.so.0.11.5
7f8174fc7000-7f8174fc8000 r--p 00014000 103:02 11847081                  /usr/lib/x86_64-linux-gnu/libbsd.so.0.11.5
7f8174fc8000-7f8174fc9000 rw-p 00015000 103:02 11847081                  /usr/lib/x86_64-linux-gnu/libbsd.so.0.11.5
7f8174fc9000-7f8174fca000 rw-p 00000000 00:00 0 
7f8174fca000-7f8174fd0000 r--p 00000000 103:02 5259691                   /home/pan/.javacpp/cache/ffmpeg-6.0-1.5.9-linux-x86_64.jar/org/bytedeco/ffmpeg/linux-x86_64/libavdevice.so.60
7f8174fd0000-7f8174fd9000 r-xp 00006000 103:02 5259691                   /home/pan/.javacpp/cache/ffmpeg-6.0-1.5.9-linux-x86_64.jar/org/bytedeco/ffmpeg/linux-x86_64/libavdevice.so.60
7f8174fd9000-7f8174fdd000 r--p 0000f000 103:02 5259691                   /home/pan/.javacpp/cache/ffmpeg-6.0-1.5.9-linux-x86_64.jar/org/bytedeco/ffmpeg/linux-x86_64/libavdevice.so.60
7f8174fdd000-7f8174fde000 ---p 00013000 103:02 5259691                   /home/pan/.javacpp/cache/ffmpeg-6.0-1.5.9-linux-x86_64.jar/org/bytedeco/ffmpeg/linux-x86_64/libavdevice.so.60
7f8174fde000-7f8174fe0000 r--p 00013000 103:02 5259691                   /home/pan/.javacpp/cache/ffmpeg-6.0-1.5.9-linux-x86_64.jar/org/bytedeco/ffmpeg/linux-x86_64/libavdevice.so.60
7f8174fe0000-7f8174fe1000 rw-p 00015000 103:02 5259691                   /home/pan/.javacpp/cache/ffmpeg-6.0-1.5.9-linux-x86_64.jar/org/bytedeco/ffmpeg/linux-x86_64/libavdevice.so.60
7f8174fe1000-7f8174fe9000 r--p 00000000 103:02 5259687                   /home/pan/.javacpp/cache/ffmpeg-6.0-1.5.9-linux-x86_64.jar/org/bytedeco/ffmpeg/linux-x86_64/libjniswscale.so
7f8174fe9000-7f8174ff6000 r-xp 00008000 103:02 5259687                   /home/pan/.javacpp/cache/ffmpeg-6.0-1.5.9-linux-x86_64.jar/org/bytedeco/ffmpeg/linux-x86_64/libjniswscale.so
7f8174ff6000-7f8174ffb000 r--p 00015000 103:02 5259687                   /home/pan/.javacpp/cache/ffmpeg-6.0-1.5.9-linux-x86_64.jar/org/bytedeco/ffmpeg/linux-x86_64/libjniswscale.so
7f8174ffb000-7f8174ffc000 ---p 0001a000 103:02 5259687                   /home/pan/.javacpp/cache/ffmpeg-6.0-1.5.9-linux-x86_64.jar/org/bytedeco/ffmpeg/linux-x86_64/libjniswscale.so
7f8174ffc000-7f8174ffd000 r--p 0001a000 103:02 5259687                   /home/pan/.javacpp/cache/ffmpeg-6.0-1.5.9-linux-x86_64.jar/org/bytedeco/ffmpeg/linux-x86_64/libjniswscale.so
7f8174ffd000-7f8174ffe000 rw-p 0001b000 103:02 5259687                   /home/pan/.javacpp/cache/ffmpeg-6.0-1.5.9-linux-x86_64.jar/org/bytedeco/ffmpeg/linux-x86_64/libjniswscale.so
7f8174ffe000-7f8174fff000 ---p 00000000 00:00 0 
7f8174fff000-7f81750ff000 rw-p 00000000 00:00 0 
7f81750ff000-7f8175200000 rw-p 00000000 00:00 0 
7f8175200000-7f8175224000 r-xp 00000000 103:02 4342135                   /home/pan/.jdks/corretto-17.0.14/lib/libjava.so
7f8175224000-7f8175424000 ---p 00024000 103:02 4342135                   /home/pan/.jdks/corretto-17.0.14/lib/libjava.so
7f8175424000-7f8175425000 r--p 00024000 103:02 4342135                   /home/pan/.jdks/corretto-17.0.14/lib/libjava.so
7f8175425000-7f8175426000 rw-p 00025000 103:02 4342135                   /home/pan/.jdks/corretto-17.0.14/lib/libjava.so
7f8175426000-7f8175427000 rw-p 00000000 00:00 0 
7f8175427000-7f817542a000 r--p 00000000 103:02 6849600                   /opt/rocm-6.1.0/lib/libOpenCL.so.1.2
7f817542a000-7f817542e000 r-xp 00003000 103:02 6849600                   /opt/rocm-6.1.0/lib/libOpenCL.so.1.2
7f817542e000-7f8175430000 r--p 00007000 103:02 6849600                   /opt/rocm-6.1.0/lib/libOpenCL.so.1.2
7f8175430000-7f8175431000 r--p 00008000 103:02 6849600                   /opt/rocm-6.1.0/lib/libOpenCL.so.1.2
7f8175431000-7f8175432000 rw-p 00009000 103:02 6849600                   /opt/rocm-6.1.0/lib/libOpenCL.so.1.2
7f8175432000-7f817545f000 r--p 00000000 103:02 5259681                   /home/pan/.javacpp/cache/ffmpeg-6.0-1.5.9-linux-x86_64.jar/org/bytedeco/ffmpeg/linux-x86_64/libjniavcodec.so
7f817545f000-7f817549c000 r-xp 0002d000 103:02 5259681                   /home/pan/.javacpp/cache/ffmpeg-6.0-1.5.9-linux-x86_64.jar/org/bytedeco/ffmpeg/linux-x86_64/libjniavcodec.so
7f817549c000-7f81754c4000 r--p 0006a000 103:02 5259681                   /home/pan/.javacpp/cache/ffmpeg-6.0-1.5.9-linux-x86_64.jar/org/bytedeco/ffmpeg/linux-x86_64/libjniavcodec.so
7f81754c4000-7f81754db000 r--p 00091000 103:02 5259681                   /home/pan/.javacpp/cache/ffmpeg-6.0-1.5.9-linux-x86_64.jar/org/bytedeco/ffmpeg/linux-x86_64/libjniavcodec.so
7f81754db000-7f81754dc000 rw-p 000a8000 103:02 5259681                   /home/pan/.javacpp/cache/ffmpeg-6.0-1.5.9-linux-x86_64.jar/org/bytedeco/ffmpeg/linux-x86_64/libjniavcodec.so
7f81754dc000-7f81754dd000 rw-p 00000000 00:00 0 
7f81754dd000-7f81754e0000 r--p 00000000 103:02 5259676                   /home/pan/.javacpp/cache/ffmpeg-6.0-1.5.9-linux-x86_64.jar/org/bytedeco/ffmpeg/linux-x86_64/libswresample.so.4
7f81754e0000-7f81754f4000 r-xp 00003000 103:02 5259676                   /home/pan/.javacpp/cache/ffmpeg-6.0-1.5.9-linux-x86_64.jar/org/bytedeco/ffmpeg/linux-x86_64/libswresample.so.4
7f81754f4000-7f81754f9000 r--p 00017000 103:02 5259676                   /home/pan/.javacpp/cache/ffmpeg-6.0-1.5.9-linux-x86_64.jar/org/bytedeco/ffmpeg/linux-x86_64/libswresample.so.4
7f81754f9000-7f81754fa000 ---p 0001c000 103:02 5259676                   /home/pan/.javacpp/cache/ffmpeg-6.0-1.5.9-linux-x86_64.jar/org/bytedeco/ffmpeg/linux-x86_64/libswresample.so.4
7f81754fa000-7f81754fc000 r--p 0001c000 103:02 5259676                   /home/pan/.javacpp/cache/ffmpeg-6.0-1.5.9-linux-x86_64.jar/org/bytedeco/ffmpeg/linux-x86_64/libswresample.so.4
7f81754fc000-7f81754fd000 rw-p 0001e000 103:02 5259676                   /home/pan/.javacpp/cache/ffmpeg-6.0-1.5.9-linux-x86_64.jar/org/bytedeco/ffmpeg/linux-x86_64/libswresample.so.4
7f81754fd000-7f8175800000 rw-p 00000000 00:00 0 
7f8175800000-7f817580a000 r-xp 00000000 103:02 4342167                   /home/pan/.jdks/corretto-17.0.14/lib/libinstrument.so
7f817580a000-7f8175a09000 ---p 0000a000 103:02 4342167                   /home/pan/.jdks/corretto-17.0.14/lib/libinstrument.so
7f8175a09000-7f8175a0a000 r--p 00009000 103:02 4342167                   /home/pan/.jdks/corretto-17.0.14/lib/libinstrument.so
7f8175a0a000-7f8175a0b000 rw-p 0000a000 103:02 4342167                   /home/pan/.jdks/corretto-17.0.14/lib/libinstrument.so
7f8175a0c000-7f8175a0e000 r--p 00000000 103:02 11847745                  /usr/lib/x86_64-linux-gnu/libmd.so.0.0.5
7f8175a0e000-7f8175a15000 r-xp 00002000 103:02 11847745                  /usr/lib/x86_64-linux-gnu/libmd.so.0.0.5
7f8175a15000-7f8175a17000 r--p 00009000 103:02 11847745                  /usr/lib/x86_64-linux-gnu/libmd.so.0.0.5
7f8175a17000-7f8175a18000 r--p 0000a000 103:02 11847745                  /usr/lib/x86_64-linux-gnu/libmd.so.0.0.5
7f8175a18000-7f8175a19000 rw-p 0000b000 103:02 11847745                  /usr/lib/x86_64-linux-gnu/libmd.so.0.0.5
7f8175a19000-7f8175a1b000 r--p 00000000 103:02 11846801                  /usr/lib/x86_64-linux-gnu/libXdmcp.so.6.0.0
7f8175a1b000-7f8175a1d000 r-xp 00002000 103:02 11846801                  /usr/lib/x86_64-linux-gnu/libXdmcp.so.6.0.0
7f8175a1d000-7f8175a1f000 r--p 00004000 103:02 11846801                  /usr/lib/x86_64-linux-gnu/libXdmcp.so.6.0.0
7f8175a1f000-7f8175a20000 r--p 00005000 103:02 11846801                  /usr/lib/x86_64-linux-gnu/libXdmcp.so.6.0.0
7f8175a20000-7f8175a21000 rw-p 00006000 103:02 11846801                  /usr/lib/x86_64-linux-gnu/libXdmcp.so.6.0.0
7f8175a21000-7f8175e00000 rw-p 00000000 00:00 0 
7f8175e00000-7f8175e1b000 r-xp 00000000 103:02 4342136                   /home/pan/.jdks/corretto-17.0.14/lib/libjimage.so
7f8175e1b000-7f817601a000 ---p 0001b000 103:02 4342136                   /home/pan/.jdks/corretto-17.0.14/lib/libjimage.so
7f817601a000-7f817601c000 r--p 0001a000 103:02 4342136                   /home/pan/.jdks/corretto-17.0.14/lib/libjimage.so
7f817601c000-7f817601d000 rw-p 0001c000 103:02 4342136                   /home/pan/.jdks/corretto-17.0.14/lib/libjimage.so
7f8176023000-7f8176026000 r--p 00000000 103:02 11848385                  /usr/lib/x86_64-linux-gnu/libxcb-xfixes.so.0.0.0
7f8176026000-7f8176029000 r-xp 00003000 103:02 11848385                  /usr/lib/x86_64-linux-gnu/libxcb-xfixes.so.0.0.0
7f8176029000-7f817602a000 r--p 00006000 103:02 11848385                  /usr/lib/x86_64-linux-gnu/libxcb-xfixes.so.0.0.0
7f817602a000-7f817602b000 ---p 00007000 103:02 11848385                  /usr/lib/x86_64-linux-gnu/libxcb-xfixes.so.0.0.0
7f817602b000-7f817602c000 r--p 00007000 103:02 11848385                  /usr/lib/x86_64-linux-gnu/libxcb-xfixes.so.0.0.0
7f817602c000-7f817602d000 rw-p 00008000 103:02 11848385                  /usr/lib/x86_64-linux-gnu/libxcb-xfixes.so.0.0.0
7f817602d000-7f817604e000 r--p 00000000 103:02 12351393                  /usr/share/locale-langpack/zh_CN/LC_MESSAGES/libc.mo
7f817604e000-7f817608f000 rw-p 00000000 00:00 0 
7f817608f000-7f8176095000 r--p 00000000 103:02 5259678                   /home/pan/.javacpp/cache/ffmpeg-6.0-1.5.9-linux-x86_64.jar/org/bytedeco/ffmpeg/linux-x86_64/libjniswresample.so
7f8176095000-7f817609f000 r-xp 00006000 103:02 5259678                   /home/pan/.javacpp/cache/ffmpeg-6.0-1.5.9-linux-x86_64.jar/org/bytedeco/ffmpeg/linux-x86_64/libjniswresample.so
7f817609f000-7f81760a4000 r--p 00010000 103:02 5259678                   /home/pan/.javacpp/cache/ffmpeg-6.0-1.5.9-linux-x86_64.jar/org/bytedeco/ffmpeg/linux-x86_64/libjniswresample.so
7f81760a4000-7f81760a5000 r--p 00014000 103:02 5259678                   /home/pan/.javacpp/cache/ffmpeg-6.0-1.5.9-linux-x86_64.jar/org/bytedeco/ffmpeg/linux-x86_64/libjniswresample.so
7f81760a5000-7f81760a6000 rw-p 00015000 103:02 5259678                   /home/pan/.javacpp/cache/ffmpeg-6.0-1.5.9-linux-x86_64.jar/org/bytedeco/ffmpeg/linux-x86_64/libjniswresample.so
7f81760a6000-7f81760a9000 r--p 00000000 103:02 11847384                  /usr/lib/x86_64-linux-gnu/libgcc_s.so.1
7f81760a9000-7f81760c0000 r-xp 00003000 103:02 11847384                  /usr/lib/x86_64-linux-gnu/libgcc_s.so.1
7f81760c0000-7f81760c4000 r--p 0001a000 103:02 11847384                  /usr/lib/x86_64-linux-gnu/libgcc_s.so.1
7f81760c4000-7f81760c5000 r--p 0001d000 103:02 11847384                  /usr/lib/x86_64-linux-gnu/libgcc_s.so.1
7f81760c5000-7f81760c6000 rw-p 0001e000 103:02 11847384                  /usr/lib/x86_64-linux-gnu/libgcc_s.so.1
7f81760c6000-7f8176400000 rw-p 00000000 00:00 0 
7f8176400000-7f81776c9000 r-xp 00000000 103:02 4342150                   /home/pan/.jdks/corretto-17.0.14/lib/server/libjvm.so
7f81776c9000-7f81778c9000 ---p 012c9000 103:02 4342150                   /home/pan/.jdks/corretto-17.0.14/lib/server/libjvm.so
7f81778c9000-7f8177982000 r--p 012c9000 103:02 4342150                   /home/pan/.jdks/corretto-17.0.14/lib/server/libjvm.so
7f8177982000-7f81779b7000 rw-p 01382000 103:02 4342150                   /home/pan/.jdks/corretto-17.0.14/lib/server/libjvm.so
7f81779b7000-7f8177a12000 rw-p 00000000 00:00 0 
7f8177a13000-7f8177a14000 r--p 00000000 103:02 11846790                  /usr/lib/x86_64-linux-gnu/libXau.so.6.0.0
7f8177a14000-7f8177a16000 r-xp 00001000 103:02 11846790                  /usr/lib/x86_64-linux-gnu/libXau.so.6.0.0
7f8177a16000-7f8177a17000 r--p 00003000 103:02 11846790                  /usr/lib/x86_64-linux-gnu/libXau.so.6.0.0
7f8177a17000-7f8177a18000 r--p 00003000 103:02 11846790                  /usr/lib/x86_64-linux-gnu/libXau.so.6.0.0
7f8177a18000-7f8177a19000 rw-p 00004000 103:02 11846790                  /usr/lib/x86_64-linux-gnu/libXau.so.6.0.0
7f8177a19000-7f8177a1a000 r--p 00000000 103:02 11848377                  /usr/lib/x86_64-linux-gnu/libxcb-shape.so.0.0.0
7f8177a1a000-7f8177a1b000 r-xp 00001000 103:02 11848377                  /usr/lib/x86_64-linux-gnu/libxcb-shape.so.0.0.0
7f8177a1b000-7f8177a1c000 r--p 00002000 103:02 11848377                  /usr/lib/x86_64-linux-gnu/libxcb-shape.so.0.0.0
7f8177a1c000-7f8177a1d000 r--p 00002000 103:02 11848377                  /usr/lib/x86_64-linux-gnu/libxcb-shape.so.0.0.0
7f8177a1d000-7f8177a1e000 rw-p 00003000 103:02 11848377                  /usr/lib/x86_64-linux-gnu/libxcb-shape.so.0.0.0
7f8177a1e000-7f8177e00000 rw-p 00000000 00:00 0 
7f8177e00000-7f8177e28000 r--p 00000000 103:02 11819770                  /usr/lib/x86_64-linux-gnu/libc.so.6
7f8177e28000-7f8177fbd000 r-xp 00028000 103:02 11819770                  /usr/lib/x86_64-linux-gnu/libc.so.6
7f8177fbd000-7f8178015000 r--p 001bd000 103:02 11819770                  /usr/lib/x86_64-linux-gnu/libc.so.6
7f8178015000-7f8178016000 ---p 00215000 103:02 11819770                  /usr/lib/x86_64-linux-gnu/libc.so.6
7f8178016000-7f817801a000 r--p 00215000 103:02 11819770                  /usr/lib/x86_64-linux-gnu/libc.so.6
7f817801a000-7f817801c000 rw-p 00219000 103:02 11819770                  /usr/lib/x86_64-linux-gnu/libc.so.6
7f817801c000-7f8178029000 rw-p 00000000 00:00 0 
7f8178029000-7f817802a000 r--p 00000000 103:02 11848379                  /usr/lib/x86_64-linux-gnu/libxcb-shm.so.0.0.0
7f817802a000-7f817802b000 r-xp 00001000 103:02 11848379                  /usr/lib/x86_64-linux-gnu/libxcb-shm.so.0.0.0
7f817802b000-7f817802c000 r--p 00002000 103:02 11848379                  /usr/lib/x86_64-linux-gnu/libxcb-shm.so.0.0.0
7f817802c000-7f817802d000 r--p 00002000 103:02 11848379                  /usr/lib/x86_64-linux-gnu/libxcb-shm.so.0.0.0
7f817802d000-7f817802e000 rw-p 00003000 103:02 11848379                  /usr/lib/x86_64-linux-gnu/libxcb-shm.so.0.0.0
7f817802e000-7f8178033000 rw-p 00000000 00:00 0 
7f8178033000-7f8178117000 ---p 00000000 00:00 0 
7f8178117000-7f8178121000 rw-p 00000000 00:00 0 
7f8178121000-7f8178200000 ---p 00000000 00:00 0 
7f8178200000-7f817820f000 r-xp 00000000 103:02 4342137                   /home/pan/.jdks/corretto-17.0.14/lib/libjli.so
7f817820f000-7f817840e000 ---p 0000f000 103:02 4342137                   /home/pan/.jdks/corretto-17.0.14/lib/libjli.so
7f817840e000-7f817840f000 r--p 0000e000 103:02 4342137                   /home/pan/.jdks/corretto-17.0.14/lib/libjli.so
7f817840f000-7f8178410000 rw-p 0000f000 103:02 4342137                   /home/pan/.jdks/corretto-17.0.14/lib/libjli.so
7f8178423000-7f8178427000 r--p 00000000 103:02 5259663                   /home/pan/.javacpp/cache/javacpp-1.5.9-linux-x86_64.jar/org/bytedeco/javacpp/linux-x86_64/libjnijavacpp.so
7f8178427000-7f817842e000 r-xp 00004000 103:02 5259663                   /home/pan/.javacpp/cache/javacpp-1.5.9-linux-x86_64.jar/org/bytedeco/javacpp/linux-x86_64/libjnijavacpp.so
7f817842e000-7f8178432000 r--p 0000b000 103:02 5259663                   /home/pan/.javacpp/cache/javacpp-1.5.9-linux-x86_64.jar/org/bytedeco/javacpp/linux-x86_64/libjnijavacpp.so
7f8178432000-7f8178433000 r--p 0000e000 103:02 5259663                   /home/pan/.javacpp/cache/javacpp-1.5.9-linux-x86_64.jar/org/bytedeco/javacpp/linux-x86_64/libjnijavacpp.so
7f8178433000-7f8178434000 rw-p 0000f000 103:02 5259663                   /home/pan/.javacpp/cache/javacpp-1.5.9-linux-x86_64.jar/org/bytedeco/javacpp/linux-x86_64/libjnijavacpp.so
7f8178434000-7f817843b000 rw-p 00000000 00:00 0 
7f817843b000-7f8178443000 ---p 00000000 00:00 0 
7f8178443000-7f8178447000 ---p 00000000 00:00 0 
7f8178447000-7f8178543000 rw-p 00000000 00:00 0 
7f8178543000-7f8178551000 r--p 00000000 103:02 11819841                  /usr/lib/x86_64-linux-gnu/libm.so.6
7f8178551000-7f81785cd000 r-xp 0000e000 103:02 11819841                  /usr/lib/x86_64-linux-gnu/libm.so.6
7f81785cd000-7f8178628000 r--p 0008a000 103:02 11819841                  /usr/lib/x86_64-linux-gnu/libm.so.6
7f8178628000-7f8178629000 r--p 000e4000 103:02 11819841                  /usr/lib/x86_64-linux-gnu/libm.so.6
7f8178629000-7f817862a000 rw-p 000e5000 103:02 11819841                  /usr/lib/x86_64-linux-gnu/libm.so.6
7f817862a000-7f817862b000 r--p 00000000 103:02 11820205                  /usr/lib/x86_64-linux-gnu/librt.so.1
7f817862b000-7f817862c000 r-xp 00001000 103:02 11820205                  /usr/lib/x86_64-linux-gnu/librt.so.1
7f817862c000-7f817862d000 r--p 00002000 103:02 11820205                  /usr/lib/x86_64-linux-gnu/librt.so.1
7f817862d000-7f817862e000 r--p 00002000 103:02 11820205                  /usr/lib/x86_64-linux-gnu/librt.so.1
7f817862e000-7f817862f000 rw-p 00003000 103:02 11820205                  /usr/lib/x86_64-linux-gnu/librt.so.1
7f817862f000-7f8178633000 rw-p 00000000 00:00 0 
7f8178633000-7f8178634000 r--p 00000000 103:02 11819839                  /usr/lib/x86_64-linux-gnu/libdl.so.2
7f8178634000-7f8178635000 r-xp 00001000 103:02 11819839                  /usr/lib/x86_64-linux-gnu/libdl.so.2
7f8178635000-7f8178636000 r--p 00002000 103:02 11819839                  /usr/lib/x86_64-linux-gnu/libdl.so.2
7f8178636000-7f8178637000 r--p 00002000 103:02 11819839                  /usr/lib/x86_64-linux-gnu/libdl.so.2
7f8178637000-7f8178638000 rw-p 00003000 103:02 11819839                  /usr/lib/x86_64-linux-gnu/libdl.so.2
7f8178638000-7f8178639000 r--p 00000000 103:02 11820201                  /usr/lib/x86_64-linux-gnu/libpthread.so.0
7f8178639000-7f817863a000 r-xp 00001000 103:02 11820201                  /usr/lib/x86_64-linux-gnu/libpthread.so.0
7f817863a000-7f817863b000 r--p 00002000 103:02 11820201                  /usr/lib/x86_64-linux-gnu/libpthread.so.0
7f817863b000-7f817863c000 r--p 00002000 103:02 11820201                  /usr/lib/x86_64-linux-gnu/libpthread.so.0
7f817863c000-7f817863d000 rw-p 00003000 103:02 11820201                  /usr/lib/x86_64-linux-gnu/libpthread.so.0
7f817863d000-7f817863f000 r--p 00000000 103:02 11848427                  /usr/lib/x86_64-linux-gnu/libz.so.1.2.11
7f817863f000-7f8178650000 r-xp 00002000 103:02 11848427                  /usr/lib/x86_64-linux-gnu/libz.so.1.2.11
7f8178650000-7f8178656000 r--p 00013000 103:02 11848427                  /usr/lib/x86_64-linux-gnu/libz.so.1.2.11
7f8178656000-7f8178657000 ---p 00019000 103:02 11848427                  /usr/lib/x86_64-linux-gnu/libz.so.1.2.11
7f8178657000-7f8178658000 r--p 00019000 103:02 11848427                  /usr/lib/x86_64-linux-gnu/libz.so.1.2.11
7f8178658000-7f8178659000 rw-p 0001a000 103:02 11848427                  /usr/lib/x86_64-linux-gnu/libz.so.1.2.11
7f817865b000-7f8178662000 r--s 00000000 103:02 11825073                  /usr/lib/x86_64-linux-gnu/gconv/gconv-modules.cache
7f8178662000-7f817866a000 rw-s 00000000 103:02 5266100                   /tmp/hsperfdata_pan/76492
7f817866a000-7f817866b000 ---p 00000000 00:00 0 
7f817866b000-7f817866c000 r--p 00000000 00:00 0 
7f817866c000-7f817866e000 rw-p 00000000 00:00 0 
7f817866e000-7f8178670000 r--p 00000000 103:02 11819686                  /usr/lib/x86_64-linux-gnu/ld-linux-x86-64.so.2
7f8178670000-7f817869a000 r-xp 00002000 103:02 11819686                  /usr/lib/x86_64-linux-gnu/ld-linux-x86-64.so.2
7f817869a000-7f81786a5000 r--p 0002c000 103:02 11819686                  /usr/lib/x86_64-linux-gnu/ld-linux-x86-64.so.2
7f81786a5000-7f81786a6000 ---p 00000000 00:00 0 
7f81786a6000-7f81786a8000 r--p 00037000 103:02 11819686                  /usr/lib/x86_64-linux-gnu/ld-linux-x86-64.so.2
7f81786a8000-7f81786aa000 rw-p 00039000 103:02 11819686                  /usr/lib/x86_64-linux-gnu/ld-linux-x86-64.so.2
7ffc08f0c000-7ffc08f2d000 rw-p 00000000 00:00 0                          [stack]
7ffc08f60000-7ffc08f64000 r--p 00000000 00:00 0                          [vvar]
7ffc08f64000-7ffc08f66000 r-xp 00000000 00:00 0                          [vdso]
ffffffffff600000-ffffffffff601000 --xp 00000000 00:00 0                  [vsyscall]


VM Arguments:
jvm_args: -javaagent:/opt/idea/lib/idea_rt.jar=39155:/opt/idea/bin -Dfile.encoding=UTF-8 
java_command: com.saigou.Processor -XX:+HeapDumpOnOutOfMemoryError -xx:HeapDumpPath=./jvm_los/ -Xms1M -Xmx1M
java_class_path (initial): /media/pan/95C15E65414BD009/ubuntu/houduan/pandaSystem/analyzer-server-10001/target/test-classes:/media/pan/95C15E65414BD009/ubuntu/houduan/pandaSystem/analyzer-server-10001/target/classes:/home/pan/.m2/repository/org/bytedeco/javacv-platform/1.5.9/javacv-platform-1.5.9.jar:/home/pan/.m2/repository/org/bytedeco/javacv/1.5.9/javacv-1.5.9.jar:/home/pan/.m2/repository/org/bytedeco/javacpp/1.5.9/javacpp-1.5.9.jar:/home/pan/.m2/repository/org/bytedeco/openblas/0.3.23-1.5.9/openblas-0.3.23-1.5.9.jar:/home/pan/.m2/repository/org/bytedeco/opencv/4.7.0-1.5.9/opencv-4.7.0-1.5.9.jar:/home/pan/.m2/repository/org/bytedeco/ffmpeg/6.0-1.5.9/ffmpeg-6.0-1.5.9.jar:/home/pan/.m2/repository/org/bytedeco/flycapture/2.13.3.31-1.5.9/flycapture-2.13.3.31-1.5.9.jar:/home/pan/.m2/repository/org/bytedeco/libdc1394/2.2.6-1.5.9/libdc1394-2.2.6-1.5.9.jar:/home/pan/.m2/repository/org/bytedeco/libfreenect/0.5.7-1.5.9/libfreenect-0.5.7-1.5.9.jar:/home/pan/.m2/repository/org/bytedeco/libfreenect2/0.2.0-1.5.9/libfreenect2-0.2.0-1.5.9.jar:/home/pan/.m2/repository/org/bytedeco/librealsense/1.12.4-1.5.9/librealsense-1.12.4-1.5.9.jar:/home/pan/.m2/repository/org/bytedeco/librealsense2/2.53.1-1.5.9/librealsense2-2.53.1-1.5.9.jar:/home/pan/.m2/repository/org/bytedeco/videoinput/0.200-1.5.9/videoinput-0.200-1.5.9.jar:/home/pan/.m2/repository/org/bytedeco/artoolkitplus/2.3.1-1.5.9/artoolkitplus-2.3.1-1.5.9.jar:/home/pan/.m2/repository/org/bytedeco/leptonica/1.83.0-1.5.9/leptonica-1.83.0-1.5.9.jar:/home/pan/.m2/repository/org/bytedeco/tesseract/5.3.1-1.5.9/tesseract-5.3.1-1.5.9.jar:/home/pan/.m2/repository/org/openjfx/javafx-graphics/17/javafx-graphics-17.jar:/home/pan/.m2/repository/org/openjfx/javafx-graphics/17/javafx-graphics-17-linux.jar:/home/pan/.m2/repository/org/openjfx/javafx-base/17/javafx-base-17.jar:/home/pan/.m2/repository/org/openjfx/javafx-base/17/javafx-base-17-linux.jar:/home/pan/.m2/repository/org/bytedeco/openblas-platform/0.3.23-1.5.9/openblas-platform-0.3.23-
Launcher Type: SUN_STANDARD

[Global flags]
     intx CICompilerCount                          = 12                                        {product} {ergonomic}
     uint ConcGCThreads                            = 3                                         {product} {ergonomic}
     uint G1ConcRefinementThreads                  = 13                                        {product} {ergonomic}
   size_t G1HeapRegionSize                         = 4194304                                   {product} {ergonomic}
    uintx GCDrainStackTargetSize                   = 64                                        {product} {ergonomic}
   size_t InitialHeapSize                          = 461373440                                 {product} {ergonomic}
   size_t MarkStackSize                            = 4194304                                   {product} {ergonomic}
   size_t MaxHeapSize                              = 7319060480                                {product} {ergonomic}
   size_t MaxNewSize                               = 4391436288                                {product} {ergonomic}
   size_t MinHeapDeltaBytes                        = 4194304                                   {product} {ergonomic}
   size_t MinHeapSize                              = 8388608                                   {product} {ergonomic}
    uintx NonNMethodCodeHeapSize                   = 7602480                                {pd product} {ergonomic}
    uintx NonProfiledCodeHeapSize                  = 122027880                              {pd product} {ergonomic}
    uintx ProfiledCodeHeapSize                     = 122027880                              {pd product} {ergonomic}
    uintx ReservedCodeCacheSize                    = 251658240                              {pd product} {ergonomic}
     bool SegmentedCodeCache                       = true                                      {product} {ergonomic}
   size_t SoftMaxHeapSize                          = 7319060480                             {manageable} {ergonomic}
     bool UseCompressedClassPointers               = true                           {product lp64_product} {ergonomic}
     bool UseCompressedOops                        = true                           {product lp64_product} {ergonomic}
     bool UseG1GC                                  = true                                      {product} {ergonomic}

Logging:
Log output configuration:
 #0: stdout all=warning uptime,level,tags
 #1: stderr all=off uptime,level,tags

Environment Variables:
PATH=/usr/local/sbin:/usr/local/bin:/usr/sbin:/usr/bin:/sbin:/bin:/usr/games:/usr/local/games:/snap/bin:/snap/bin
USERNAME=pan
SHELL=/bin/bash
DISPLAY=:0
LANG=zh_CN.UTF-8
LC_NUMERIC=zh_CN.UTF-8
LC_TIME=zh_CN.UTF-8

Active Locale:
LC_ALL=zh_CN.UTF-8
LC_COLLATE=zh_CN.UTF-8
LC_CTYPE=zh_CN.UTF-8
LC_MESSAGES=zh_CN.UTF-8
LC_MONETARY=zh_CN.UTF-8
LC_NUMERIC=zh_CN.UTF-8
LC_TIME=zh_CN.UTF-8

Signal Handlers:
   SIGSEGV: crash_handler in libjvm.so, mask=11100100010111111101111111111110, flags=SA_RESTART|SA_SIGINFO, unblocked
    SIGBUS: crash_handler in libjvm.so, mask=11100100010111111101111111111110, flags=SA_RESTART|SA_SIGINFO, unblocked
    SIGFPE: crash_handler in libjvm.so, mask=11100100010111111101111111111110, flags=SA_RESTART|SA_SIGINFO, unblocked
   SIGPIPE: javaSignalHandler in libjvm.so, mask=11100100010111111101111111111110, flags=SA_RESTART|SA_SIGINFO, blocked
   SIGXFSZ: javaSignalHandler in libjvm.so, mask=11100100010111111101111111111110, flags=SA_RESTART|SA_SIGINFO, blocked
    SIGILL: crash_handler in libjvm.so, mask=11100100010111111101111111111110, flags=SA_RESTART|SA_SIGINFO, unblocked
   SIGUSR2: SR_handler in libjvm.so, mask=00100000000000000000000000000000, flags=SA_RESTART|SA_SIGINFO, blocked
    SIGHUP: UserHandler in libjvm.so, mask=11100100010111111101111111111110, flags=SA_RESTART|SA_SIGINFO, blocked
    SIGINT: UserHandler in libjvm.so, mask=11100100010111111101111111111110, flags=SA_RESTART|SA_SIGINFO, blocked
   SIGTERM: UserHandler in libjvm.so, mask=11100100010111111101111111111110, flags=SA_RESTART|SA_SIGINFO, blocked
   SIGQUIT: UserHandler in libjvm.so, mask=11100100010111111101111111111110, flags=SA_RESTART|SA_SIGINFO, blocked
   SIGTRAP: crash_handler in libjvm.so, mask=11100100010111111101111111111110, flags=SA_RESTART|SA_SIGINFO, unblocked


Periodic native trim disabled


---------------  S Y S T E M  ---------------

OS:
DISTRIB_ID=Ubuntu
DISTRIB_RELEASE=22.04
DISTRIB_CODENAME=jammy
DISTRIB_DESCRIPTION="Ubuntu 22.04.5 LTS"
uname: Linux 6.8.0-52-generic #53~22.04.1-Ubuntu SMP PREEMPT_DYNAMIC Wed Jan 15 19:18:46 UTC 2 x86_64
OS uptime: 0 days 8:54 hours
libc: glibc 2.35 NPTL 2.35 
rlimit (soft/hard): STACK 8192k/infinity , CORE 0k/infinity , NPROC 111345/111345 , NOFILE 1048576/1048576 , AS infinity/infinity , CPU infinity/infinity , DATA infinity/infinity , FSIZE infinity/infinity , MEMLOCK 3572968k/3572968k
load average: 1.46 2.35 1.62

/proc/meminfo:
MemTotal:       28583748 kB
MemFree:         6938152 kB
MemAvailable:   10116320 kB
Buffers:           85716 kB
Cached:          3363232 kB
SwapCached:            0 kB
Active:          9161192 kB
Inactive:       10900860 kB
Active(anon):    8436948 kB
Inactive(anon):  8315788 kB
Active(file):     724244 kB
Inactive(file):  2585072 kB
Unevictable:         200 kB
Mlocked:             200 kB
SwapTotal:             0 kB
SwapFree:              0 kB
Zswap:                 0 kB
Zswapped:              0 kB
Dirty:             45312 kB
Writeback:             0 kB
AnonPages:      16625860 kB
Mapped:          2171032 kB
Shmem:            139576 kB
KReclaimable:     300396 kB
Slab:             711908 kB
SReclaimable:     300396 kB
SUnreclaim:       411512 kB
KernelStack:       48448 kB
PageTables:       146892 kB
SecPageTables:         0 kB
NFS_Unstable:          0 kB
Bounce:                0 kB
WritebackTmp:          0 kB
CommitLimit:    14291872 kB
Committed_AS:   53378120 kB
VmallocTotal:   34359738367 kB
VmallocUsed:      100080 kB
VmallocChunk:          0 kB
Percpu:            17600 kB
HardwareCorrupted:     0 kB
AnonHugePages:    268288 kB
ShmemHugePages:        0 kB
ShmemPmdMapped:        0 kB
FileHugePages:         0 kB
FilePmdMapped:         0 kB
Unaccepted:            0 kB
HugePages_Total:       0
HugePages_Free:        0
HugePages_Rsvd:        0
HugePages_Surp:        0
Hugepagesize:       2048 kB
Hugetlb:               0 kB
DirectMap4k:      776644 kB
DirectMap2M:    25286656 kB
DirectMap1G:     3145728 kB

/sys/kernel/mm/transparent_hugepage/enabled: always [madvise] never
/sys/kernel/mm/transparent_hugepage/hpage_pmd_size: 2097152
/sys/kernel/mm/transparent_hugepage/defrag (defrag/compaction efforts parameter): always defer defer+madvise [madvise] never

Process Memory:
Virtual Size: 20462480K (peak: 20704496K)
Resident Set Size: 1083568K (peak: 1294876K) (anon: 1037660K, file: 45908K, shmem: 0K)
Swapped out: 0K
C-Heap outstanding allocations: 798904K, retained: 167371K
glibc malloc tunables: (default)

/proc/sys/kernel/threads-max (system-wide limit on the number of threads): 222691
/proc/sys/vm/max_map_count (maximum number of memory map areas a process may have): 65530
/proc/sys/vm/swappiness (control to define how aggressively the kernel swaps out anonymous memory): 60
/proc/sys/kernel/pid_max (system-wide limit on number of process identifiers): 4194304

container (cgroup) information:
container_type: cgroupv2
cpu_cpuset_cpus: not supported
cpu_memory_nodes: not supported
active_processor_count: 16
cpu_quota: not supported
cpu_period: not supported
cpu_shares: not supported
memory_limit_in_bytes: unlimited
memory_and_swap_limit_in_bytes: unlimited
memory_soft_limit_in_bytes: unlimited
memory_usage_in_bytes: 7792660 k
memory_max_usage_in_bytes: not supported
memory_swap_current_in_bytes: unlimited
memory_swap_max_limit_in_bytes: unlimited
maximum number of tasks: 33403
current number of tasks: 932

Steal ticks since vm start: 0
Steal ticks percentage since vm start:  0.000

CPU: total 16 (initial active 16) (16 cores per cpu, 2 threads per core) family 25 model 80 stepping 0 microcode 0xa50000c, cx8, cmov, fxsr, ht, mmx, 3dnowpref, sse, sse2, sse3, ssse3, sse4a, sse4.1, sse4.2, popcnt, lzcnt, tsc, tscinvbit, avx, avx2, aes, erms, clmul, bmi1, bmi2, adx, sha, fma, vzeroupper, clflush, clflushopt
CPU Model and flags from /proc/cpuinfo:
model name	: AMD Ryzen 7 5800H with Radeon Graphics
flags		: fpu vme de pse tsc msr pae mce cx8 apic sep mtrr pge mca cmov pat pse36 clflush mmx fxsr sse sse2 ht syscall nx mmxext fxsr_opt pdpe1gb rdtscp lm constant_tsc rep_good nopl nonstop_tsc cpuid extd_apicid aperfmperf rapl pni pclmulqdq monitor ssse3 fma cx16 sse4_1 sse4_2 movbe popcnt aes xsave avx f16c rdrand lahf_lm cmp_legacy svm extapic cr8_legacy abm sse4a misalignsse 3dnowprefetch osvw ibs skinit wdt tce topoext perfctr_core perfctr_nb bpext perfctr_llc mwaitx cpb cat_l3 cdp_l3 hw_pstate ssbd mba ibrs ibpb stibp vmmcall fsgsbase bmi1 avx2 smep bmi2 erms invpcid cqm rdt_a rdseed adx smap clflushopt clwb sha_ni xsaveopt xsavec xgetbv1 xsaves cqm_llc cqm_occup_llc cqm_mbm_total cqm_mbm_local user_shstk clzero irperf xsaveerptr rdpru wbnoinvd cppc arat npt lbrv svm_lock nrip_save tsc_scale vmcb_clean flushbyasid decodeassists pausefilter pfthreshold avic v_vmsave_vmload vgif v_spec_ctrl umip pku ospke vaes vpclmulqdq rdpid overflow_recov succor smca fsrm debug_swap

Online cpus: 0-15
Offline cpus: 
BIOS frequency limitation: <Not Available>
Frequency switch latency (ns): 0
Available cpu frequencies: <Not Available>
Current governor: powersave
Core performance/turbo boost: <Not Available>

Memory: 4k page, physical 28583748k(6938152k free), swap 0k(0k free)
Page Sizes: 4k

vm_info: OpenJDK 64-Bit Server VM (17.0.14+7-LTS) for linux-amd64 JRE (17.0.14+7-LTS), built on Jan  7 2025 20:04:38 by "jenkins" with gcc 7.3.1 20180303 (Red Hat 7.3.1-5)

END.
