#
# A fatal error has been detected by the Java Runtime Environment:
#
#  SIGSEGV (0xb) at pc=0x0000731a60ebd56b, pid=43167, tid=43317
#
# JRE version: OpenJDK Runtime Environment Corretto-17.0.14.7.1 (17.0.14+7) (build 17.0.14+7-LTS)
# Java VM: OpenJDK 64-Bit Server VM Corretto-17.0.14.7.1 (17.0.14+7-LTS, mixed mode, sharing, tiered, compressed oops, compressed class ptrs, g1 gc, linux-amd64)
# Problematic frame:
# C  [libopencv_imgproc.so.407+0x2bd56b]
#
# Core dump will be written. Default location: Core dumps may be processed with "/usr/share/apport/apport -p%p -s%s -c%c -d%d -P%P -u%u -g%g -- %E" (or dumping to /media/pan/95C15E65414BD009/ubuntu/houduan/pandaSystem/core.43167)
#
# If you would like to submit a bug report, please visit:
#   https://github.com/corretto/corretto-17/issues/
#

---------------  S U M M A R Y ------------

Command Line: -javaagent:/opt/idea/lib/idea_rt.jar=37835:/opt/idea/bin -Dfile.encoding=UTF-8 com.saigou.Processor

Host: AMD Ryzen 7 5800H with Radeon Graphics, 16 cores, 27G, Ubuntu 22.04.5 LTS
Time: Thu Feb 27 21:00:16 2025 CST elapsed time: 2.560442 seconds (0d 0h 0m 2s)

---------------  T H R E A D  ---------------

Current thread is native thread

Stack: [0x0000731a3ce01000,0x0000731a3d601000],  sp=0x0000731a3d5ffa00,  free space=8186k
Native frames: (J=compiled Java code, j=interpreted, Vv=VM code, C=native code)
C  [libopencv_imgproc.so.407+0x2bd56b]


siginfo: si_signo: 11 (SIGSEGV), si_code: 2 (SEGV_ACCERR), si_addr: 0x0000731aebc40040

Registers:
RAX=0x0000000000000000, RBX=0x000073184c690040, RCX=0x0000731aebc40040, RDX=0x0000731890074770
RSP=0x0000731a3d5ffa00, RBP=0x0000000000000004, RSI=0x0000731890074780, RDI=0x0000000000000200
R8 =0x0000000000000000, R9 =0x0000731844800040, R10=0x0000000000000008, R11=0x0000731890074780
R12=0x0000000000000001, R13=0x0000731aceffd6a0, R14=0x0000000000077fff, R15=0x0000000000000000
RIP=0x0000731a60ebd56b, EFLAGS=0x0000000000010246, CSGSFS=0x002b000000000033, ERR=0x0000000000000004
  TRAPNO=0x000000000000000e


Top of Stack: (sp=0x0000731a3d5ffa00)
0x0000731a3d5ffa00:   0000731a3d5ffb10 00007318000f0000
0x0000731a3d5ffa10:   000073184c690040 000000000000021c
0x0000731a3d5ffa20:   000004380000021c 0000020000078000
0x0000731a3d5ffa30:   0000010e3e800000 0000000000000000
0x0000731a3d5ffa40:   000000000000010e 0000731a3d5ffb08
0x0000731a3d5ffa50:   0007800000000004 0000731b00078000
0x0000731a3d5ffa60:   0000731844800040 0000000007e90000
0x0000731a3d5ffa70:   0000000100000004 0000000000000000
0x0000731a3d5ffa80:   0000000000000000 0000000000000000
0x0000731a3d5ffa90:   0000000200000002 0000000000000200
0x0000731a3d5ffaa0:   00000200000f0000 0000731a000f0000
0x0000731a3d5ffab0:   0000731a3d5ffc20 0000731aceffd5a0
0x0000731a3d5ffac0:   0000731a3d5ffc20 0000731a3d5ffb20
0x0000731a3d5ffad0:   0000731a3d5ffb10 0000000000000000
0x0000731a3d5ffae0:   0000000000000001 0000731aa8449224
0x0000731a3d5ffaf0:   0000000000000000 0000000000000000
0x0000731a3d5ffb00:   0000000000000000 000001520000010e
0x0000731a3d5ffb10:   0000000000000000 0000000000000000
0x0000731a3d5ffb20:   0000000000008040 0000000000000000
0x0000731a3d5ffb30:   0000000000000000 0000000000000000
0x0000731a3d5ffb40:   0000000000000000 0000000000000000
0x0000731a3d5ffb50:   0000000000000000 0000000000000000
0x0000731a3d5ffb60:   0000000000000000 0000000000000008
0x0000731a3d5ffb70:   0000000000000004 0000731890011c60
0x0000731a3d5ffb80:   0000731a3d5ffc20 0000731890011c7c
0x0000731a3d5ffb90:   0000000000000001 0000731aa845b800
0x0000731a3d5ffba0:   0000000000000000 0100000000000008
0x0000731a3d5ffbb0:   0000000000000000 0000000000000000
0x0000731a3d5ffbc0:   0000000000000000 0000000000000000
0x0000731a3d5ffbd0:   0000000000000000 0000000000000000
0x0000731a3d5ffbe0:   0000000000000000 0000000000000000
0x0000731a3d5ffbf0:   0000000000000000 0000000000000000 

Instructions: (pc=0x0000731a60ebd56b)
0x0000731a60ebd46b:   c8 eb 0d 66 90 4c 01 c8 41 8d 34 02 39 f5 7e 0e
0x0000731a60ebd47b:   0f b6 34 07 83 c2 01 01 f1 41 39 c0 7f e7 41 83
0x0000731a60ebd48b:   c3 01 45 39 e3 74 08 4c 01 ef 45 39 f3 75 c6 66
0x0000731a60ebd49b:   0f ef c0 66 0f ef c9 f3 0f 2a c1 f3 0f 2a ca f3
0x0000731a60ebd4ab:   0f 5e c1 e8 5d f9 da ff 3d ff 00 00 00 76 07 85
0x0000731a60ebd4bb:   c0 0f 9f c0 f7 d8 48 8b 5c 24 08 48 8b 4c 24 10
0x0000731a60ebd4cb:   88 04 19 48 83 c3 01 48 89 5c 24 08 39 5c 24 28
0x0000731a60ebd4db:   0f 8f 07 ff ff ff 48 8b 44 24 48 8b 40 04 e9 3c
0x0000731a60ebd4eb:   fa ff ff 85 db 0f 8e 55 08 00 00 45 31 e4 89 6c
0x0000731a60ebd4fb:   24 08 44 8d 73 ff 4c 89 e9 89 5c 24 58 4d 89 fd
0x0000731a60ebd50b:   8b 6c 24 70 4d 89 e7 48 8b 5c 24 10 44 8b 64 24
0x0000731a60ebd51b:   74 0f 1f 40 00 49 8b 85 d8 00 00 00 48 0f af 54
0x0000731a60ebd52b:   24 18 45 31 c0 4a 63 04 b8 48 01 c2 31 c0 48 01
0x0000731a60ebd53b:   d1 45 85 e4 7e 57 49 8b 95 d0 00 00 00 48 8b 44
0x0000731a60ebd54b:   24 38 45 31 c0 48 8d 72 10 4c 8d 1c 06 eb 0a 66
0x0000731a60ebd55b:   0f 1f 44 00 00 48 83 c6 10 48 63 02 48 63 7a 04
0x0000731a60ebd56b:   0f b6 04 01 0f b6 3c 39 01 f8 48 63 7a 08 48 63
0x0000731a60ebd57b:   52 0c 0f b6 3c 39 0f b6 14 11 01 f8 01 d0 48 89
0x0000731a60ebd58b:   f2 41 01 c0 49 39 f3 75 cc 8b 44 24 50 39 c5 7e
0x0000731a60ebd59b:   56 49 8b 95 d0 00 00 00 48 63 f8 48 8d 34 bd 00
0x0000731a60ebd5ab:   00 00 00 48 63 3c ba 0f b6 3c 39 41 01 f8 8d 78
0x0000731a60ebd5bb:   01 39 fd 7e 32 48 63 7c 32 04 0f b6 3c 39 41 01
0x0000731a60ebd5cb:   f8 8d 78 02 39 fd 7e 1f 48 63 7c 32 08 83 c0 03
0x0000731a60ebd5db:   0f b6 3c 39 41 01 f8 39 c5 7e 0c 48 63 44 32 0c
0x0000731a60ebd5eb:   0f b6 04 01 41 01 c0 66 0f ef c0 f3 41 0f 2a c0
0x0000731a60ebd5fb:   f3 0f 59 44 24 30 e8 0a f8 da ff 3d ff 00 00 00
0x0000731a60ebd60b:   76 27 85 c0 0f 9f c0 f7 d8 42 88 04 3b 49 8d 47
0x0000731a60ebd61b:   01 4d 39 fe 74 20 49 8b 55 50 49 8b 4d 18 49 89
0x0000731a60ebd62b:   c7 48 8b 12 e9 ec fe ff ff 42 88 04 3b 49 8d 47
0x0000731a60ebd63b:   01 4d 39 fe 75 e0 8b 6c 24 08 8b 5c 24 58 4d 89
0x0000731a60ebd64b:   ef e9 80 fd ff ff 66 0f ef c9 0f 28 c1 e9 4d fe
0x0000731a60ebd65b:   ff ff 48 81 c4 b8 00 00 00 5b 5d 41 5c 41 5d 41 



---------------  P R O C E S S  ---------------

VM state: not at safepoint (normal execution)

VM Mutex/Monitor currently owned by a thread: None

Heap address: 0x000000064bc00000, size: 6980 MB, Compressed Oops mode: Zero based, Oop shift amount: 3

CDS archive(s) mapped at: [0x0000731adb000000-0x0000731adbbc9000-0x0000731adbbc9000), size 12357632, SharedBaseAddress: 0x0000731adb000000, ArchiveRelocationMode: 1.
Compressed class space mapped at: 0x0000731adc000000-0x0000731b1c000000, reserved size: 1073741824
Narrow klass base: 0x0000731adb000000, Narrow klass shift: 0, Narrow klass range: 0x100000000

GC Precious Log:
<Skipped>

Heap:
 garbage-first heap   total 110592K, used 39667K [0x000000064bc00000, 0x0000000800000000)
  region size 4096K, 7 young (28672K), 2 survivors (8192K)
 Metaspace       used 22190K, committed 22400K, reserved 1114112K
  class space    used 2131K, committed 2240K, reserved 1048576K

Heap Regions: E=young(eden), S=young(survivor), O=old, HS=humongous(starts), HC=humongous(continues), CS=collection set, F=free, OA=open archive, CA=closed archive, TAMS=top-at-mark-start (previous, next)
|   0|0x000000064bc00000, 0x000000064c000000, 0x000000064c000000|100%| O|  |TAMS 0x000000064c000000, 0x000000064bc00000| Untracked 
|   1|0x000000064c000000, 0x000000064c400000, 0x000000064c400000|100%| O|  |TAMS 0x000000064c400000, 0x000000064c000000| Untracked 
|   2|0x000000064c400000, 0x000000064c74cc00, 0x000000064c800000| 82%| O|  |TAMS 0x000000064c74cc00, 0x000000064c400000| Complete 
|   3|0x000000064c800000, 0x000000064c800000, 0x000000064cc00000|  0%| F|  |TAMS 0x000000064c800000, 0x000000064c800000| Untracked 
|   4|0x000000064cc00000, 0x000000064cc00000, 0x000000064d000000|  0%| F|  |TAMS 0x000000064cc00000, 0x000000064cc00000| Untracked 
|   5|0x000000064d000000, 0x000000064d000000, 0x000000064d400000|  0%| F|  |TAMS 0x000000064d000000, 0x000000064d000000| Untracked 
|   6|0x000000064d400000, 0x000000064d400000, 0x000000064d800000|  0%| F|  |TAMS 0x000000064d400000, 0x000000064d400000| Untracked 
|   7|0x000000064d800000, 0x000000064d800000, 0x000000064dc00000|  0%| F|  |TAMS 0x000000064d800000, 0x000000064d800000| Untracked 
|   8|0x000000064dc00000, 0x000000064dc00000, 0x000000064e000000|  0%| F|  |TAMS 0x000000064dc00000, 0x000000064dc00000| Untracked 
|   9|0x000000064e000000, 0x000000064e000000, 0x000000064e400000|  0%| F|  |TAMS 0x000000064e000000, 0x000000064e000000| Untracked 
|  10|0x000000064e400000, 0x000000064e400000, 0x000000064e800000|  0%| F|  |TAMS 0x000000064e400000, 0x000000064e400000| Untracked 
|  11|0x000000064e800000, 0x000000064e800000, 0x000000064ec00000|  0%| F|  |TAMS 0x000000064e800000, 0x000000064e800000| Untracked 
|  12|0x000000064ec00000, 0x000000064ec00000, 0x000000064f000000|  0%| F|  |TAMS 0x000000064ec00000, 0x000000064ec00000| Untracked 
|  13|0x000000064f000000, 0x000000064f000000, 0x000000064f400000|  0%| F|  |TAMS 0x000000064f000000, 0x000000064f000000| Untracked 
|  14|0x000000064f400000, 0x000000064f400000, 0x000000064f800000|  0%| F|  |TAMS 0x000000064f400000, 0x000000064f400000| Untracked 
|  15|0x000000064f800000, 0x000000064f800000, 0x000000064fc00000|  0%| F|  |TAMS 0x000000064f800000, 0x000000064f800000| Untracked 
|  16|0x000000064fc00000, 0x000000064fc00000, 0x0000000650000000|  0%| F|  |TAMS 0x000000064fc00000, 0x000000064fc00000| Untracked 
|  17|0x0000000650000000, 0x0000000650000000, 0x0000000650400000|  0%| F|  |TAMS 0x0000000650000000, 0x0000000650000000| Untracked 
|  18|0x0000000650400000, 0x0000000650547b00, 0x0000000650800000| 32%| E|  |TAMS 0x0000000650400000, 0x0000000650400000| Complete 
|  19|0x0000000650800000, 0x0000000650c00000, 0x0000000650c00000|100%| E|CS|TAMS 0x0000000650800000, 0x0000000650800000| Complete 
|  20|0x0000000650c00000, 0x0000000651000000, 0x0000000651000000|100%| E|CS|TAMS 0x0000000650c00000, 0x0000000650c00000| Complete 
|  21|0x0000000651000000, 0x0000000651400000, 0x0000000651400000|100%| E|CS|TAMS 0x0000000651000000, 0x0000000651000000| Complete 
|  70|0x000000065d400000, 0x000000065d63c538, 0x000000065d800000| 55%| S|CS|TAMS 0x000000065d400000, 0x000000065d400000| Complete 
|  71|0x000000065d800000, 0x000000065dc00000, 0x000000065dc00000|100%| S|CS|TAMS 0x000000065d800000, 0x000000065d800000| Complete 
| 109|0x0000000667000000, 0x0000000667400000, 0x0000000667400000|100%| E|CS|TAMS 0x0000000667000000, 0x0000000667000000| Complete 
|1743|0x00000007ff800000, 0x00000007ffb75000, 0x00000007ffc00000| 86%|OA|  |TAMS 0x00000007ffb75000, 0x00000007ff800000| Untracked 
|1744|0x00000007ffc00000, 0x00000007ffc77000, 0x0000000800000000| 11%|CA|  |TAMS 0x00000007ffc77000, 0x00000007ffc00000| Untracked 

Card table byte_map: [0x0000731b47200000,0x0000731b47fa2000] _byte_map_base: 0x0000731b43fa2000

Marking Bits (Prev, Next): (CMBitMap*) 0x0000731b60061450, (CMBitMap*) 0x0000731b60061410
 Prev Bits: [0x0000731b38800000, 0x0000731b3f510000)
 Next Bits: [0x0000731b3f600000, 0x0000731b46310000)

Polling page: 0x0000731b674d5000

Metaspace:

Usage:
  Non-class:     19.59 MB used.
      Class:      2.08 MB used.
       Both:     21.67 MB used.

Virtual space:
  Non-class space:       64.00 MB reserved,      19.69 MB ( 31%) committed,  1 nodes.
      Class space:        1.00 GB reserved,       2.19 MB ( <1%) committed,  1 nodes.
             Both:        1.06 GB reserved,      21.88 MB (  2%) committed. 

Chunk freelists:
   Non-Class:  12.33 MB
       Class:  13.64 MB
        Both:  25.97 MB

MaxMetaspaceSize: unlimited
CompressedClassSpaceSize: 1.00 GB
Initial GC threshold: 21.00 MB
Current GC threshold: 35.25 MB
CDS: on
MetaspaceReclaimPolicy: balanced
 - commit_granule_bytes: 65536.
 - commit_granule_words: 8192.
 - virtual_space_node_default_size: 8388608.
 - enlarge_chunks_in_place: 1.
 - new_chunks_are_fully_committed: 0.
 - uncommit_free_chunks: 1.
 - use_allocation_guard: 0.
 - handle_deallocations: 1.


Internal statistics:

num_allocs_failed_limit: 3.
num_arena_births: 106.
num_arena_deaths: 0.
num_vsnodes_births: 2.
num_vsnodes_deaths: 0.
num_space_committed: 348.
num_space_uncommitted: 0.
num_chunks_returned_to_freelist: 3.
num_chunks_taken_from_freelist: 725.
num_chunk_merges: 3.
num_chunk_splits: 625.
num_chunks_enlarged: 569.
num_inconsistent_stats: 0.

CodeHeap 'non-profiled nmethods': size=119168Kb used=1468Kb max_used=1468Kb free=117699Kb
 bounds [0x0000731b509a0000, 0x0000731b50c10000, 0x0000731b57e00000]
CodeHeap 'profiled nmethods': size=119164Kb used=4193Kb max_used=4193Kb free=114970Kb
 bounds [0x0000731b48e00000, 0x0000731b49220000, 0x0000731b5025f000]
CodeHeap 'non-nmethods': size=7428Kb used=3447Kb max_used=3461Kb free=3980Kb
 bounds [0x0000731b5025f000, 0x0000731b505cf000, 0x0000731b509a0000]
 total_blobs=3211 nmethods=2034 adapters=1087
 compilation: enabled
              stopped_count=0, restarted_count=0
 full_count=0

Compilation events (20 events):
Event: 2.535 Thread 0x0000731b60166930 2007       3       org.bytedeco.javacpp.Pointer::capacity (12 bytes)
Event: 2.536 Thread 0x0000731b60166930 nmethod 2007 0x0000731b49213d90 code [0x0000731b49213f20, 0x0000731b49214030]
Event: 2.538 Thread 0x0000731b601653f0 nmethod 1979% 0x0000731b50b0b610 code [0x0000731b50b0b7c0, 0x0000731b50b0c058]
Event: 2.538 Thread 0x0000731b601653f0 1980       4       java.net.URI$Parser::scan (76 bytes)
Event: 2.539 Thread 0x0000731aa4044640 2011       3       jdk.internal.misc.Unsafe::getAndAddInt (27 bytes)
Event: 2.539 Thread 0x0000731aa4044640 nmethod 2011 0x0000731b49214110 code [0x0000731b492142c0, 0x0000731b49214500]
Event: 2.540 Thread 0x0000731b601653f0 nmethod 1980 0x0000731b50b0c310 code [0x0000731b50b0c4c0, 0x0000731b50b0c738]
Event: 2.540 Thread 0x0000731b601653f0 1982       4       org.bytedeco.javacpp.ClassProperties::addAll (199 bytes)
Event: 2.545 Thread 0x0000731b60166930 2014       3       org.bytedeco.javacpp.Pointer::position (7 bytes)
Event: 2.545 Thread 0x0000731b60166930 nmethod 2014 0x0000731b49214610 code [0x0000731b492147a0, 0x0000731b492148b0]
Event: 2.547 Thread 0x0000731b60166930 2015       1       java.lang.Thread::isInterrupted (5 bytes)
Event: 2.547 Thread 0x0000731b60166930 nmethod 2015 0x0000731b50b0c990 code [0x0000731b50b0cb20, 0x0000731b50b0cbf0]
Event: 2.548 Thread 0x0000731aa4229950 2016       3       java.lang.String::getBytes (44 bytes)
Event: 2.548 Thread 0x0000731aa4229950 nmethod 2016 0x0000731b49214990 code [0x0000731b49214b60, 0x0000731b49214e50]
Event: 2.549 Thread 0x0000731aa4229950 2017       3       java.lang.StringConcatHelper::prepend (37 bytes)
Event: 2.549 Thread 0x0000731b60166930 2018       3       org.bytedeco.javacpp.Pointer::isNull (15 bytes)
Event: 2.549 Thread 0x0000731aa4229950 nmethod 2017 0x0000731b49214f90 code [0x0000731b49215160, 0x0000731b49215430]
Event: 2.549 Thread 0x0000731b60166930 nmethod 2018 0x0000731b49215590 code [0x0000731b49215720, 0x0000731b49215890]
Event: 2.550 Thread 0x0000731aa4044640 2020       3       java.nio.MappedByteBuffer::limit (8 bytes)
Event: 2.550 Thread 0x0000731aa4044640 nmethod 2020 0x0000731b49215910 code [0x0000731b49215ac0, 0x0000731b49215c60]

GC Heap History (10 events):
Event: 0.178 GC heap before
{Heap before GC invocations=0 (full 0):
 garbage-first heap   total 458752K, used 20400K [0x000000064bc00000, 0x0000000800000000)
  region size 4096K, 5 young (20480K), 0 survivors (0K)
 Metaspace       used 1165K, committed 1344K, reserved 1114112K
  class space    used 69K, committed 128K, reserved 1048576K
}
Event: 0.180 GC heap after
{Heap after GC invocations=1 (full 0):
 garbage-first heap   total 458752K, used 15497K [0x000000064bc00000, 0x0000000800000000)
  region size 4096K, 1 young (4096K), 1 survivors (4096K)
 Metaspace       used 1165K, committed 1344K, reserved 1114112K
  class space    used 69K, committed 128K, reserved 1048576K
}
Event: 0.268 GC heap before
{Heap before GC invocations=1 (full 0):
 garbage-first heap   total 458752K, used 31881K [0x000000064bc00000, 0x0000000800000000)
  region size 4096K, 5 young (20480K), 1 survivors (4096K)
 Metaspace       used 2334K, committed 2432K, reserved 1114112K
  class space    used 155K, committed 192K, reserved 1048576K
}
Event: 0.270 GC heap after
{Heap after GC invocations=2 (full 0):
 garbage-first heap   total 458752K, used 15958K [0x000000064bc00000, 0x0000000800000000)
  region size 4096K, 1 young (4096K), 1 survivors (4096K)
 Metaspace       used 2334K, committed 2432K, reserved 1114112K
  class space    used 155K, committed 192K, reserved 1048576K
}
Event: 1.049 GC heap before
{Heap before GC invocations=2 (full 0):
 garbage-first heap   total 458752K, used 61014K [0x000000064bc00000, 0x0000000800000000)
  region size 4096K, 12 young (49152K), 1 survivors (4096K)
 Metaspace       used 7970K, committed 8128K, reserved 1114112K
  class space    used 863K, committed 960K, reserved 1048576K
}
Event: 1.050 GC heap after
{Heap after GC invocations=3 (full 0):
 garbage-first heap   total 458752K, used 17451K [0x000000064bc00000, 0x0000000800000000)
  region size 4096K, 1 young (4096K), 1 survivors (4096K)
 Metaspace       used 7970K, committed 8128K, reserved 1114112K
  class space    used 863K, committed 960K, reserved 1048576K
}
Event: 1.953 GC heap before
{Heap before GC invocations=3 (full 0):
 garbage-first heap   total 458752K, used 283691K [0x000000064bc00000, 0x0000000800000000)
  region size 4096K, 66 young (270336K), 1 survivors (4096K)
 Metaspace       used 20002K, committed 20160K, reserved 1114112K
  class space    used 1858K, committed 1920K, reserved 1048576K
}
Event: 1.956 GC heap after
{Heap after GC invocations=4 (full 0):
 garbage-first heap   total 458752K, used 21575K [0x000000064bc00000, 0x0000000800000000)
  region size 4096K, 2 young (8192K), 2 survivors (8192K)
 Metaspace       used 20002K, committed 20160K, reserved 1114112K
  class space    used 1858K, committed 1920K, reserved 1048576K
}
Event: 2.311 GC heap before
{Heap before GC invocations=4 (full 0):
 garbage-first heap   total 458752K, used 173127K [0x000000064bc00000, 0x0000000800000000)
  region size 4096K, 40 young (163840K), 2 survivors (8192K)
 Metaspace       used 21379K, committed 21504K, reserved 1114112K
  class space    used 2063K, committed 2112K, reserved 1048576K
}
Event: 2.313 GC heap after
{Heap after GC invocations=5 (full 0):
 garbage-first heap   total 458752K, used 21972K [0x000000064bc00000, 0x0000000800000000)
  region size 4096K, 2 young (8192K), 2 survivors (8192K)
 Metaspace       used 21379K, committed 21504K, reserved 1114112K
  class space    used 2063K, committed 2112K, reserved 1048576K
}

Dll operation events (20 events):
Event: 0.371 Loaded shared library /home/pan/.javacpp/cache/ffmpeg-6.0-1.5.9-linux-x86_64.jar/org/bytedeco/ffmpeg/linux-x86_64/libavformat.so.60
Event: 0.375 Loaded shared library /home/pan/.javacpp/cache/ffmpeg-6.0-1.5.9-linux-x86_64.jar/org/bytedeco/ffmpeg/linux-x86_64/libjniavformat.so
Event: 0.391 Loaded shared library /home/pan/.javacpp/cache/ffmpeg-6.0-1.5.9-linux-x86_64.jar/org/bytedeco/ffmpeg/linux-x86_64/libswscale.so.7
Event: 0.394 Loaded shared library /home/pan/.javacpp/cache/ffmpeg-6.0-1.5.9-linux-x86_64.jar/org/bytedeco/ffmpeg/linux-x86_64/libjniswscale.so
Event: 0.424 Loaded shared library /home/pan/.javacpp/cache/ffmpeg-6.0-1.5.9-linux-x86_64.jar/org/bytedeco/ffmpeg/linux-x86_64/libavfilter.so.9
Event: 0.429 Loaded shared library /home/pan/.javacpp/cache/ffmpeg-6.0-1.5.9-linux-x86_64.jar/org/bytedeco/ffmpeg/linux-x86_64/libjniavfilter.so
Event: 0.448 Loaded shared library /home/pan/.javacpp/cache/ffmpeg-6.0-1.5.9-linux-x86_64.jar/org/bytedeco/ffmpeg/linux-x86_64/libavdevice.so.60
Event: 0.453 Loaded shared library /home/pan/.javacpp/cache/ffmpeg-6.0-1.5.9-linux-x86_64.jar/org/bytedeco/ffmpeg/linux-x86_64/libjniavdevice.so
Event: 1.042 Loaded shared library /tmp/libio_grpc_netty_shaded_netty_transport_native_epoll_x86_643801304871825940742.so
Event: 1.236 Loaded shared library /home/pan/.javacpp/cache/openblas-0.3.23-1.5.9-linux-x86_64.jar/org/bytedeco/openblas/linux-x86_64/libgcc_s.so.1
Event: 1.239 Loaded shared library /home/pan/.javacpp/cache/openblas-0.3.23-1.5.9-linux-x86_64.jar/org/bytedeco/openblas/linux-x86_64/libquadmath.so.0
Event: 1.243 Loaded shared library /home/pan/.javacpp/cache/openblas-0.3.23-1.5.9-linux-x86_64.jar/org/bytedeco/openblas/linux-x86_64/libgfortran.so.5
Event: 1.265 Loaded shared library /home/pan/.javacpp/cache/openblas-0.3.23-1.5.9-linux-x86_64.jar/org/bytedeco/openblas/linux-x86_64/libopenblas_nolapack.so.0
Event: 1.282 Loaded shared library /home/pan/.javacpp/cache/openblas-0.3.23-1.5.9-linux-x86_64.jar/org/bytedeco/openblas/linux-x86_64/libjniopenblas_nolapack.so
Event: 1.351 Loaded shared library /home/pan/.javacpp/cache/openblas-0.3.23-1.5.9-linux-x86_64.jar/org/bytedeco/openblas/linux-x86_64/libopenblas.so.0
Event: 1.357 Loaded shared library /home/pan/.javacpp/cache/openblas-0.3.23-1.5.9-linux-x86_64.jar/org/bytedeco/openblas/linux-x86_64/libjniopenblas.so
Event: 2.219 Loaded shared library /home/pan/.javacpp/cache/opencv-4.7.0-1.5.9-linux-x86_64.jar/org/bytedeco/opencv/linux-x86_64/libopencv_core.so.407
Event: 2.270 Loaded shared library /home/pan/.javacpp/cache/opencv-4.7.0-1.5.9-linux-x86_64.jar/org/bytedeco/opencv/linux-x86_64/libopencv_imgproc.so.407
Event: 2.285 Loaded shared library /home/pan/.javacpp/cache/opencv-4.7.0-1.5.9-linux-x86_64.jar/org/bytedeco/opencv/linux-x86_64/libjniopencv_core.so
Event: 2.545 Loaded shared library /home/pan/.javacpp/cache/opencv-4.7.0-1.5.9-linux-x86_64.jar/org/bytedeco/opencv/linux-x86_64/libjniopencv_imgproc.so

Deoptimization events (20 events):
Event: 2.471 Thread 0x0000731b60033a30 Uncommon trap: trap_request=0xffffff45 fr.pc=0x0000731b509a1098 relative=0x0000000000000078
Event: 2.471 Thread 0x0000731b60033a30 Uncommon trap: reason=unstable_if action=reinterpret pc=0x0000731b509a1098 method=java.lang.String.isLatin1()Z @ 10 c2
Event: 2.471 Thread 0x0000731b60033a30 DEOPT PACKING pc=0x0000731b509a1098 sp=0x0000731b673abb50
Event: 2.471 Thread 0x0000731b60033a30 DEOPT UNPACKING pc=0x0000731b502b5699 sp=0x0000731b673abab0 mode 2
Event: 2.473 Thread 0x0000731b60033a30 Uncommon trap: trap_request=0xffffff45 fr.pc=0x0000731b50ab53a8 relative=0x0000000000000108
Event: 2.473 Thread 0x0000731b60033a30 Uncommon trap: reason=unstable_if action=reinterpret pc=0x0000731b50ab53a8 method=java.lang.StringConcatHelper.prepend(J[BLjava/lang/String;)J @ 13 c2
Event: 2.473 Thread 0x0000731b60033a30 DEOPT PACKING pc=0x0000731b50ab53a8 sp=0x0000731b673ac4d0
Event: 2.473 Thread 0x0000731b60033a30 DEOPT UNPACKING pc=0x0000731b502b5699 sp=0x0000731b673ac4a0 mode 2
Event: 2.475 Thread 0x0000731b62f10c70 Uncommon trap: trap_request=0xffffff45 fr.pc=0x0000731b50ab49f4 relative=0x00000000000000d4
Event: 2.475 Thread 0x0000731b62f10c70 Uncommon trap: reason=unstable_if action=reinterpret pc=0x0000731b50ab49f4 method=java.lang.String.getBytes([BIB)V @ 5 c2
Event: 2.475 Thread 0x0000731b62f10c70 DEOPT PACKING pc=0x0000731b50ab49f4 sp=0x0000731ad40fe620
Event: 2.475 Thread 0x0000731b62f10c70 DEOPT UNPACKING pc=0x0000731b502b5699 sp=0x0000731ad40fe5e8 mode 2
Event: 2.526 Thread 0x00007319080025d0 DEOPT PACKING pc=0x0000731b490ccd2a sp=0x0000731acf9fd390
Event: 2.526 Thread 0x00007319080025d0 DEOPT UNPACKING pc=0x0000731b502b5e2f sp=0x0000731acf9fc8a8 mode 0
Event: 2.529 Thread 0x00007319080025d0 DEOPT PACKING pc=0x0000731b48ff606a sp=0x0000731acf9fd970
Event: 2.529 Thread 0x00007319080025d0 DEOPT UNPACKING pc=0x0000731b502b5e2f sp=0x0000731acf9fce28 mode 0
Event: 2.534 Thread 0x0000731908003710 DEOPT PACKING pc=0x0000731b48ff606a sp=0x0000731aceffda50
Event: 2.534 Thread 0x0000731908003710 DEOPT UNPACKING pc=0x0000731b502b5e2f sp=0x0000731aceffcf08 mode 0
Event: 2.541 Thread 0x0000731908003710 DEOPT PACKING pc=0x0000731b48ff5fef sp=0x0000731aceffd6f0
Event: 2.541 Thread 0x0000731908003710 DEOPT UNPACKING pc=0x0000731b502b5e2f sp=0x0000731aceffcba8 mode 0

Classes loaded (20 events):
Event: 2.325 Loading class java/util/concurrent/Semaphore
Event: 2.325 Loading class java/util/concurrent/Semaphore done
Event: 2.325 Loading class java/util/concurrent/Semaphore$NonfairSync
Event: 2.325 Loading class java/util/concurrent/Semaphore$Sync
Event: 2.325 Loading class java/util/concurrent/Semaphore$Sync done
Event: 2.326 Loading class java/util/concurrent/Semaphore$NonfairSync done
Event: 2.474 Loading class java/util/concurrent/locks/AbstractQueuedSynchronizer$ConditionNode
Event: 2.474 Loading class java/util/concurrent/locks/AbstractQueuedSynchronizer$Node
Event: 2.474 Loading class java/util/concurrent/locks/AbstractQueuedSynchronizer$Node done
Event: 2.474 Loading class java/util/concurrent/locks/AbstractQueuedSynchronizer$ConditionNode done
Event: 2.474 Loading class java/nio/DirectFloatBufferU
Event: 2.474 Loading class java/nio/DirectFloatBufferU done
Event: 2.474 Loading class java/nio/DirectShortBufferU
Event: 2.474 Loading class java/nio/DirectShortBufferU done
Event: 2.521 Loading class java/util/concurrent/locks/AbstractQueuedSynchronizer$ExclusiveNode
Event: 2.521 Loading class java/util/concurrent/locks/AbstractQueuedSynchronizer$ExclusiveNode done
Event: 2.522 Loading class java/util/concurrent/FutureTask
Event: 2.523 Loading class java/util/concurrent/FutureTask done
Event: 2.523 Loading class java/util/concurrent/FutureTask$WaitNode
Event: 2.523 Loading class java/util/concurrent/FutureTask$WaitNode done

Classes unloaded (0 events):
No events

Classes redefined (0 events):
No events

Internal exceptions (20 events):
Event: 0.068 Thread 0x0000731b60033a30 Implicit null exception at 0x0000731b509b11d5 to 0x0000731b509b1338
Event: 0.170 Thread 0x0000731b60f4f7a0 Exception <a 'java/lang/NoSuchMethodError'{0x000000066636bea8}: 'java.lang.Object java.lang.invoke.DirectMethodHandle$Holder.invokeStaticInit(java.lang.Object)'> (0x000000066636bea8) 
thrown [src/hotspot/share/interpreter/linkResolver.cpp, line 759]
Event: 0.174 Thread 0x0000731b60f4f7a0 Exception <a 'java/lang/NoSuchMethodError'{0x000000066637a548}: 'void java.lang.invoke.DirectMethodHandle$Holder.invokeStatic(java.lang.Object, java.lang.Object)'> (0x000000066637a548) 
thrown [src/hotspot/share/interpreter/linkResolver.cpp, line 759]
Event: 0.181 Thread 0x0000731b60033a30 Exception <a 'java/lang/NoSuchMethodError'{0x0000000667002db0}: 'int java.lang.invoke.DirectMethodHandle$Holder.invokeStaticInit(java.lang.Object, java.lang.Object, java.lang.Object, java.lang.Object)'> (0x0000000667002db0) 
thrown [src/hotspot/share/interpreter/linkResolver.cpp, line 759]
Event: 0.182 Thread 0x0000731b60033a30 Exception <a 'java/lang/NoSuchMethodError'{0x000000066700d400}: 'java.lang.Object java.lang.invoke.DirectMethodHandle$Holder.invokeInterface(java.lang.Object, java.lang.Object)'> (0x000000066700d400) 
thrown [src/hotspot/share/interpreter/linkResolver.cpp, line 759]
Event: 0.183 Thread 0x0000731b60033a30 Exception <a 'java/lang/IncompatibleClassChangeError'{0x0000000667010a78}: Found class java.lang.Object, but interface was expected> (0x0000000667010a78) 
thrown [src/hotspot/share/interpreter/linkResolver.cpp, line 826]
Event: 0.183 Thread 0x0000731b60033a30 Exception <a 'java/lang/NoSuchMethodError'{0x0000000667013a68}: 'void java.lang.invoke.DirectMethodHandle$Holder.invokeStaticInit(java.lang.Object, java.lang.Object)'> (0x0000000667013a68) 
thrown [src/hotspot/share/interpreter/linkResolver.cpp, line 759]
Event: 0.184 Thread 0x0000731b60033a30 Exception <a 'java/lang/NoSuchMethodError'{0x0000000667019650}: 'int java.lang.invoke.DirectMethodHandle$Holder.invokeStaticInit(java.lang.Object, java.lang.Object)'> (0x0000000667019650) 
thrown [src/hotspot/share/interpreter/linkResolver.cpp, line 759]
Event: 0.880 Thread 0x0000731b60033a30 Exception <a 'java/lang/NoSuchMethodError'{0x00000006652c7268}: 'java.lang.Object java.lang.invoke.DirectMethodHandle$Holder.invokeSpecial(java.lang.Object, java.lang.Object, java.lang.Object, long, java.lang.Object)'> (0x00000006652c7268) 
thrown [src/hotspot/share/interpreter/linkResolver.cpp, line 759]
Event: 0.880 Thread 0x0000731b60033a30 Exception <a 'java/lang/NoSuchMethodError'{0x00000006652cae38}: 'java.lang.Object java.lang.invoke.Invokers$Holder.linkToTargetMethod(java.lang.Object, long, java.lang.Object, java.lang.Object)'> (0x00000006652cae38) 
thrown [src/hotspot/share/interpreter/linkResolver.cpp, line 759]
Event: 0.891 Thread 0x0000731b60033a30 Exception <a 'java/lang/ClassNotFoundException'{0x0000000665304d70}: javax/smartcardio/CardPermission> (0x0000000665304d70) 
thrown [src/hotspot/share/classfile/systemDictionary.cpp, line 256]
Event: 0.893 Thread 0x0000731b60033a30 Exception <a 'java/io/FileNotFoundException'{0x00000006653125e0}> (0x00000006653125e0) 
thrown [src/hotspot/share/prims/jni.cpp, line 516]
Event: 0.916 Thread 0x0000731b60033a30 Implicit null exception at 0x0000731b509ddfdb to 0x0000731b509de9d0
Event: 1.020 Thread 0x0000731b60033a30 Exception <a 'java/lang/UnsatisfiedLinkError'{0x00000006646523c0}: 'int io.grpc.netty.shaded.io.netty.channel.epoll.Native.offsetofEpollData()'> (0x00000006646523c0) 
thrown [src/hotspot/share/prims/nativeLookup.cpp, line 543]
Event: 1.022 Thread 0x0000731b60033a30 Exception <a 'java/lang/reflect/InvocationTargetException'{0x000000066467ba48}> (0x000000066467ba48) 
thrown [src/hotspot/share/runtime/reflection.cpp, line 1128]
Event: 1.411 Thread 0x0000731b619ebb80 Exception <a 'java/lang/NoSuchMethodError'{0x0000000662201238}: 'java.lang.Object java.lang.invoke.DirectMethodHandle$Holder.invokeStatic(java.lang.Object, java.lang.Object, long, java.lang.Object)'> (0x0000000662201238) 
thrown [src/hotspot/share/interpreter/linkResolver.cpp, line 759]
Event: 1.412 Thread 0x0000731b619ebb80 Exception <a 'java/lang/NoSuchMethodError'{0x0000000662204cd0}: 'java.lang.Object java.lang.invoke.DirectMethodHandle$Holder.invokeStaticInit(java.lang.Object, java.lang.Object, long, java.lang.Object)'> (0x0000000662204cd0) 
thrown [src/hotspot/share/interpreter/linkResolver.cpp, line 759]
Event: 1.413 Thread 0x0000731b619ebb80 Exception <a 'java/lang/NoSuchMethodError'{0x000000066220b2d0}: 'java.lang.Object java.lang.invoke.DirectMethodHandle$Holder.newInvokeSpecial(java.lang.Object, java.lang.Object, long)'> (0x000000066220b2d0) 
thrown [src/hotspot/share/interpreter/linkResolver.cpp, line 759]
Event: 1.413 Thread 0x0000731b619ebb80 Exception <a 'java/lang/NoSuchMethodError'{0x000000066220ee40}: 'java.lang.Object java.lang.invoke.Invokers$Holder.linkToTargetMethod(java.lang.Object, long, java.lang.Object)'> (0x000000066220ee40) 
thrown [src/hotspot/share/interpreter/linkResolver.cpp, line 759]
Event: 2.522 Thread 0x0000731b61a322a0 Exception <a 'java/lang/NoSuchMethodError'{0x00000006511487e8}: 'void java.lang.invoke.DirectMethodHandle$Holder.invokeSpecial(java.lang.Object, java.lang.Object, java.lang.Object)'> (0x00000006511487e8) 
thrown [src/hotspot/share/interpreter/linkResolver.cpp, line 759]

VM Operations (20 events):
Event: 1.048 Executing VM operation: G1CollectForAllocation
Event: 1.050 Executing VM operation: G1CollectForAllocation done
Event: 1.142 Executing VM operation: HandshakeAllThreads
Event: 1.142 Executing VM operation: HandshakeAllThreads done
Event: 1.145 Executing VM operation: HandshakeAllThreads
Event: 1.145 Executing VM operation: HandshakeAllThreads done
Event: 1.227 Executing VM operation: HandshakeAllThreads
Event: 1.227 Executing VM operation: HandshakeAllThreads done
Event: 1.231 Executing VM operation: HandshakeAllThreads
Event: 1.231 Executing VM operation: HandshakeAllThreads done
Event: 1.276 Executing VM operation: HandshakeAllThreads
Event: 1.277 Executing VM operation: HandshakeAllThreads done
Event: 1.953 Executing VM operation: G1CollectForAllocation
Event: 1.956 Executing VM operation: G1CollectForAllocation done
Event: 2.311 Executing VM operation: CollectForMetadataAllocation
Event: 2.313 Executing VM operation: CollectForMetadataAllocation done
Event: 2.317 Executing VM operation: G1PauseRemark
Event: 2.318 Executing VM operation: G1PauseRemark done
Event: 2.319 Executing VM operation: G1PauseCleanup
Event: 2.322 Executing VM operation: G1PauseCleanup done

Memory protections (20 events):
Event: 0.235 Protecting memory [0x0000731b26300000,0x0000731b26304000] with protection modes 0
Event: 0.242 Protecting memory [0x0000731b26200000,0x0000731b26204000] with protection modes 0
Event: 0.321 Protecting memory [0x0000731b25bd0000,0x0000731b25bd4000] with protection modes 0
Event: 0.321 Protecting memory [0x0000731b25ad0000,0x0000731b25ad4000] with protection modes 0
Event: 1.047 Protecting memory [0x0000731b26300000,0x0000731b26304000] with protection modes 0
Event: 1.215 Protecting memory [0x0000731b26200000,0x0000731b26204000] with protection modes 0
Event: 1.219 Protecting memory [0x0000731b25700000,0x0000731b25704000] with protection modes 0
Event: 1.229 Protecting memory [0x0000731b25600000,0x0000731b25604000] with protection modes 0
Event: 1.237 Protecting memory [0x0000731b25500000,0x0000731b25504000] with protection modes 0
Event: 1.444 Protecting memory [0x0000731b25100000,0x0000731b25104000] with protection modes 0
Event: 2.330 Protecting memory [0x0000731b26700000,0x0000731b26704000] with protection modes 0
Event: 2.473 Protecting memory [0x0000731b26700000,0x0000731b26704000] with protection modes 0
Event: 2.473 Protecting memory [0x0000731b30100000,0x0000731b30104000] with protection modes 0
Event: 2.474 Protecting memory [0x0000731ad4100000,0x0000731ad4104000] with protection modes 0
Event: 2.474 Protecting memory [0x0000731ad4000000,0x0000731ad4004000] with protection modes 0
Event: 2.523 Protecting memory [0x0000731acf900000,0x0000731acf904000] with protection modes 0
Event: 2.529 Protecting memory [0x0000731acef00000,0x0000731acef04000] with protection modes 0
Event: 2.536 Protecting memory [0x0000731ace500000,0x0000731ace504000] with protection modes 0
Event: 2.544 Protecting memory [0x0000731acdb00000,0x0000731acdb04000] with protection modes 0
Event: 2.550 Protecting memory [0x0000731acc100000,0x0000731acc104000] with protection modes 0

Nmethod flushes (0 events):
No events

Events (20 events):
Event: 0.790 Thread 0x0000731aa41db340 Thread exited: 0x0000731aa41db340
Event: 1.047 Thread 0x0000731b601611d0 Thread added: 0x0000731abc000ff0
Event: 1.215 Thread 0x0000731b60033a30 Thread added: 0x0000731b619e8a30
Event: 1.219 Thread 0x0000731b60033a30 Thread added: 0x0000731b619ebb80
Event: 1.228 Thread 0x0000731b619ebb80 Thread added: 0x0000731a1c0187b0
Event: 1.237 Thread 0x0000731a1c0187b0 Thread added: 0x0000731a140094e0
Event: 1.444 Thread 0x0000731b619ebb80 Thread added: 0x0000731a1c150e20
Event: 1.787 Thread 0x0000731aac105af0 Thread exited: 0x0000731aac105af0
Event: 1.787 Thread 0x0000731aa4060130 Thread exited: 0x0000731aa4060130
Event: 2.330 Thread 0x0000731aa4044640 Thread added: 0x0000731a98498150
Event: 2.472 Thread 0x0000731a98498150 Thread exited: 0x0000731a98498150
Event: 2.473 Thread 0x0000731b60033a30 Thread added: 0x0000731b61a31d20
Event: 2.473 Thread 0x0000731b60033a30 Thread added: 0x0000731b61a322a0
Event: 2.474 Thread 0x0000731b60033a30 Thread added: 0x0000731b62baf780
Event: 2.474 Thread 0x0000731b60033a30 Thread added: 0x0000731b62f10c70
Event: 2.523 Thread 0x0000731b61a322a0 Thread added: 0x00007319080025d0
Event: 2.529 Thread 0x0000731b61a322a0 Thread added: 0x0000731908003710
Event: 2.535 Thread 0x0000731b61a322a0 Thread added: 0x0000731908004760
Event: 2.544 Thread 0x0000731b61a322a0 Thread added: 0x00007319080057b0
Event: 2.550 Thread 0x0000731b61a322a0 Thread added: 0x0000731908006800


Dynamic libraries:
64bc00000-651400000 rw-p 00000000 00:00 0 
651400000-65d400000 ---p 00000000 00:00 0 
65d400000-65dc00000 rw-p 00000000 00:00 0 
65dc00000-667000000 ---p 00000000 00:00 0 
667000000-667400000 rw-p 00000000 00:00 0 
667400000-7ff800000 ---p 00000000 00:00 0 
7ff800000-7ffb00000 rw-p 00000000 00:00 0 
7ffb00000-7ffb75000 rw-p 00c78000 103:02 4342152                         /home/pan/.jdks/corretto-17.0.14/lib/server/classes.jsa
7ffb75000-7ffc00000 rw-p 00000000 00:00 0 
7ffc00000-7ffc77000 rw-p 00c01000 103:02 4342152                         /home/pan/.jdks/corretto-17.0.14/lib/server/classes.jsa
7ffc77000-800000000 rw-p 00000000 00:00 0 
61d712c00000-61d712c01000 r-xp 00000000 103:02 4342252                   /home/pan/.jdks/corretto-17.0.14/bin/java
61d712e01000-61d712e02000 r--p 00001000 103:02 4342252                   /home/pan/.jdks/corretto-17.0.14/bin/java
61d712e02000-61d712e03000 rw-p 00002000 103:02 4342252                   /home/pan/.jdks/corretto-17.0.14/bin/java
61d7215ef000-61d721631000 rw-p 00000000 00:00 0                          [heap]
7317c8200000-7317d7f21000 rw-p 00000000 00:00 0 
7317d8000000-7317d81e2000 rw-p 00000000 00:00 0 
7317d81e2000-7317dc000000 ---p 00000000 00:00 0 
7317dc000000-7317dc021000 rw-p 00000000 00:00 0 
7317dc021000-7317e0000000 ---p 00000000 00:00 0 
7317e4000000-7317e4021000 rw-p 00000000 00:00 0 
7317e4021000-7317e8000000 ---p 00000000 00:00 0 
7317e8000000-7317e8021000 rw-p 00000000 00:00 0 
7317e8021000-7317ec000000 ---p 00000000 00:00 0 
7317ec000000-7317ec021000 rw-p 00000000 00:00 0 
7317ec021000-7317f0000000 ---p 00000000 00:00 0 
7317f4000000-7317f4021000 rw-p 00000000 00:00 0 
7317f4021000-7317f8000000 ---p 00000000 00:00 0 
7317f8000000-7317f8021000 rw-p 00000000 00:00 0 
7317f8021000-7317fc000000 ---p 00000000 00:00 0 
731800000000-731800021000 rw-p 00000000 00:00 0 
731800021000-731804000000 ---p 00000000 00:00 0 
731804000000-731804021000 rw-p 00000000 00:00 0 
731804021000-731808000000 ---p 00000000 00:00 0 
73180c000000-73180c021000 rw-p 00000000 00:00 0 
73180c021000-731810000000 ---p 00000000 00:00 0 
731810000000-731810021000 rw-p 00000000 00:00 0 
731810021000-731814000000 ---p 00000000 00:00 0 
731814000000-731814021000 rw-p 00000000 00:00 0 
731814021000-731818000000 ---p 00000000 00:00 0 
73181c000000-73181c021000 rw-p 00000000 00:00 0 
73181c021000-731820000000 ---p 00000000 00:00 0 
731820000000-731820021000 rw-p 00000000 00:00 0 
731820021000-731824000000 ---p 00000000 00:00 0 
731824000000-731824021000 rw-p 00000000 00:00 0 
731824021000-731828000000 ---p 00000000 00:00 0 
73182c000000-73182c021000 rw-p 00000000 00:00 0 
73182c021000-731830000000 ---p 00000000 00:00 0 
731830200000-73183ff21000 rw-p 00000000 00:00 0 
731840000000-7318401e2000 rw-p 00000000 00:00 0 
7318401e2000-731844000000 ---p 00000000 00:00 0 
731844800000-731854521000 rw-p 00000000 00:00 0 
731854600000-731864321000 rw-p 00000000 00:00 0 
731864400000-731874121000 rw-p 00000000 00:00 0 
731874200000-731883f21000 rw-p 00000000 00:00 0 
731884000000-7318841e2000 rw-p 00000000 00:00 0 
7318841e2000-731888000000 ---p 00000000 00:00 0 
731888000000-7318881e2000 rw-p 00000000 00:00 0 
7318881e2000-73188c000000 ---p 00000000 00:00 0 
731890000000-731890255000 rw-p 00000000 00:00 0 
731890255000-731894000000 ---p 00000000 00:00 0 
731894000000-7318941eb000 rw-p 00000000 00:00 0 
7318941eb000-731898000000 ---p 00000000 00:00 0 
73189c000000-73189c5cc000 rw-p 00000000 00:00 0 
73189c5cc000-7318a0000000 ---p 00000000 00:00 0 
7318a0000000-7318a0620000 rw-p 00000000 00:00 0 
7318a0620000-7318a4000000 ---p 00000000 00:00 0 
7318a8000000-7318a85cc000 rw-p 00000000 00:00 0 
7318a85cc000-7318ac000000 ---p 00000000 00:00 0 
7318ac000000-7318ac5cc000 rw-p 00000000 00:00 0 
7318ac5cc000-7318b0000000 ---p 00000000 00:00 0 
7318b4000000-7318b45cc000 rw-p 00000000 00:00 0 
7318b45cc000-7318b8000000 ---p 00000000 00:00 0 
7318b8000000-7318b85cd000 rw-p 00000000 00:00 0 
7318b85cd000-7318bc000000 ---p 00000000 00:00 0 
7318c0000000-7318c05cd000 rw-p 00000000 00:00 0 
7318c05cd000-7318c4000000 ---p 00000000 00:00 0 
7318c4000000-7318c45cd000 rw-p 00000000 00:00 0 
7318c45cd000-7318c8000000 ---p 00000000 00:00 0 
7318cc000000-7318cc5cd000 rw-p 00000000 00:00 0 
7318cc5cd000-7318d0000000 ---p 00000000 00:00 0 
7318d0000000-7318d05cd000 rw-p 00000000 00:00 0 
7318d05cd000-7318d4000000 ---p 00000000 00:00 0 
7318d8000000-7318d85cd000 rw-p 00000000 00:00 0 
7318d85cd000-7318dc000000 ---p 00000000 00:00 0 
7318dc000000-7318dc5cd000 rw-p 00000000 00:00 0 
7318dc5cd000-7318e0000000 ---p 00000000 00:00 0 
7318e4000000-7318e45cd000 rw-p 00000000 00:00 0 
7318e45cd000-7318e8000000 ---p 00000000 00:00 0 
7318e8000000-7318e85cd000 rw-p 00000000 00:00 0 
7318e85cd000-7318ec000000 ---p 00000000 00:00 0 
7318f0000000-7318f05cd000 rw-p 00000000 00:00 0 
7318f05cd000-7318f4000000 ---p 00000000 00:00 0 
7318f4000000-7318f49bf000 rw-p 00000000 00:00 0 
7318f49bf000-7318f8000000 ---p 00000000 00:00 0 
7318fc000000-7318fc021000 rw-p 00000000 00:00 0 
7318fc021000-731900000000 ---p 00000000 00:00 0 
731900000000-731900021000 rw-p 00000000 00:00 0 
731900021000-731904000000 ---p 00000000 00:00 0 
731908000000-731908021000 rw-p 00000000 00:00 0 
731908021000-73190c000000 ---p 00000000 00:00 0 
73190c000000-73190ccc7000 rw-p 00000000 00:00 0 
73190ccc7000-731910000000 ---p 00000000 00:00 0 
731914000000-731914021000 rw-p 00000000 00:00 0 
731914021000-731918000000 ---p 00000000 00:00 0 
731918000000-731918239000 rw-p 00000000 00:00 0 
731918239000-73191c000000 ---p 00000000 00:00 0 
731920000000-731a10000000 rw-p 00000000 00:00 0 
731a10000000-731a10021000 rw-p 00000000 00:00 0 
731a10021000-731a14000000 ---p 00000000 00:00 0 
731a14000000-731a14021000 rw-p 00000000 00:00 0 
731a14021000-731a18000000 ---p 00000000 00:00 0 
731a1c000000-731a1c15b000 rw-p 00000000 00:00 0 
731a1c15b000-731a20000000 ---p 00000000 00:00 0 
731a20000000-731a201c7000 rw-p 00000000 00:00 0 
731a201c7000-731a24000000 ---p 00000000 00:00 0 
731a28000000-731a28170000 rw-p 00000000 00:00 0 
731a28170000-731a2c000000 ---p 00000000 00:00 0 
731a2c000000-731a2d11b000 rw-p 00000000 00:00 0 
731a2d11b000-731a30000000 ---p 00000000 00:00 0 
731a34000000-731a350ff000 rw-p 00000000 00:00 0 
731a350ff000-731a38000000 ---p 00000000 00:00 0 
731a38000000-731a39172000 rw-p 00000000 00:00 0 
731a39172000-731a3c000000 ---p 00000000 00:00 0 
731a3c400000-731a3c401000 ---p 00000000 00:00 0 
731a3c401000-731a3cc01000 rw-p 00000000 00:00 0 
731a3ce00000-731a3ce01000 ---p 00000000 00:00 0 
731a3ce01000-731a3d601000 rw-p 00000000 00:00 0 
731a3d800000-731a3d801000 ---p 00000000 00:00 0 
731a3d801000-731a3e001000 rw-p 00000000 00:00 0 
731a3e200000-731a3e201000 ---p 00000000 00:00 0 
731a3e201000-731a3ea01000 rw-p 00000000 00:00 0 
731a3ec00000-731a3ec01000 ---p 00000000 00:00 0 
731a3ec01000-731a3f401000 rw-p 00000000 00:00 0 
731a3f600000-731a3f601000 ---p 00000000 00:00 0 
731a3f601000-731a3fe01000 rw-p 00000000 00:00 0 
731a40000000-731a40021000 rw-p 00000000 00:00 0 
731a40021000-731a44000000 ---p 00000000 00:00 0 
731a44000000-731a44021000 rw-p 00000000 00:00 0 
731a44021000-731a48000000 ---p 00000000 00:00 0 
731a48400000-731a48401000 ---p 00000000 00:00 0 
731a48401000-731a48c01000 rw-p 00000000 00:00 0 
731a48e00000-731a48e01000 ---p 00000000 00:00 0 
731a48e01000-731a49601000 rw-p 00000000 00:00 0 
731a49800000-731a49801000 ---p 00000000 00:00 0 
731a49801000-731a4a001000 rw-p 00000000 00:00 0 
731a4a200000-731a4a201000 ---p 00000000 00:00 0 
731a4a201000-731a4aa01000 rw-p 00000000 00:00 0 
731a4ac00000-731a4ac01000 ---p 00000000 00:00 0 
731a4ac01000-731a4b401000 rw-p 00000000 00:00 0 
731a4b600000-731a4b601000 ---p 00000000 00:00 0 
731a4b601000-731a4be01000 rw-p 00000000 00:00 0 
731a4c000000-731a4c021000 rw-p 00000000 00:00 0 
731a4c021000-731a50000000 ---p 00000000 00:00 0 
731a50000000-731a50021000 rw-p 00000000 00:00 0 
731a50021000-731a54000000 ---p 00000000 00:00 0 
731a54a00000-731a54a01000 ---p 00000000 00:00 0 
731a54a01000-731a55201000 rw-p 00000000 00:00 0 
731a55400000-731a55401000 ---p 00000000 00:00 0 
731a55401000-731a55c01000 rw-p 00000000 00:00 0 
731a55e00000-731a55e01000 ---p 00000000 00:00 0 
731a55e01000-731a56601000 rw-p 00000000 00:00 0 
731a56800000-731a56af8000 rw-p 00000000 00:00 0 
731a56c00000-731a56f46000 rw-p 00000000 00:00 0 
731a57000000-731a57346000 rw-p 00000000 00:00 0 
731a57400000-731a57746000 rw-p 00000000 00:00 0 
731a57800000-731a57b46000 rw-p 00000000 00:00 0 
731a57c00000-731a57f46000 rw-p 00000000 00:00 0 
731a58000000-731a58021000 rw-p 00000000 00:00 0 
731a58021000-731a5c000000 ---p 00000000 00:00 0 
731a5c000000-731a5c021000 rw-p 00000000 00:00 0 
731a5c021000-731a60000000 ---p 00000000 00:00 0 
731a60400000-731a606fe000 rw-p 00000000 00:00 0 
731a60800000-731a60afe000 rw-p 00000000 00:00 0 
731a60c00000-731a60c6c000 r--p 00000000 103:02 5259722                   /home/pan/.javacpp/cache/opencv-4.7.0-1.5.9-linux-x86_64.jar/org/bytedeco/opencv/linux-x86_64/libopencv_imgproc.so.407
731a60c6c000-731a610c4000 r-xp 0006c000 103:02 5259722                   /home/pan/.javacpp/cache/opencv-4.7.0-1.5.9-linux-x86_64.jar/org/bytedeco/opencv/linux-x86_64/libopencv_imgproc.so.407
731a610c4000-731a611df000 r--p 004c4000 103:02 5259722                   /home/pan/.javacpp/cache/opencv-4.7.0-1.5.9-linux-x86_64.jar/org/bytedeco/opencv/linux-x86_64/libopencv_imgproc.so.407
731a611df000-731a611fb000 r--p 005de000 103:02 5259722                   /home/pan/.javacpp/cache/opencv-4.7.0-1.5.9-linux-x86_64.jar/org/bytedeco/opencv/linux-x86_64/libopencv_imgproc.so.407
731a611fb000-731a61204000 rw-p 005fa000 103:02 5259722                   /home/pan/.javacpp/cache/opencv-4.7.0-1.5.9-linux-x86_64.jar/org/bytedeco/opencv/linux-x86_64/libopencv_imgproc.so.407
731a61204000-731a612a4000 rw-p 00000000 00:00 0 
731a61400000-731a617e9000 r--p 00000000 103:02 5259710                   /home/pan/.javacpp/cache/openblas-0.3.23-1.5.9-linux-x86_64.jar/org/bytedeco/openblas/linux-x86_64/libjniopenblas.so
731a617e9000-731a62906000 r-xp 003e9000 103:02 5259710                   /home/pan/.javacpp/cache/openblas-0.3.23-1.5.9-linux-x86_64.jar/org/bytedeco/openblas/linux-x86_64/libjniopenblas.so
731a62906000-731a62ab0000 r--p 01506000 103:02 5259710                   /home/pan/.javacpp/cache/openblas-0.3.23-1.5.9-linux-x86_64.jar/org/bytedeco/openblas/linux-x86_64/libjniopenblas.so
731a62ab0000-731a62ab1000 ---p 016b0000 103:02 5259710                   /home/pan/.javacpp/cache/openblas-0.3.23-1.5.9-linux-x86_64.jar/org/bytedeco/openblas/linux-x86_64/libjniopenblas.so
731a62ab1000-731a62ab2000 r--p 016b0000 103:02 5259710                   /home/pan/.javacpp/cache/openblas-0.3.23-1.5.9-linux-x86_64.jar/org/bytedeco/openblas/linux-x86_64/libjniopenblas.so
731a62ab2000-731a62aba000 rw-p 016b1000 103:02 5259710                   /home/pan/.javacpp/cache/openblas-0.3.23-1.5.9-linux-x86_64.jar/org/bytedeco/openblas/linux-x86_64/libjniopenblas.so
731a62aba000-731a62abb000 rw-p 00000000 00:00 0 
731a62c00000-731a62c01000 ---p 00000000 00:00 0 
731a62c01000-731a63401000 rw-p 00000000 00:00 0 
731a63600000-731a63601000 ---p 00000000 00:00 0 
731a63601000-731a63e01000 rw-p 00000000 00:00 0 
731a64000000-731a64021000 rw-p 00000000 00:00 0 
731a64021000-731a68000000 ---p 00000000 00:00 0 
731a68000000-731a68021000 rw-p 00000000 00:00 0 
731a68021000-731a6c000000 ---p 00000000 00:00 0 
731a6c400000-731a6c401000 ---p 00000000 00:00 0 
731a6c401000-731a6cc01000 rw-p 00000000 00:00 0 
731a6ce00000-731a6ce01000 ---p 00000000 00:00 0 
731a6ce01000-731a6d601000 rw-p 00000000 00:00 0 
731a6d800000-731a6d801000 ---p 00000000 00:00 0 
731a6d801000-731a6e001000 rw-p 00000000 00:00 0 
731a6e200000-731a6e201000 ---p 00000000 00:00 0 
731a6e201000-731a6ea01000 rw-p 00000000 00:00 0 
731a6ec00000-731a6ec01000 ---p 00000000 00:00 0 
731a6ec01000-731a6f401000 rw-p 00000000 00:00 0 
731a6f600000-731a6f601000 ---p 00000000 00:00 0 
731a6f601000-731a6fe01000 rw-p 00000000 00:00 0 
731a70000000-731a70021000 rw-p 00000000 00:00 0 
731a70021000-731a74000000 ---p 00000000 00:00 0 
731a74000000-731a74021000 rw-p 00000000 00:00 0 
731a74021000-731a78000000 ---p 00000000 00:00 0 
731a78400000-731a78401000 ---p 00000000 00:00 0 
731a78401000-731a78c01000 rw-p 00000000 00:00 0 
731a78e00000-731a78e01000 ---p 00000000 00:00 0 
731a78e01000-731a79601000 rw-p 00000000 00:00 0 
731a79800000-731a79801000 ---p 00000000 00:00 0 
731a79801000-731a7a001000 rw-p 00000000 00:00 0 
731a7a200000-731a7a201000 ---p 00000000 00:00 0 
731a7a201000-731a7aa01000 rw-p 00000000 00:00 0 
731a7ac00000-731a7ac01000 ---p 00000000 00:00 0 
731a7ac01000-731a7b401000 rw-p 00000000 00:00 0 
731a7b600000-731a7b601000 ---p 00000000 00:00 0 
731a7b601000-731a7be01000 rw-p 00000000 00:00 0 
731a7c000000-731a7c021000 rw-p 00000000 00:00 0 
731a7c021000-731a80000000 ---p 00000000 00:00 0 
731a80000000-731a80021000 rw-p 00000000 00:00 0 
731a80021000-731a84000000 ---p 00000000 00:00 0 
731a84200000-731a84201000 ---p 00000000 00:00 0 
731a84201000-731a84a01000 rw-p 00000000 00:00 0 
731a84c00000-731a84d06000 r--p 00000000 103:02 5259708                   /home/pan/.javacpp/cache/openblas-0.3.23-1.5.9-linux-x86_64.jar/org/bytedeco/openblas/linux-x86_64/libopenblas.so.0
731a84d06000-731a84d16000 r-xp 00106000 103:02 5259708                   /home/pan/.javacpp/cache/openblas-0.3.23-1.5.9-linux-x86_64.jar/org/bytedeco/openblas/linux-x86_64/libopenblas.so.0
731a84d16000-731a84d18000 ---p 00116000 103:02 5259708                   /home/pan/.javacpp/cache/openblas-0.3.23-1.5.9-linux-x86_64.jar/org/bytedeco/openblas/linux-x86_64/libopenblas.so.0
731a84d18000-731a867ed000 r-xp 00118000 103:02 5259708                   /home/pan/.javacpp/cache/openblas-0.3.23-1.5.9-linux-x86_64.jar/org/bytedeco/openblas/linux-x86_64/libopenblas.so.0
731a867ed000-731a869dc000 r--p 01bed000 103:02 5259708                   /home/pan/.javacpp/cache/openblas-0.3.23-1.5.9-linux-x86_64.jar/org/bytedeco/openblas/linux-x86_64/libopenblas.so.0
731a869dc000-731a869e2000 r--p 01ddb000 103:02 5259708                   /home/pan/.javacpp/cache/openblas-0.3.23-1.5.9-linux-x86_64.jar/org/bytedeco/openblas/linux-x86_64/libopenblas.so.0
731a869e2000-731a869fa000 rw-p 01de1000 103:02 5259708                   /home/pan/.javacpp/cache/openblas-0.3.23-1.5.9-linux-x86_64.jar/org/bytedeco/openblas/linux-x86_64/libopenblas.so.0
731a869fa000-731a86a07000 rw-p 00000000 00:00 0 
731a86c00000-731a86c01000 ---p 00000000 00:00 0 
731a86c01000-731a87401000 rw-p 00000000 00:00 0 
731a87600000-731a87601000 ---p 00000000 00:00 0 
731a87601000-731a87e01000 rw-p 00000000 00:00 0 
731a88000000-731a8805b000 rw-p 00000000 00:00 0 
731a8805b000-731a8c000000 ---p 00000000 00:00 0 
731a8c000000-731a8cfdc000 rw-p 00000000 00:00 0 
731a8cfdc000-731a90000000 ---p 00000000 00:00 0 
731a90400000-731a90401000 ---p 00000000 00:00 0 
731a90401000-731a90c01000 rw-p 00000000 00:00 0 
731a90e00000-731a90e01000 ---p 00000000 00:00 0 
731a90e01000-731a91601000 rw-p 00000000 00:00 0 
731a91800000-731a91801000 ---p 00000000 00:00 0 
731a91801000-731a92001000 rw-p 00000000 00:00 0 
731a92200000-731a92201000 ---p 00000000 00:00 0 
731a92201000-731a92a01000 rw-p 00000000 00:00 0 
731a92c00000-731a92c01000 ---p 00000000 00:00 0 
731a92c01000-731a93401000 rw-p 00000000 00:00 0 
731a93600000-731a93601000 ---p 00000000 00:00 0 
731a93601000-731a93e01000 rw-p 00000000 00:00 0 
731a94000000-731a94021000 rw-p 00000000 00:00 0 
731a94021000-731a98000000 ---p 00000000 00:00 0 
731a98000000-731a9849c000 rw-p 00000000 00:00 0 
731a9849c000-731a9c000000 ---p 00000000 00:00 0 
731a9c400000-731a9c401000 ---p 00000000 00:00 0 
731a9c401000-731a9cc01000 rw-p 00000000 00:00 0 
731a9ce00000-731a9ce01000 ---p 00000000 00:00 0 
731a9ce01000-731a9d601000 rw-p 00000000 00:00 0 
731a9d800000-731a9d801000 ---p 00000000 00:00 0 
731a9d801000-731a9e001000 rw-p 00000000 00:00 0 
731a9e200000-731a9e201000 ---p 00000000 00:00 0 
731a9e201000-731a9ea01000 rw-p 00000000 00:00 0 
731a9ec00000-731a9ec01000 ---p 00000000 00:00 0 
731a9ec01000-731a9f401000 rw-p 00000000 00:00 0 
731a9f600000-731a9f601000 ---p 00000000 00:00 0 
731a9f601000-731a9fe01000 rw-p 00000000 00:00 0 
731aa0000000-731aa0021000 rw-p 00000000 00:00 0 
731aa0021000-731aa4000000 ---p 00000000 00:00 0 
731aa4000000-731aa4714000 rw-p 00000000 00:00 0 
731aa4714000-731aa8000000 ---p 00000000 00:00 0 
731aa8200000-731aa8262000 r--p 00000000 103:02 5259716                   /home/pan/.javacpp/cache/opencv-4.7.0-1.5.9-linux-x86_64.jar/org/bytedeco/opencv/linux-x86_64/libopencv_core.so.407
731aa8262000-731aa8566000 r-xp 00062000 103:02 5259716                   /home/pan/.javacpp/cache/opencv-4.7.0-1.5.9-linux-x86_64.jar/org/bytedeco/opencv/linux-x86_64/libopencv_core.so.407
731aa8566000-731aa8634000 r--p 00366000 103:02 5259716                   /home/pan/.javacpp/cache/opencv-4.7.0-1.5.9-linux-x86_64.jar/org/bytedeco/opencv/linux-x86_64/libopencv_core.so.407
731aa8634000-731aa8642000 r--p 00433000 103:02 5259716                   /home/pan/.javacpp/cache/opencv-4.7.0-1.5.9-linux-x86_64.jar/org/bytedeco/opencv/linux-x86_64/libopencv_core.so.407
731aa8642000-731aa8648000 rw-p 00441000 103:02 5259716                   /home/pan/.javacpp/cache/opencv-4.7.0-1.5.9-linux-x86_64.jar/org/bytedeco/opencv/linux-x86_64/libopencv_core.so.407
731aa8648000-731aa864e000 rw-p 00000000 00:00 0 
731aa8800000-731aa8801000 ---p 00000000 00:00 0 
731aa8801000-731aa9001000 rw-p 00000000 00:00 0 
731aa9200000-731aa9306000 r--p 00000000 103:02 5259705                   /home/pan/.javacpp/cache/openblas-0.3.23-1.5.9-linux-x86_64.jar/org/bytedeco/openblas/linux-x86_64/libopenblas_nolapack.so.0
731aa9306000-731aa9316000 r-xp 00106000 103:02 5259705                   /home/pan/.javacpp/cache/openblas-0.3.23-1.5.9-linux-x86_64.jar/org/bytedeco/openblas/linux-x86_64/libopenblas_nolapack.so.0
731aa9316000-731aa9318000 ---p 00116000 103:02 5259705                   /home/pan/.javacpp/cache/openblas-0.3.23-1.5.9-linux-x86_64.jar/org/bytedeco/openblas/linux-x86_64/libopenblas_nolapack.so.0
731aa9318000-731aaaded000 r-xp 00118000 103:02 5259705                   /home/pan/.javacpp/cache/openblas-0.3.23-1.5.9-linux-x86_64.jar/org/bytedeco/openblas/linux-x86_64/libopenblas_nolapack.so.0
731aaaded000-731aaafdc000 r--p 01bed000 103:02 5259705                   /home/pan/.javacpp/cache/openblas-0.3.23-1.5.9-linux-x86_64.jar/org/bytedeco/openblas/linux-x86_64/libopenblas_nolapack.so.0
731aaafdc000-731aaafe2000 r--p 01ddb000 103:02 5259705                   /home/pan/.javacpp/cache/openblas-0.3.23-1.5.9-linux-x86_64.jar/org/bytedeco/openblas/linux-x86_64/libopenblas_nolapack.so.0
731aaafe2000-731aaaffa000 rw-p 01de1000 103:02 5259705                   /home/pan/.javacpp/cache/openblas-0.3.23-1.5.9-linux-x86_64.jar/org/bytedeco/openblas/linux-x86_64/libopenblas_nolapack.so.0
731aaaffa000-731aab007000 rw-p 00000000 00:00 0 
731aab200000-731aab476000 r-xp 00000000 103:02 5259703                   /home/pan/.javacpp/cache/openblas-0.3.23-1.5.9-linux-x86_64.jar/org/bytedeco/openblas/linux-x86_64/libgfortran.so.5
731aab476000-731aab675000 ---p 00276000 103:02 5259703                   /home/pan/.javacpp/cache/openblas-0.3.23-1.5.9-linux-x86_64.jar/org/bytedeco/openblas/linux-x86_64/libgfortran.so.5
731aab675000-731aab676000 r--p 00275000 103:02 5259703                   /home/pan/.javacpp/cache/openblas-0.3.23-1.5.9-linux-x86_64.jar/org/bytedeco/openblas/linux-x86_64/libgfortran.so.5
731aab676000-731aab678000 rw-p 00276000 103:02 5259703                   /home/pan/.javacpp/cache/openblas-0.3.23-1.5.9-linux-x86_64.jar/org/bytedeco/openblas/linux-x86_64/libgfortran.so.5
731aaba00000-731aaba3b000 r-xp 00000000 103:02 5259701                   /home/pan/.javacpp/cache/openblas-0.3.23-1.5.9-linux-x86_64.jar/org/bytedeco/openblas/linux-x86_64/libquadmath.so.0
731aaba3b000-731aabc3a000 ---p 0003b000 103:02 5259701                   /home/pan/.javacpp/cache/openblas-0.3.23-1.5.9-linux-x86_64.jar/org/bytedeco/openblas/linux-x86_64/libquadmath.so.0
731aabc3a000-731aabc3b000 r--p 0003a000 103:02 5259701                   /home/pan/.javacpp/cache/openblas-0.3.23-1.5.9-linux-x86_64.jar/org/bytedeco/openblas/linux-x86_64/libquadmath.so.0
731aabc3b000-731aabc3c000 rw-p 0003b000 103:02 5259701                   /home/pan/.javacpp/cache/openblas-0.3.23-1.5.9-linux-x86_64.jar/org/bytedeco/openblas/linux-x86_64/libquadmath.so.0
731aac000000-731aad75f000 rw-p 00000000 00:00 0 
731aad75f000-731ab0000000 ---p 00000000 00:00 0 
731ab0000000-731ab0021000 rw-p 00000000 00:00 0 
731ab0021000-731ab4000000 ---p 00000000 00:00 0 
731ab4200000-731ab4215000 r-xp 00000000 103:02 5259699                   /home/pan/.javacpp/cache/openblas-0.3.23-1.5.9-linux-x86_64.jar/org/bytedeco/openblas/linux-x86_64/libgcc_s.so.1
731ab4215000-731ab4414000 ---p 00015000 103:02 5259699                   /home/pan/.javacpp/cache/openblas-0.3.23-1.5.9-linux-x86_64.jar/org/bytedeco/openblas/linux-x86_64/libgcc_s.so.1
731ab4414000-731ab4415000 r--p 00014000 103:02 5259699                   /home/pan/.javacpp/cache/openblas-0.3.23-1.5.9-linux-x86_64.jar/org/bytedeco/openblas/linux-x86_64/libgcc_s.so.1
731ab4415000-731ab4416000 rw-p 00015000 103:02 5259699                   /home/pan/.javacpp/cache/openblas-0.3.23-1.5.9-linux-x86_64.jar/org/bytedeco/openblas/linux-x86_64/libgcc_s.so.1
731ab4800000-731ab4812000 r-xp 00000000 103:02 1181999                   /tmp/libio_grpc_netty_shaded_netty_transport_native_epoll_x86_643801304871825940742.so (deleted)
731ab4812000-731ab4a11000 ---p 00012000 103:02 1181999                   /tmp/libio_grpc_netty_shaded_netty_transport_native_epoll_x86_643801304871825940742.so (deleted)
731ab4a11000-731ab4a13000 r--p 00011000 103:02 1181999                   /tmp/libio_grpc_netty_shaded_netty_transport_native_epoll_x86_643801304871825940742.so (deleted)
731ab4a13000-731ab4a14000 rw-p 00000000 00:00 0 
731ab4e00000-731ab4e01000 ---p 00000000 00:00 0 
731ab4e01000-731ab5601000 rw-p 00000000 00:00 0 
731ab5800000-731ab5801000 ---p 00000000 00:00 0 
731ab5801000-731ab6001000 rw-p 00000000 00:00 0 
731ab6200000-731ab6201000 ---p 00000000 00:00 0 
731ab6201000-731ab6a01000 rw-p 00000000 00:00 0 
731ab6c00000-731ab6c01000 ---p 00000000 00:00 0 
731ab6c01000-731ab7401000 rw-p 00000000 00:00 0 
731ab7600000-731ab7601000 ---p 00000000 00:00 0 
731ab7601000-731ab7e01000 rw-p 00000000 00:00 0 
731ab8000000-731ab8021000 rw-p 00000000 00:00 0 
731ab8021000-731abc000000 ---p 00000000 00:00 0 
731abc000000-731abc021000 rw-p 00000000 00:00 0 
731abc021000-731ac0000000 ---p 00000000 00:00 0 
731ac0400000-731ac0401000 ---p 00000000 00:00 0 
731ac0401000-731ac0c01000 rw-p 00000000 00:00 0 
731ac0e00000-731ac0e01000 ---p 00000000 00:00 0 
731ac0e01000-731ac1601000 rw-p 00000000 00:00 0 
731ac1800000-731ac1801000 ---p 00000000 00:00 0 
731ac1801000-731ac2001000 rw-p 00000000 00:00 0 
731ac2200000-731ac2201000 ---p 00000000 00:00 0 
731ac2201000-731ac2a01000 rw-p 00000000 00:00 0 
731ac2c00000-731ac2c01000 ---p 00000000 00:00 0 
731ac2c01000-731ac3401000 rw-p 00000000 00:00 0 
731ac3600000-731ac3601000 ---p 00000000 00:00 0 
731ac3601000-731ac3e01000 rw-p 00000000 00:00 0 
731ac3f00000-731ac3f04000 ---p 00000000 00:00 0 
731ac3f04000-731ac4000000 rw-p 00000000 00:00 0 
731ac4000000-731ac4021000 rw-p 00000000 00:00 0 
731ac4021000-731ac8000000 ---p 00000000 00:00 0 
731ac8000000-731ac8021000 rw-p 00000000 00:00 0 
731ac8021000-731acc000000 ---p 00000000 00:00 0 
731acc000000-731acc004000 ---p 00000000 00:00 0 
731acc004000-731acc100000 rw-p 00000000 00:00 0 
731acc100000-731acc104000 ---p 00000000 00:00 0 
731acc104000-731acc200000 rw-p 00000000 00:00 0 
731acc200000-731acc7ef000 rw-p 00000000 00:00 0 
731acc800000-731acc801000 ---p 00000000 00:00 0 
731acc801000-731acd001000 rw-p 00000000 00:00 0 
731acd07f000-731acd0d5000 r--p 00000000 103:02 5259725                   /home/pan/.javacpp/cache/opencv-4.7.0-1.5.9-linux-x86_64.jar/org/bytedeco/opencv/linux-x86_64/libjniopencv_imgproc.so
731acd0d5000-731acd1b1000 r-xp 00056000 103:02 5259725                   /home/pan/.javacpp/cache/opencv-4.7.0-1.5.9-linux-x86_64.jar/org/bytedeco/opencv/linux-x86_64/libjniopencv_imgproc.so
731acd1b1000-731acd1fb000 r--p 00132000 103:02 5259725                   /home/pan/.javacpp/cache/opencv-4.7.0-1.5.9-linux-x86_64.jar/org/bytedeco/opencv/linux-x86_64/libjniopencv_imgproc.so
731acd1fb000-731acd1fc000 ---p 0017c000 103:02 5259725                   /home/pan/.javacpp/cache/opencv-4.7.0-1.5.9-linux-x86_64.jar/org/bytedeco/opencv/linux-x86_64/libjniopencv_imgproc.so
731acd1fc000-731acd1ff000 r--p 0017c000 103:02 5259725                   /home/pan/.javacpp/cache/opencv-4.7.0-1.5.9-linux-x86_64.jar/org/bytedeco/opencv/linux-x86_64/libjniopencv_imgproc.so
731acd1ff000-731acd200000 rw-p 0017f000 103:02 5259725                   /home/pan/.javacpp/cache/opencv-4.7.0-1.5.9-linux-x86_64.jar/org/bytedeco/opencv/linux-x86_64/libjniopencv_imgproc.so
731acd200000-731acd201000 ---p 00000000 00:00 0 
731acd201000-731acda01000 rw-p 00000000 00:00 0 
731acdb00000-731acdb04000 ---p 00000000 00:00 0 
731acdb04000-731acdc00000 rw-p 00000000 00:00 0 
731acdc00000-731acdc01000 ---p 00000000 00:00 0 
731acdc01000-731ace401000 rw-p 00000000 00:00 0 
731ace500000-731ace504000 ---p 00000000 00:00 0 
731ace504000-731ace600000 rw-p 00000000 00:00 0 
731ace600000-731ace601000 ---p 00000000 00:00 0 
731ace601000-731acee01000 rw-p 00000000 00:00 0 
731acef00000-731acef04000 ---p 00000000 00:00 0 
731acef04000-731acf000000 rw-p 00000000 00:00 0 
731acf000000-731acf001000 ---p 00000000 00:00 0 
731acf001000-731acf801000 rw-p 00000000 00:00 0 
731acf900000-731acf904000 ---p 00000000 00:00 0 
731acf904000-731acfa00000 rw-p 00000000 00:00 0 
731acfa00000-731acfa8a000 r--p 00000000 103:02 5259688                   /home/pan/.javacpp/cache/ffmpeg-6.0-1.5.9-linux-x86_64.jar/org/bytedeco/ffmpeg/linux-x86_64/libavfilter.so.9
731acfa8a000-731acfdd8000 r-xp 0008a000 103:02 5259688                   /home/pan/.javacpp/cache/ffmpeg-6.0-1.5.9-linux-x86_64.jar/org/bytedeco/ffmpeg/linux-x86_64/libavfilter.so.9
731acfdd8000-731acfe95000 r--p 003d8000 103:02 5259688                   /home/pan/.javacpp/cache/ffmpeg-6.0-1.5.9-linux-x86_64.jar/org/bytedeco/ffmpeg/linux-x86_64/libavfilter.so.9
731acfe95000-731acff17000 r--p 00494000 103:02 5259688                   /home/pan/.javacpp/cache/ffmpeg-6.0-1.5.9-linux-x86_64.jar/org/bytedeco/ffmpeg/linux-x86_64/libavfilter.so.9
731acff17000-731acff19000 rw-p 00516000 103:02 5259688                   /home/pan/.javacpp/cache/ffmpeg-6.0-1.5.9-linux-x86_64.jar/org/bytedeco/ffmpeg/linux-x86_64/libavfilter.so.9
731acff19000-731acff1c000 rw-p 00000000 00:00 0 
731ad0000000-731ad0021000 rw-p 00000000 00:00 0 
731ad0021000-731ad4000000 ---p 00000000 00:00 0 
731ad4000000-731ad4004000 ---p 00000000 00:00 0 
731ad4004000-731ad4100000 rw-p 00000000 00:00 0 
731ad4100000-731ad4104000 ---p 00000000 00:00 0 
731ad4104000-731ad4200000 rw-p 00000000 00:00 0 
731ad4200000-731ad42cf000 r--p 00000000 103:02 5259724                   /home/pan/.javacpp/cache/opencv-4.7.0-1.5.9-linux-x86_64.jar/org/bytedeco/opencv/linux-x86_64/libjniopencv_core.so
731ad42cf000-731ad44c0000 r-xp 000cf000 103:02 5259724                   /home/pan/.javacpp/cache/opencv-4.7.0-1.5.9-linux-x86_64.jar/org/bytedeco/opencv/linux-x86_64/libjniopencv_core.so
731ad44c0000-731ad4597000 r--p 002c0000 103:02 5259724                   /home/pan/.javacpp/cache/opencv-4.7.0-1.5.9-linux-x86_64.jar/org/bytedeco/opencv/linux-x86_64/libjniopencv_core.so
731ad4597000-731ad45a4000 r--p 00396000 103:02 5259724                   /home/pan/.javacpp/cache/opencv-4.7.0-1.5.9-linux-x86_64.jar/org/bytedeco/opencv/linux-x86_64/libjniopencv_core.so
731ad45a4000-731ad45a7000 rw-p 003a3000 103:02 5259724                   /home/pan/.javacpp/cache/opencv-4.7.0-1.5.9-linux-x86_64.jar/org/bytedeco/opencv/linux-x86_64/libjniopencv_core.so
731ad45a7000-731ad45a8000 rw-p 00000000 00:00 0 
731ad4600000-731ad46ad000 r--p 00000000 103:02 5259679                   /home/pan/.javacpp/cache/ffmpeg-6.0-1.5.9-linux-x86_64.jar/org/bytedeco/ffmpeg/linux-x86_64/libavcodec.so.60
731ad46ad000-731ad5f6c000 r-xp 000ad000 103:02 5259679                   /home/pan/.javacpp/cache/ffmpeg-6.0-1.5.9-linux-x86_64.jar/org/bytedeco/ffmpeg/linux-x86_64/libavcodec.so.60
731ad5f6c000-731ad6544000 r--p 0196c000 103:02 5259679                   /home/pan/.javacpp/cache/ffmpeg-6.0-1.5.9-linux-x86_64.jar/org/bytedeco/ffmpeg/linux-x86_64/libavcodec.so.60
731ad6544000-731ad6545000 ---p 01f44000 103:02 5259679                   /home/pan/.javacpp/cache/ffmpeg-6.0-1.5.9-linux-x86_64.jar/org/bytedeco/ffmpeg/linux-x86_64/libavcodec.so.60
731ad6545000-731ad65d3000 r--p 01f44000 103:02 5259679                   /home/pan/.javacpp/cache/ffmpeg-6.0-1.5.9-linux-x86_64.jar/org/bytedeco/ffmpeg/linux-x86_64/libavcodec.so.60
731ad65d3000-731ad65ea000 rw-p 01fd2000 103:02 5259679                   /home/pan/.javacpp/cache/ffmpeg-6.0-1.5.9-linux-x86_64.jar/org/bytedeco/ffmpeg/linux-x86_64/libavcodec.so.60
731ad65ea000-731ad6f92000 rw-p 00000000 00:00 0 
731ad7000000-731ad73f0000 rw-p 00000000 00:00 0 
731ad73f0000-731ad83b0000 rw-p 00000000 00:00 0 
731ad83b0000-731adb000000 ---p 00000000 00:00 0 
731adb000000-731adbbc9000 rw-p 00001000 103:02 4342152                   /home/pan/.jdks/corretto-17.0.14/lib/server/classes.jsa
731adbbc9000-731adc000000 ---p 00000000 00:00 0 
731adc000000-731adc030000 rw-p 00000000 00:00 0 
731adc030000-731adc070000 rw-p 00000000 00:00 0 
731adc070000-731adc0f0000 rw-p 00000000 00:00 0 
731adc0f0000-731adc220000 rw-p 00000000 00:00 0 
731adc220000-731adc240000 ---p 00000000 00:00 0 
731adc240000-731adc250000 rw-p 00000000 00:00 0 
731adc250000-731b1c000000 ---p 00000000 00:00 0 
731b1c000000-731b1c021000 rw-p 00000000 00:00 0 
731b1c021000-731b20000000 ---p 00000000 00:00 0 
731b20000000-731b20021000 rw-p 00000000 00:00 0 
731b20021000-731b24000000 ---p 00000000 00:00 0 
731b240fd000-731b240fe000 ---p 00000000 00:00 0 
731b240fe000-731b241fe000 rw-p 00000000 00:00 0 
731b241fe000-731b241ff000 ---p 00000000 00:00 0 
731b241ff000-731b242ff000 rw-p 00000000 00:00 0 
731b242ff000-731b24300000 ---p 00000000 00:00 0 
731b24300000-731b24400000 rw-p 00000000 00:00 0 
731b24400000-731b244bf000 r--p 00000000 103:02 5259682                   /home/pan/.javacpp/cache/ffmpeg-6.0-1.5.9-linux-x86_64.jar/org/bytedeco/ffmpeg/linux-x86_64/libavformat.so.60
731b244bf000-731b24b78000 r-xp 000bf000 103:02 5259682                   /home/pan/.javacpp/cache/ffmpeg-6.0-1.5.9-linux-x86_64.jar/org/bytedeco/ffmpeg/linux-x86_64/libavformat.so.60
731b24b78000-731b24d3a000 r--p 00778000 103:02 5259682                   /home/pan/.javacpp/cache/ffmpeg-6.0-1.5.9-linux-x86_64.jar/org/bytedeco/ffmpeg/linux-x86_64/libavformat.so.60
731b24d3a000-731b24dcf000 r--p 00939000 103:02 5259682                   /home/pan/.javacpp/cache/ffmpeg-6.0-1.5.9-linux-x86_64.jar/org/bytedeco/ffmpeg/linux-x86_64/libavformat.so.60
731b24dcf000-731b24dd8000 rw-p 009ce000 103:02 5259682                   /home/pan/.javacpp/cache/ffmpeg-6.0-1.5.9-linux-x86_64.jar/org/bytedeco/ffmpeg/linux-x86_64/libavformat.so.60
731b24dd8000-731b24de1000 rw-p 00000000 00:00 0 
731b24e00000-731b24e17000 r--p 00000000 103:02 5259673                   /home/pan/.javacpp/cache/ffmpeg-6.0-1.5.9-linux-x86_64.jar/org/bytedeco/ffmpeg/linux-x86_64/libavutil.so.58
731b24e17000-731b24ec6000 r-xp 00017000 103:02 5259673                   /home/pan/.javacpp/cache/ffmpeg-6.0-1.5.9-linux-x86_64.jar/org/bytedeco/ffmpeg/linux-x86_64/libavutil.so.58
731b24ec6000-731b24eea000 r--p 000c6000 103:02 5259673                   /home/pan/.javacpp/cache/ffmpeg-6.0-1.5.9-linux-x86_64.jar/org/bytedeco/ffmpeg/linux-x86_64/libavutil.so.58
731b24eea000-731b24eeb000 ---p 000ea000 103:02 5259673                   /home/pan/.javacpp/cache/ffmpeg-6.0-1.5.9-linux-x86_64.jar/org/bytedeco/ffmpeg/linux-x86_64/libavutil.so.58
731b24eeb000-731b24efd000 r--p 000ea000 103:02 5259673                   /home/pan/.javacpp/cache/ffmpeg-6.0-1.5.9-linux-x86_64.jar/org/bytedeco/ffmpeg/linux-x86_64/libavutil.so.58
731b24efd000-731b24efe000 rw-p 000fc000 103:02 5259673                   /home/pan/.javacpp/cache/ffmpeg-6.0-1.5.9-linux-x86_64.jar/org/bytedeco/ffmpeg/linux-x86_64/libavutil.so.58
731b24efe000-731b2500d000 rw-p 00000000 00:00 0 
731b25100000-731b25104000 ---p 00000000 00:00 0 
731b25104000-731b25200000 rw-p 00000000 00:00 0 
731b25200000-731b25202000 r-xp 00000000 103:02 5259672                   /home/pan/.javacpp/cache/ffmpeg-6.0-1.5.9-linux-x86_64.jar/org/bytedeco/ffmpeg/linux-x86_64/libva-drm.so
731b25202000-731b25401000 ---p 00002000 103:02 5259672                   /home/pan/.javacpp/cache/ffmpeg-6.0-1.5.9-linux-x86_64.jar/org/bytedeco/ffmpeg/linux-x86_64/libva-drm.so
731b25401000-731b25402000 r--p 00001000 103:02 5259672                   /home/pan/.javacpp/cache/ffmpeg-6.0-1.5.9-linux-x86_64.jar/org/bytedeco/ffmpeg/linux-x86_64/libva-drm.so
731b25402000-731b25403000 rw-p 00002000 103:02 5259672                   /home/pan/.javacpp/cache/ffmpeg-6.0-1.5.9-linux-x86_64.jar/org/bytedeco/ffmpeg/linux-x86_64/libva-drm.so
731b25500000-731b25504000 ---p 00000000 00:00 0 
731b25504000-731b25600000 rw-p 00000000 00:00 0 
731b25600000-731b25604000 ---p 00000000 00:00 0 
731b25604000-731b25700000 rw-p 00000000 00:00 0 
731b25700000-731b25704000 ---p 00000000 00:00 0 
731b25704000-731b25800000 rw-p 00000000 00:00 0 
731b25800000-731b25810000 r-xp 00000000 103:02 5259670                   /home/pan/.javacpp/cache/ffmpeg-6.0-1.5.9-linux-x86_64.jar/org/bytedeco/ffmpeg/linux-x86_64/libdrm.so.2
731b25810000-731b25a0f000 ---p 00010000 103:02 5259670                   /home/pan/.javacpp/cache/ffmpeg-6.0-1.5.9-linux-x86_64.jar/org/bytedeco/ffmpeg/linux-x86_64/libdrm.so.2
731b25a0f000-731b25a10000 r--p 0000f000 103:02 5259670                   /home/pan/.javacpp/cache/ffmpeg-6.0-1.5.9-linux-x86_64.jar/org/bytedeco/ffmpeg/linux-x86_64/libdrm.so.2
731b25a10000-731b25a11000 rw-p 00010000 103:02 5259670                   /home/pan/.javacpp/cache/ffmpeg-6.0-1.5.9-linux-x86_64.jar/org/bytedeco/ffmpeg/linux-x86_64/libdrm.so.2
731b25ad0000-731b25ad4000 ---p 00000000 00:00 0 
731b25ad4000-731b25bd0000 rw-p 00000000 00:00 0 
731b25bd0000-731b25bd4000 ---p 00000000 00:00 0 
731b25bd4000-731b25cd0000 rw-p 00000000 00:00 0 
731b25cfd000-731b25d27000 r--p 00000000 103:02 11846987                  /usr/lib/x86_64-linux-gnu/libasound.so.2.0.0
731b25d27000-731b25dbe000 r-xp 0002a000 103:02 11846987                  /usr/lib/x86_64-linux-gnu/libasound.so.2.0.0
731b25dbe000-731b25df8000 r--p 000c1000 103:02 11846987                  /usr/lib/x86_64-linux-gnu/libasound.so.2.0.0
731b25df8000-731b25dff000 r--p 000fa000 103:02 11846987                  /usr/lib/x86_64-linux-gnu/libasound.so.2.0.0
731b25dff000-731b25e00000 rw-p 00101000 103:02 11846987                  /usr/lib/x86_64-linux-gnu/libasound.so.2.0.0
731b25e00000-731b25e2b000 r-xp 00000000 103:02 5259669                   /home/pan/.javacpp/cache/ffmpeg-6.0-1.5.9-linux-x86_64.jar/org/bytedeco/ffmpeg/linux-x86_64/libva.so
731b25e2b000-731b2602a000 ---p 0002b000 103:02 5259669                   /home/pan/.javacpp/cache/ffmpeg-6.0-1.5.9-linux-x86_64.jar/org/bytedeco/ffmpeg/linux-x86_64/libva.so
731b2602a000-731b2602b000 r--p 0002a000 103:02 5259669                   /home/pan/.javacpp/cache/ffmpeg-6.0-1.5.9-linux-x86_64.jar/org/bytedeco/ffmpeg/linux-x86_64/libva.so
731b2602b000-731b2602c000 rw-p 0002b000 103:02 5259669                   /home/pan/.javacpp/cache/ffmpeg-6.0-1.5.9-linux-x86_64.jar/org/bytedeco/ffmpeg/linux-x86_64/libva.so
731b260d2000-731b2612e000 r--p 00000000 103:02 5259675                   /home/pan/.javacpp/cache/ffmpeg-6.0-1.5.9-linux-x86_64.jar/org/bytedeco/ffmpeg/linux-x86_64/libjniavutil.so
731b2612e000-731b261b4000 r-xp 0005c000 103:02 5259675                   /home/pan/.javacpp/cache/ffmpeg-6.0-1.5.9-linux-x86_64.jar/org/bytedeco/ffmpeg/linux-x86_64/libjniavutil.so
731b261b4000-731b261f0000 r--p 000e2000 103:02 5259675                   /home/pan/.javacpp/cache/ffmpeg-6.0-1.5.9-linux-x86_64.jar/org/bytedeco/ffmpeg/linux-x86_64/libjniavutil.so
731b261f0000-731b261fd000 r--p 0011d000 103:02 5259675                   /home/pan/.javacpp/cache/ffmpeg-6.0-1.5.9-linux-x86_64.jar/org/bytedeco/ffmpeg/linux-x86_64/libjniavutil.so
731b261fd000-731b261ff000 rw-p 0012a000 103:02 5259675                   /home/pan/.javacpp/cache/ffmpeg-6.0-1.5.9-linux-x86_64.jar/org/bytedeco/ffmpeg/linux-x86_64/libjniavutil.so
731b261ff000-731b26200000 rw-p 00000000 00:00 0 
731b26200000-731b26204000 ---p 00000000 00:00 0 
731b26204000-731b26300000 rw-p 00000000 00:00 0 
731b26300000-731b26304000 ---p 00000000 00:00 0 
731b26304000-731b26400000 rw-p 00000000 00:00 0 
731b26400000-731b2649a000 r--p 00000000 103:02 11848158                  /usr/lib/x86_64-linux-gnu/libstdc++.so.6.0.30
731b2649a000-731b265ab000 r-xp 0009a000 103:02 11848158                  /usr/lib/x86_64-linux-gnu/libstdc++.so.6.0.30
731b265ab000-731b2661a000 r--p 001ab000 103:02 11848158                  /usr/lib/x86_64-linux-gnu/libstdc++.so.6.0.30
731b2661a000-731b2661b000 ---p 0021a000 103:02 11848158                  /usr/lib/x86_64-linux-gnu/libstdc++.so.6.0.30
731b2661b000-731b26626000 r--p 0021a000 103:02 11848158                  /usr/lib/x86_64-linux-gnu/libstdc++.so.6.0.30
731b26626000-731b26629000 rw-p 00225000 103:02 11848158                  /usr/lib/x86_64-linux-gnu/libstdc++.so.6.0.30
731b26629000-731b2662c000 rw-p 00000000 00:00 0 
731b26700000-731b26704000 ---p 00000000 00:00 0 
731b26704000-731b26800000 rw-p 00000000 00:00 0 
731b26800000-731b26802000 r-xp 00000000 103:02 4342186                   /home/pan/.jdks/corretto-17.0.14/lib/libextnet.so
731b26802000-731b26a01000 ---p 00002000 103:02 4342186                   /home/pan/.jdks/corretto-17.0.14/lib/libextnet.so
731b26a01000-731b26a02000 r--p 00001000 103:02 4342186                   /home/pan/.jdks/corretto-17.0.14/lib/libextnet.so
731b26a02000-731b26a03000 rw-p 00000000 00:00 0 
731b26afd000-731b26afe000 ---p 00000000 00:00 0 
731b26afe000-731b26bfe000 rw-p 00000000 00:00 0 
731b26bfe000-731b26bff000 ---p 00000000 00:00 0 
731b26bff000-731b26cff000 rw-p 00000000 00:00 0 
731b26cff000-731b26d00000 ---p 00000000 00:00 0 
731b26d00000-731b26e00000 rw-p 00000000 00:00 0 
731b26e00000-731b26e15000 r-xp 00000000 103:02 4342139                   /home/pan/.jdks/corretto-17.0.14/lib/libnet.so
731b26e15000-731b27014000 ---p 00015000 103:02 4342139                   /home/pan/.jdks/corretto-17.0.14/lib/libnet.so
731b27014000-731b27015000 r--p 00014000 103:02 4342139                   /home/pan/.jdks/corretto-17.0.14/lib/libnet.so
731b27015000-731b27016000 rw-p 00015000 103:02 4342139                   /home/pan/.jdks/corretto-17.0.14/lib/libnet.so
731b270fd000-731b270fe000 ---p 00000000 00:00 0 
731b270fe000-731b271fe000 rw-p 00000000 00:00 0 
731b271fe000-731b271ff000 ---p 00000000 00:00 0 
731b271ff000-731b272ff000 rw-p 00000000 00:00 0 
731b272ff000-731b27300000 ---p 00000000 00:00 0 
731b27300000-731b27400000 rw-p 00000000 00:00 0 
731b27400000-731b27412000 r-xp 00000000 103:02 4342140                   /home/pan/.jdks/corretto-17.0.14/lib/libnio.so
731b27412000-731b27612000 ---p 00012000 103:02 4342140                   /home/pan/.jdks/corretto-17.0.14/lib/libnio.so
731b27612000-731b27613000 r--p 00012000 103:02 4342140                   /home/pan/.jdks/corretto-17.0.14/lib/libnio.so
731b27613000-731b27614000 rw-p 00013000 103:02 4342140                   /home/pan/.jdks/corretto-17.0.14/lib/libnio.so
731b276fd000-731b276fe000 ---p 00000000 00:00 0 
731b276fe000-731b277fe000 rw-p 00000000 00:00 0 
731b277fe000-731b277ff000 ---p 00000000 00:00 0 
731b277ff000-731b278ff000 rw-p 00000000 00:00 0 
731b278ff000-731b27900000 ---p 00000000 00:00 0 
731b27900000-731b27a00000 rw-p 00000000 00:00 0 
731b27a00000-731b27a07000 r-xp 00000000 103:02 4342142                   /home/pan/.jdks/corretto-17.0.14/lib/libzip.so
731b27a07000-731b27c07000 ---p 00007000 103:02 4342142                   /home/pan/.jdks/corretto-17.0.14/lib/libzip.so
731b27c07000-731b27c08000 r--p 00007000 103:02 4342142                   /home/pan/.jdks/corretto-17.0.14/lib/libzip.so
731b27c08000-731b27c09000 rw-p 00000000 00:00 0 
731b27cff000-731b27d03000 ---p 00000000 00:00 0 
731b27d03000-731b27dff000 rw-p 00000000 00:00 0 
731b27dff000-731b27e00000 ---p 00000000 00:00 0 
731b27e00000-731b27f00000 rw-p 00000000 00:00 0 
731b27f00000-731b27f04000 ---p 00000000 00:00 0 
731b27f04000-731b28000000 rw-p 00000000 00:00 0 
731b28000000-731b28021000 rw-p 00000000 00:00 0 
731b28021000-731b2c000000 ---p 00000000 00:00 0 
731b2c000000-731b2c021000 rw-p 00000000 00:00 0 
731b2c021000-731b30000000 ---p 00000000 00:00 0 
731b30000000-731b30004000 ---p 00000000 00:00 0 
731b30004000-731b30100000 rw-p 00000000 00:00 0 
731b30100000-731b30104000 ---p 00000000 00:00 0 
731b30104000-731b30200000 rw-p 00000000 00:00 0 
731b30200000-731b30204000 ---p 00000000 00:00 0 
731b30204000-731b30300000 rw-p 00000000 00:00 0 
731b30300000-731b30304000 ---p 00000000 00:00 0 
731b30304000-731b30400000 rw-p 00000000 00:00 0 
731b30400000-731b30404000 ---p 00000000 00:00 0 
731b30404000-731b30500000 rw-p 00000000 00:00 0 
731b30500000-731b30504000 ---p 00000000 00:00 0 
731b30504000-731b30600000 rw-p 00000000 00:00 0 
731b30600000-731b30604000 ---p 00000000 00:00 0 
731b30604000-731b30700000 rw-p 00000000 00:00 0 
731b30700000-731b30704000 ---p 00000000 00:00 0 
731b30704000-731b30800000 rw-p 00000000 00:00 0 
731b30800000-731b30804000 ---p 00000000 00:00 0 
731b30804000-731b30900000 rw-p 00000000 00:00 0 
731b30900000-731b30904000 ---p 00000000 00:00 0 
731b30904000-731b30a00000 rw-p 00000000 00:00 0 
731b30a00000-731b31278000 r--p 00000000 103:02 11820149                  /usr/lib/locale/locale-archive
731b31300000-731b31304000 ---p 00000000 00:00 0 
731b31304000-731b31400000 rw-p 00000000 00:00 0 
731b31400000-731b314ce000 r-xp 00000000 103:02 4342178                   /home/pan/.jdks/corretto-17.0.14/lib/libjsvml.so
731b314ce000-731b316cd000 ---p 000ce000 103:02 4342178                   /home/pan/.jdks/corretto-17.0.14/lib/libjsvml.so
731b316cd000-731b316ce000 r--p 000cd000 103:02 4342178                   /home/pan/.jdks/corretto-17.0.14/lib/libjsvml.so
731b316ce000-731b316cf000 rw-p 000ce000 103:02 4342178                   /home/pan/.jdks/corretto-17.0.14/lib/libjsvml.so
731b316f8000-731b316fc000 ---p 00000000 00:00 0 
731b316fc000-731b317f8000 rw-p 00000000 00:00 0 
731b317f8000-731b317f9000 ---p 00000000 00:00 0 
731b317f9000-731b318f9000 rw-p 00000000 00:00 0 
731b318f9000-731b318fa000 ---p 00000000 00:00 0 
731b318fa000-731b319fa000 rw-p 00000000 00:00 0 
731b319fa000-731b319fb000 ---p 00000000 00:00 0 
731b319fb000-731b31afb000 rw-p 00000000 00:00 0 
731b31afb000-731b34000000 rw-p 00000000 00:00 0 
731b34000000-731b34021000 rw-p 00000000 00:00 0 
731b34021000-731b38000000 ---p 00000000 00:00 0 
731b380f9000-731b38960000 rw-p 00000000 00:00 0 
731b38960000-731b38c60000 ---p 00000000 00:00 0 
731b38c60000-731b38c80000 rw-p 00000000 00:00 0 
731b38c80000-731b38ed0000 ---p 00000000 00:00 0 
731b38ed0000-731b38ee0000 rw-p 00000000 00:00 0 
731b38ee0000-731b3f4f0000 ---p 00000000 00:00 0 
731b3f4f0000-731b3f510000 rw-p 00000000 00:00 0 
731b3f600000-731b3f760000 rw-p 00000000 00:00 0 
731b3f760000-731b3fa60000 ---p 00000000 00:00 0 
731b3fa60000-731b3fa80000 rw-p 00000000 00:00 0 
731b3fa80000-731b3fcd0000 ---p 00000000 00:00 0 
731b3fcd0000-731b3fce0000 rw-p 00000000 00:00 0 
731b3fce0000-731b462f0000 ---p 00000000 00:00 0 
731b462f0000-731b46310000 rw-p 00000000 00:00 0 
731b4636b000-731b4636e000 r--p 00000000 103:02 5259685                   /home/pan/.javacpp/cache/ffmpeg-6.0-1.5.9-linux-x86_64.jar/org/bytedeco/ffmpeg/linux-x86_64/libswscale.so.7
731b4636e000-731b463e5000 r-xp 00003000 103:02 5259685                   /home/pan/.javacpp/cache/ffmpeg-6.0-1.5.9-linux-x86_64.jar/org/bytedeco/ffmpeg/linux-x86_64/libswscale.so.7
731b463e5000-731b463f5000 r--p 0007a000 103:02 5259685                   /home/pan/.javacpp/cache/ffmpeg-6.0-1.5.9-linux-x86_64.jar/org/bytedeco/ffmpeg/linux-x86_64/libswscale.so.7
731b463f5000-731b463f6000 ---p 0008a000 103:02 5259685                   /home/pan/.javacpp/cache/ffmpeg-6.0-1.5.9-linux-x86_64.jar/org/bytedeco/ffmpeg/linux-x86_64/libswscale.so.7
731b463f6000-731b463f7000 r--p 0008a000 103:02 5259685                   /home/pan/.javacpp/cache/ffmpeg-6.0-1.5.9-linux-x86_64.jar/org/bytedeco/ffmpeg/linux-x86_64/libswscale.so.7
731b463f7000-731b463f8000 rw-p 0008b000 103:02 5259685                   /home/pan/.javacpp/cache/ffmpeg-6.0-1.5.9-linux-x86_64.jar/org/bytedeco/ffmpeg/linux-x86_64/libswscale.so.7
731b463f8000-731b4642c000 rw-p 00000000 00:00 0 
731b4642c000-731b4648c000 ---p 00000000 00:00 0 
731b4648c000-731b46490000 rw-p 00000000 00:00 0 
731b46490000-731b464da000 ---p 00000000 00:00 0 
731b464da000-731b464dc000 rw-p 00000000 00:00 0 
731b464dc000-731b4719e000 ---p 00000000 00:00 0 
731b4719e000-731b471a2000 rw-p 00000000 00:00 0 
731b47200000-731b4722c000 rw-p 00000000 00:00 0 
731b4722c000-731b4728c000 ---p 00000000 00:00 0 
731b4728c000-731b47290000 rw-p 00000000 00:00 0 
731b47290000-731b472da000 ---p 00000000 00:00 0 
731b472da000-731b472dc000 rw-p 00000000 00:00 0 
731b472dc000-731b47f9e000 ---p 00000000 00:00 0 
731b47f9e000-731b47fa2000 rw-p 00000000 00:00 0 
731b48000000-731b4802c000 rw-p 00000000 00:00 0 
731b4802c000-731b4808c000 ---p 00000000 00:00 0 
731b4808c000-731b48090000 rw-p 00000000 00:00 0 
731b48090000-731b480da000 ---p 00000000 00:00 0 
731b480da000-731b480dc000 rw-p 00000000 00:00 0 
731b480dc000-731b48d9e000 ---p 00000000 00:00 0 
731b48d9e000-731b48da2000 rw-p 00000000 00:00 0 
731b48db4000-731b48dc6000 r--p 00000000 103:02 5259707                   /home/pan/.javacpp/cache/openblas-0.3.23-1.5.9-linux-x86_64.jar/org/bytedeco/openblas/linux-x86_64/libjniopenblas_nolapack.so
731b48dc6000-731b48df1000 r-xp 00012000 103:02 5259707                   /home/pan/.javacpp/cache/openblas-0.3.23-1.5.9-linux-x86_64.jar/org/bytedeco/openblas/linux-x86_64/libjniopenblas_nolapack.so
731b48df1000-731b48dfe000 r--p 0003d000 103:02 5259707                   /home/pan/.javacpp/cache/openblas-0.3.23-1.5.9-linux-x86_64.jar/org/bytedeco/openblas/linux-x86_64/libjniopenblas_nolapack.so
731b48dfe000-731b48dff000 r--p 00049000 103:02 5259707                   /home/pan/.javacpp/cache/openblas-0.3.23-1.5.9-linux-x86_64.jar/org/bytedeco/openblas/linux-x86_64/libjniopenblas_nolapack.so
731b48dff000-731b48e00000 rw-p 0004a000 103:02 5259707                   /home/pan/.javacpp/cache/openblas-0.3.23-1.5.9-linux-x86_64.jar/org/bytedeco/openblas/linux-x86_64/libjniopenblas_nolapack.so
731b48e00000-731b49220000 rwxp 00000000 00:00 0 
731b49220000-731b5025f000 ---p 00000000 00:00 0 
731b5025f000-731b505cf000 rwxp 00000000 00:00 0 
731b505cf000-731b509a0000 ---p 00000000 00:00 0 
731b509a0000-731b50c10000 rwxp 00000000 00:00 0 
731b50c10000-731b57e00000 ---p 00000000 00:00 0 
731b57e00000-731b57e24000 r-xp 00000000 103:02 4342135                   /home/pan/.jdks/corretto-17.0.14/lib/libjava.so
731b57e24000-731b58024000 ---p 00024000 103:02 4342135                   /home/pan/.jdks/corretto-17.0.14/lib/libjava.so
731b58024000-731b58025000 r--p 00024000 103:02 4342135                   /home/pan/.jdks/corretto-17.0.14/lib/libjava.so
731b58025000-731b58026000 rw-p 00025000 103:02 4342135                   /home/pan/.jdks/corretto-17.0.14/lib/libjava.so
731b58026000-731b58027000 rw-p 00000000 00:00 0 
731b5802f000-731b58050000 r--p 00000000 103:02 12351393                  /usr/share/locale-langpack/zh_CN/LC_MESSAGES/libc.mo
731b58050000-731b58057000 r--p 00000000 103:02 5259693                   /home/pan/.javacpp/cache/ffmpeg-6.0-1.5.9-linux-x86_64.jar/org/bytedeco/ffmpeg/linux-x86_64/libjniavdevice.so
731b58057000-731b58061000 r-xp 00007000 103:02 5259693                   /home/pan/.javacpp/cache/ffmpeg-6.0-1.5.9-linux-x86_64.jar/org/bytedeco/ffmpeg/linux-x86_64/libjniavdevice.so
731b58061000-731b58066000 r--p 00011000 103:02 5259693                   /home/pan/.javacpp/cache/ffmpeg-6.0-1.5.9-linux-x86_64.jar/org/bytedeco/ffmpeg/linux-x86_64/libjniavdevice.so
731b58066000-731b58067000 ---p 00016000 103:02 5259693                   /home/pan/.javacpp/cache/ffmpeg-6.0-1.5.9-linux-x86_64.jar/org/bytedeco/ffmpeg/linux-x86_64/libjniavdevice.so
731b58067000-731b58068000 r--p 00016000 103:02 5259693                   /home/pan/.javacpp/cache/ffmpeg-6.0-1.5.9-linux-x86_64.jar/org/bytedeco/ffmpeg/linux-x86_64/libjniavdevice.so
731b58068000-731b58069000 rw-p 00017000 103:02 5259693                   /home/pan/.javacpp/cache/ffmpeg-6.0-1.5.9-linux-x86_64.jar/org/bytedeco/ffmpeg/linux-x86_64/libjniavdevice.so
731b58069000-731b58094000 r--p 00000000 103:02 5259684                   /home/pan/.javacpp/cache/ffmpeg-6.0-1.5.9-linux-x86_64.jar/org/bytedeco/ffmpeg/linux-x86_64/libjniavformat.so
731b58094000-731b580d0000 r-xp 0002b000 103:02 5259684                   /home/pan/.javacpp/cache/ffmpeg-6.0-1.5.9-linux-x86_64.jar/org/bytedeco/ffmpeg/linux-x86_64/libjniavformat.so
731b580d0000-731b580f0000 r--p 00067000 103:02 5259684                   /home/pan/.javacpp/cache/ffmpeg-6.0-1.5.9-linux-x86_64.jar/org/bytedeco/ffmpeg/linux-x86_64/libjniavformat.so
731b580f0000-731b580fb000 r--p 00086000 103:02 5259684                   /home/pan/.javacpp/cache/ffmpeg-6.0-1.5.9-linux-x86_64.jar/org/bytedeco/ffmpeg/linux-x86_64/libjniavformat.so
731b580fb000-731b580fc000 rw-p 00091000 103:02 5259684                   /home/pan/.javacpp/cache/ffmpeg-6.0-1.5.9-linux-x86_64.jar/org/bytedeco/ffmpeg/linux-x86_64/libjniavformat.so
731b580fc000-731b581fe000 rw-p 00000000 00:00 0 
731b581fe000-731b581ff000 ---p 00000000 00:00 0 
731b581ff000-731b582ff000 rw-p 00000000 00:00 0 
731b582ff000-731b58300000 ---p 00000000 00:00 0 
731b58300000-731b58400000 rw-p 00000000 00:00 0 
731b58400000-731b5ffdf000 r--s 00000000 103:02 4342129                   /home/pan/.jdks/corretto-17.0.14/lib/modules
731b5ffe8000-731b5ffec000 r--p 00000000 103:02 11847081                  /usr/lib/x86_64-linux-gnu/libbsd.so.0.11.5
731b5ffec000-731b5fff9000 r-xp 00004000 103:02 11847081                  /usr/lib/x86_64-linux-gnu/libbsd.so.0.11.5
731b5fff9000-731b5fffc000 r--p 00011000 103:02 11847081                  /usr/lib/x86_64-linux-gnu/libbsd.so.0.11.5
731b5fffc000-731b5fffd000 ---p 00014000 103:02 11847081                  /usr/lib/x86_64-linux-gnu/libbsd.so.0.11.5
731b5fffd000-731b5fffe000 r--p 00014000 103:02 11847081                  /usr/lib/x86_64-linux-gnu/libbsd.so.0.11.5
731b5fffe000-731b5ffff000 rw-p 00015000 103:02 11847081                  /usr/lib/x86_64-linux-gnu/libbsd.so.0.11.5
731b5ffff000-731b60000000 rw-p 00000000 00:00 0 
731b60000000-731b62f48000 rw-p 00000000 00:00 0 
731b62f48000-731b64000000 ---p 00000000 00:00 0 
731b6400f000-731b6401a000 r--p 00000000 103:02 11848391                  /usr/lib/x86_64-linux-gnu/libxcb.so.1.1.0
731b6401a000-731b6402e000 r-xp 0000b000 103:02 11848391                  /usr/lib/x86_64-linux-gnu/libxcb.so.1.1.0
731b6402e000-731b64037000 r--p 0001f000 103:02 11848391                  /usr/lib/x86_64-linux-gnu/libxcb.so.1.1.0
731b64037000-731b64038000 r--p 00027000 103:02 11848391                  /usr/lib/x86_64-linux-gnu/libxcb.so.1.1.0
731b64038000-731b64039000 rw-p 00028000 103:02 11848391                  /usr/lib/x86_64-linux-gnu/libxcb.so.1.1.0
731b64039000-731b6403f000 r--p 00000000 103:02 5259691                   /home/pan/.javacpp/cache/ffmpeg-6.0-1.5.9-linux-x86_64.jar/org/bytedeco/ffmpeg/linux-x86_64/libavdevice.so.60
731b6403f000-731b64048000 r-xp 00006000 103:02 5259691                   /home/pan/.javacpp/cache/ffmpeg-6.0-1.5.9-linux-x86_64.jar/org/bytedeco/ffmpeg/linux-x86_64/libavdevice.so.60
731b64048000-731b6404c000 r--p 0000f000 103:02 5259691                   /home/pan/.javacpp/cache/ffmpeg-6.0-1.5.9-linux-x86_64.jar/org/bytedeco/ffmpeg/linux-x86_64/libavdevice.so.60
731b6404c000-731b6404d000 ---p 00013000 103:02 5259691                   /home/pan/.javacpp/cache/ffmpeg-6.0-1.5.9-linux-x86_64.jar/org/bytedeco/ffmpeg/linux-x86_64/libavdevice.so.60
731b6404d000-731b6404f000 r--p 00013000 103:02 5259691                   /home/pan/.javacpp/cache/ffmpeg-6.0-1.5.9-linux-x86_64.jar/org/bytedeco/ffmpeg/linux-x86_64/libavdevice.so.60
731b6404f000-731b64050000 rw-p 00015000 103:02 5259691                   /home/pan/.javacpp/cache/ffmpeg-6.0-1.5.9-linux-x86_64.jar/org/bytedeco/ffmpeg/linux-x86_64/libavdevice.so.60
731b64050000-731b6407d000 r--p 00000000 103:02 5259681                   /home/pan/.javacpp/cache/ffmpeg-6.0-1.5.9-linux-x86_64.jar/org/bytedeco/ffmpeg/linux-x86_64/libjniavcodec.so
731b6407d000-731b640ba000 r-xp 0002d000 103:02 5259681                   /home/pan/.javacpp/cache/ffmpeg-6.0-1.5.9-linux-x86_64.jar/org/bytedeco/ffmpeg/linux-x86_64/libjniavcodec.so
731b640ba000-731b640e2000 r--p 0006a000 103:02 5259681                   /home/pan/.javacpp/cache/ffmpeg-6.0-1.5.9-linux-x86_64.jar/org/bytedeco/ffmpeg/linux-x86_64/libjniavcodec.so
731b640e2000-731b640f9000 r--p 00091000 103:02 5259681                   /home/pan/.javacpp/cache/ffmpeg-6.0-1.5.9-linux-x86_64.jar/org/bytedeco/ffmpeg/linux-x86_64/libjniavcodec.so
731b640f9000-731b640fa000 rw-p 000a8000 103:02 5259681                   /home/pan/.javacpp/cache/ffmpeg-6.0-1.5.9-linux-x86_64.jar/org/bytedeco/ffmpeg/linux-x86_64/libjniavcodec.so
731b640fa000-731b640fb000 rw-p 00000000 00:00 0 
731b640fb000-731b640fc000 ---p 00000000 00:00 0 
731b640fc000-731b641fc000 rw-p 00000000 00:00 0 
731b641fc000-731b64600000 rw-p 00000000 00:00 0 
731b64600000-731b6460a000 r-xp 00000000 103:02 4342167                   /home/pan/.jdks/corretto-17.0.14/lib/libinstrument.so
731b6460a000-731b64809000 ---p 0000a000 103:02 4342167                   /home/pan/.jdks/corretto-17.0.14/lib/libinstrument.so
731b64809000-731b6480a000 r--p 00009000 103:02 4342167                   /home/pan/.jdks/corretto-17.0.14/lib/libinstrument.so
731b6480a000-731b6480b000 rw-p 0000a000 103:02 4342167                   /home/pan/.jdks/corretto-17.0.14/lib/libinstrument.so
731b64815000-731b6482b000 r--p 00000000 103:02 5259690                   /home/pan/.javacpp/cache/ffmpeg-6.0-1.5.9-linux-x86_64.jar/org/bytedeco/ffmpeg/linux-x86_64/libjniavfilter.so
731b6482b000-731b6484a000 r-xp 00016000 103:02 5259690                   /home/pan/.javacpp/cache/ffmpeg-6.0-1.5.9-linux-x86_64.jar/org/bytedeco/ffmpeg/linux-x86_64/libjniavfilter.so
731b6484a000-731b6485a000 r--p 00035000 103:02 5259690                   /home/pan/.javacpp/cache/ffmpeg-6.0-1.5.9-linux-x86_64.jar/org/bytedeco/ffmpeg/linux-x86_64/libjniavfilter.so
731b6485a000-731b6485e000 r--p 00044000 103:02 5259690                   /home/pan/.javacpp/cache/ffmpeg-6.0-1.5.9-linux-x86_64.jar/org/bytedeco/ffmpeg/linux-x86_64/libjniavfilter.so
731b6485e000-731b6485f000 rw-p 00048000 103:02 5259690                   /home/pan/.javacpp/cache/ffmpeg-6.0-1.5.9-linux-x86_64.jar/org/bytedeco/ffmpeg/linux-x86_64/libjniavfilter.so
731b6485f000-731b64867000 r--p 00000000 103:02 5259687                   /home/pan/.javacpp/cache/ffmpeg-6.0-1.5.9-linux-x86_64.jar/org/bytedeco/ffmpeg/linux-x86_64/libjniswscale.so
731b64867000-731b64874000 r-xp 00008000 103:02 5259687                   /home/pan/.javacpp/cache/ffmpeg-6.0-1.5.9-linux-x86_64.jar/org/bytedeco/ffmpeg/linux-x86_64/libjniswscale.so
731b64874000-731b64879000 r--p 00015000 103:02 5259687                   /home/pan/.javacpp/cache/ffmpeg-6.0-1.5.9-linux-x86_64.jar/org/bytedeco/ffmpeg/linux-x86_64/libjniswscale.so
731b64879000-731b6487a000 ---p 0001a000 103:02 5259687                   /home/pan/.javacpp/cache/ffmpeg-6.0-1.5.9-linux-x86_64.jar/org/bytedeco/ffmpeg/linux-x86_64/libjniswscale.so
731b6487a000-731b6487b000 r--p 0001a000 103:02 5259687                   /home/pan/.javacpp/cache/ffmpeg-6.0-1.5.9-linux-x86_64.jar/org/bytedeco/ffmpeg/linux-x86_64/libjniswscale.so
731b6487b000-731b6487c000 rw-p 0001b000 103:02 5259687                   /home/pan/.javacpp/cache/ffmpeg-6.0-1.5.9-linux-x86_64.jar/org/bytedeco/ffmpeg/linux-x86_64/libjniswscale.so
731b6487c000-731b64c00000 rw-p 00000000 00:00 0 
731b64c00000-731b64c1b000 r-xp 00000000 103:02 4342136                   /home/pan/.jdks/corretto-17.0.14/lib/libjimage.so
731b64c1b000-731b64e1a000 ---p 0001b000 103:02 4342136                   /home/pan/.jdks/corretto-17.0.14/lib/libjimage.so
731b64e1a000-731b64e1c000 r--p 0001a000 103:02 4342136                   /home/pan/.jdks/corretto-17.0.14/lib/libjimage.so
731b64e1c000-731b64e1d000 rw-p 0001c000 103:02 4342136                   /home/pan/.jdks/corretto-17.0.14/lib/libjimage.so
731b64e1d000-731b64e1f000 r--p 00000000 103:02 11847745                  /usr/lib/x86_64-linux-gnu/libmd.so.0.0.5
731b64e1f000-731b64e26000 r-xp 00002000 103:02 11847745                  /usr/lib/x86_64-linux-gnu/libmd.so.0.0.5
731b64e26000-731b64e28000 r--p 00009000 103:02 11847745                  /usr/lib/x86_64-linux-gnu/libmd.so.0.0.5
731b64e28000-731b64e29000 r--p 0000a000 103:02 11847745                  /usr/lib/x86_64-linux-gnu/libmd.so.0.0.5
731b64e29000-731b64e2a000 rw-p 0000b000 103:02 11847745                  /usr/lib/x86_64-linux-gnu/libmd.so.0.0.5
731b64e2a000-731b64e30000 r--p 00000000 103:02 5259678                   /home/pan/.javacpp/cache/ffmpeg-6.0-1.5.9-linux-x86_64.jar/org/bytedeco/ffmpeg/linux-x86_64/libjniswresample.so
731b64e30000-731b64e3a000 r-xp 00006000 103:02 5259678                   /home/pan/.javacpp/cache/ffmpeg-6.0-1.5.9-linux-x86_64.jar/org/bytedeco/ffmpeg/linux-x86_64/libjniswresample.so
731b64e3a000-731b64e3f000 r--p 00010000 103:02 5259678                   /home/pan/.javacpp/cache/ffmpeg-6.0-1.5.9-linux-x86_64.jar/org/bytedeco/ffmpeg/linux-x86_64/libjniswresample.so
731b64e3f000-731b64e40000 r--p 00014000 103:02 5259678                   /home/pan/.javacpp/cache/ffmpeg-6.0-1.5.9-linux-x86_64.jar/org/bytedeco/ffmpeg/linux-x86_64/libjniswresample.so
731b64e40000-731b64e41000 rw-p 00015000 103:02 5259678                   /home/pan/.javacpp/cache/ffmpeg-6.0-1.5.9-linux-x86_64.jar/org/bytedeco/ffmpeg/linux-x86_64/libjniswresample.so
731b64e41000-731b64e44000 r--p 00000000 103:02 5259676                   /home/pan/.javacpp/cache/ffmpeg-6.0-1.5.9-linux-x86_64.jar/org/bytedeco/ffmpeg/linux-x86_64/libswresample.so.4
731b64e44000-731b64e58000 r-xp 00003000 103:02 5259676                   /home/pan/.javacpp/cache/ffmpeg-6.0-1.5.9-linux-x86_64.jar/org/bytedeco/ffmpeg/linux-x86_64/libswresample.so.4
731b64e58000-731b64e5d000 r--p 00017000 103:02 5259676                   /home/pan/.javacpp/cache/ffmpeg-6.0-1.5.9-linux-x86_64.jar/org/bytedeco/ffmpeg/linux-x86_64/libswresample.so.4
731b64e5d000-731b64e5e000 ---p 0001c000 103:02 5259676                   /home/pan/.javacpp/cache/ffmpeg-6.0-1.5.9-linux-x86_64.jar/org/bytedeco/ffmpeg/linux-x86_64/libswresample.so.4
731b64e5e000-731b64e60000 r--p 0001c000 103:02 5259676                   /home/pan/.javacpp/cache/ffmpeg-6.0-1.5.9-linux-x86_64.jar/org/bytedeco/ffmpeg/linux-x86_64/libswresample.so.4
731b64e60000-731b64e61000 rw-p 0001e000 103:02 5259676                   /home/pan/.javacpp/cache/ffmpeg-6.0-1.5.9-linux-x86_64.jar/org/bytedeco/ffmpeg/linux-x86_64/libswresample.so.4
731b64e61000-731b65200000 rw-p 00000000 00:00 0 
731b65200000-731b664c9000 r-xp 00000000 103:02 4342150                   /home/pan/.jdks/corretto-17.0.14/lib/server/libjvm.so
731b664c9000-731b666c9000 ---p 012c9000 103:02 4342150                   /home/pan/.jdks/corretto-17.0.14/lib/server/libjvm.so
731b666c9000-731b66782000 r--p 012c9000 103:02 4342150                   /home/pan/.jdks/corretto-17.0.14/lib/server/libjvm.so
731b66782000-731b667b7000 rw-p 01382000 103:02 4342150                   /home/pan/.jdks/corretto-17.0.14/lib/server/libjvm.so
731b667b7000-731b66812000 rw-p 00000000 00:00 0 
731b66814000-731b66816000 r--p 00000000 103:02 11846801                  /usr/lib/x86_64-linux-gnu/libXdmcp.so.6.0.0
731b66816000-731b66818000 r-xp 00002000 103:02 11846801                  /usr/lib/x86_64-linux-gnu/libXdmcp.so.6.0.0
731b66818000-731b6681a000 r--p 00004000 103:02 11846801                  /usr/lib/x86_64-linux-gnu/libXdmcp.so.6.0.0
731b6681a000-731b6681b000 r--p 00005000 103:02 11846801                  /usr/lib/x86_64-linux-gnu/libXdmcp.so.6.0.0
731b6681b000-731b6681c000 rw-p 00006000 103:02 11846801                  /usr/lib/x86_64-linux-gnu/libXdmcp.so.6.0.0
731b6681c000-731b6681d000 r--p 00000000 103:02 11846790                  /usr/lib/x86_64-linux-gnu/libXau.so.6.0.0
731b6681d000-731b6681f000 r-xp 00001000 103:02 11846790                  /usr/lib/x86_64-linux-gnu/libXau.so.6.0.0
731b6681f000-731b66820000 r--p 00003000 103:02 11846790                  /usr/lib/x86_64-linux-gnu/libXau.so.6.0.0
731b66820000-731b66821000 r--p 00003000 103:02 11846790                  /usr/lib/x86_64-linux-gnu/libXau.so.6.0.0
731b66821000-731b66822000 rw-p 00004000 103:02 11846790                  /usr/lib/x86_64-linux-gnu/libXau.so.6.0.0
731b66822000-731b66825000 r--p 00000000 103:02 11847384                  /usr/lib/x86_64-linux-gnu/libgcc_s.so.1
731b66825000-731b6683c000 r-xp 00003000 103:02 11847384                  /usr/lib/x86_64-linux-gnu/libgcc_s.so.1
731b6683c000-731b66840000 r--p 0001a000 103:02 11847384                  /usr/lib/x86_64-linux-gnu/libgcc_s.so.1
731b66840000-731b66841000 r--p 0001d000 103:02 11847384                  /usr/lib/x86_64-linux-gnu/libgcc_s.so.1
731b66841000-731b66842000 rw-p 0001e000 103:02 11847384                  /usr/lib/x86_64-linux-gnu/libgcc_s.so.1
731b66843000-731b66846000 r--p 00000000 103:02 6849600                   /opt/rocm-6.1.0/lib/libOpenCL.so.1.2
731b66846000-731b6684a000 r-xp 00003000 103:02 6849600                   /opt/rocm-6.1.0/lib/libOpenCL.so.1.2
731b6684a000-731b6684c000 r--p 00007000 103:02 6849600                   /opt/rocm-6.1.0/lib/libOpenCL.so.1.2
731b6684c000-731b6684d000 r--p 00008000 103:02 6849600                   /opt/rocm-6.1.0/lib/libOpenCL.so.1.2
731b6684d000-731b6684e000 rw-p 00009000 103:02 6849600                   /opt/rocm-6.1.0/lib/libOpenCL.so.1.2
731b6684e000-731b66855000 r--s 00000000 103:02 11825073                  /usr/lib/x86_64-linux-gnu/gconv/gconv-modules.cache
731b66855000-731b66c00000 rw-p 00000000 00:00 0 
731b66c00000-731b66c28000 r--p 00000000 103:02 11819770                  /usr/lib/x86_64-linux-gnu/libc.so.6
731b66c28000-731b66dbd000 r-xp 00028000 103:02 11819770                  /usr/lib/x86_64-linux-gnu/libc.so.6
731b66dbd000-731b66e15000 r--p 001bd000 103:02 11819770                  /usr/lib/x86_64-linux-gnu/libc.so.6
731b66e15000-731b66e16000 ---p 00215000 103:02 11819770                  /usr/lib/x86_64-linux-gnu/libc.so.6
731b66e16000-731b66e1a000 r--p 00215000 103:02 11819770                  /usr/lib/x86_64-linux-gnu/libc.so.6
731b66e1a000-731b66e1c000 rw-p 00219000 103:02 11819770                  /usr/lib/x86_64-linux-gnu/libc.so.6
731b66e1c000-731b66e29000 rw-p 00000000 00:00 0 
731b66e2e000-731b66e33000 rw-p 00000000 00:00 0 
731b66e33000-731b66f17000 ---p 00000000 00:00 0 
731b66f17000-731b66f20000 rw-p 00000000 00:00 0 
731b66f20000-731b67000000 ---p 00000000 00:00 0 
731b67000000-731b6700f000 r-xp 00000000 103:02 4342137                   /home/pan/.jdks/corretto-17.0.14/lib/libjli.so
731b6700f000-731b6720e000 ---p 0000f000 103:02 4342137                   /home/pan/.jdks/corretto-17.0.14/lib/libjli.so
731b6720e000-731b6720f000 r--p 0000e000 103:02 4342137                   /home/pan/.jdks/corretto-17.0.14/lib/libjli.so
731b6720f000-731b67210000 rw-p 0000f000 103:02 4342137                   /home/pan/.jdks/corretto-17.0.14/lib/libjli.so
731b67211000-731b67214000 r--p 00000000 103:02 11848385                  /usr/lib/x86_64-linux-gnu/libxcb-xfixes.so.0.0.0
731b67214000-731b67217000 r-xp 00003000 103:02 11848385                  /usr/lib/x86_64-linux-gnu/libxcb-xfixes.so.0.0.0
731b67217000-731b67218000 r--p 00006000 103:02 11848385                  /usr/lib/x86_64-linux-gnu/libxcb-xfixes.so.0.0.0
731b67218000-731b67219000 ---p 00007000 103:02 11848385                  /usr/lib/x86_64-linux-gnu/libxcb-xfixes.so.0.0.0
731b67219000-731b6721a000 r--p 00007000 103:02 11848385                  /usr/lib/x86_64-linux-gnu/libxcb-xfixes.so.0.0.0
731b6721a000-731b6721b000 rw-p 00008000 103:02 11848385                  /usr/lib/x86_64-linux-gnu/libxcb-xfixes.so.0.0.0
731b6721b000-731b6721c000 r--p 00000000 103:02 11848377                  /usr/lib/x86_64-linux-gnu/libxcb-shape.so.0.0.0
731b6721c000-731b6721d000 r-xp 00001000 103:02 11848377                  /usr/lib/x86_64-linux-gnu/libxcb-shape.so.0.0.0
731b6721d000-731b6721e000 r--p 00002000 103:02 11848377                  /usr/lib/x86_64-linux-gnu/libxcb-shape.so.0.0.0
731b6721e000-731b6721f000 r--p 00002000 103:02 11848377                  /usr/lib/x86_64-linux-gnu/libxcb-shape.so.0.0.0
731b6721f000-731b67220000 rw-p 00003000 103:02 11848377                  /usr/lib/x86_64-linux-gnu/libxcb-shape.so.0.0.0
731b67220000-731b67224000 r--p 00000000 103:02 5259663                   /home/pan/.javacpp/cache/javacpp-1.5.9-linux-x86_64.jar/org/bytedeco/javacpp/linux-x86_64/libjnijavacpp.so
731b67224000-731b6722b000 r-xp 00004000 103:02 5259663                   /home/pan/.javacpp/cache/javacpp-1.5.9-linux-x86_64.jar/org/bytedeco/javacpp/linux-x86_64/libjnijavacpp.so
731b6722b000-731b6722f000 r--p 0000b000 103:02 5259663                   /home/pan/.javacpp/cache/javacpp-1.5.9-linux-x86_64.jar/org/bytedeco/javacpp/linux-x86_64/libjnijavacpp.so
731b6722f000-731b67230000 r--p 0000e000 103:02 5259663                   /home/pan/.javacpp/cache/javacpp-1.5.9-linux-x86_64.jar/org/bytedeco/javacpp/linux-x86_64/libjnijavacpp.so
731b67230000-731b67231000 rw-p 0000f000 103:02 5259663                   /home/pan/.javacpp/cache/javacpp-1.5.9-linux-x86_64.jar/org/bytedeco/javacpp/linux-x86_64/libjnijavacpp.so
731b67231000-731b672a6000 rw-p 00000000 00:00 0 
731b672a6000-731b672ae000 ---p 00000000 00:00 0 
731b672ae000-731b672b2000 ---p 00000000 00:00 0 
731b672b2000-731b673ae000 rw-p 00000000 00:00 0 
731b673ae000-731b673bc000 r--p 00000000 103:02 11819841                  /usr/lib/x86_64-linux-gnu/libm.so.6
731b673bc000-731b67438000 r-xp 0000e000 103:02 11819841                  /usr/lib/x86_64-linux-gnu/libm.so.6
731b67438000-731b67493000 r--p 0008a000 103:02 11819841                  /usr/lib/x86_64-linux-gnu/libm.so.6
731b67493000-731b67494000 r--p 000e4000 103:02 11819841                  /usr/lib/x86_64-linux-gnu/libm.so.6
731b67494000-731b67495000 rw-p 000e5000 103:02 11819841                  /usr/lib/x86_64-linux-gnu/libm.so.6
731b67495000-731b67496000 r--p 00000000 103:02 11820205                  /usr/lib/x86_64-linux-gnu/librt.so.1
731b67496000-731b67497000 r-xp 00001000 103:02 11820205                  /usr/lib/x86_64-linux-gnu/librt.so.1
731b67497000-731b67498000 r--p 00002000 103:02 11820205                  /usr/lib/x86_64-linux-gnu/librt.so.1
731b67498000-731b67499000 r--p 00002000 103:02 11820205                  /usr/lib/x86_64-linux-gnu/librt.so.1
731b67499000-731b6749a000 rw-p 00003000 103:02 11820205                  /usr/lib/x86_64-linux-gnu/librt.so.1
731b6749a000-731b6749e000 rw-p 00000000 00:00 0 
731b6749e000-731b6749f000 r--p 00000000 103:02 11819839                  /usr/lib/x86_64-linux-gnu/libdl.so.2
731b6749f000-731b674a0000 r-xp 00001000 103:02 11819839                  /usr/lib/x86_64-linux-gnu/libdl.so.2
731b674a0000-731b674a1000 r--p 00002000 103:02 11819839                  /usr/lib/x86_64-linux-gnu/libdl.so.2
731b674a1000-731b674a2000 r--p 00002000 103:02 11819839                  /usr/lib/x86_64-linux-gnu/libdl.so.2
731b674a2000-731b674a3000 rw-p 00003000 103:02 11819839                  /usr/lib/x86_64-linux-gnu/libdl.so.2
731b674a3000-731b674a4000 r--p 00000000 103:02 11820201                  /usr/lib/x86_64-linux-gnu/libpthread.so.0
731b674a4000-731b674a5000 r-xp 00001000 103:02 11820201                  /usr/lib/x86_64-linux-gnu/libpthread.so.0
731b674a5000-731b674a6000 r--p 00002000 103:02 11820201                  /usr/lib/x86_64-linux-gnu/libpthread.so.0
731b674a6000-731b674a7000 r--p 00002000 103:02 11820201                  /usr/lib/x86_64-linux-gnu/libpthread.so.0
731b674a7000-731b674a8000 rw-p 00003000 103:02 11820201                  /usr/lib/x86_64-linux-gnu/libpthread.so.0
731b674a8000-731b674aa000 r--p 00000000 103:02 11848427                  /usr/lib/x86_64-linux-gnu/libz.so.1.2.11
731b674aa000-731b674bb000 r-xp 00002000 103:02 11848427                  /usr/lib/x86_64-linux-gnu/libz.so.1.2.11
731b674bb000-731b674c1000 r--p 00013000 103:02 11848427                  /usr/lib/x86_64-linux-gnu/libz.so.1.2.11
731b674c1000-731b674c2000 ---p 00019000 103:02 11848427                  /usr/lib/x86_64-linux-gnu/libz.so.1.2.11
731b674c2000-731b674c3000 r--p 00019000 103:02 11848427                  /usr/lib/x86_64-linux-gnu/libz.so.1.2.11
731b674c3000-731b674c4000 rw-p 0001a000 103:02 11848427                  /usr/lib/x86_64-linux-gnu/libz.so.1.2.11
731b674c8000-731b674c9000 r--p 00000000 103:02 11848379                  /usr/lib/x86_64-linux-gnu/libxcb-shm.so.0.0.0
731b674c9000-731b674ca000 r-xp 00001000 103:02 11848379                  /usr/lib/x86_64-linux-gnu/libxcb-shm.so.0.0.0
731b674ca000-731b674cb000 r--p 00002000 103:02 11848379                  /usr/lib/x86_64-linux-gnu/libxcb-shm.so.0.0.0
731b674cb000-731b674cc000 r--p 00002000 103:02 11848379                  /usr/lib/x86_64-linux-gnu/libxcb-shm.so.0.0.0
731b674cc000-731b674cd000 rw-p 00003000 103:02 11848379                  /usr/lib/x86_64-linux-gnu/libxcb-shm.so.0.0.0
731b674cd000-731b674d5000 rw-s 00000000 103:02 5262029                   /tmp/hsperfdata_pan/43167
731b674d5000-731b674d6000 ---p 00000000 00:00 0 
731b674d6000-731b674d7000 r--p 00000000 00:00 0 
731b674d7000-731b674d9000 rw-p 00000000 00:00 0 
731b674d9000-731b674db000 r--p 00000000 103:02 11819686                  /usr/lib/x86_64-linux-gnu/ld-linux-x86-64.so.2
731b674db000-731b67505000 r-xp 00002000 103:02 11819686                  /usr/lib/x86_64-linux-gnu/ld-linux-x86-64.so.2
731b67505000-731b67510000 r--p 0002c000 103:02 11819686                  /usr/lib/x86_64-linux-gnu/ld-linux-x86-64.so.2
731b67510000-731b67511000 ---p 00000000 00:00 0 
731b67511000-731b67513000 r--p 00037000 103:02 11819686                  /usr/lib/x86_64-linux-gnu/ld-linux-x86-64.so.2
731b67513000-731b67515000 rw-p 00039000 103:02 11819686                  /usr/lib/x86_64-linux-gnu/ld-linux-x86-64.so.2
7fff30300000-7fff30321000 rw-p 00000000 00:00 0                          [stack]
7fff30376000-7fff3037a000 r--p 00000000 00:00 0                          [vvar]
7fff3037a000-7fff3037c000 r-xp 00000000 00:00 0                          [vdso]
ffffffffff600000-ffffffffff601000 --xp 00000000 00:00 0                  [vsyscall]


VM Arguments:
jvm_args: -javaagent:/opt/idea/lib/idea_rt.jar=37835:/opt/idea/bin -Dfile.encoding=UTF-8 
java_command: com.saigou.Processor
java_class_path (initial): /media/pan/95C15E65414BD009/ubuntu/houduan/pandaSystem/analyzer-server-10001/target/classes:/home/pan/.m2/repository/org/bytedeco/javacv-platform/1.5.9/javacv-platform-1.5.9.jar:/home/pan/.m2/repository/org/bytedeco/javacv/1.5.9/javacv-1.5.9.jar:/home/pan/.m2/repository/org/bytedeco/javacpp/1.5.9/javacpp-1.5.9.jar:/home/pan/.m2/repository/org/bytedeco/openblas/0.3.23-1.5.9/openblas-0.3.23-1.5.9.jar:/home/pan/.m2/repository/org/bytedeco/opencv/4.7.0-1.5.9/opencv-4.7.0-1.5.9.jar:/home/pan/.m2/repository/org/bytedeco/ffmpeg/6.0-1.5.9/ffmpeg-6.0-1.5.9.jar:/home/pan/.m2/repository/org/bytedeco/flycapture/2.13.3.31-1.5.9/flycapture-2.13.3.31-1.5.9.jar:/home/pan/.m2/repository/org/bytedeco/libdc1394/2.2.6-1.5.9/libdc1394-2.2.6-1.5.9.jar:/home/pan/.m2/repository/org/bytedeco/libfreenect/0.5.7-1.5.9/libfreenect-0.5.7-1.5.9.jar:/home/pan/.m2/repository/org/bytedeco/libfreenect2/0.2.0-1.5.9/libfreenect2-0.2.0-1.5.9.jar:/home/pan/.m2/repository/org/bytedeco/librealsense/1.12.4-1.5.9/librealsense-1.12.4-1.5.9.jar:/home/pan/.m2/repository/org/bytedeco/librealsense2/2.53.1-1.5.9/librealsense2-2.53.1-1.5.9.jar:/home/pan/.m2/repository/org/bytedeco/videoinput/0.200-1.5.9/videoinput-0.200-1.5.9.jar:/home/pan/.m2/repository/org/bytedeco/artoolkitplus/2.3.1-1.5.9/artoolkitplus-2.3.1-1.5.9.jar:/home/pan/.m2/repository/org/bytedeco/leptonica/1.83.0-1.5.9/leptonica-1.83.0-1.5.9.jar:/home/pan/.m2/repository/org/bytedeco/tesseract/5.3.1-1.5.9/tesseract-5.3.1-1.5.9.jar:/home/pan/.m2/repository/org/openjfx/javafx-graphics/17/javafx-graphics-17.jar:/home/pan/.m2/repository/org/openjfx/javafx-graphics/17/javafx-graphics-17-linux.jar:/home/pan/.m2/repository/org/openjfx/javafx-base/17/javafx-base-17.jar:/home/pan/.m2/repository/org/openjfx/javafx-base/17/javafx-base-17-linux.jar:/home/pan/.m2/repository/org/bytedeco/openblas-platform/0.3.23-1.5.9/openblas-platform-0.3.23-1.5.9.jar:/home/pan/.m2/repository/org/bytedeco/javacpp-platform/1.5.9/javacpp-platform-1.5.9.jar
Launcher Type: SUN_STANDARD

[Global flags]
     intx CICompilerCount                          = 12                                        {product} {ergonomic}
     uint ConcGCThreads                            = 3                                         {product} {ergonomic}
     uint G1ConcRefinementThreads                  = 13                                        {product} {ergonomic}
   size_t G1HeapRegionSize                         = 4194304                                   {product} {ergonomic}
    uintx GCDrainStackTargetSize                   = 64                                        {product} {ergonomic}
   size_t InitialHeapSize                          = 461373440                                 {product} {ergonomic}
   size_t MarkStackSize                            = 4194304                                   {product} {ergonomic}
   size_t MaxHeapSize                              = 7319060480                                {product} {ergonomic}
   size_t MaxNewSize                               = 4391436288                                {product} {ergonomic}
   size_t MinHeapDeltaBytes                        = 4194304                                   {product} {ergonomic}
   size_t MinHeapSize                              = 8388608                                   {product} {ergonomic}
    uintx NonNMethodCodeHeapSize                   = 7602480                                {pd product} {ergonomic}
    uintx NonProfiledCodeHeapSize                  = 122027880                              {pd product} {ergonomic}
    uintx ProfiledCodeHeapSize                     = 122027880                              {pd product} {ergonomic}
    uintx ReservedCodeCacheSize                    = 251658240                              {pd product} {ergonomic}
     bool SegmentedCodeCache                       = true                                      {product} {ergonomic}
   size_t SoftMaxHeapSize                          = 7319060480                             {manageable} {ergonomic}
     bool UseCompressedClassPointers               = true                           {product lp64_product} {ergonomic}
     bool UseCompressedOops                        = true                           {product lp64_product} {ergonomic}
     bool UseG1GC                                  = true                                      {product} {ergonomic}

Logging:
Log output configuration:
 #0: stdout all=warning uptime,level,tags
 #1: stderr all=off uptime,level,tags

Environment Variables:
PATH=/usr/local/sbin:/usr/local/bin:/usr/sbin:/usr/bin:/sbin:/bin:/usr/games:/usr/local/games:/snap/bin:/snap/bin
USERNAME=pan
SHELL=/bin/bash
DISPLAY=:0
LANG=zh_CN.UTF-8
LC_NUMERIC=zh_CN.UTF-8
LC_TIME=zh_CN.UTF-8

Active Locale:
LC_ALL=zh_CN.UTF-8
LC_COLLATE=zh_CN.UTF-8
LC_CTYPE=zh_CN.UTF-8
LC_MESSAGES=zh_CN.UTF-8
LC_MONETARY=zh_CN.UTF-8
LC_NUMERIC=zh_CN.UTF-8
LC_TIME=zh_CN.UTF-8

Signal Handlers:
   SIGSEGV: crash_handler in libjvm.so, mask=11100100010111111101111111111110, flags=SA_RESTART|SA_SIGINFO, unblocked
    SIGBUS: crash_handler in libjvm.so, mask=11100100010111111101111111111110, flags=SA_RESTART|SA_SIGINFO, unblocked
    SIGFPE: crash_handler in libjvm.so, mask=11100100010111111101111111111110, flags=SA_RESTART|SA_SIGINFO, unblocked
   SIGPIPE: javaSignalHandler in libjvm.so, mask=11100100010111111101111111111110, flags=SA_RESTART|SA_SIGINFO, blocked
   SIGXFSZ: javaSignalHandler in libjvm.so, mask=11100100010111111101111111111110, flags=SA_RESTART|SA_SIGINFO, blocked
    SIGILL: crash_handler in libjvm.so, mask=11100100010111111101111111111110, flags=SA_RESTART|SA_SIGINFO, unblocked
   SIGUSR2: SR_handler in libjvm.so, mask=00100000000000000000000000000000, flags=SA_RESTART|SA_SIGINFO, blocked
    SIGHUP: UserHandler in libjvm.so, mask=11100100010111111101111111111110, flags=SA_RESTART|SA_SIGINFO, blocked
    SIGINT: UserHandler in libjvm.so, mask=11100100010111111101111111111110, flags=SA_RESTART|SA_SIGINFO, blocked
   SIGTERM: UserHandler in libjvm.so, mask=11100100010111111101111111111110, flags=SA_RESTART|SA_SIGINFO, blocked
   SIGQUIT: UserHandler in libjvm.so, mask=11100100010111111101111111111110, flags=SA_RESTART|SA_SIGINFO, blocked
   SIGTRAP: crash_handler in libjvm.so, mask=11100100010111111101111111111110, flags=SA_RESTART|SA_SIGINFO, unblocked


Periodic native trim disabled


---------------  S Y S T E M  ---------------

OS:
DISTRIB_ID=Ubuntu
DISTRIB_RELEASE=22.04
DISTRIB_CODENAME=jammy
DISTRIB_DESCRIPTION="Ubuntu 22.04.5 LTS"
uname: Linux 6.8.0-52-generic #53~22.04.1-Ubuntu SMP PREEMPT_DYNAMIC Wed Jan 15 19:18:46 UTC 2 x86_64
OS uptime: 0 days 20:53 hours
libc: glibc 2.35 NPTL 2.35 
rlimit (soft/hard): STACK 8192k/infinity , CORE 0k/infinity , NPROC 111345/111345 , NOFILE 1048576/1048576 , AS infinity/infinity , CPU infinity/infinity , DATA infinity/infinity , FSIZE infinity/infinity , MEMLOCK 3572968k/3572968k
load average: 2.38 2.41 1.75

/proc/meminfo:
MemTotal:       28583756 kB
MemFree:          786168 kB
MemAvailable:   12202744 kB
Buffers:          364788 kB
Cached:         11223880 kB
SwapCached:            0 kB
Active:         19395608 kB
Inactive:        6765556 kB
Active(anon):   14647368 kB
Inactive(anon):   112192 kB
Active(file):    4748240 kB
Inactive(file):  6653364 kB
Unevictable:         156 kB
Mlocked:             156 kB
SwapTotal:             0 kB
SwapFree:              0 kB
Zswap:                 0 kB
Zswapped:              0 kB
Dirty:             27228 kB
Writeback:             0 kB
AnonPages:      14592172 kB
Mapped:          4248916 kB
Shmem:            187044 kB
KReclaimable:     446316 kB
Slab:             902528 kB
SReclaimable:     446316 kB
SUnreclaim:       456212 kB
KernelStack:       52992 kB
PageTables:       155468 kB
SecPageTables:         0 kB
NFS_Unstable:          0 kB
Bounce:                0 kB
WritebackTmp:          0 kB
CommitLimit:    14291876 kB
Committed_AS:   59607228 kB
VmallocTotal:   34359738367 kB
VmallocUsed:      104640 kB
VmallocChunk:          0 kB
Percpu:            18688 kB
HardwareCorrupted:     0 kB
AnonHugePages:     55296 kB
ShmemHugePages:        0 kB
ShmemPmdMapped:        0 kB
FileHugePages:         0 kB
FilePmdMapped:         0 kB
Unaccepted:            0 kB
HugePages_Total:       0
HugePages_Free:        0
HugePages_Rsvd:        0
HugePages_Surp:        0
Hugepagesize:       2048 kB
Hugetlb:               0 kB
DirectMap4k:      473540 kB
DirectMap2M:    21395456 kB
DirectMap1G:     7340032 kB

/sys/kernel/mm/transparent_hugepage/enabled: always [madvise] never
/sys/kernel/mm/transparent_hugepage/hpage_pmd_size: 2097152
/sys/kernel/mm/transparent_hugepage/defrag (defrag/compaction efforts parameter): always defer defer+madvise [madvise] never

Process Memory:
Virtual Size: 21644720K (peak: 21644720K)
Resident Set Size: 431292K (peak: 524856K) (anon: 382052K, file: 49240K, shmem: 0K)
Swapped out: 0K
C-Heap outstanding allocations: 2642257K, retained: 48542K
glibc malloc tunables: (default)

/proc/sys/kernel/threads-max (system-wide limit on the number of threads): 222691
/proc/sys/vm/max_map_count (maximum number of memory map areas a process may have): 65530
/proc/sys/vm/swappiness (control to define how aggressively the kernel swaps out anonymous memory): 60
/proc/sys/kernel/pid_max (system-wide limit on number of process identifiers): 4194304

container (cgroup) information:
container_type: cgroupv2
cpu_cpuset_cpus: not supported
cpu_memory_nodes: not supported
active_processor_count: 16
cpu_quota: not supported
cpu_period: not supported
cpu_shares: not supported
memory_limit_in_bytes: unlimited
memory_and_swap_limit_in_bytes: unlimited
memory_soft_limit_in_bytes: unlimited
memory_usage_in_bytes: 6534900 k
memory_max_usage_in_bytes: not supported
memory_swap_current_in_bytes: unlimited
memory_swap_max_limit_in_bytes: unlimited
maximum number of tasks: 33403
current number of tasks: 907

Steal ticks since vm start: 0
Steal ticks percentage since vm start:  0.000

CPU: total 16 (initial active 16) (16 cores per cpu, 2 threads per core) family 25 model 80 stepping 0 microcode 0xa50000c, cx8, cmov, fxsr, ht, mmx, 3dnowpref, sse, sse2, sse3, ssse3, sse4a, sse4.1, sse4.2, popcnt, lzcnt, tsc, tscinvbit, avx, avx2, aes, erms, clmul, bmi1, bmi2, adx, sha, fma, vzeroupper, clflush, clflushopt
CPU Model and flags from /proc/cpuinfo:
model name	: AMD Ryzen 7 5800H with Radeon Graphics
flags		: fpu vme de pse tsc msr pae mce cx8 apic sep mtrr pge mca cmov pat pse36 clflush mmx fxsr sse sse2 ht syscall nx mmxext fxsr_opt pdpe1gb rdtscp lm constant_tsc rep_good nopl nonstop_tsc cpuid extd_apicid aperfmperf rapl pni pclmulqdq monitor ssse3 fma cx16 sse4_1 sse4_2 movbe popcnt aes xsave avx f16c rdrand lahf_lm cmp_legacy svm extapic cr8_legacy abm sse4a misalignsse 3dnowprefetch osvw ibs skinit wdt tce topoext perfctr_core perfctr_nb bpext perfctr_llc mwaitx cpb cat_l3 cdp_l3 hw_pstate ssbd mba ibrs ibpb stibp vmmcall fsgsbase bmi1 avx2 smep bmi2 erms invpcid cqm rdt_a rdseed adx smap clflushopt clwb sha_ni xsaveopt xsavec xgetbv1 xsaves cqm_llc cqm_occup_llc cqm_mbm_total cqm_mbm_local user_shstk clzero irperf xsaveerptr rdpru wbnoinvd cppc arat npt lbrv svm_lock nrip_save tsc_scale vmcb_clean flushbyasid decodeassists pausefilter pfthreshold avic v_vmsave_vmload vgif v_spec_ctrl umip pku ospke vaes vpclmulqdq rdpid overflow_recov succor smca fsrm debug_swap

Online cpus: 0-15
Offline cpus: 
BIOS frequency limitation: <Not Available>
Frequency switch latency (ns): 0
Available cpu frequencies: <Not Available>
Current governor: powersave
Core performance/turbo boost: <Not Available>

Memory: 4k page, physical 28583756k(784404k free), swap 0k(0k free)
Page Sizes: 4k

vm_info: OpenJDK 64-Bit Server VM (17.0.14+7-LTS) for linux-amd64 JRE (17.0.14+7-LTS), built on Jan  7 2025 20:04:38 by "jenkins" with gcc 7.3.1 20180303 (Red Hat 7.3.1-5)

END.
