#
# A fatal error has been detected by the Java Runtime Environment:
#
#  SIGSEGV (0xb) at pc=0x000070489bacfd1e, pid=51978, tid=52111
#
# JRE version: OpenJDK Runtime Environment Corretto-17.0.14.7.1 (17.0.14+7) (build 17.0.14+7-LTS)
# Java VM: OpenJDK 64-Bit Server VM Corretto-17.0.14.7.1 (17.0.14+7-LTS, mixed mode, sharing, tiered, compressed oops, compressed class ptrs, g1 gc, linux-amd64)
# Problematic frame:
# C  [libswscale.so.7+0x67d1e]
#
# Core dump will be written. Default location: Core dumps may be processed with "/usr/share/apport/apport -p%p -s%s -c%c -d%d -P%P -u%u -g%g -- %E" (or dumping to /media/pan/95C15E65414BD009/ubuntu/houduan/pandaSystem/core.51978)
#
# If you would like to submit a bug report, please visit:
#   https://github.com/corretto/corretto-17/issues/
# The crash happened outside the Java Virtual Machine in native code.
# See problematic frame for where to report the bug.
#

---------------  S U M M A R Y ------------

Command Line: -javaagent:/opt/idea/lib/idea_rt.jar=43367:/opt/idea/bin -Dfile.encoding=UTF-8 com.saigou.Processor

Host: AMD Ryzen 7 5800H with Radeon Graphics, 16 cores, 27G, Ubuntu 22.04.5 LTS
Time: Tue Mar  4 02:19:06 2025 CST elapsed time: 18.349466 seconds (0d 0h 0m 18s)

---------------  T H R E A D  ---------------

Current thread (0x00007048a6cb6140):  JavaThread "Thread-3" [_thread_in_native, id=52111, stack(0x0000704869a00000,0x0000704869b00000)]

Stack: [0x0000704869a00000,0x0000704869b00000],  sp=0x0000704869afe390,  free space=1016k
Native frames: (J=compiled Java code, j=interpreted, Vv=VM code, C=native code)
C  [libswscale.so.7+0x67d1e]

Java frames: (J=compiled Java code, j=interpreted, Vv=VM code)
J 2230  org.bytedeco.ffmpeg.global.swscale.sws_scale(Lorg/bytedeco/ffmpeg/swscale/SwsContext;Lorg/bytedeco/javacpp/PointerPointer;Lorg/bytedeco/javacpp/IntPointer;IILorg/bytedeco/javacpp/PointerPointer;Lorg/bytedeco/javacpp/IntPointer;)I (0 bytes) @ 0x0000704894524d58 [0x0000704894524ca0+0x00000000000000b8]
j  org.bytedeco.javacv.FFmpegFrameRecorder.recordImage(IIIIII[Ljava/nio/Buffer;)Z+637
j  org.bytedeco.javacv.FFmpegFrameRecorder.record(Lorg/bytedeco/javacv/Frame;I)V+77
j  org.bytedeco.javacv.FFmpegFrameRecorder.record(Lorg/bytedeco/javacv/Frame;)V+30
J 2801% c2 com.saigou.thread.PushStreamThread.run()V (491 bytes) @ 0x000070489455a488 [0x0000704894558c80+0x0000000000001808]
v  ~StubRoutines::call_stub

siginfo: si_signo: 11 (SIGSEGV), si_code: 1 (SEGV_MAPERR), si_addr: 0x0000704752343000

Registers:
RAX=0xfffffffffffffda0, RBX=0x000070464068e330, RCX=0x0000704752342090, RDX=0xfffffffffffff8e0
RSP=0x0000704869afe390, RBP=0x0000000000000780, RSI=0x000070479986bd40, RDI=0x0000704799a93c80
R8 =0x00000000000000e2, R9 =0x0000704799a15380, R10=0x0000704752343710, R11=0x00000000000003c0
R12=0xfffffffffffff880, R13=0x0000000000001680, R14=0x000070475233f390, R15=0x0000000000000434
RIP=0x000070489bacfd1e, EFLAGS=0x0000000000010296, CSGSFS=0x002b000000000033, ERR=0x0000000000000004
  TRAPNO=0x000000000000000e


Register to memory mapping:

RAX=0xfffffffffffffda0 is an unknown value
RBX=0x000070464068e330 points into unknown readable memory: 0x00004087000020de | de 20 00 00 87 40 00 00
RCX=0x0000704752342090 is an unknown value
RDX=0xfffffffffffff8e0 is an unknown value
RSP=0x0000704869afe390 is pointing into the stack for thread: 0x00007048a6cb6140
RBP=0x0000000000000780 is an unknown value
RSI=0x000070479986bd40 points into unknown readable memory: 0xb8b8b7b7b7bcc2c4 | c4 c2 bc b7 b7 b7 b8 b8
RDI=0x0000704799a93c80 points into unknown readable memory: 0x767676767677797a | 7a 79 77 76 76 76 76 76
R8 =0x00000000000000e2 is an unknown value
R9 =0x0000704799a15380 points into unknown readable memory: 0x8282828284838180 | 80 81 83 84 82 82 82 82
R10=0x0000704752343710 is an unknown value
R11=0x00000000000003c0 is an unknown value
R12=0xfffffffffffff880 is an unknown value
R13=0x0000000000001680 is an unknown value
R14=0x000070475233f390 is an unknown value
R15=0x0000000000000434 is an unknown value


Top of Stack: (sp=0x0000704869afe390)
0x0000704869afe390:   00007048a7016b20 0000000000000000
0x0000704869afe3a0:   fffffffffffffc40 0000000000001680
0x0000704869afe3b0:   0000704799800f40 0000704752202d10
0x0000704869afe3c0:   00007047999fa800 0000704799a79100
0x0000704869afe3d0:   00000436aa181f98 000003c000000780
0x0000704869afe3e0:   0000078000001680 0000000000002d00
0x0000704869afe3f0:   000070481f3b7b88 0000000000000000
0x0000704869afe400:   0000704869afe5d0 0000000000000438
0x0000704869afe410:   0000704640684900 0000704869afe600
0x0000704869afe420:   0000000000000000 000070489bab43dd
0x0000704869afe430:   0000000000000780 00000000000003c0
0x0000704869afe440:   0000000000001680 000070464068e330
0x0000704869afe450:   00007048a7013440 0000704869afe600
0x0000704869afe460:   0000704869afe5e0 0000000000000003
0x0000704869afe470:   0000000000000780 000070489baa1cce
0x0000704869afe480:   0000704869afe5d0 000070489baa1bd6
0x0000704869afe490:   00000000000001cb 0000704640684900
0x0000704869afe4a0:   000003c000000780 00000000000003c0
0x0000704869afe4b0:   0000704800000438 0000704800000438
0x0000704869afe4c0:   0000000000000000 0000000000000000
0x0000704869afe4d0:   0000000000000002 0000000000000438
0x0000704869afe4e0:   0000704869afe540 0000704869afe5c0
0x0000704869afe4f0:   0000704800000000 0000704800000438
0x0000704869afe500:   0000000000000000 00007048a979a886
0x0000704869afe510:   0000704869afe5c0 0000704869afe550
0x0000704869afe520:   0000000000000000 0000000000000000
0x0000704869afe530:   0000704869afe5b0 00007048a979b7af
0x0000704869afe540:   0000000000000000 000000066708da90
0x0000704869afe550:   0000704869afe5c0 00007048a6cb6140
0x0000704869afe560:   0000704869afe548 0000000667080000
0x0000704869afe570:   0000000000000000 00007048a6cb6100
0x0000704869afe580:   0000704869afe568 0000000000000000 

Instructions: (pc=0x000070489bacfd1e)
0x000070489bacfc1e:   e3 08 0f 6b c1 0f 6b d3 0f f5 c5 0f f5 d5 0f 6b
0x000070489bacfc2e:   c2 0f 71 e0 07 0f 6e 64 11 0c 0f 6e 4c 11 0f 0f
0x000070489bacfc3e:   60 e7 0f 60 cf 0f 6e 54 11 12 0f 6e 5c 11 15 0f
0x000070489bacfc4e:   60 d7 0f 60 df 0f f5 e6 0f f5 ce 0f f5 d6 0f f5
0x000070489bacfc5e:   de 0f 72 e4 08 0f 72 e1 08 0f 72 e2 08 0f 72 e3
0x000070489bacfc6e:   08 0f 6b e1 0f 6b d3 0f f5 e5 0f f5 d5 48 83 c2
0x000070489bacfc7e:   18 0f 6b e2 0f 71 e4 07 0f 67 c4 0f dc 05 18 59
0x000070489bacfc8e:   01 00 0f e7 04 06 48 83 c0 08 0f 88 42 ff ff ff
0x000070489bacfc9e:   4d 8d 54 0d 00 48 01 ee 4c 89 e0 0f 6f b3 40 02
0x000070489bacfcae:   00 00 0f 6f 2d e1 58 01 00 0f ef ff 48 8d 14 40
0x000070489bacfcbe:   66 90 41 0f 18 44 12 40 41 0f 6e 04 12 41 0f 6e
0x000070489bacfcce:   4c 12 03 0f 60 c7 0f 60 cf 41 0f 6e 54 12 06 41
0x000070489bacfcde:   0f 6e 5c 12 09 0f 60 d7 0f 60 df 0f f5 c6 0f f5
0x000070489bacfcee:   ce 0f f5 d6 0f f5 de 0f 72 e0 08 0f 72 e1 08 0f
0x000070489bacfcfe:   72 e2 08 0f 72 e3 08 0f 6b c1 0f 6b d3 0f f5 c5
0x000070489bacfd0e:   0f f5 d5 0f 6b c2 0f 71 e0 07 41 0f 6e 64 12 0c
0x000070489bacfd1e:   41 0f 6e 4c 12 0f 0f 60 e7 0f 60 cf 41 0f 6e 54
0x000070489bacfd2e:   12 12 41 0f 6e 5c 12 15 0f 60 d7 0f 60 df 0f f5
0x000070489bacfd3e:   e6 0f f5 ce 0f f5 d6 0f f5 de 0f 72 e4 08 0f 72
0x000070489bacfd4e:   e1 08 0f 72 e2 08 0f 72 e3 08 0f 6b e1 0f 6b d3
0x000070489bacfd5e:   0f f5 e5 0f f5 d5 48 83 c2 18 0f 6b e2 0f 71 e4
0x000070489bacfd6e:   07 0f 67 c4 0f dc 05 2f 58 01 00 0f e7 04 06 48
0x000070489bacfd7e:   83 c0 08 0f 88 39 ff ff ff 48 8b 44 24 08 4c 8d
0x000070489bacfd8e:   34 08 48 03 4c 24 18 48 8b 44 24 10 0f 6f 2d f7
0x000070489bacfd9e:   57 01 00 0f 6f b3 50 02 00 00 0f ef ff 48 8d 14
0x000070489bacfdae:   40 48 01 d2 66 66 2e 0f 1f 84 00 00 00 00 00 0f
0x000070489bacfdbe:   1f 00 41 0f 18 44 16 40 0f 18 44 11 40 41 0f 6f
0x000070489bacfdce:   04 16 0f 6f 0c 11 41 0f 6f 54 16 06 0f 6f 5c 11
0x000070489bacfdde:   06 0f e0 c1 0f e0 d3 0f 6f c8 0f 6f da 0f 73 d0
0x000070489bacfdee:   18 0f 73 d2 18 0f e0 c1 0f e0 d3 0f 60 c7 0f 60
0x000070489bacfdfe:   d7 0f 6f 8b 60 02 00 00 0f 6f 9b 60 02 00 00 0f
0x000070489bacfe0e:   f5 c8 0f f5 da 0f f5 c6 0f f5 d6 0f 72 e0 08 0f 


Stack slot to memory mapping:
stack at sp + 0 slots: 0x00007048a7016b20 points into unknown readable memory: 0x0000704800000002 | 02 00 00 00 48 70 00 00
stack at sp + 1 slots: 0x0 is NULL
stack at sp + 2 slots: 0xfffffffffffffc40 is an unknown value
stack at sp + 3 slots: 0x0000000000001680 is an unknown value
stack at sp + 4 slots: 0x0000704799800f40 points into unknown readable memory: 0xc0bfbdbbbbbbbaba | ba ba bb bb bb bd bf c0
stack at sp + 5 slots: 0x0000704752202d10 is an unknown value
stack at sp + 6 slots: 0x00007047999fa800 points into unknown readable memory: 0x8a8a878483838383 | 83 83 83 83 84 87 8a 8a
stack at sp + 7 slots: 0x0000704799a79100 points into unknown readable memory: 0x6a6c74797e7e7e7e | 7e 7e 7e 7e 79 74 6c 6a


Compiled method (n/a)   18360 2230     n 0       org.bytedeco.ffmpeg.global.swscale::sws_scale (native)
 total in heap  [0x0000704894524b10,0x0000704894524f00] = 1008
 relocation     [0x0000704894524c70,0x0000704894524ca0] = 48
 main code      [0x0000704894524ca0,0x0000704894524ef8] = 600
 oops           [0x0000704894524ef8,0x0000704894524f00] = 8

[Constant Pool (empty)]

[MachCode]
[Entry Point]
  # {method} {0x000070481b5eeb60} 'sws_scale' '(Lorg/bytedeco/ffmpeg/swscale/SwsContext;Lorg/bytedeco/javacpp/PointerPointer;Lorg/bytedeco/javacpp/IntPointer;IILorg/bytedeco/javacpp/PointerPointer;Lorg/bytedeco/javacpp/IntPointer;)I' in 'org/bytedeco/ffmpeg/global/swscale'
  # parm0:    rsi:rsi   = 'org/bytedeco/ffmpeg/swscale/SwsContext'
  # parm1:    rdx:rdx   = 'org/bytedeco/javacpp/PointerPointer'
  # parm2:    rcx:rcx   = 'org/bytedeco/javacpp/IntPointer'
  # parm3:    r8        = int
  # parm4:    r9        = int
  # parm5:    rdi:rdi   = 'org/bytedeco/javacpp/PointerPointer'
  # parm6:    [sp+0x70]   = 'org/bytedeco/javacpp/IntPointer'  (sp of caller)
  0x0000704894524ca0: 448b 5608 | 49bb 0000 | 001f 4870 | 0000 4d03 | d349 3bc2 | 0f84 0600 

  0x0000704894524cb8: ;   {runtime_call ic_miss_stub}
  0x0000704894524cb8: 0000 e9c1 | b078 ff90 
[Verified Entry Point]
  0x0000704894524cc0: 8984 2400 | c0fe ff55 | 488b ec48 | 83ec 6048 | 817d 1000 | 0000 0048 | 8d45 1048 | 0f44 4510 
  0x0000704894524ce0: 4889 4424 | 1048 897c | 2440 4883 | ff00 488d | 4424 4048 | 0f44 4424 | 4048 8944 | 2408 4c89 
  0x0000704894524d00: 0c24 4d8b | c848 894c | 2428 4883 | f900 4c8d | 4424 284c | 0f44 4424 | 2848 8954 | 2420 4883 
  0x0000704894524d20: fa00 488d | 4c24 2048 | 0f44 4c24 | 2048 8974 | 2418 4883 | fe00 488d | 5424 1848 | 0f44 5424 
  0x0000704894524d40: ;   {oop(a 'java/lang/Class'{0x000000064ce0b740} = 'org/bytedeco/ffmpeg/global/swscale')}
  0x0000704894524d40: 1849 be40 | b7e0 4c06 | 0000 004c | 8974 2448 | 4c8d 7424 | 4849 8bf6 

  0x0000704894524d58: ;   {internal_word}
  0x0000704894524d58: c5f8 7749 | ba58 4d52 | 9448 7000 | 004d 8997 | 9802 0000 | 4989 a790 

  0x0000704894524d70: ;   {external_word}
  0x0000704894524d70: 0200 0080 | 3dcb 83ca | 1500 0f84 | 3e00 0000 | 5652 5141 

  0x0000704894524d84: ;   {metadata({method} {0x000070481b5eeb60} 'sws_scale' '(Lorg/bytedeco/ffmpeg/swscale/SwsContext;Lorg/bytedeco/javacpp/PointerPointer;Lorg/bytedeco/javacpp/IntPointer;IILorg/bytedeco/javacpp/PointerPointer;Lorg/bytedeco/javacpp/IntPointer;)I' in 'org/bytedeco/ffmpeg/global/swscale')}
  0x0000704894524d84: 5041 5148 | be60 eb5e | 1b48 7000 | 0049 8bff | f7c4 0f00 | 0000 0f84 | 1200 0000 | 4883 ec08 
  0x0000704894524da4: ;   {runtime_call SharedRuntime::dtrace_method_entry(JavaThread*, Method*)}
  0x0000704894524da4: e8a7 703f | 1548 83c4 | 08e9 0500 

  0x0000704894524db0: ;   {runtime_call SharedRuntime::dtrace_method_entry(JavaThread*, Method*)}
  0x0000704894524db0: 0000 e899 | 703f 1541 | 5941 5859 | 5a5e 498d | bfb0 0200 | 0041 c787 | 4003 0000 | 0400 0000 
  0x0000704894524dd0: ;   {runtime_call Java_org_bytedeco_ffmpeg_global_swscale_sws_1scale__Lorg_bytedeco_ffmpeg_swscale_SwsContext_2Lorg_bytedeco_javacpp_PointerPointer_2Lorg_bytedeco_javacpp_IntPointer_2IILorg_bytedeco_javacpp_PointerPointer_2Lorg_bytedeco_javacpp_IntPointer_2}
  0x0000704894524dd0: e84b 8aac | 0fc5 f877 | 41c7 8740 | 0300 0005 | 0000 00f0 | 8344 24c0 | 0049 3baf | 4803 0000 
  0x0000704894524df0: 0f87 1100 | 0000 4181 | bf30 0300 | 0000 0000 | 000f 8424 | 0000 00c5 | f877 4889 | 45f8 498b 
  0x0000704894524e10: ff4c 8be4 | 4883 ec00 | 4883 e4f0 

  0x0000704894524e1c: ;   {runtime_call JavaThread::check_special_condition_for_native_trans(JavaThread*)}
  0x0000704894524e1c: e85f 425c | 1549 8be4 | 4d33 e448 | 8b45 f841 | c787 4003 | 0000 0800 | 0000 4181 | bfb0 0300 
  0x0000704894524e3c: 0002 0000 | 000f 8484 

  0x0000704894524e44: ;   {external_word}
  0x0000704894524e44: 0000 0080 | 3df7 82ca | 1500 0f84 | 3800 0000 | 4889 45f8 

  0x0000704894524e58: ;   {metadata({method} {0x000070481b5eeb60} 'sws_scale' '(Lorg/bytedeco/ffmpeg/swscale/SwsContext;Lorg/bytedeco/javacpp/PointerPointer;Lorg/bytedeco/javacpp/IntPointer;IILorg/bytedeco/javacpp/PointerPointer;Lorg/bytedeco/javacpp/IntPointer;)I' in 'org/bytedeco/ffmpeg/global/swscale')}
  0x0000704894524e58: 48be 60eb | 5e1b 4870 | 0000 498b | fff7 c40f | 0000 000f | 8412 0000 | 0048 83ec 

  0x0000704894524e74: ;   {runtime_call SharedRuntime::dtrace_method_exit(JavaThread*, Method*)}
  0x0000704894524e74: 08e8 e66f | 3f15 4883 | c408 e905 

  0x0000704894524e80: ;   {runtime_call SharedRuntime::dtrace_method_exit(JavaThread*, Method*)}
  0x0000704894524e80: 0000 00e8 | d86f 3f15 | 488b 45f8 | 49c7 8790 | 0200 0000 | 0000 0049 | c787 9802 | 0000 0000 
  0x0000704894524ea0: 0000 c5f8 | 7749 8b8f | d800 0000 | c781 0001 | 0000 0000 | 0000 c949 | 817f 0800 | 0000 000f 
  0x0000704894524ec0: 8501 0000 

  0x0000704894524ec4: ;   {runtime_call StubRoutines (1)}
  0x0000704894524ec4: 00c3 e935 | ad73 ffc5 | f877 4889 | 45f8 4c8b | e448 83ec | 0048 83e4 

  0x0000704894524edc: ;   {runtime_call SharedRuntime::reguard_yellow_pages()}
  0x0000704894524edc: f0e8 ee7d | 3f15 498b | e44d 33e4 | 488b 45f8 | e956 ffff | fff4 f4f4 | f4f4 f4f4 
[/MachCode]


Compiled method (c2)   18368 2801 % !   4       com.saigou.thread.PushStreamThread::run @ 158 (491 bytes)
 total in heap  [0x0000704894558690,0x0000704894563020] = 43408
 relocation     [0x00007048945587f0,0x0000704894558c50] = 1120
 constants      [0x0000704894558c60,0x0000704894558c80] = 32
 main code      [0x0000704894558c80,0x000070489455da20] = 19872
 stub code      [0x000070489455da20,0x000070489455dcc8] = 680
 oops           [0x000070489455dcc8,0x000070489455dcf8] = 48
 metadata       [0x000070489455dcf8,0x000070489455df00] = 520
 scopes data    [0x000070489455df00,0x0000704894561e00] = 16128
 scopes pcs     [0x0000704894561e00,0x00007048945629a0] = 2976
 dependencies   [0x00007048945629a0,0x0000704894562a38] = 152
 handler table  [0x0000704894562a38,0x0000704894562f90] = 1368
 nul chk table  [0x0000704894562f90,0x0000704894563020] = 144


[Constant Pool]
             Address          hex4                    hex8      
  0x0000704894558c60:   0x00000000      0x4014000000000000      
  0x0000704894558c64:   0x40140000                              
  0x0000704894558c68:   0x00000000      0x3ff0000000000000      
  0x0000704894558c6c:   0x3ff00000                              
  0x0000704894558c70:   0xf4f4f4f4      0xf4f4f4f4f4f4f4f4      
  0x0000704894558c74:   0xf4f4f4f4                              
  0x0000704894558c78:   0xf4f4f4f4      0xf4f4f4f4f4f4f4f4      
  0x0000704894558c7c:   0xf4f4f4f4                              

[MachCode]
[Verified Entry Point]
  # {method} {0x000070481b768c30} 'run' '()V' in 'com/saigou/thread/PushStreamThread'
  0x0000704894558c80: ;   {no_reloc}
  0x0000704894558c80: e86b 632f | 1566 6666 | 0f1f 8400 | 0000 0000 | 8984 2400 | c0fe ff55 | 4881 ecb0 | 0000 0048 
  0x0000704894558ca0: 8b9e 8800 | 0000 488b | 6e48 4c8b | 5628 4c89 | 5424 384c | 8b6e 404c | 8b76 384c | 8b56 784c 
  0x0000704894558cc0: 8954 2418 | 4c8b 5668 | 4c89 5424 | 2044 8b56 | 6044 8954 | 240c 488b | fe49 bac0 | e591 a948 
  0x0000704894558ce0: 7000 0041 | ffd2 4885 | db0f 8441 | 2100 0044 

  0x0000704894558cf0: ;   {metadata('com/saigou/thread/PushStreamThread')}
  0x0000704894558cf0: 8b5b 0841 | 81fb 58fd | 1e01 0f85 | c829 0000 

  0x0000704894558d00: ;   {metadata('java/util/List')}
  0x0000704894558d00: 4c8b cb48 | b8a8 f206 | 1f48 7000 | 004c 8bdd | 4885 ed0f | 841f 2100 | 0044 8b55 | 0848 be00 
  0x0000704894558d20: 0000 1f48 | 7000 0049 | 03f2 4c8b | 5620 4c3b | d00f 858d | 0500 004c | 8bd5 4d85 | ed0f 84fd 
  0x0000704894558d40: 2000 0045 | 8b45 0848 | be00 0000 | 1f48 7000 | 0049 03f0 | 4c8b 4620 | 4c3b c00f | 8588 0500 
  0x0000704894558d60: 004d 8bc5 | 4d85 f60f | 84db 2000 | 0041 8b4e 

  0x0000704894558d70: ;   {metadata('org/bytedeco/javacv/Frame')}
  0x0000704894558d70: 0881 f9d0 | 7309 010f | 854e 2900 | 0049 8bca | 48c1 e903 | 4d8b d049 | c1ea 0349 | b800 209a 
  0x0000704894558d90: 8748 7000 | 0041 bbff | ffff ff4c | 8974 2448 | 4c89 4c24 | 3089 4c24 | 4444 8954 | 2450 4c89 
  0x0000704894558db0: 8424 8800 | 0000 4489 | 9c24 9000 | 0000 e9c9 | 0000 004d | 8997 0801 | 0000 410f | 1882 0001 
  0x0000704894558dd0: 0000 48c7 | 0001 0000 

  0x0000704894558dd8: ;   {metadata('java/lang/Long')}
  0x0000704894558dd8: 00c7 4008 | 2839 0400 | 4489 600c | 4c89 6010 | 4889 6810 | 448b 5c24 | 4045 85db | 0f84 2618 
  0x0000704894558df8: 0000 478b | 5cdc 1444 | 8b54 2440 | 478b 54d4 | 1847 8b44 | d414 4585 | c00f 854d | 1e00 0047 
  0x0000704894558e18: 8b44 d410 | 4585 c00f | 859f 1e00 | 0047 8b44 | d40c 478b | 54c4 1447 | 8b4c d410 | 438b 4cd4 
  0x0000704894558e38: 0c43 8b5c | cc08 458b | 44cc 0845 | 85db 0f85 | d81e 0000 

  0x0000704894558e4c: ;   {metadata('java/lang/Long')}
  0x0000704894558e4c: 4181 f828 | 3904 000f | 85eb 2a00 | 004d 8d1c | cc4d 8b5b | 1049 3beb | 0f8d df00 | 0000 41b8 
  0x0000704894558e6c: ffff ffff | 4585 c00f | 8f23 1f00 | 0045 85c0 | 0f84 df00 | 0000 4d8b | 9750 0300 

  0x0000704894558e88: ; ImmutableOopMap {[40]=Oop [48]=Oop [68]=NarrowOop [72]=Oop [80]=NarrowOop }
                      ;*goto {reexecute=1 rethrow=0 return_oop=0}
                      ; - (reexecute) com.saigou.thread.PushStreamThread::run@197 (line 99)
                      ;   {poll}
  0x0000704894558e88: 0041 8502 | 49ba 000a | 86a9 4870 | 0000 41ff | d248 2b44 | 2438 448b | 5424 5049 | c1e2 034c 
  0x0000704894558ea8: 8954 2428 | 483b 4424 | 180f 8db6 | 0000 004c | 8b54 2430 

  0x0000704894558ebc: ; implicit exception: dispatches to 0x000070489455ba3c
  0x0000704894558ebc: 458b 827c | 0100 0044 | 8944 2440 | 4c8b 5424 | 4849 8b6a | 1048 83fd | 800f 8c49 | 1d00 0048 
  0x0000704894558edc: 83fd 7f7f | 3844 8bc5 | 458b d041 | 81c2 8000 | 0000 4181 | fa00 0100 | 000f 8301 | 1f00 004d 
  0x0000704894558efc: ;   {oop(a 'java/lang/Long'[256] {0x00000007ffc718b8})}
  0x0000704894558efc: 63d0 49bb | b818 c7ff | 0700 0000 | 478b 9c93 | 1002 0000 | 4b8d 04dc | e9d3 feff | ff49 8b87 
  0x0000704894558f1c: 0801 0000 | 4c8b d049 | 83c2 184d | 3b97 1801 | 0000 0f82 | 8ffe ffff 

  0x0000704894558f34: ;   {metadata('java/lang/Long')}
  0x0000704894558f34: 48be 2839 | 041f 4870 

  0x0000704894558f3c: ;   {runtime_call _new_instance_Java}
  0x0000704894558f3c: 0000 90e8 

  0x0000704894558f40: ; ImmutableOopMap {[40]=Oop [48]=Oop [64]=NarrowOop [68]=NarrowOop [72]=Oop [80]=NarrowOop }
                      ;*new {reexecute=0 rethrow=0 return_oop=1}
                      ; - java.lang.Long::valueOf@31 (line 1211)
                      ; - com.saigou.thread.PushStreamThread::run@178 (line 97)
  0x0000704894558f40: bc2e 80ff | e99f feff | ff49 3beb | 740b 41b8 | 0100 0000 | e917 ffff | ff45 33c0 | e90f ffff 
  0x0000704894558f60: ;   {metadata('com/saigou/entity/FrameWrapper')}
  0x0000704894558f60: ff81 fb58 | ef22 010f | 859b 2a00 | 004c 8b54 | 2448 498b | 5210 488b | 6c24 3048 | 85ed 0f84 
  0x0000704894558f80: 5026 0000 | 48ff 7424 | 4848 8f44 | 2438 488b 

  0x0000704894558f90: ;   {optimized virtual_call}
  0x0000704894558f90: 7424 30e8 

  0x0000704894558f94: ; ImmutableOopMap {rbp=Oop [40]=Oop [56]=Oop [68]=NarrowOop [72]=Oop [80]=NarrowOop }
                      ;*invokevirtual CacheFrameHandler {reexecute=0 rethrow=0 return_oop=1}
                      ; - com.saigou.thread.PushStreamThread::run@206 (line 101)
  0x0000704894558f94: 884a 0000 | 488b cd44 | 8b89 7401 | 0000 4885 | c00f 8435 | 0200 0044 | 8b50 0c44 | 8b40 1444 
  0x0000704894558fb4: 8b58 1045 | 85c9 0f84 | d426 0000 | 488b e844 | 895c 2450 | 4489 5424 | 4448 894c | 2430 498b 
  0x0000704894558fd4: d048 c1e2 | 034b 8d34 

  0x0000704894558fdc: ;   {optimized virtual_call}
  0x0000704894558fdc: cc66 90e8 

  0x0000704894558fe0: ; ImmutableOopMap {rbp=Oop [48]=Oop [56]=Oop [68]=NarrowOop [72]=Oop [80]=NarrowOop }
                      ;*invokevirtual record {reexecute=0 rethrow=0 return_oop=0}
                      ; - com.saigou.thread.PushStreamThread::run@239 (line 105)
  0x0000704894558fe0: 4b4a 0000 | 4c8b dd45 | 8b53 144f | 8b44 d410 | 4c89 4424 | 4849 8bf2 | 48c1 e603 

  0x0000704894558ffc: ;   {static_call}
  0x0000704894558ffc: 6666 90e8 

  0x0000704894559000: ; ImmutableOopMap {[48]=Oop [56]=Oop [68]=NarrowOop [80]=NarrowOop }
                      ;*invokestatic safeCloseFrame {reexecute=0 rethrow=0 return_oop=0}
                      ; - com.saigou.thread.PushStreamThread::run@257 (line 107)
  0x0000704894559000: 3a4a 0000 | 49ba 000a | 86a9 4870 | 0000 41ff | d248 2b44 | 2420 448b | 4424 0c41 | ffc0 4881 
  0x0000704894559020: f888 1300 | 000f 8e16 | 0100 0049 | 8b87 0801 

  0x0000704894559030: ;   {oop(a 'java/lang/Class'{0x00000007ffb00770} = 'java/lang/System')}
  0x0000704894559030: 0000 49ba | 7007 b0ff | 0700 0000 | 418b 6a74 | 4c8b d049 | 83c2 18c4 | c179 6ec0 | c5fa e6c0 
  0x0000704894559050: ;   {section_word}
  0x0000704894559050: c5fb 5e05 | 08fc ffff | 4d3b 9718 | 0100 000f | 832e 1f00 | 004d 8997 | 0801 0000 | 410f 1882 
  0x0000704894559070: 0001 0000 | 48c7 0001 | 0000 0041 | 0f18 8240 

  0x0000704894559080: ;   {metadata('java/lang/Object'[])}
  0x0000704894559080: 0100 00c7 | 4008 5015 | 0000 410f | 1882 8001 | 0000 c740 | 0c01 0000 | 004c 8960 | 10c5 fb11 
  0x00007048945590a0: 4424 104c | 8bd0 4c89 | 5424 20c5 | fb10 4424 | 104c 8954 

  0x00007048945590b4: ;   {static_call}
  0x00007048945590b4: 2410 90e8 

  0x00007048945590b8: ; ImmutableOopMap {rbp=NarrowOop [16]=Oop [32]=Oop [48]=Oop [56]=Oop [68]=NarrowOop [80]=NarrowOop }
                      ;*invokestatic valueOf {reexecute=0 rethrow=0 return_oop=1}
                      ; - com.saigou.thread.PushStreamThread::run@461 (line 129)
  0x00007048945590b8: c475 75ff | 488b d84c | 8b6c 2410 | 4983 c510 | 4180 7f38 | 000f 857d | 1d00 004c | 8bd3 49c1 
  0x00007048945590d8: ea03 4589 | 5500 4d8b | d54c 8bdb | 4d33 da49 | c1eb 164d | 85db 741a | 49c1 ea09 | 48bf 0020 
  0x00007048945590f8: 9a87 4870 | 0000 4903 | fa80 3f04 | 0f85 7d1d | 0000 85ed | 0f84 f225 | 0000 498d 

  0x0000704894559114: ;   {oop("žE¨A'‡: %.2f FPS\x0A"{0x000000065b09fbf0})}
  0x0000704894559114: 34ec 48ba | f0fb 095b | 0600 0000 | 488b 4c24 

  0x0000704894559124: ;   {optimized virtual_call}
  0x0000704894559124: 1066 90e8 

  0x0000704894559128: ; ImmutableOopMap {[48]=Oop [56]=Oop [68]=NarrowOop [80]=NarrowOop }
                      ;*invokevirtual printf {reexecute=0 rethrow=0 return_oop=1}
                      ; - com.saigou.thread.PushStreamThread::run@465 (line 129)
  0x0000704894559128: 546f 75ff | 49ba 000a | 86a9 4870 | 0000 41ff | d248 8944 | 2420 4533 | c044 8944 | 240c 488b 
  0x0000704894559148: ;   {static_call}
  0x0000704894559148: 7424 38e8 

  0x000070489455914c: ; ImmutableOopMap {[48]=Oop [68]=NarrowOop [80]=NarrowOop }
                      ;*invokestatic safeCloseFrame {reexecute=0 rethrow=0 return_oop=0}
                      ; - com.saigou.thread.PushStreamThread::run@478 (line 133)
  0x000070489455914c: 1b49 0000 | 4c8b 5424 | 3045 0fb6 | 5a2d 4585 | db75 6b45 | 8b9a 7801 | 0000 4585 | db0f 84c0 
  0x000070489455916c: 1f00 004b | 8d34 dcba | 0500 0000 

  0x0000704894559178: ;   {oop(a 'java/util/concurrent/TimeUnit'{0x000000064c4bc390})}
  0x0000704894559178: 48b9 90c3 | 4b4c 0600 

  0x0000704894559180: ;   {optimized virtual_call}
  0x0000704894559180: 0000 90e8 

  0x0000704894559184: ; ImmutableOopMap {[48]=Oop [68]=NarrowOop [80]=NarrowOop }
                      ;*invokevirtual poll {reexecute=0 rethrow=0 return_oop=1}
                      ; - com.saigou.thread.PushStreamThread::run@87 (line 89)
  0x0000704894559184: 3806 80f8 

  0x0000704894559188: ; implicit exception: dispatches to 0x000070489455bc6c
  0x0000704894559188: 448b 5008 

  0x000070489455918c: ;   {metadata('org/bytedeco/javacv/Frame')}
  0x000070489455918c: 4181 fad0 | 7309 010f | 8547 2800 | 004c 8b50 | 104c 3b54 | 2448 0f8e | a81f 0000 | 443b 6038 
  0x00007048945591ac: 74a2 4889 | 4424 4849 | ba00 0a86 | a948 7000 | 0041 ffd2 | 4889 4424 | 38e9 c2fc | ffff 4881 
  0x00007048945591cc: c4b0 0000 

  0x00007048945591d0: ;   {poll_return}
  0x00007048945591d0: 005d 493b | a748 0300 | 000f 8721 | 4800 00c3 | 448b 5424 | 4445 85d2 | 0f84 ed13 | 0000 4f8d 
  0x00007048945591f0: 04d4 448b | 5c24 5045 | 85db 0f84 | fb13 0000 | 448b 8988 | 0100 0045 | 85c9 0f84 | 4625 0000 
  0x0000704894559210: 498b e848 | 8944 24f8 | 8b44 2450 | 8944 242c | 488b 4424 | f848 894c | 2410 4b8d | 34cc 4f8d 
  0x0000704894559230: 14dc 4c89 | 5424 3048 | 8b54 2448 

  0x000070489455923c: ;   {optimized virtual_call}
  0x000070489455923c: 6666 90e8 

  0x0000704894559240: ; ImmutableOopMap {rbp=Oop [16]=Oop [44]=NarrowOop [48]=Oop [68]=NarrowOop [80]=NarrowOop }
                      ;*invokevirtual convertToMat {reexecute=0 rethrow=0 return_oop=1}
                      ; - org.bytedeco.javacv.OpenCVFrameConverter$ToMat::convert@2 (line 56)
                      ; - com.saigou.thread.PushStreamThread::run@279 (line 110)
  0x0000704894559240: 4548 0000 | 4889 4424 | 3844 8b5c | 2444 478b 

  0x0000704894559250: ;   {metadata('java/util/Collections$UnmodifiableRandomAccessList')}
  0x0000704894559250: 54dc 0841 | 81fa 68b3 | 1d00 0f85 | 6425 0000 | 448b 550c | 4889 6c24 | 4049 8bf2 | 48c1 e603 
  0x0000704894559270: 9048 b840 | e100 1f48 

  0x0000704894559278: ;   {virtual_call}
  0x0000704894559278: 7000 00e8 

  0x000070489455927c: ; ImmutableOopMap {[16]=Oop [44]=NarrowOop [48]=Oop [56]=Oop [64]=Oop }
                      ;*invokeinterface iterator {reexecute=0 rethrow=0 return_oop=1}
                      ; - java.util.Collections$UnmodifiableCollection$1::<init>@17 (line 1051)
                      ; - java.util.Collections$UnmodifiableCollection::iterator@5 (line 1050)
                      ; - com.saigou.thread.PushStreamThread::run@286 (line 111)
  0x000070489455927c: a050 faff | 4889 4424 | 4848 8bf0 | 9048 b8f0 | e61a 1f48 

  0x0000704894559290: ;   {virtual_call}
  0x0000704894559290: 7000 00e8 

  0x0000704894559294: ; ImmutableOopMap {[16]=Oop [44]=NarrowOop [48]=Oop [56]=Oop [64]=Oop [72]=Oop }
                      ;*invokeinterface hasNext {reexecute=0 rethrow=0 return_oop=0}
                      ; - java.util.Collections$UnmodifiableCollection$1::hasNext@4 (line 1053)
                      ; - com.saigou.thread.PushStreamThread::run@295 (line 111)
  0x0000704894559294: 08c5 f5ff | 85c0 0f84 | e110 0000 | 4c8b 5424 | 384d 85d2 | 0f84 3a25 

  0x00007048945592ac: ;   {section_word}
  0x00007048945592ac: 0000 c5fb | 1005 b2f9 | ffff c5fb | 1184 2498 | 0000 00e9 | 2803 0000 | 488b 7e28 | 8b0f 4883 
  0x00007048945592cc: c708 4885 | c0f2 48af | 0f85 0400 | 0000 4889 | 4620 0f85 | e723 0000 | e94e faff | ff48 8b7e 
  0x00007048945592ec: 288b 0f48 | 83c7 0848 | 85c0 f248 | af0f 8504 | 0000 0048 | 8946 200f | 85c2 2300 | 00e9 53fa 
  0x000070489455930c: ffff 498b | f249 8bea 

  0x0000704894559314: ;   {optimized virtual_call}
  0x0000704894559314: 6666 90e8 

  0x0000704894559318: ; ImmutableOopMap {rbp=Oop [16]=Oop [44]=NarrowOop [48]=Oop [56]=Oop [64]=Oop [72]=Oop [88]=Oop }
                      ;*invokespecial deallocate {reexecute=0 rethrow=0 return_oop=0}
                      ; - org.bytedeco.javacpp.Pointer$NativeDeallocator::deallocate@27 (line 232)
                      ; - org.bytedeco.javacpp.Pointer$DeallocatorReference::clear@46 (line 344)
                      ; - org.bytedeco.javacpp.Pointer::releaseReference@30 (line 821)
                      ; - org.bytedeco.javacpp.Pointer::close@1 (line 767)
                      ; - com.saigou.draw.Draw::drawText@46 (line 54)
                      ; - com.saigou.thread.PushStreamThread::run@342 (line 113)
  0x0000704894559318: 646d 75ff | 4c8b d54d | 8962 404d | 8962 3866 | 0f1f 8400 | 0000 0000 | 4c8b 5424 | 5841 8b6a 
  0x0000704894559338: 1c4c 8bd5 | 49c1 e203 | 4c8b 5c24 | 584d 3bd3 | 0f84 6e22 

  0x000070489455934c: ;   {oop(a 'java/lang/Class'{0x000000064cc00420} = 'org/bytedeco/javacpp/Pointer$DeallocatorReference')}
  0x000070489455934c: 0000 49b8 | 2004 c04c | 0600 0000 | 488d 9c24 | a000 0000 | 498b 0048 | f7c0 0200 | 0000 7524 
  0x000070489455936c: 4883 c801 | 4889 03f0 | 490f b118 | 0f84 3e00 | 0000 482b | c448 81e0 | 07f0 ffff | 4889 03e9 
  0x000070489455938c: 2c00 0000 | 4c8b d848 | 33c0 f04d | 0fb1 7b3e | 48c7 0303 | 0000 000f | 8413 0000 | 004c 3bf8 
  0x00007048945593ac: 0f85 0a00 | 0000 49ff | 8386 0000 | 0048 33c0 | 0f85 561f | 0000 4c8b | 5424 5845 | 3b62 1c0f 
  0x00007048945593cc: 85aa 1100 | 0041 8b6a | 2841 807f | 3800 0f85 | 3117 0000 

  0x00007048945593e0: ;   {oop(a 'java/lang/Class'{0x000000064cc00420} = 'org/bytedeco/javacpp/Pointer$DeallocatorReference')}
  0x00007048945593e0: 49ba 2004 | c04c 0600 | 0000 4189 | 6a70 4c8b | d549 c1e2 

  0x00007048945593f4: ;   {oop(a 'java/lang/Class'{0x000000064cc00420} = 'org/bytedeco/javacpp/Pointer$DeallocatorReference')}
  0x00007048945593f4: 0349 bb20 | 04c0 4c06 | 0000 004d | 33d3 49c1 | ea16 4d85 | d274 1e85 | ed74 1a49 | c1eb 0948 
  0x0000704894559414: bf00 209a | 8748 7000 | 0049 03fb | 803f 040f | 85b5 1700 | 00f0 8344 | 24c0 004c | 8b54 2458 
  0x0000704894559434: 418b 6a28 | 85ed 0f84 | 8821 0000 | 458b 6a28 | 418b 6a1c | 4585 ed0f | 842b 1e00 | 0041 807f 
  0x0000704894559454: 3800 0f85 | b614 0000 | 4389 6cec | 1c4c 8b54 | 2458 498b | da48 c1eb | 034c 8bd5 | 49c1 e203 
  0x0000704894559474: 4f8d 1cec | 4d33 d349 | c1ea 164d | 85d2 741e | 85ed 741a | 49c1 eb09 | 48bf 0020 | 9a87 4870 
  0x0000704894559494: 0000 4903 | fb80 3f04 | 0f85 a715 | 0000 f083 | 4424 c000 | 4180 7f38 | 000f 8597 | 1400 004c 
  0x00007048945594b4: 8b54 2458 | 4189 5a28 | f083 4424 | c000 4180 | 7f38 000f | 85b9 1400 | 004c 8b54 | 2458 4189 
  0x00007048945594d4: 5a1c f083 | 4424 c000 

  0x00007048945594dc: ;   {oop(a 'java/lang/Class'{0x000000064cc00420} = 'org/bytedeco/javacpp/Pointer$DeallocatorReference')}
  0x00007048945594dc: 49ba 2004 | c04c 0600 | 0000 4d8b | 5278 4c8b | 5c24 584d | 8b5b 204d 

  0x00007048945594f4: ;   {oop(a 'java/lang/Class'{0x000000064cc00420} = 'org/bytedeco/javacpp/Pointer$DeallocatorReference')}
  0x00007048945594f4: 2bd3 49bb | 2004 c04c | 0600 0000 | 4d89 5378 | f083 4424 

  0x0000704894559508: ;   {oop(a 'java/lang/Class'{0x000000064cc00420} = 'org/bytedeco/javacpp/Pointer$DeallocatorReference')}
  0x0000704894559508: c000 49ba | 2004 c04c | 0600 0000 | 4d8b 9280 | 0000 0049 | ffca 4d89 | 9380 0000 | 00f0 8344 
  0x0000704894559528: 24c0 0048 | 8d84 24a0 | 0000 0048 | 8138 0000 | 0000 0f84 | 8300 0000 | 4d8b 1349 | f7c2 0200 
  0x0000704894559548: 0000 746f | 4981 ba86 | 0000 0000 | 0000 0074 | 0949 ff8a | 8600 0000 | eb51 498b | 8296 0000 
  0x0000704894559568: 0049 0b82 | 8e00 0000 | 750a 49c7 | 423e 0000 | 0000 eb47 | 4981 ba9e | 0000 0000 | 0000 0074 
  0x0000704894559588: 2548 33c0 | 49c7 423e | 0000 0000 | f083 0424 | 0049 81ba | 9e00 0000 | 0000 0000 | 750d f04d 
  0x00007048945595a8: 0fb1 7a3e | 7505 83c8 | 01eb 10f7 | c000 0000 | 00eb 084c | 8b10 f04d | 0fb1 130f | 8570 1d00 
  0x00007048945595c8: 0048 8b74 | 2448 488b | 6c24 4066 | 9048 b8f0 | e61a 1f48 

  0x00007048945595dc: ;   {virtual_call}
  0x00007048945595dc: 7000 00e8 

  0x00007048945595e0: ; ImmutableOopMap {rbp=Oop [16]=Oop [44]=NarrowOop [48]=Oop [56]=Oop [64]=Oop [72]=Oop }
                      ;*invokeinterface hasNext {reexecute=0 rethrow=0 return_oop=0}
                      ; - java.util.Collections$UnmodifiableCollection$1::hasNext@4 (line 1053)
                      ; - com.saigou.thread.PushStreamThread::run@295 (line 111)
  0x00007048945595e0: bcc1 f5ff | 85c0 0f84 | 950d 0000 | 488b 7424 | 4848 8b6c | 2440 6666 | 9048 b8f0 | e61a 1f48 
  0x0000704894559600: ;   {virtual_call}
  0x0000704894559600: 7000 00e8 

  0x0000704894559604: ; ImmutableOopMap {rbp=Oop [16]=Oop [44]=NarrowOop [48]=Oop [56]=Oop [64]=Oop [72]=Oop }
                      ;*invokeinterface next {reexecute=0 rethrow=0 return_oop=1}
                      ; - java.util.Collections$UnmodifiableCollection$1::next@4 (line 1054)
                      ; - com.saigou.thread.PushStreamThread::run@305 (line 111)
  0x0000704894559604: 189c 0000 

  0x0000704894559608: ; implicit exception: dispatches to 0x000070489455bc8c
  0x0000704894559608: 448b 5008 

  0x000070489455960c: ;   {metadata('com/saigou/grpc/FaceBox')}
  0x000070489455960c: 4181 fa28 | a622 010f | 85b9 2200 | 0048 8944 | 2450 498b | 8708 0100 | 004c 8b54 | 2450 458b 
  0x000070489455962c: 5244 4c8b | c849 83c1 | 304c 8b5c | 2450 458b | 4340 4d8b | da49 c1e3 | 0349 8be8 | 48c1 e503 
  0x000070489455964c: ;   {oop(a 'com/saigou/grpc/Point'{0x000000065b09fc08})}
  0x000070489455964c: 4585 c049 | b808 fc09 | 5b06 0000 | 0049 0f44 | e845 85d2 

  0x0000704894559660: ;   {oop(a 'com/saigou/grpc/Point'{0x000000065b09fc08})}
  0x0000704894559660: 49ba 08fc | 095b 0600 | 0000 4d0f | 44da 4c89 | 5c24 584d | 3b8f 1801 | 0000 0f83 | 4d18 0000 
  0x0000704894559680: 4d89 8f08 | 0100 0041 | 0f18 8100 | 0100 0048 | c700 0100 

  0x0000704894559694: ;   {metadata('org/bytedeco/opencv/opencv_core/Point')}
  0x0000704894559694: 0000 c740 | 0808 181f | 0144 8960 | 0c4c 8960 | 104c 8960 | 184c 8960 | 204c 8960 | 284c 8bd0 
  0x00007048945596b4: 4c89 5424 | 60c5 fa10 | 4518 c5fa | 1144 2428 | 488b 7424 

  0x00007048945596c8: ;   {optimized virtual_call}
  0x00007048945596c8: 3866 90e8 

  0x00007048945596cc: ; ImmutableOopMap {rbp=Oop [16]=Oop [44]=NarrowOop [48]=Oop [56]=Oop [64]=Oop [72]=Oop [80]=Oop [88]=Oop [96]=Oop }
                      ;*invokevirtual cols {reexecute=0 rethrow=0 return_oop=0}
                      ; - com.saigou.draw.Draw::drawRectangle@9 (line 23)
                      ; - com.saigou.thread.PushStreamThread::run@327 (line 112)
  0x00007048945596cc: f01d feff | c5fa 104d | 1cc5 fa11 | 4c24 68c5 | f96e c0c5 | f85b c0c5 | fa59 4c24 | 28c5 fa2c 
  0x00007048945596ec: e981 fd00 | 0000 8075 | 0f48 83ec | 08c5 fa11 

  0x00007048945596fc: ;   {runtime_call StubRoutines (1)}
  0x00007048945596fc: 0c24 e859 | 6670 ff5d | 488b 7424 

  0x0000704894559708: ;   {optimized virtual_call}
  0x0000704894559708: 3866 90e8 

  0x000070489455970c: ; ImmutableOopMap {[16]=Oop [44]=NarrowOop [48]=Oop [56]=Oop [64]=Oop [72]=Oop [80]=Oop [88]=Oop [96]=Oop }
                      ;*invokevirtual rows {reexecute=0 rethrow=0 return_oop=0}
                      ; - com.saigou.draw.Draw::drawRectangle@20 (line 23)
                      ; - com.saigou.thread.PushStreamThread::run@327 (line 112)
  0x000070489455970c: 3021 feff | 8bd8 4180 | 7f38 000f | 8537 0f00 | 004c 8b54 | 2460 4d89 | 6228 4589 | 620c 4d89 
  0x000070489455972c: 6210 4d89 | 6218 4d89 | 6220 c5f9 | 6ecb c5f8 | 5bc9 c5f2 | 5944 2468 | c5fa 2cc8 | 81f9 0000 
  0x000070489455974c: 0080 750f | 4883 ec08 | c5fa 1104 

  0x0000704894559758: ;   {runtime_call StubRoutines (1)}
  0x0000704894559758: 24e8 fe65 | 70ff 5949 | 8bf2 8bd5 | 488b 6c24 

  0x0000704894559768: ;   {optimized virtual_call}
  0x0000704894559768: 3866 90e8 

  0x000070489455976c: ; ImmutableOopMap {rbp=Oop [16]=Oop [44]=NarrowOop [48]=Oop [56]=Oop [64]=Oop [72]=Oop [80]=Oop [88]=Oop [96]=Oop }
                      ;*invokespecial allocate {reexecute=0 rethrow=0 return_oop=0}
                      ; - org.bytedeco.opencv.opencv_core.Point::<init>@11 (line 73)
                      ; - com.saigou.draw.Draw::drawRectangle@26 (line 23)
                      ; - com.saigou.thread.PushStreamThread::run@327 (line 112)
  0x000070489455976c: 5024 feff | 498b 8708 | 0100 004c | 8bd0 4983 | c230 4d3b | 9718 0100 | 000f 8356 | 1700 004d 
  0x000070489455978c: 8997 0801 | 0000 410f | 1882 0001 | 0000 48c7 | 0001 0000 

  0x00007048945597a0: ;   {metadata('org/bytedeco/opencv/opencv_core/Point')}
  0x00007048945597a0: 00c7 4008 | 0818 1f01 | 4489 600c | 4c89 6010 | 4c89 6018 | 4c89 6020 | 4c89 6028 | 4c8b d04c 
  0x00007048945597c0: 8954 2468 | 4c8b 5424 | 58c4 c17a | 104a 18c5 | fa11 4c24 | 2848 8b74 | 2438 488b 

  0x00007048945597dc: ;   {optimized virtual_call}
  0x00007048945597dc: ee66 90e8 

  0x00007048945597e0: ; ImmutableOopMap {rbp=Oop [16]=Oop [44]=NarrowOop [48]=Oop [56]=Oop [64]=Oop [72]=Oop [80]=Oop [88]=Oop [96]=Oop [104]=Oop }
                      ;*invokevirtual cols {reexecute=0 rethrow=0 return_oop=0}
                      ; - com.saigou.draw.Draw::drawRectangle@39 (line 24)
                      ; - com.saigou.thread.PushStreamThread::run@327 (line 112)
  0x00007048945597e0: dc1c feff | 4c8b 5424 | 58c4 c17a | 1042 1cc5 | fa11 4424 | 58c5 f96e | c8c5 f85b | c9c5 f259 
  0x0000704894559800: 4424 28c5 | fa2c e881 | fd00 0000 | 8075 0f48 | 83ec 08c5 | fa11 0424 

  0x0000704894559818: ;   {runtime_call StubRoutines (1)}
  0x0000704894559818: e83f 6570 | ff5d 488b 

  0x0000704894559820: ;   {optimized virtual_call}
  0x0000704894559820: 7424 38e8 

  0x0000704894559824: ; ImmutableOopMap {[16]=Oop [44]=NarrowOop [48]=Oop [56]=Oop [64]=Oop [72]=Oop [80]=Oop [96]=Oop [104]=Oop }
                      ;*invokevirtual rows {reexecute=0 rethrow=0 return_oop=0}
                      ; - com.saigou.draw.Draw::drawRectangle@50 (line 24)
                      ; - com.saigou.thread.PushStreamThread::run@327 (line 112)
  0x0000704894559824: 1820 feff | 8bd8 4180 | 7f38 000f | 855b 0e00 | 004c 8b54 | 2468 4d89 | 6228 4589 | 620c 4d89 
  0x0000704894559844: 6210 4d89 | 6218 4d89 | 6220 c5f9 | 6ec3 c5f8 | 5bc0 c5fa | 594c 2458 | c5fa 2cc9 | 81f9 0000 
  0x0000704894559864: 0080 750f | 4883 ec08 | c5fa 110c 

  0x0000704894559870: ;   {runtime_call StubRoutines (1)}
  0x0000704894559870: 24e8 e664 | 70ff 5949 | 8bf2 8bd5 | 488b 6c24 

  0x0000704894559880: ;   {optimized virtual_call}
  0x0000704894559880: 3866 90e8 

  0x0000704894559884: ; ImmutableOopMap {rbp=Oop [16]=Oop [44]=NarrowOop [48]=Oop [56]=Oop [64]=Oop [72]=Oop [80]=Oop [96]=Oop [104]=Oop }
                      ;*invokespecial allocate {reexecute=0 rethrow=0 return_oop=0}
                      ; - org.bytedeco.opencv.opencv_core.Point::<init>@11 (line 73)
                      ; - com.saigou.draw.Draw::drawRectangle@56 (line 24)
                      ; - com.saigou.thread.PushStreamThread::run@327 (line 112)
  0x0000704894559884: 3823 feff | 488b f548 | 8b54 2460 | 488b 4c24 

  0x0000704894559894: ;   {oop(a 'org/bytedeco/opencv/opencv_core/Scalar'{0x000000065b09fc30})}
  0x0000704894559894: 6849 b830 | fc09 5b06 | 0000 0041 | b901 0000 | 00bf 0800 | 0000 4533 | db44 891c | 2448 8b6c 
  0x00007048945598b4: ;   {static_call}
  0x00007048945598b4: 2440 90e8 

  0x00007048945598b8: ; ImmutableOopMap {rbp=Oop [16]=Oop [44]=NarrowOop [48]=Oop [56]=Oop [64]=Oop [72]=Oop [80]=Oop [96]=Oop [104]=Oop }
                      ;*invokestatic rectangle {reexecute=0 rethrow=0 return_oop=0}
                      ; - com.saigou.draw.Draw::drawRectangle@72 (line 25)
                      ; - com.saigou.thread.PushStreamThread::run@327 (line 112)
  0x00007048945598b8: 0493 feff | 4c8b 5424 | 6841 8b6a | 0c85 ed0f | 84a7 0300 | 0045 8b5c 

  0x00007048945598d0: ;   {metadata('org/bytedeco/javacpp/Pointer$NativeDeallocator')}
  0x00007048945598d0: ec08 4181 | fb60 9600 | 010f 8539 | 2000 004d | 8d14 ec4c | 8954 2458 | 418b 6a2c | 85ed 0f84 
  0x00007048945598f0: e61b 0000 | 458b 5a30 | 4585 db0f | 8497 1800 | 00bd ffff | ffff f043 | 0fc1 6cdc | 0cff cd85 
  0x0000704894559910: ed0f 8fcd 

  0x0000704894559914: ;   {oop(a 'java/lang/Class'{0x000000064cc004a8} = 'org/bytedeco/javacpp/tools/Logger')}
  0x0000704894559914: 1b00 0049 | baa8 04c0 | 4c06 0000 | 0041 0fb6 | 6a70 85ed | 0f85 c21b | 0000 4c8b | 5424 5849 
  0x0000704894559934: 8b52 3848 | 85d2 7423 | 498b 4a40 | 4885 c90f | 84ab 1c00 | 0049 8bf2 

  0x000070489455994c: ;   {optimized virtual_call}
  0x000070489455994c: 498b eae8 

  0x0000704894559950: ; ImmutableOopMap {rbp=Oop [16]=Oop [44]=NarrowOop [48]=Oop [56]=Oop [64]=Oop [72]=Oop [80]=Oop [88]=Oop [96]=Oop [104]=Oop }
                      ;*invokespecial deallocate {reexecute=0 rethrow=0 return_oop=0}
                      ; - org.bytedeco.javacpp.Pointer$NativeDeallocator::deallocate@27 (line 232)
                      ; - org.bytedeco.javacpp.Pointer$DeallocatorReference::release@52 (line 365)
                      ; - org.bytedeco.javacpp.Pointer::releaseReference@13 (line 818)
                      ; - org.bytedeco.javacpp.Pointer::close@1 (line 767)
                      ; - com.saigou.draw.Draw::drawRectangle@77 (line 26)
                      ; - com.saigou.thread.PushStreamThread::run@327 (line 112)
  0x0000704894559950: 6c47 fdff | 4c8b d54d | 8962 404d | 8962 3841 | 807f 3800 | 0f85 9e0d | 0000 4c8b | 5424 684d 
  0x0000704894559970: 8962 1045 | 8962 0c48 | 8b74 2458 

  0x000070489455997c: ;   {optimized virtual_call}
  0x000070489455997c: 488b eee8 

  0x0000704894559980: ; ImmutableOopMap {rbp=Oop [16]=Oop [44]=NarrowOop [48]=Oop [56]=Oop [64]=Oop [72]=Oop [80]=Oop [88]=Oop [96]=Oop }
                      ;*invokevirtual clear0 {reexecute=0 rethrow=0 return_oop=0}
                      ; - java.lang.ref.Reference::clear@1 (line 389)
                      ; - org.bytedeco.javacpp.Pointer$DeallocatorReference::clear@1 (line 339)
                      ; - org.bytedeco.javacpp.Pointer::releaseReference@30 (line 821)
                      ; - org.bytedeco.javacpp.Pointer::close@1 (line 767)
                      ; - com.saigou.draw.Draw::drawRectangle@77 (line 26)
                      ; - com.saigou.thread.PushStreamThread::run@327 (line 112)
  0x0000704894559980: bc68 e6ff | 4c8b d541 | 8b6a 2c85 | ed0f 8469 

  0x0000704894559990: ;   {oop(a 'java/lang/Class'{0x000000064cc004a8} = 'org/bytedeco/javacpp/tools/Logger')}
  0x0000704894559990: 1b00 0049 | baa8 04c0 | 4c06 0000 | 0041 0fb6 | 6a70 85ed | 0f85 5e1b | 0000 4c8b | 5424 5849 
  0x00007048945599b0: 8b52 3848 | 85d2 7423 | 498b 4a40 | 4885 c90f | 844f 1c00 | 0049 8bf2 

  0x00007048945599c8: ;   {optimized virtual_call}
  0x00007048945599c8: 498b eae8 

  0x00007048945599cc: ; ImmutableOopMap {rbp=Oop [16]=Oop [44]=NarrowOop [48]=Oop [56]=Oop [64]=Oop [72]=Oop [80]=Oop [88]=Oop [96]=Oop }
                      ;*invokespecial deallocate {reexecute=0 rethrow=0 return_oop=0}
                      ; - org.bytedeco.javacpp.Pointer$NativeDeallocator::deallocate@27 (line 232)
                      ; - org.bytedeco.javacpp.Pointer$DeallocatorReference::clear@46 (line 344)
                      ; - org.bytedeco.javacpp.Pointer::releaseReference@30 (line 821)
                      ; - org.bytedeco.javacpp.Pointer::close@1 (line 767)
                      ; - com.saigou.draw.Draw::drawRectangle@77 (line 26)
                      ; - com.saigou.thread.PushStreamThread::run@327 (line 112)
  0x00007048945599cc: b066 75ff | 4c8b d54d | 8962 404d | 8962 384c | 8b54 2458 | 418b 6a1c | 4c8b d549 | c1e2 034c 
  0x00007048945599ec: 8b5c 2458 | 4d3b d30f | 841b 1b00 

  0x00007048945599f8: ;   {oop(a 'java/lang/Class'{0x000000064cc00420} = 'org/bytedeco/javacpp/Pointer$DeallocatorReference')}
  0x00007048945599f8: 0049 b820 | 04c0 4c06 | 0000 0048 | 8d9c 24a0 | 0000 0049 | 8b00 48f7 | c002 0000 | 0075 2448 
  0x0000704894559a18: 83c8 0148 | 8903 f049 | 0fb1 180f | 843e 0000 | 0048 2bc4 | 4881 e007 | f0ff ff48 | 8903 e92c 
  0x0000704894559a38: 0000 004c | 8bd8 4833 | c0f0 4d0f | b17b 3e48 | c703 0300 | 0000 0f84 | 1300 0000 | 4c3b f80f 
  0x0000704894559a58: 850a 0000 | 0049 ff83 | 8600 0000 | 4833 c00f | 851b 1800 | 004c 8b54 | 2458 453b | 621c 0f85 
  0x0000704894559a78: 3e0a 0000 | 418b 6a28 | 4180 7f38 | 000f 8504 

  0x0000704894559a88: ;   {oop(a 'java/lang/Class'{0x000000064cc00420} = 'org/bytedeco/javacpp/Pointer$DeallocatorReference')}
  0x0000704894559a88: 1000 0049 | ba20 04c0 | 4c06 0000 | 0041 896a | 704c 8bd5 | 49c1 e203 

  0x0000704894559aa0: ;   {oop(a 'java/lang/Class'{0x000000064cc00420} = 'org/bytedeco/javacpp/Pointer$DeallocatorReference')}
  0x0000704894559aa0: 49bb 2004 | c04c 0600 | 0000 4d33 | d349 c1ea | 164d 85d2 | 741e 85ed | 741a 49c1 | eb09 48bf 
  0x0000704894559ac0: 0020 9a87 | 4870 0000 | 4903 fb80 | 3f04 0f85 | 7e10 0000 | f083 4424 | c000 4c8b | 5424 5841 
  0x0000704894559ae0: 8b6a 2885 | ed0f 8435 | 1a00 0045 | 8b6a 2841 | 8b6a 1c45 | 85ed 0f84 | e816 0000 | 4180 7f38 
  0x0000704894559b00: 000f 853d | 0c00 0043 | 896c ec1c | 4c8b 5424 | 5849 8bda | 48c1 eb03 | 4f8d 14ec | 4c8b dd49 
  0x0000704894559b20: c1e3 034d | 33da 49c1 | eb16 4d85 | db74 1e85 | ed74 1a49 | c1ea 0948 | bf00 209a | 8748 7000 
  0x0000704894559b40: 0049 03fa | 803f 040f | 8570 0e00 | 00f0 8344 | 24c0 0041 | 807f 3800 | 0f85 1e0c | 0000 4c8b 
  0x0000704894559b60: 5424 5841 | 895a 28f0 | 8344 24c0 | 0041 807f | 3800 0f85 | 400c 0000 | 4c8b 5424 | 5841 895a 
  0x0000704894559b80: 1cf0 8344 

  0x0000704894559b84: ;   {oop(a 'java/lang/Class'{0x000000064cc00420} = 'org/bytedeco/javacpp/Pointer$DeallocatorReference')}
  0x0000704894559b84: 24c0 0049 | ba20 04c0 | 4c06 0000 | 004d 8b52 | 784c 8b5c | 2458 4d8b | 5b20 4d2b 

  0x0000704894559ba0: ;   {oop(a 'java/lang/Class'{0x000000064cc00420} = 'org/bytedeco/javacpp/Pointer$DeallocatorReference')}
  0x0000704894559ba0: d349 bb20 | 04c0 4c06 | 0000 004d | 8953 78f0 | 8344 24c0 

  0x0000704894559bb4: ;   {oop(a 'java/lang/Class'{0x000000064cc00420} = 'org/bytedeco/javacpp/Pointer$DeallocatorReference')}
  0x0000704894559bb4: 0049 ba20 | 04c0 4c06 | 0000 004d | 8b92 8000 | 0000 49ff | ca4d 8993 | 8000 0000 | f083 4424 
  0x0000704894559bd4: c000 488d | 8424 a000 | 0000 4881 | 3800 0000 | 000f 8483 | 0000 004d | 8b13 49f7 | c202 0000 
  0x0000704894559bf4: 0074 6f49 | 81ba 8600 | 0000 0000 | 0000 7409 | 49ff 8a86 | 0000 00eb | 5149 8b82 | 9600 0000 
  0x0000704894559c14: 490b 828e | 0000 0075 | 0a49 c742 | 3e00 0000 | 00eb 4749 | 81ba 9e00 | 0000 0000 | 0000 7425 
  0x0000704894559c34: 4833 c049 | c742 3e00 | 0000 00f0 | 8304 2400 | 4981 ba9e | 0000 0000 | 0000 0075 | 0df0 4d0f 
  0x0000704894559c54: b17a 3e75 | 0583 c801 | eb10 f7c0 | 0000 0000 | eb08 4c8b | 10f0 4d0f | b113 0f85 | 3516 0000 
  0x0000704894559c74: 4c8b 5424 | 6041 8b6a | 0c85 ed0f | 84a7 0300 | 0045 8b54 

  0x0000704894559c88: ;   {metadata('org/bytedeco/javacpp/Pointer$NativeDeallocator')}
  0x0000704894559c88: ec08 4181 | fa60 9600 | 010f 8595 | 1c00 004d | 8d14 ec4c | 8954 2458 | 418b 6a2c | 85ed 0f84 
  0x0000704894559ca8: 8018 0000 | 458b 5230 | 4585 d20f | 8437 1500 | 00bd ffff | ffff f043 | 0fc1 6cd4 | 0cff cd85 
  0x0000704894559cc8: ed0f 8f69 

  0x0000704894559ccc: ;   {oop(a 'java/lang/Class'{0x000000064cc004a8} = 'org/bytedeco/javacpp/tools/Logger')}
  0x0000704894559ccc: 1800 0049 | baa8 04c0 | 4c06 0000 | 0041 0fb6 | 6a70 85ed | 0f85 5e18 | 0000 4c8b | 5424 5849 
  0x0000704894559cec: 8b52 3848 | 85d2 7423 | 498b 4a40 | 4885 c90f | 8433 1900 | 0049 8bf2 

  0x0000704894559d04: ;   {optimized virtual_call}
  0x0000704894559d04: 498b eae8 

  0x0000704894559d08: ; ImmutableOopMap {rbp=Oop [16]=Oop [44]=NarrowOop [48]=Oop [56]=Oop [64]=Oop [72]=Oop [80]=Oop [88]=Oop [96]=Oop }
                      ;*invokespecial deallocate {reexecute=0 rethrow=0 return_oop=0}
                      ; - org.bytedeco.javacpp.Pointer$NativeDeallocator::deallocate@27 (line 232)
                      ; - org.bytedeco.javacpp.Pointer$DeallocatorReference::release@52 (line 365)
                      ; - org.bytedeco.javacpp.Pointer::releaseReference@13 (line 818)
                      ; - org.bytedeco.javacpp.Pointer::close@1 (line 767)
                      ; - com.saigou.draw.Draw::drawRectangle@106 (line 26)
                      ; - com.saigou.thread.PushStreamThread::run@327 (line 112)
  0x0000704894559d08: b443 fdff | 4c8b d54d | 8962 404d | 8962 3841 | 807f 3800 | 0f85 cd0a | 0000 4c8b | 5424 604d 
  0x0000704894559d28: 8962 1045 | 8962 0c48 | 8b74 2458 

  0x0000704894559d34: ;   {optimized virtual_call}
  0x0000704894559d34: 488b eee8 

  0x0000704894559d38: ; ImmutableOopMap {rbp=Oop [16]=Oop [44]=NarrowOop [48]=Oop [56]=Oop [64]=Oop [72]=Oop [80]=Oop [88]=Oop }
                      ;*invokevirtual clear0 {reexecute=0 rethrow=0 return_oop=0}
                      ; - java.lang.ref.Reference::clear@1 (line 389)
                      ; - org.bytedeco.javacpp.Pointer$DeallocatorReference::clear@1 (line 339)
                      ; - org.bytedeco.javacpp.Pointer::releaseReference@30 (line 821)
                      ; - org.bytedeco.javacpp.Pointer::close@1 (line 767)
                      ; - com.saigou.draw.Draw::drawRectangle@106 (line 26)
                      ; - com.saigou.thread.PushStreamThread::run@327 (line 112)
  0x0000704894559d38: 0465 e6ff | 4c8b d541 | 8b6a 2c85 | ed0f 8405 

  0x0000704894559d48: ;   {oop(a 'java/lang/Class'{0x000000064cc004a8} = 'org/bytedeco/javacpp/tools/Logger')}
  0x0000704894559d48: 1800 0049 | baa8 04c0 | 4c06 0000 | 0041 0fb6 | 6a70 85ed | 0f85 fa17 | 0000 4c8b | 5424 5849 
  0x0000704894559d68: 8b52 3848 | 85d2 7423 | 498b 4a40 | 4885 c90f | 84d7 1800 | 0049 8bf2 

  0x0000704894559d80: ;   {optimized virtual_call}
  0x0000704894559d80: 498b eae8 

  0x0000704894559d84: ; ImmutableOopMap {rbp=Oop [16]=Oop [44]=NarrowOop [48]=Oop [56]=Oop [64]=Oop [72]=Oop [80]=Oop [88]=Oop }
                      ;*invokespecial deallocate {reexecute=0 rethrow=0 return_oop=0}
                      ; - org.bytedeco.javacpp.Pointer$NativeDeallocator::deallocate@27 (line 232)
                      ; - org.bytedeco.javacpp.Pointer$DeallocatorReference::clear@46 (line 344)
                      ; - org.bytedeco.javacpp.Pointer::releaseReference@30 (line 821)
                      ; - org.bytedeco.javacpp.Pointer::close@1 (line 767)
                      ; - com.saigou.draw.Draw::drawRectangle@106 (line 26)
                      ; - com.saigou.thread.PushStreamThread::run@327 (line 112)
  0x0000704894559d84: f862 75ff | 4c8b d54d | 8962 404d | 8962 384c | 8b54 2458 | 418b 6a1c | 4c8b d549 | c1e2 034c 
  0x0000704894559da4: 8b5c 2458 | 4d3b d30f | 84b7 1700 

  0x0000704894559db0: ;   {oop(a 'java/lang/Class'{0x000000064cc00420} = 'org/bytedeco/javacpp/Pointer$DeallocatorReference')}
  0x0000704894559db0: 0049 b820 | 04c0 4c06 | 0000 0048 | 8d9c 24a0 | 0000 0049 | 8b00 48f7 | c002 0000 | 0075 2448 
  0x0000704894559dd0: 83c8 0148 | 8903 f049 | 0fb1 180f | 843e 0000 | 0048 2bc4 | 4881 e007 | f0ff ff48 | 8903 e92c 
  0x0000704894559df0: 0000 004c | 8bd8 4833 | c0f0 4d0f | b17b 3e48 | c703 0300 | 0000 0f84 | 1300 0000 | 4c3b f80f 
  0x0000704894559e10: 850a 0000 | 0049 ff83 | 8600 0000 | 4833 c00f | 85ab 1400 | 004c 8b54 | 2458 453b | 621c 0f85 
  0x0000704894559e30: e606 0000 | 418b 5a28 | 4180 7f38 | 000f 858d 

  0x0000704894559e40: ;   {oop(a 'java/lang/Class'{0x000000064cc00420} = 'org/bytedeco/javacpp/Pointer$DeallocatorReference')}
  0x0000704894559e40: 0c00 0049 | ba20 04c0 | 4c06 0000 | 0041 895a | 704c 8bd3 | 49c1 e203 

  0x0000704894559e58: ;   {oop(a 'java/lang/Class'{0x000000064cc00420} = 'org/bytedeco/javacpp/Pointer$DeallocatorReference')}
  0x0000704894559e58: 49bb 2004 | c04c 0600 | 0000 4d33 | d349 c1ea | 164d 85d2 | 741e 85db | 741a 49c1 | eb09 48bf 
  0x0000704894559e78: 0020 9a87 | 4870 0000 | 4903 fb80 | 3f04 0f85 | 0c0d 0000 | f083 4424 | c000 4c8b | 5424 5841 
  0x0000704894559e98: 8b6a 2885 | ed0f 84d1 | 1600 0045 | 8b72 2841 | 8b6a 1c45 | 85f6 0f84 | 7c13 0000 | 4180 7f38 
  0x0000704894559eb8: 000f 856c | 0900 0043 | 896c f41c | 4c8b 5424 | 584d 8bea | 49c1 ed03 | 4f8d 14f4 | 4c8b dd49 
  0x0000704894559ed8: c1e3 034d | 33da 49c1 | eb16 4d85 | db74 1e85 | ed74 1a49 | c1ea 0948 | bf00 209a | 8748 7000 
  0x0000704894559ef8: 0049 03fa | 803f 040f | 85fe 0a00 | 00f0 8344 | 24c0 0041 | 807f 3800 | 0f85 4d09 | 0000 4c8b 
  0x0000704894559f18: 5424 5845 | 896a 28f0 | 8344 24c0 | 0041 807f | 3800 0f85 | 6f09 0000 | 4c8b 5424 | 5845 896a 
  0x0000704894559f38: 1cf0 8344 

  0x0000704894559f3c: ;   {oop(a 'java/lang/Class'{0x000000064cc00420} = 'org/bytedeco/javacpp/Pointer$DeallocatorReference')}
  0x0000704894559f3c: 24c0 0049 | ba20 04c0 | 4c06 0000 | 004d 8b52 | 784c 8b5c | 2458 4d8b | 5b20 4d2b 

  0x0000704894559f58: ;   {oop(a 'java/lang/Class'{0x000000064cc00420} = 'org/bytedeco/javacpp/Pointer$DeallocatorReference')}
  0x0000704894559f58: d349 bb20 | 04c0 4c06 | 0000 004d | 8953 78f0 | 8344 24c0 

  0x0000704894559f6c: ;   {oop(a 'java/lang/Class'{0x000000064cc00420} = 'org/bytedeco/javacpp/Pointer$DeallocatorReference')}
  0x0000704894559f6c: 0049 ba20 | 04c0 4c06 | 0000 004d | 8b92 8000 | 0000 49ff | ca4d 8993 | 8000 0000 | f083 4424 
  0x0000704894559f8c: c000 488d | 8424 a000 | 0000 4881 | 3800 0000 | 000f 8483 | 0000 004d | 8b13 49f7 | c202 0000 
  0x0000704894559fac: 0074 6f49 | 81ba 8600 | 0000 0000 | 0000 7409 | 49ff 8a86 | 0000 00eb | 5149 8b82 | 9600 0000 
  0x0000704894559fcc: 490b 828e | 0000 0075 | 0a49 c742 | 3e00 0000 | 00eb 4749 | 81ba 9e00 | 0000 0000 | 0000 7425 
  0x0000704894559fec: 4833 c049 | c742 3e00 | 0000 00f0 | 8304 2400 | 4981 ba9e | 0000 0000 | 0000 0075 | 0df0 4d0f 
  0x000070489455a00c: b17a 3e75 | 0583 c801 | eb10 f7c0 | 0000 0000 | eb08 4c8b | 10f0 4d0f | b113 0f85 | c512 0000 
  0x000070489455a02c: 4c8b 5424 | 5041 8b6a | 4845 8b54 | ec08 498d 

  0x000070489455a03c: ;   {metadata('java/lang/String')}
  0x000070489455a03c: 34ec 4181 | fa20 ec00 | 000f 85a1 | 0200 0048 | 8974 2458 | 498b 8708 | 0100 004c | 8b54 2450 
  0x000070489455a05c: 458b 5a40 | 4c8b d049 | 83c2 3049 | 8beb 48c1 | e503 4585 

  0x000070489455a070: ;   {oop(a 'com/saigou/grpc/Point'{0x000000065b09fc08})}
  0x000070489455a070: db49 bb08 | fc09 5b06 | 0000 0049 | 0f44 eb4d | 3b97 1801 | 0000 0f83 | 710e 0000 | 4d89 9708 
  0x000070489455a090: 0100 0041 | 0f18 8200 | 0100 0048 | c700 0100 

  0x000070489455a0a0: ;   {metadata('org/bytedeco/opencv/opencv_core/Point')}
  0x000070489455a0a0: 0000 c740 | 0808 181f | 0144 8960 | 0c4c 8960 | 104c 8960 | 184c 8960 | 204c 8960 | 284c 8bd0 
  0x000070489455a0c0: 4c89 5424 | 50c5 fa10 | 4518 c5fa | 1144 2428 | 488b 7424 

  0x000070489455a0d4: ;   {optimized virtual_call}
  0x000070489455a0d4: 3866 90e8 

  0x000070489455a0d8: ; ImmutableOopMap {rbp=Oop [16]=Oop [44]=NarrowOop [48]=Oop [56]=Oop [64]=Oop [72]=Oop [80]=Oop [88]=Oop }
                      ;*invokevirtual cols {reexecute=0 rethrow=0 return_oop=0}
                      ; - com.saigou.draw.Draw::drawText@9 (line 52)
                      ; - com.saigou.thread.PushStreamThread::run@342 (line 113)
  0x000070489455a0d8: e413 feff | c5fa 104d | 1cc5 fa11 | 4c24 60c5 | f96e c8c5 | f85b c9c5 | f259 4424 | 28c5 fa2c 
  0x000070489455a0f8: e881 fd00 | 0000 8075 | 0f48 83ec | 08c5 fa11 

  0x000070489455a108: ;   {runtime_call StubRoutines (1)}
  0x000070489455a108: 0424 e84d | 5c70 ff5d | 488b 7424 

  0x000070489455a114: ;   {optimized virtual_call}
  0x000070489455a114: 3866 90e8 

  0x000070489455a118: ; ImmutableOopMap {[16]=Oop [44]=NarrowOop [48]=Oop [56]=Oop [64]=Oop [72]=Oop [80]=Oop [88]=Oop }
                      ;*invokevirtual rows {reexecute=0 rethrow=0 return_oop=0}
                      ; - com.saigou.draw.Draw::drawText@20 (line 52)
                      ; - com.saigou.thread.PushStreamThread::run@342 (line 113)
  0x000070489455a118: 2417 feff | 8bd8 4180 | 7f38 000f | 85a3 0500 | 004c 8b54 | 2450 4d89 | 6228 4589 | 620c 4d89 
  0x000070489455a138: 6210 4d89 | 6218 4d89 | 6220 c5f9 | 6ec3 c5f8 | 5bc0 c5fa | 594c 2460 | c5fa 2cc9 | 81f9 0000 
  0x000070489455a158: 0080 750f | 4883 ec08 | c5fa 110c 

  0x000070489455a164: ;   {runtime_call StubRoutines (1)}
  0x000070489455a164: 24e8 f25b | 70ff 5949 | 8bf2 8bd5 | 488b 6c24 

  0x000070489455a174: ;   {optimized virtual_call}
  0x000070489455a174: 3866 90e8 

  0x000070489455a178: ; ImmutableOopMap {rbp=Oop [16]=Oop [44]=NarrowOop [48]=Oop [56]=Oop [64]=Oop [72]=Oop [80]=Oop [88]=Oop }
                      ;*invokespecial allocate {reexecute=0 rethrow=0 return_oop=0}
                      ; - org.bytedeco.opencv.opencv_core.Point::<init>@11 (line 73)
                      ; - com.saigou.draw.Draw::drawText@26 (line 52)
                      ; - com.saigou.thread.PushStreamThread::run@342 (line 113)
  0x000070489455a178: 441a feff | 488b f548 | 8b54 2458 | 488b 4c24 | 5045 33c0 | c5fb 1084 | 2498 0000 

  0x000070489455a194: ;   {oop(a 'org/bytedeco/opencv/opencv_core/Scalar'{0x000000065b09fc30})}
  0x000070489455a194: 0049 b930 | fc09 5b06 | 0000 00bf | 0100 0000 | 41ba 1000 | 0000 4489 | 1424 4533 | db44 895c 
  0x000070489455a1b4: 2408 488b 

  0x000070489455a1b8: ;   {static_call}
  0x000070489455a1b8: 6c24 40e8 

  0x000070489455a1bc: ; ImmutableOopMap {rbp=Oop [16]=Oop [44]=NarrowOop [48]=Oop [56]=Oop [64]=Oop [72]=Oop [80]=Oop }
                      ;*invokestatic putText {reexecute=0 rethrow=0 return_oop=0}
                      ; - com.saigou.draw.Draw::drawText@42 (line 53)
                      ; - com.saigou.thread.PushStreamThread::run@342 (line 113)
  0x000070489455a1bc: 008e feff | 4c8b 5424 | 5041 8b6a | 0c85 ed0f | 84f8 f3ff | ff45 8b5c 

  0x000070489455a1d4: ;   {metadata('org/bytedeco/javacpp/Pointer$NativeDeallocator')}
  0x000070489455a1d4: ec08 4181 | fb60 9600 | 010f 8555 | 1700 004d | 8d14 ec4c | 8954 2458 | 418b 6a2c | 85ed 0f84 
  0x000070489455a1f4: 8813 0000 | 458b 5a30 | 4585 db0f | 8437 1000 | 00bd ffff | ffff f043 | 0fc1 6cdc | 0cff cd85 
  0x000070489455a214: ed0f 8f71 

  0x000070489455a218: ;   {oop(a 'java/lang/Class'{0x000000064cc004a8} = 'org/bytedeco/javacpp/tools/Logger')}
  0x000070489455a218: 1300 0049 | baa8 04c0 | 4c06 0000 | 0041 0fb6 | 6a70 85ed | 0f85 6613 | 0000 4c8b | 5424 5849 
  0x000070489455a238: 8b52 3848 | 85d2 7423 | 498b 4a40 | 4885 c90f | 8427 1400 | 0049 8bf2 

  0x000070489455a250: ;   {optimized virtual_call}
  0x000070489455a250: 498b eae8 

  0x000070489455a254: ; ImmutableOopMap {rbp=Oop [16]=Oop [44]=NarrowOop [48]=Oop [56]=Oop [64]=Oop [72]=Oop [80]=Oop [88]=Oop }
                      ;*invokespecial deallocate {reexecute=0 rethrow=0 return_oop=0}
                      ; - org.bytedeco.javacpp.Pointer$NativeDeallocator::deallocate@27 (line 232)
                      ; - org.bytedeco.javacpp.Pointer$DeallocatorReference::release@52 (line 365)
                      ; - org.bytedeco.javacpp.Pointer::releaseReference@13 (line 818)
                      ; - org.bytedeco.javacpp.Pointer::close@1 (line 767)
                      ; - com.saigou.draw.Draw::drawText@46 (line 54)
                      ; - com.saigou.thread.PushStreamThread::run@342 (line 113)
  0x000070489455a254: 683e fdff | 4c8b d54d | 8962 404d | 8962 3841 | 807f 3800 | 0f85 6806 | 0000 4c8b | 5424 504d 
  0x000070489455a274: 8962 1045 | 8962 0c48 | 8b74 2458 

  0x000070489455a280: ;   {optimized virtual_call}
  0x000070489455a280: 488b eee8 

  0x000070489455a284: ; ImmutableOopMap {rbp=Oop [16]=Oop [44]=NarrowOop [48]=Oop [56]=Oop [64]=Oop [72]=Oop [88]=Oop }
                      ;*invokevirtual clear0 {reexecute=0 rethrow=0 return_oop=0}
                      ; - java.lang.ref.Reference::clear@1 (line 389)
                      ; - org.bytedeco.javacpp.Pointer$DeallocatorReference::clear@1 (line 339)
                      ; - org.bytedeco.javacpp.Pointer::releaseReference@30 (line 821)
                      ; - org.bytedeco.javacpp.Pointer::close@1 (line 767)
                      ; - com.saigou.draw.Draw::drawText@46 (line 54)
                      ; - com.saigou.thread.PushStreamThread::run@342 (line 113)
  0x000070489455a284: b85f e6ff | 4c8b d541 | 8b6a 2c85 | ed0f 840d 

  0x000070489455a294: ;   {oop(a 'java/lang/Class'{0x000000064cc004a8} = 'org/bytedeco/javacpp/tools/Logger')}
  0x000070489455a294: 1300 0049 | baa8 04c0 | 4c06 0000 | 0041 0fb6 | 6a70 85ed | 0f85 0213 | 0000 4c8b | 5424 5849 
  0x000070489455a2b4: 8b52 3848 | 85d2 0f84 | 70f0 ffff | 498b 4a40 | 4885 c90f | 8541 f0ff | ff45 33d2 | 493b cabd 
  0x000070489455a2d4: ffff ffff | 7c08 400f | 95c5 400f | b6ed be45 

  0x000070489455a2e4: ;   {runtime_call UncommonTrapBlob}
  0x000070489455a2e4: ffff ffe8 

  0x000070489455a2e8: ; ImmutableOopMap {[16]=Oop [44]=NarrowOop [56]=Oop [64]=Oop [72]=Oop [88]=Oop }
                      ;*ifeq {reexecute=1 rethrow=0 return_oop=0}
                      ; - (reexecute) org.bytedeco.javacpp.Pointer$NativeDeallocator::deallocate@15 (line 231)
                      ; - org.bytedeco.javacpp.Pointer$DeallocatorReference::clear@46 (line 344)
                      ; - org.bytedeco.javacpp.Pointer::releaseReference@30 (line 821)
                      ; - org.bytedeco.javacpp.Pointer::close@1 (line 767)
                      ; - com.saigou.draw.Draw::drawText@46 (line 54)
                      ; - com.saigou.thread.PushStreamThread::run@342 (line 113)
  0x000070489455a2e8: 14b3 75ff | 49bb 0000 | 001f 4870 | 0000 4d03 | da4d 8b53 

  0x000070489455a2fc: ;   {metadata('com/google/protobuf/ByteString')}
  0x000070489455a2fc: 3849 bb58 | ab14 2048 | 7000 004d | 3bd3 0f85 | 1014 0000 | 488b 6c24 

  0x000070489455a314: ;   {optimized virtual_call}
  0x000070489455a314: 1066 90e8 

  0x000070489455a318: ; ImmutableOopMap {rbp=Oop [16]=Oop [44]=NarrowOop [48]=Oop [56]=Oop [64]=Oop [72]=Oop [80]=Oop }
                      ;*invokevirtual toStringUtf8 {reexecute=0 rethrow=0 return_oop=1}
                      ; - com.saigou.grpc.FaceBox::getExpressionFeature@23 (line 251)
                      ; - com.saigou.thread.PushStreamThread::run@334 (line 113)
  0x000070489455a318: 645d 75ff | 4889 4424 | 5841 807f | 3800 0f85 | e50b 0000 | 4c8b 5424 | 584d 8bda | 49c1 eb03 
  0x000070489455a338: 4c8b 5424 | 5045 895a | 484c 8b5c | 2458 4d33 | da49 c1eb | 164d 85db | 7424 4c8b | 5c24 584d 
  0x000070489455a358: 85db 741a | 49c1 ea09 | 48bf 0020 | 9a87 4870 | 0000 4903 | fa80 3f04 | 0f85 d70b | 0000 f083 
  0x000070489455a378: 4424 c000 | e9cf fcff | ff44 8b54 | 242c 478b 

  0x000070489455a388: ;   {metadata('java/util/Collections$UnmodifiableRandomAccessList')}
  0x000070489455a388: 5cd4 0841 | 81fb 68b3 | 1d00 0f85 | 9014 0000 | 4c8b 5424 | 3045 8b5a | 0c4c 8954 | 2428 498b 
  0x000070489455a3a8: f348 c1e6 | 0349 8bea | 9048 b840 | e100 1f48 

  0x000070489455a3b8: ;   {virtual_call}
  0x000070489455a3b8: 7000 00e8 

  0x000070489455a3bc: ; ImmutableOopMap {rbp=Oop [16]=Oop [40]=Oop [56]=Oop [64]=Oop }
                      ;*invokeinterface iterator {reexecute=0 rethrow=0 return_oop=1}
                      ; - java.util.Collections$UnmodifiableCollection$1::<init>@17 (line 1051)
                      ; - java.util.Collections$UnmodifiableCollection::iterator@5 (line 1050)
                      ; - com.saigou.thread.PushStreamThread::run@350 (line 115)
  0x000070489455a3bc: 603f faff | 4889 4424 | 3048 8bf0 | 9048 b8f0 | e61a 1f48 

  0x000070489455a3d0: ;   {virtual_call}
  0x000070489455a3d0: 7000 00e8 

  0x000070489455a3d4: ; ImmutableOopMap {rbp=Oop [16]=Oop [40]=Oop [48]=Oop [56]=Oop [64]=Oop }
                      ;*invokeinterface hasNext {reexecute=0 rethrow=0 return_oop=0}
                      ; - java.util.Collections$UnmodifiableCollection$1::hasNext@4 (line 1053)
                      ; - com.saigou.thread.PushStreamThread::run@359 (line 115)
  0x000070489455a3d4: c8b3 f5ff | 85c0 7460 | 0f1f 4000 | 488b 7424 | 3048 8b6c | 2428 6666 | 9048 b8f0 | e61a 1f48 
  0x000070489455a3f4: ;   {virtual_call}
  0x000070489455a3f4: 7000 00e8 

  0x000070489455a3f8: ; ImmutableOopMap {rbp=Oop [16]=Oop [40]=Oop [48]=Oop [56]=Oop [64]=Oop }
                      ;*invokeinterface next {reexecute=0 rethrow=0 return_oop=1}
                      ; - java.util.Collections$UnmodifiableCollection$1::next@4 (line 1054)
                      ; - com.saigou.thread.PushStreamThread::run@369 (line 115)
  0x000070489455a3f8: 248e 0000 

  0x000070489455a3fc: ; implicit exception: dispatches to 0x000070489455bdb4
  0x000070489455a3fc: 448b 5808 

  0x000070489455a400: ;   {metadata('com/saigou/grpc/PersonBox')}
  0x000070489455a400: 4181 fb78 | ae22 010f | 85ab 1500 | 0044 8b58 | 4049 8bd3 | 48c1 e203 | 488b 7424 

  0x000070489455a41c: ;   {static_call}
  0x000070489455a41c: 3866 90e8 

  0x000070489455a420: ; ImmutableOopMap {rbp=Oop [16]=Oop [40]=Oop [48]=Oop [56]=Oop [64]=Oop }
                      ;*invokestatic drawPersonPose {reexecute=0 rethrow=0 return_oop=0}
                      ; - com.saigou.thread.PushStreamThread::run@390 (line 117)
  0x000070489455a420: 5c89 82f8 | 488b 7424 | 3048 b8f0 | e61a 1f48 

  0x000070489455a430: ;   {virtual_call}
  0x000070489455a430: 7000 00e8 

  0x000070489455a434: ; ImmutableOopMap {rbp=Oop [16]=Oop [40]=Oop [48]=Oop [56]=Oop [64]=Oop }
                      ;*invokeinterface hasNext {reexecute=0 rethrow=0 return_oop=0}
                      ; - java.util.Collections$UnmodifiableCollection$1::hasNext@4 (line 1053)
                      ; - com.saigou.thread.PushStreamThread::run@359 (line 115)
  0x000070489455a434: 68b3 f5ff | 85c0 75a4 | 488b 6c24 | 1044 8b95 | 8801 0000 | 4585 d20f | 8423 1300 | 004b 8d34 
  0x000070489455a454: d448 8b54 

  0x000070489455a458: ;   {optimized virtual_call}
  0x000070489455a458: 2438 90e8 

  0x000070489455a45c: ; ImmutableOopMap {rbp=Oop [40]=Oop [64]=Oop }
                      ;*invokespecial convert {reexecute=0 rethrow=0 return_oop=1}
                      ; - org.bytedeco.javacv.OpenCVFrameConverter$ToMat::convert@2 (line 55)
                      ; - com.saigou.thread.PushStreamThread::run@402 (line 119)
  0x000070489455a45c: 8237 0000 | 488b cd44 | 8b89 7401 | 0000 4585 | c90f 8429 | 1300 0048 | 8be8 4889 | 4c24 304b 
  0x000070489455a47c: 8d34 cc48 

  0x000070489455a480: ;   {optimized virtual_call}
  0x000070489455a480: 8bd5 90e8 

  0x000070489455a484: ; ImmutableOopMap {rbp=Oop [40]=Oop [48]=Oop [64]=Oop }
                      ;*invokevirtual record {reexecute=0 rethrow=0 return_oop=0}
                      ; - com.saigou.thread.PushStreamThread::run@413 (line 121)
  0x000070489455a484: 6937 0000 

  0x000070489455a488: ; implicit exception: dispatches to 0x000070489455be20
  0x000070489455a488: 4c8b 5d10 | 4c8b 5424 | 284d 8bca | 49c1 e903 | 4c8b 5424 | 4049 c1ea | 0348 896c | 2438 4489 
  0x000070489455a4a8: 5424 4444 | 894c 2450 | 4c89 5c24 | 48e9 4aeb | ffff 418b | 5a1c 418b | 6a28 85db | 0f84 8613 
  0x000070489455a4c8: 0000 4180 | 7f38 000f | 85e0 0a00 | 0041 896c | dc28 4d8d | 14dc 4c8b | dd49 c1e3 | 034d 33da 
  0x000070489455a4e8: 49c1 eb16 | 4d85 db74 | 1e85 ed74 | 1a49 c1ea | 0948 bf00 | 209a 8748 | 7000 0049 | 03fa 803f 
  0x000070489455a508: 040f 854e | 0b00 00f0 | 8344 24c0 | 00e9 c0f5 | ffff 458b | 6a1c 418b | 6a28 4585 | ed0f 8431 
  0x000070489455a528: 1300 0041 | 807f 3800 | 0f85 b70a | 0000 4389 | 6cec 284f | 8d14 ec4c | 8bdd 49c1 | e303 4d33 
  0x000070489455a548: da49 c1eb | 164d 85db | 741e 85ed | 741a 49c1 | ea09 48bf | 0020 9a87 | 4870 0000 | 4903 fa80 
  0x000070489455a568: 3f04 0f85 | 330b 0000 | f083 4424 | c000 e917 | f9ff ff41 | 8b5a 1c41 | 8b6a 2885 | db0f 84dd 
  0x000070489455a588: 1200 0041 | 807f 3800 | 0f85 8f0a | 0000 4189 | 6cdc 284d | 8d14 dc4c | 8bdd 49c1 | e303 4d33 
  0x000070489455a5a8: da49 c1eb | 164d 85db | 741e 85ed | 741a 49c1 | ea09 48bf | 0020 9a87 | 4870 0000 | 4903 fa80 
  0x000070489455a5c8: 3f04 0f85 | 190b 0000 | f083 4424 | c000 e954 | eeff ff45 | 85c9 0f84 | 9012 0000 | 488b 6c24 
  0x000070489455a5e8: 4845 33d2 | 4889 4c24 | 304c 8954 | 2440 e980 | feff ff45 | 85c9 0f84 | c112 0000 | 488b 6c24 
  0x000070489455a608: 4845 33d2 | 4889 4c24 | 304c 8954 | 2428 4c89 | 4424 40e9 | 5bfe ffff | bef6 ffff | ff48 8b6c 
  0x000070489455a628: 2430 48ff | 7424 1848 | 8f44 2410 | 48ff 7424 | 2048 8f44 | 2418 48ff | 7424 3848 | 8f44 2430 
  0x000070489455a648: 4889 4424 

  0x000070489455a64c: ;   {runtime_call UncommonTrapBlob}
  0x000070489455a64c: 3866 90e8 

  0x000070489455a650: ; ImmutableOopMap {rbp=Oop [56]=Oop [68]=NarrowOop [72]=Oop [80]=NarrowOop }
                      ;*invokevirtual get {reexecute=0 rethrow=0 return_oop=0}
                      ; - com.saigou.thread.PushStreamThread::run@181 (line 97)
  0x000070489455a650: acaf 75ff | 4c8b 5424 | 6045 8b52 | 0c45 85d2 | 0f84 b7f0 | ffff 4d8b | 5f20 498b | fa48 c1e7 
  0x000070489455a670: 034d 85db | 0f84 e60c | 0000 4d8b | 5730 4b89 | 7c1a f849 | 83c3 f84d | 895f 20e9 | 8df0 ffff 
  0x000070489455a690: 4c8b 5424 | 6845 8b5a | 0c45 85db | 0f84 93f1 | ffff 4d8b | 5720 498b | fb48 c1e7 | 034d 85d2 
  0x000070489455a6b0: 0f84 bf0c | 0000 4d8b | 5f30 4b89 | 7c13 f849 | 83c2 f84d | 8957 20e9 | 69f1 ffff | 4c8b 5424 
  0x000070489455a6d0: 5045 8b5a | 0c45 85db | 0f84 4bfa | ffff 4d8b | 5720 498b | fb48 c1e7 | 034d 85d2 | 0f84 980c 
  0x000070489455a6f0: 0000 4d8b | 5f30 4b89 | 7c13 f849 | 83c2 f84d | 8957 20e9 | 21fa ffff | 4c8b 5424 | 6845 8b52 
  0x000070489455a710: 0c45 85d2 | 0f84 50f2 | ffff 4d8b | 5f20 498b | fa48 c1e7 | 034d 85db | 0f84 710c | 0000 4d8b 
  0x000070489455a730: 5730 4b89 | 7c1a f849 | 83c3 f84d | 895f 20e9 | 26f2 ffff | 478b 54ec | 1c45 85d2 | 0f84 b5f3 
  0x000070489455a750: ffff 4d8b | 5f20 498b | fa48 c1e7 | 034d 85db | 0f84 4e0c | 0000 4d8b | 5730 4b89 | 7c1a f849 
  0x000070489455a770: 83c3 f84d | 895f 20e9 | 8bf3 ffff | 4c8b 5424 | 5845 8b52 | 2845 85d2 | 0f84 d0f3 | ffff 4d8b 
  0x000070489455a790: 5f20 498b | fa48 c1e7 | 034d 85db | 0f84 270c | 0000 4d8b | 5730 4b89 | 7c1a f849 | 83c3 f84d 
  0x000070489455a7b0: 895f 20e9 | a6f3 ffff | 458b 5a1c | 4585 db0f | 84b3 f3ff | ff4d 8b57 | 2049 8bfb | 48c1 e703 
  0x000070489455a7d0: 4d85 d20f | 8405 0c00 | 004d 8b5f | 304b 897c | 13f8 4983 | c2f8 4d89 | 5720 e989 | f3ff ff4c 
  0x000070489455a7f0: 8b54 2460 | 458b 5a0c | 4585 db0f | 8421 f5ff | ff4d 8b57 | 2049 8bfb | 48c1 e703 | 4d85 d20f 
  0x000070489455a810: 84de 0b00 | 004d 8b5f | 304b 897c | 13f8 4983 | c2f8 4d89 | 5720 e9f7 | f4ff ff47 | 8b5c f41c 
  0x000070489455a830: 4585 db0f | 8486 f6ff | ff4d 8b57 | 2049 8bfb | 48c1 e703 | 4d85 d20f | 84bb 0b00 | 004d 8b5f 
  0x000070489455a850: 304b 897c | 13f8 4983 | c2f8 4d89 | 5720 e95c | f6ff ff4c | 8b54 2458 | 458b 5a28 | 4585 db0f 
  0x000070489455a870: 84a1 f6ff | ff4d 8b57 | 2049 8bfb | 48c1 e703 | 4d85 d20f | 8494 0b00 | 004d 8b5f | 304b 897c 
  0x000070489455a890: 13f8 4983 | c2f8 4d89 | 5720 e977 | f6ff ff45 | 8b52 1c45 | 85d2 0f84 | 84f6 ffff | 4d8b 5f20 
  0x000070489455a8b0: 498b fa48 | c1e7 034d | 85db 0f84 | 720b 0000 | 4d8b 5730 | 4b89 7c1a | f849 83c3 | f84d 895f 
  0x000070489455a8d0: 20e9 5af6 | ffff 4c8b | 5424 5045 | 8b52 0c45 | 85d2 0f84 | 86f9 ffff | 4d8b 5f20 | 498b fa48 
  0x000070489455a8f0: c1e7 034d | 85db 0f84 | 4b0b 0000 | 4d8b 5730 | 4b89 7c1a | f849 83c3 | f84d 895f | 20e9 5cf9 
  0x000070489455a910: ffff 478b | 54ec 1c45 | 85d2 0f84 | 3ceb ffff | 4d8b 5f20 | 498b fa48 | c1e7 034d | 85db 0f84 
  0x000070489455a930: 280b 0000 | 4d8b 5730 | 4b89 7c1a | f849 83c3 | f84d 895f | 20e9 12eb | ffff 4c8b | 5424 5845 
  0x000070489455a950: 8b52 2845 | 85d2 0f84 | 57eb ffff | 4d8b 5f20 | 498b fa48 | c1e7 034d | 85db 0f84 | 010b 0000 
  0x000070489455a970: 4d8b 5730 | 4b89 7c1a | f849 83c3 | f84d 895f | 20e9 2deb | ffff 458b | 5a1c 4585 | db0f 843a 
  0x000070489455a990: ebff ff4d | 8b57 2049 | 8bfb 48c1 | e703 4d85 | d20f 84df | 0a00 004d | 8b5f 304b | 897c 13f8 
  0x000070489455a9b0: 4983 c2f8 | 4d89 5720 | e910 ebff | ff4d 8b57 | 404d 8b5f | 50f0 8344 | 24c0 0080 | 3f00 0f84 
  0x000070489455a9d0: 79f1 ffff | 4488 274d | 85d2 7515 | 498b f749 | ba60 1730 | a948 7000 | 0041 ffd2 | e95c f1ff 
  0x000070489455a9f0: ff4b 897c | 13f8 4983 | c2f8 4d89 | 5740 e94a | f1ff ff4d | 8b57 404d | 8b5f 50f0 | 8344 24c0 
  0x000070489455aa10: 0080 3f00 | 0f84 ebf4 | ffff 4488 | 274d 85d2 | 7515 498b | f749 ba60 | 1730 a948 | 7000 0041 
  0x000070489455aa30: ffd2 e9ce | f4ff ff4b | 897c 13f8 | 4983 c2f8 | 4d89 5740 | e9bc f4ff | ff4d 8b57 

  0x000070489455aa4c: ;   {no_reloc}
  0x000070489455aa4c: 404d 8b5f | 50f0 8344 | 24c0 0080 | 3f00 0f84 | 42ea ffff | 4488 274d | 85d2 7515 | 498b f749 
  0x000070489455aa6c: ba60 1730 | a948 7000 | 0041 ffd2 | e925 eaff | ff4b 897c | 13f8 4983 | c2f8 4d89 | 5740 e913 
  0x000070489455aa8c: ;   {oop(a 'java/lang/Class'{0x000000064cc00420} = 'org/bytedeco/javacpp/Pointer$DeallocatorReference')}
  0x000070489455aa8c: eaff ff49 | ba20 04c0 | 4c06 0000 | 0045 8b5a | 7045 85db | 0f84 e5ef | ffff 4d8b | 5720 498b 
  0x000070489455aaac: fb48 c1e7 | 034d 85d2 | 0f84 e109 | 0000 4d8b | 5f30 4b89 | 7c13 f849 | 83c2 f84d | 8957 20e9 
  0x000070489455aacc: bbef ffff 

  0x000070489455aad0: ;   {oop(a 'java/lang/Class'{0x000000064cc00420} = 'org/bytedeco/javacpp/Pointer$DeallocatorReference')}
  0x000070489455aad0: 49ba 2004 | c04c 0600 | 0000 458b | 5270 4585 | d20f 845c | f3ff ff4d | 8b5f 2049 | 8bfa 48c1 
  0x000070489455aaf0: e703 4d85 | db0f 84b5 | 0900 004d | 8b57 304b | 897c 1af8 | 4983 c3f8 | 4d89 5f20 | e932 f3ff 
  0x000070489455ab10: ;   {oop(a 'java/lang/Class'{0x000000064cc00420} = 'org/bytedeco/javacpp/Pointer$DeallocatorReference')}
  0x000070489455ab10: ff49 ba20 | 04c0 4c06 | 0000 0045 | 8b5a 7045 | 85db 0f84 | b8e8 ffff | 4d8b 5720 | 498b fb48 
  0x000070489455ab30: c1e7 034d | 85d2 0f84 | 8909 0000 | 4d8b 5f30 | 4b89 7c13 | f849 83c2 | f84d 8957 | 20e9 8ee8 
  0x000070489455ab50: ffff 4d8b | 5740 4d8b | 5f50 f083 | 4424 c000 | 803f 000f | 846b efff | ff44 8827 | 4d85 d275 
  0x000070489455ab70: 1549 8bf7 | 49ba 6017 | 30a9 4870 | 0000 41ff | d2e9 4eef | ffff 4b89 | 7c13 f849 | 83c2 f84d 
  0x000070489455ab90: 8957 40e9 | 3cef ffff | 4d8b 5740 | 4d8b 5f50 | f083 4424 | c000 803f | 000f 84dd | f2ff ff44 
  0x000070489455abb0: 8827 4d85 | d275 1549 | 8bf7 49ba | 6017 30a9 | 4870 0000 | 41ff d2e9 | c0f2 ffff | 4b89 7c13 
  0x000070489455abd0: f849 83c2 | f84d 8957 | 40e9 aef2 | ffff 4d8b | 5740 4d8b | 5f50 f083 | 4424 c000 | 803f 000f 
  0x000070489455abf0: 8434 e8ff | ff44 8827 | 4d85 d275 | 1549 8bf7 | 49ba 6017 | 30a9 4870 | 0000 41ff | d2e9 17e8 
  0x000070489455ac10: ffff 4b89 | 7c13 f849 | 83c2 f84d | 8957 40e9 | 05e8 ffff | 49c7 c280 | ffff ff4c | 8bdd 493b 
  0x000070489455ac30: eabd ffff | ffff 7c08 | 400f 95c5 | 400f b6ed | be45 ffff | ff48 ff74 | 2430 488f | 4424 1048 
  0x000070489455ac50: ff74 2448 | 488f 4424 | 304c 895c 

  0x000070489455ac5c: ;   {runtime_call UncommonTrapBlob}
  0x000070489455ac5c: 2448 90e8 

  0x000070489455ac60: ; ImmutableOopMap {[16]=Oop [48]=Oop [64]=NarrowOop [68]=NarrowOop [80]=NarrowOop }
                      ;*iflt {reexecute=1 rethrow=0 return_oop=0}
                      ; - (reexecute) java.lang.Long::valueOf@9 (line 1208)
                      ; - com.saigou.thread.PushStreamThread::run@178 (line 97)
  0x000070489455ac60: 9ca9 75ff | be45 ffff | ff48 8b6c | 2430 48ff | 7424 1848 | 8f44 2410 | 48ff 7424 | 2048 8f44 
  0x000070489455ac80: 2418 4889 | 4424 f88b | 4424 4489 | 4424 2048 | 8b44 24f8 | 48ff 7424 | 4848 8f44 | 2428 48ff 
  0x000070489455aca0: 7424 3848 | 8f44 2430 | 4889 4424 | 3844 8954 | 2440 4489 | 5c24 4444 | 8944 244c 

  0x000070489455acbc: ;   {runtime_call UncommonTrapBlob}
  0x000070489455acbc: 6666 90e8 

  0x000070489455acc0: ; ImmutableOopMap {rbp=Oop [32]=NarrowOop [40]=Oop [56]=Oop [64]=NarrowOop [68]=NarrowOop [76]=NarrowOop [80]=NarrowOop }
                      ;*ifnull {reexecute=1 rethrow=0 return_oop=0}
                      ; - (reexecute) java.util.concurrent.ConcurrentSkipListMap::doGet@39 (line 546)
                      ; - java.util.concurrent.ConcurrentSkipListMap::get@2 (line 1312)
                      ; - com.saigou.thread.PushStreamThread::run@181 (line 97)
  0x000070489455acc0: 3ca9 75ff | be45 ffff | ff48 8b6c | 2430 48ff | 7424 1848 | 8f44 2410 | 48ff 7424 | 2048 8f44 
  0x000070489455ace0: 2418 4889 | 4424 f88b | 4424 4489 | 4424 2048 | 8b44 24f8 | 48ff 7424 | 4848 8f44 | 2428 48ff 
  0x000070489455ad00: 7424 3848 | 8f44 2430 | 4889 4424 | 3844 8954 | 2440 4489 | 5c24 4444 | 8944 244c 

  0x000070489455ad1c: ;   {runtime_call UncommonTrapBlob}
  0x000070489455ad1c: 6666 90e8 

  0x000070489455ad20: ; ImmutableOopMap {rbp=Oop [32]=NarrowOop [40]=Oop [56]=Oop [64]=NarrowOop [68]=NarrowOop [76]=NarrowOop [80]=NarrowOop }
                      ;*ifnull {reexecute=1 rethrow=0 return_oop=0}
                      ; - (reexecute) java.util.concurrent.ConcurrentSkipListMap::doGet@134 (line 560)
                      ; - java.util.concurrent.ConcurrentSkipListMap::get@2 (line 1312)
                      ; - com.saigou.thread.PushStreamThread::run@181 (line 97)
  0x000070489455ad20: dca8 75ff | be45 ffff | ff48 8b6c | 2430 48ff | 7424 1848 | 8f44 2410 | 48ff 7424 | 2048 8f44 
  0x000070489455ad40: 2418 4889 | 4424 f88b | 4424 4489 | 4424 2048 | 8b44 24f8 | 4889 4424 | f88b 4424 | 5089 4424 
  0x000070489455ad60: 2448 8b44 | 24f8 48ff | 7424 4848 | 8f44 2428 | 48ff 7424 | 3848 8f44 | 2430 4489 | 5424 4444 
  0x000070489455ad80: 894c 2448 | 4489 5c24 | 4c48 8944 | 2450 894c | 2458 4489 

  0x000070489455ad94: ;   {runtime_call UncommonTrapBlob}
  0x000070489455ad94: 5c24 5ce8 

  0x000070489455ad98: ; ImmutableOopMap {rbp=Oop [32]=NarrowOop [36]=NarrowOop [40]=Oop [68]=NarrowOop [72]=NarrowOop [76]=NarrowOop [80]=Oop [88]=NarrowOop [92]=NarrowOop }
                      ;*ifnull {reexecute=1 rethrow=0 return_oop=0}
                      ; - (reexecute) java.util.concurrent.ConcurrentSkipListMap::cpr@1 (line 393)
                      ; - java.util.concurrent.ConcurrentSkipListMap::doGet@191 (line 569)
                      ; - java.util.concurrent.ConcurrentSkipListMap::get@2 (line 1312)
                      ; - com.saigou.thread.PushStreamThread::run@181 (line 97)
  0x000070489455ad98: 64a8 75ff | be45 ffff | ff48 8b6c | 2430 48ff | 7424 1848 | 8f44 2410 | 48ff 7424 | 2048 8f44 
  0x000070489455adb8: 2418 4889 | 4424 f88b | 4424 4489 | 4424 2048 | 8b44 24f8 | 48ff 7424 | 4848 8f44 | 2428 48ff 
  0x000070489455add8: 7424 3848 | 8f44 2430 | 4889 4424 | 3844 8954 | 2440 4489 | 4c24 4444 | 8944 244c 

  0x000070489455adf4: ;   {runtime_call UncommonTrapBlob}
  0x000070489455adf4: 6666 90e8 

  0x000070489455adf8: ; ImmutableOopMap {rbp=Oop [32]=NarrowOop [40]=Oop [56]=Oop [64]=NarrowOop [68]=NarrowOop [80]=NarrowOop }
                      ;*ifle {reexecute=1 rethrow=0 return_oop=0}
                      ; - (reexecute) java.util.concurrent.ConcurrentSkipListMap::doGet@197 (line 569)
                      ; - java.util.concurrent.ConcurrentSkipListMap::get@2 (line 1312)
                      ; - com.saigou.thread.PushStreamThread::run@181 (line 97)
  0x000070489455adf8: 04a8 75ff | bee4 ffff | ff48 8b6c | 2430 48ff | 7424 1848 | 8f44 2410 | 48ff 7424 | 2048 8f44 
  0x000070489455ae18: 2418 48ff | 7424 3848 | 8f44 2430 | 4489 5424 

  0x000070489455ae28: ;   {runtime_call UncommonTrapBlob}
  0x000070489455ae28: 3c66 90e8 

  0x000070489455ae2c: ; ImmutableOopMap {rbp=Oop [64]=NarrowOop [68]=NarrowOop [72]=Oop [80]=NarrowOop }
                      ;*aaload {reexecute=0 rethrow=0 return_oop=0}
                      ; - java.lang.Long::valueOf@29 (line 1209)
                      ; - com.saigou.thread.PushStreamThread::run@178 (line 97)
  0x000070489455ae2c: d0a7 75ff | 4533 c9e9 | cbde ffff | 4533 d2e9 | fade ffff | 4533 c0e9 | 1cdf ffff | 4533 f6e9 
  0x000070489455ae4c: 2ddf ffff | 458b 5d00 | 4585 db0f | 8476 e2ff | ff4d 8b57 | 2049 8bfb | 48c1 e703 | 4d85 d20f 
  0x000070489455ae6c: 84bb 0800 | 004d 8b5f | 304b 897c | 13f8 4983 | c2f8 4d89 | 5720 e94c | e2ff ff4d | 8b57 504d 
  0x000070489455ae8c: 8b5f 40f0 | 8344 24c0 | 0080 3f00 | 0f84 6ce2 | ffff 4488 | 274d 85db | 7515 498b | f749 ba60 
  0x000070489455aeac: 1730 a948 | 7000 0041 | ffd2 e94f | e2ff ff4b | 897c 1af8 | 4983 c3f8 | 4d89 5f40 | e93d e2ff 
  0x000070489455aecc: ;   {metadata('org/bytedeco/opencv/opencv_core/Point')}
  0x000070489455aecc: ff48 be08 | 181f 2048 

  0x000070489455aed4: ;   {runtime_call _new_instance_Java}
  0x000070489455aed4: 7000 00e8 

  0x000070489455aed8: ; ImmutableOopMap {rbp=Oop [16]=Oop [44]=NarrowOop [48]=Oop [56]=Oop [64]=Oop [72]=Oop [80]=Oop [88]=Oop }
                      ;*new {reexecute=0 rethrow=0 return_oop=1}
                      ; - com.saigou.draw.Draw::drawRectangle@0 (line 23)
                      ; - com.saigou.thread.PushStreamThread::run@327 (line 112)
  0x000070489455aed8: 240f 80ff | e9d0 e7ff 

  0x000070489455aee0: ;   {metadata('org/bytedeco/opencv/opencv_core/Point')}
  0x000070489455aee0: ff48 be08 | 181f 2048 | 7000 0048 | 8b6c 2410 

  0x000070489455aef0: ;   {runtime_call _new_instance_Java}
  0x000070489455aef0: 6666 90e8 

  0x000070489455aef4: ; ImmutableOopMap {rbp=Oop [16]=Oop [44]=NarrowOop [48]=Oop [56]=Oop [64]=Oop [72]=Oop [80]=Oop [88]=Oop [96]=Oop }
                      ;*new {reexecute=0 rethrow=0 return_oop=1}
                      ; - com.saigou.draw.Draw::drawRectangle@30 (line 24)
                      ; - com.saigou.thread.PushStreamThread::run@327 (line 112)
  0x000070489455aef4: 080f 80ff | e9bf e8ff 

  0x000070489455aefc: ;   {metadata('org/bytedeco/opencv/opencv_core/Point')}
  0x000070489455aefc: ff48 be08 | 181f 2048 

  0x000070489455af04: ;   {runtime_call _new_instance_Java}
  0x000070489455af04: 7000 00e8 

  0x000070489455af08: ; ImmutableOopMap {rbp=Oop [16]=Oop [44]=NarrowOop [48]=Oop [56]=Oop [64]=Oop [72]=Oop [88]=Oop }
                      ;*new {reexecute=0 rethrow=0 return_oop=1}
                      ; - com.saigou.draw.Draw::drawText@0 (line 52)
                      ; - com.saigou.thread.PushStreamThread::run@342 (line 113)
  0x000070489455af08: f40e 80ff | e9ac f1ff | ff4c 8b54 | 2450 458b | 5248 4585 | d20f 8409 | f4ff ff4d | 8b5f 2049 
  0x000070489455af28: 8bfa 48c1 | e703 4d85 | db0f 840a | 0800 004d | 8b57 304b | 897c 1af8 | 4983 c3f8 | 4d89 5f20 
  0x000070489455af48: e9df f3ff | ff4d 8b57 | 504d 8b5f | 40f0 8344 | 24c0 0080 | 3f00 0f84 | 12f4 ffff | 4488 274d 
  0x000070489455af68: 85db 7515 | 498b f749 | ba60 1730 | a948 7000 | 0041 ffd2 | e9f5 f3ff | ff4b 897c | 1af8 4983 
  0x000070489455af88: c3f8 4d89 | 5f40 e9e3 | f3ff ffc5 | fb11 4424 

  0x000070489455af98: ;   {metadata('java/lang/Object'[])}
  0x000070489455af98: 1048 be50 | 1500 1f48 | 7000 00ba | 0100 0000 

  0x000070489455afa8: ;   {runtime_call _new_array_Java}
  0x000070489455afa8: 6666 90e8 

  0x000070489455afac: ; ImmutableOopMap {rbp=NarrowOop [48]=Oop [56]=Oop [68]=NarrowOop [80]=NarrowOop }
                      ;*anewarray {reexecute=0 rethrow=0 return_oop=1}
                      ; - com.saigou.thread.PushStreamThread::run@454 (line 129)
  0x000070489455afac: 5011 80ff | e9ee e0ff | ff45 8b54 | dc28 4585 | d20f 8412 | f5ff ff4d | 8b5f 2049 | 8bfa 48c1 
  0x000070489455afcc: e703 4d85 | db0f 84af | 0800 004d | 8b57 304b | 897c 1af8 | 4983 c3f8 | 4d89 5f20 | e9e8 f4ff 
  0x000070489455afec: ff47 8b5c | ec28 4585 | db0f 843b | f5ff ff4d | 8b57 2049 | 8bfb 48c1 | e703 4d85 | d20f 848c 
  0x000070489455b00c: 0800 004d | 8b5f 304b | 897c 13f8 | 4983 c2f8 | 4d89 5720 | e911 f5ff | ff45 8b54 | dc28 4585 
  0x000070489455b02c: d20f 8463 | f5ff ff4d | 8b5f 2049 | 8bfa 48c1 | e703 4d85 | db0f 8469 | 0800 004d | 8b57 304b 
  0x000070489455b04c: 897c 1af8 | 4983 c3f8 | 4d89 5f20 | e939 f5ff | ff4d 8b57 | 404d 8b5f | 50f0 8344 | 24c0 0080 
  0x000070489455b06c: 3f00 0f84 | 9bf4 ffff | 4488 274d | 85d2 7515 | 498b f749 | ba60 1730 | a948 7000 | 0041 ffd2 
  0x000070489455b08c: e97e f4ff | ff4b 897c | 13f8 4983 | c2f8 4d89 | 5740 e96c | f4ff ff4d | 8b57 404d | 8b5f 50f0 
  0x000070489455b0ac: 8344 24c0 | 0080 3f00 | 0f84 b6f4 | ffff 4488 | 274d 85d2 | 7515 498b | f749 ba60 | 1730 a948 
  0x000070489455b0cc: 7000 0041 | ffd2 e999 | f4ff ff4b | 897c 13f8 | 4983 c2f8 | 4d89 5740 | e987 f4ff | ff4d 8b57 
  0x000070489455b0ec: 404d 8b5f | 50f0 8344 | 24c0 0080 | 3f00 0f84 | d0f4 ffff | 4488 274d | 85d2 7515 | 498b f749 
  0x000070489455b10c: ba60 1730 | a948 7000 | 0041 ffd2 | e9b3 f4ff | ff4b 897c | 13f8 4983 | c2f8 4d89 | 5740 e9a1 
  0x000070489455b12c: f4ff ffbe | f6ff ffff | 48ff 7424 | 1848 8f44 | 2410 48ff | 7424 2048 | 8f44 2418 

  0x000070489455b148: ;   {runtime_call UncommonTrapBlob}
  0x000070489455b148: 6666 90e8 

  0x000070489455b14c: ; ImmutableOopMap {[48]=Oop [68]=NarrowOop [80]=NarrowOop }
                      ;*invokevirtual poll {reexecute=0 rethrow=0 return_oop=0}
                      ; - com.saigou.thread.PushStreamThread::run@87 (line 89)
  0x000070489455b14c: b0a4 75ff 

  0x000070489455b150: ;   {oop(a 'java/lang/Class'{0x00000007ffb00770} = 'java/lang/System')}
  0x000070489455b150: 49bb 7007 | b0ff 0700 | 0000 418b | 6b74 bead | ffff ff48 | ff74 2430 | 488f 4424 | 1048 8944 
  0x000070489455b170: 24f8 8b44 | 2444 8944 | 2428 488b | 4424 f848 | 8944 2430 | 48ff 7424 | 4848 8f44 | 2440 4c89 
  0x000070489455b190: ;   {runtime_call UncommonTrapBlob}
  0x000070489455b190: 5424 48e8 

  0x000070489455b194: ; ImmutableOopMap {rbp=NarrowOop [16]=Oop [40]=NarrowOop [48]=Oop [80]=NarrowOop }
                      ;*invokedynamic {reexecute=0 rethrow=0 return_oop=0}
                      ; - com.saigou.thread.PushStreamThread::run@121 (line 91)
  0x000070489455b194: 68a4 75ff | bef6 ffff | ff48 8b6c | 2410 48ff | 7424 1848 | 8f44 2410 | 48ff 7424 | 2048 8f44 
  0x000070489455b1b4: 2418 4889 | 4424 f88b | 4424 2c89 | 4424 2048 | 8b44 24f8 | 48ff 7424 | 3848 8f44 | 2430 48ff 
  0x000070489455b1d4: 7424 5048 | 8f44 2438 

  0x000070489455b1dc: ;   {runtime_call UncommonTrapBlob}
  0x000070489455b1dc: 6666 90e8 

  0x000070489455b1e0: ; ImmutableOopMap {rbp=Oop [32]=NarrowOop [48]=Oop [56]=Oop [64]=Oop [72]=Oop [96]=Oop }
                      ;*invokevirtual decrementAndGet {reexecute=0 rethrow=0 return_oop=0}
                      ; - org.bytedeco.javacpp.Pointer$DeallocatorReference::release@11 (line 361)
                      ; - org.bytedeco.javacpp.Pointer::releaseReference@13 (line 818)
                      ; - org.bytedeco.javacpp.Pointer::close@1 (line 767)
                      ; - com.saigou.draw.Draw::drawRectangle@77 (line 26)
                      ; - com.saigou.thread.PushStreamThread::run@327 (line 112)
  0x000070489455b1e0: 1ca4 75ff | bef6 ffff 

  0x000070489455b1e8: ;   {runtime_call UncommonTrapBlob}
  0x000070489455b1e8: ff66 90e8 

  0x000070489455b1ec: ; ImmutableOopMap {rbp=NarrowOop [16]=Oop [44]=NarrowOop [56]=Oop [64]=Oop [72]=Oop [80]=Oop [88]=Oop [96]=Oop }
                      ;*putfield prev {reexecute=1 rethrow=0 return_oop=0}
                      ; - (reexecute) org.bytedeco.javacpp.Pointer$DeallocatorReference::remove@65 (line 330)
                      ; - org.bytedeco.javacpp.Pointer::releaseReference@34 (line 822)
                      ; - org.bytedeco.javacpp.Pointer::close@1 (line 767)
                      ; - com.saigou.draw.Draw::drawRectangle@77 (line 26)
                      ; - com.saigou.thread.PushStreamThread::run@327 (line 112)
  0x000070489455b1ec: 10a4 75ff | bef6 ffff | ff48 8b6c | 2410 48ff | 7424 1848 | 8f44 2410 | 48ff 7424 | 2048 8f44 
  0x000070489455b20c: 2418 4889 | 4424 f88b | 4424 2c89 | 4424 2048 | 8b44 24f8 | 48ff 7424 | 3848 8f44 

  0x000070489455b228: ;   {runtime_call UncommonTrapBlob}
  0x000070489455b228: 2430 90e8 

  0x000070489455b22c: ; ImmutableOopMap {rbp=Oop [32]=NarrowOop [48]=Oop [64]=Oop [72]=Oop [80]=Oop }
                      ;*invokevirtual decrementAndGet {reexecute=0 rethrow=0 return_oop=0}
                      ; - org.bytedeco.javacpp.Pointer$DeallocatorReference::release@11 (line 361)
                      ; - org.bytedeco.javacpp.Pointer::releaseReference@13 (line 818)
                      ; - org.bytedeco.javacpp.Pointer::close@1 (line 767)
                      ; - com.saigou.draw.Draw::drawRectangle@106 (line 26)
                      ; - com.saigou.thread.PushStreamThread::run@327 (line 112)
  0x000070489455b22c: d0a3 75ff | bef6 ffff 

  0x000070489455b234: ;   {runtime_call UncommonTrapBlob}
  0x000070489455b234: ff66 90e8 

  0x000070489455b238: ; ImmutableOopMap {rbp=NarrowOop [16]=Oop [44]=NarrowOop [56]=Oop [64]=Oop [72]=Oop [80]=Oop [88]=Oop }
                      ;*putfield prev {reexecute=1 rethrow=0 return_oop=0}
                      ; - (reexecute) org.bytedeco.javacpp.Pointer$DeallocatorReference::remove@65 (line 330)
                      ; - org.bytedeco.javacpp.Pointer::releaseReference@34 (line 822)
                      ; - org.bytedeco.javacpp.Pointer::close@1 (line 767)
                      ; - com.saigou.draw.Draw::drawRectangle@106 (line 26)
                      ; - com.saigou.thread.PushStreamThread::run@327 (line 112)
  0x000070489455b238: c4a3 75ff | bef6 ffff | ff48 8b6c | 2410 48ff | 7424 1848 | 8f44 2410 | 48ff 7424 | 2048 8f44 
  0x000070489455b258: 2418 4889 | 4424 f88b | 4424 2c89 | 4424 2048 | 8b44 24f8 | 48ff 7424 | 3848 8f44 

  0x000070489455b274: ;   {runtime_call UncommonTrapBlob}
  0x000070489455b274: 2430 90e8 

  0x000070489455b278: ; ImmutableOopMap {rbp=Oop [32]=NarrowOop [48]=Oop [64]=Oop [72]=Oop }
                      ;*invokevirtual decrementAndGet {reexecute=0 rethrow=0 return_oop=0}
                      ; - org.bytedeco.javacpp.Pointer$DeallocatorReference::release@11 (line 361)
                      ; - org.bytedeco.javacpp.Pointer::releaseReference@13 (line 818)
                      ; - org.bytedeco.javacpp.Pointer::close@1 (line 767)
                      ; - com.saigou.draw.Draw::drawText@46 (line 54)
                      ; - com.saigou.thread.PushStreamThread::run@342 (line 113)
  0x000070489455b278: 84a3 75ff | bef6 ffff 

  0x000070489455b280: ;   {runtime_call UncommonTrapBlob}
  0x000070489455b280: ff66 90e8 

  0x000070489455b284: ; ImmutableOopMap {rbp=NarrowOop [16]=Oop [44]=NarrowOop [56]=Oop [64]=Oop [72]=Oop [88]=Oop }
                      ;*putfield prev {reexecute=1 rethrow=0 return_oop=0}
                      ; - (reexecute) org.bytedeco.javacpp.Pointer$DeallocatorReference::remove@65 (line 330)
                      ; - org.bytedeco.javacpp.Pointer::releaseReference@34 (line 822)
                      ; - org.bytedeco.javacpp.Pointer::close@1 (line 767)
                      ; - com.saigou.draw.Draw::drawText@46 (line 54)
                      ; - com.saigou.thread.PushStreamThread::run@342 (line 113)
  0x000070489455b284: 78a3 75ff 

  0x000070489455b288: ;   {oop(a 'java/lang/Class'{0x000000064cc00420} = 'org/bytedeco/javacpp/Pointer$DeallocatorReference')}
  0x000070489455b288: 48be 2004 | c04c 0600 | 0000 488d | 9424 a000 | 0000 488b 

  0x000070489455b29c: ;   {runtime_call _complete_monitor_locking_Java}
  0x000070489455b29c: 6c24 10e8 

  0x000070489455b2a0: ; ImmutableOopMap {rbp=Oop [16]=Oop [44]=NarrowOop [48]=Oop [56]=Oop [64]=Oop [72]=Oop [80]=Oop [88]=Oop [96]=Oop }
                      ;*monitorenter {reexecute=0 rethrow=0 return_oop=0}
                      ; - org.bytedeco.javacpp.Pointer$DeallocatorReference::remove@21 (line 323)
                      ; - org.bytedeco.javacpp.Pointer::releaseReference@34 (line 822)
                      ; - org.bytedeco.javacpp.Pointer::close@1 (line 767)
                      ; - com.saigou.draw.Draw::drawRectangle@77 (line 26)
                      ; - com.saigou.thread.PushStreamThread::run@327 (line 112)
  0x000070489455b2a0: 5c33 80ff | e9c4 e7ff 

  0x000070489455b2a8: ;   {oop(a 'java/lang/Class'{0x000000064cc00420} = 'org/bytedeco/javacpp/Pointer$DeallocatorReference')}
  0x000070489455b2a8: ff48 bf20 | 04c0 4c06 | 0000 0048 | 8db4 24a0 | 0000 0049 | 8bd7 49ba | 40d0 91a9 | 4870 0000 
  0x000070489455b2c8: 41ff d2e9 | a4e9 ffff 

  0x000070489455b2d0: ;   {oop(a 'java/lang/Class'{0x000000064cc00420} = 'org/bytedeco/javacpp/Pointer$DeallocatorReference')}
  0x000070489455b2d0: 48be 2004 | c04c 0600 | 0000 488d | 9424 a000 | 0000 488b 

  0x000070489455b2e4: ;   {runtime_call _complete_monitor_locking_Java}
  0x000070489455b2e4: 6c24 10e8 

  0x000070489455b2e8: ; ImmutableOopMap {rbp=Oop [16]=Oop [44]=NarrowOop [48]=Oop [56]=Oop [64]=Oop [72]=Oop [80]=Oop [88]=Oop }
                      ;*monitorenter {reexecute=0 rethrow=0 return_oop=0}
                      ; - org.bytedeco.javacpp.Pointer$DeallocatorReference::remove@21 (line 323)
                      ; - org.bytedeco.javacpp.Pointer::releaseReference@34 (line 822)
                      ; - org.bytedeco.javacpp.Pointer::close@1 (line 767)
                      ; - com.saigou.draw.Draw::drawRectangle@106 (line 26)
                      ; - com.saigou.thread.PushStreamThread::run@327 (line 112)
  0x000070489455b2e8: 1433 80ff | e934 ebff 

  0x000070489455b2f0: ;   {oop(a 'java/lang/Class'{0x000000064cc00420} = 'org/bytedeco/javacpp/Pointer$DeallocatorReference')}
  0x000070489455b2f0: ff48 bf20 | 04c0 4c06 | 0000 0048 | 8db4 24a0 | 0000 0049 | 8bd7 49ba | 40d0 91a9 | 4870 0000 
  0x000070489455b310: 41ff d2e9 | 14ed ffff 

  0x000070489455b318: ;   {oop(a 'java/lang/Class'{0x000000064cc00420} = 'org/bytedeco/javacpp/Pointer$DeallocatorReference')}
  0x000070489455b318: 48be 2004 | c04c 0600 | 0000 488d | 9424 a000 | 0000 488b 

  0x000070489455b32c: ;   {runtime_call _complete_monitor_locking_Java}
  0x000070489455b32c: 6c24 10e8 

  0x000070489455b330: ; ImmutableOopMap {rbp=Oop [16]=Oop [44]=NarrowOop [48]=Oop [56]=Oop [64]=Oop [72]=Oop [88]=Oop }
                      ;*monitorenter {reexecute=0 rethrow=0 return_oop=0}
                      ; - org.bytedeco.javacpp.Pointer$DeallocatorReference::remove@21 (line 323)
                      ; - org.bytedeco.javacpp.Pointer::releaseReference@34 (line 822)
                      ; - org.bytedeco.javacpp.Pointer::close@1 (line 767)
                      ; - com.saigou.draw.Draw::drawText@46 (line 54)
                      ; - com.saigou.thread.PushStreamThread::run@342 (line 113)
  0x000070489455b330: cc32 80ff | e989 e0ff 

  0x000070489455b338: ;   {oop(a 'java/lang/Class'{0x000000064cc00420} = 'org/bytedeco/javacpp/Pointer$DeallocatorReference')}
  0x000070489455b338: ff48 bf20 | 04c0 4c06 | 0000 0048 | 8db4 24a0 | 0000 0049 | 8bd7 49ba | 40d0 91a9 | 4870 0000 
  0x000070489455b358: 41ff d2e9 | 69e2 ffff | 498b f749 | ba30 1730 | a948 7000 | 0041 ffd2 | e9a8 e3ff | ff49 8bf7 
  0x000070489455b378: 49ba 3017 | 30a9 4870 | 0000 41ff | d2e9 abe4 | ffff 498b | f749 ba30 | 1730 a948 | 7000 0041 
  0x000070489455b398: ffd2 e98a | edff ff49 | 8bf7 49ba | 3017 30a9 | 4870 0000 | 41ff d2e9 | b6e5 ffff | 498b f749 
  0x000070489455b3b8: ba30 1730 | a948 7000 | 0041 ffd2 | e93e e7ff | ff49 8bf7 | 49ba 3017 | 30a9 4870 | 0000 41ff 
  0x000070489455b3d8: d2e9 80e7 | ffff 498b | f749 ba30 | 1730 a948 | 7000 0041 | ffd2 e985 | e7ff ff49 | 8bf7 49ba 
  0x000070489455b3f8: 3017 30a9 | 4870 0000 | 41ff d2e9 | 1ae9 ffff | 498b f749 | ba30 1730 | a948 7000 | 0041 ffd2 
  0x000070489455b418: e9a2 eaff | ff49 8bf7 | 49ba 3017 | 30a9 4870 | 0000 41ff | d2e9 e4ea | ffff 498b | f749 ba30 
  0x000070489455b438: 1730 a948 | 7000 0041 | ffd2 e9e9 | eaff ff49 | 8bf7 49ba | 3017 30a9 | 4870 0000 | 41ff d2e9 
  0x000070489455b458: 12ee ffff | 498b f749 | ba30 1730 | a948 7000 | 0041 ffd2 | e9eb dfff | ff49 8bf7 | 49ba 3017 
  0x000070489455b478: 30a9 4870 | 0000 41ff | d2e9 2de0 | ffff 498b | f749 ba30 | 1730 a948 | 7000 0041 | ffd2 e932 
  0x000070489455b498: e0ff ff49 | 8bf7 49ba | 3017 30a9 | 4870 0000 | 41ff d2e9 | dbe5 ffff | 498b f749 | ba30 1730 
  0x000070489455b4b8: a948 7000 | 0041 ffd2 | e97e e9ff | ff49 8bf7 | 49ba 3017 | 30a9 4870 | 0000 41ff | d2e9 06df 
  0x000070489455b4d8: ffff be45 

  0x000070489455b4dc: ;   {runtime_call UncommonTrapBlob}
  0x000070489455b4dc: ffff ffe8 

  0x000070489455b4e0: ; ImmutableOopMap {rbp=NarrowOop [16]=Oop [44]=NarrowOop [56]=Oop [64]=Oop [72]=Oop [80]=Oop [88]=Oop [96]=Oop [104]=Oop }
                      ;*ifnull {reexecute=1 rethrow=0 return_oop=0}
                      ; - (reexecute) org.bytedeco.javacpp.Pointer$DeallocatorReference::release@4 (line 361)
                      ; - org.bytedeco.javacpp.Pointer::releaseReference@13 (line 818)
                      ; - org.bytedeco.javacpp.Pointer::close@1 (line 767)
                      ; - com.saigou.draw.Draw::drawRectangle@77 (line 26)
                      ; - com.saigou.thread.PushStreamThread::run@327 (line 112)
  0x000070489455b4e0: 1ca1 75ff | be45 ffff 

  0x000070489455b4e8: ;   {runtime_call UncommonTrapBlob}
  0x000070489455b4e8: ff66 90e8 

  0x000070489455b4ec: ; ImmutableOopMap {[16]=Oop [44]=NarrowOop [56]=Oop [64]=Oop [72]=Oop [80]=Oop [88]=Oop [96]=Oop [104]=Oop }
                      ;*ifgt {reexecute=1 rethrow=0 return_oop=0}
                      ; - (reexecute) org.bytedeco.javacpp.Pointer$DeallocatorReference::release@14 (line 361)
                      ; - org.bytedeco.javacpp.Pointer::releaseReference@13 (line 818)
                      ; - org.bytedeco.javacpp.Pointer::close@1 (line 767)
                      ; - com.saigou.draw.Draw::drawRectangle@77 (line 26)
                      ; - com.saigou.thread.PushStreamThread::run@327 (line 112)
  0x000070489455b4ec: 10a1 75ff | be45 ffff 

  0x000070489455b4f4: ;   {runtime_call UncommonTrapBlob}
  0x000070489455b4f4: ff66 90e8 

  0x000070489455b4f8: ; ImmutableOopMap {[16]=Oop [44]=NarrowOop [56]=Oop [64]=Oop [72]=Oop [80]=Oop [88]=Oop [96]=Oop [104]=Oop }
                      ;*ifeq {reexecute=1 rethrow=0 return_oop=0}
                      ; - (reexecute) org.bytedeco.javacpp.Pointer$DeallocatorReference::release@23 (line 362)
                      ; - org.bytedeco.javacpp.Pointer::releaseReference@13 (line 818)
                      ; - org.bytedeco.javacpp.Pointer::close@1 (line 767)
                      ; - com.saigou.draw.Draw::drawRectangle@77 (line 26)
                      ; - com.saigou.thread.PushStreamThread::run@327 (line 112)
  0x000070489455b4f8: 04a1 75ff | be45 ffff 

  0x000070489455b500: ;   {runtime_call UncommonTrapBlob}
  0x000070489455b500: ff66 90e8 

  0x000070489455b504: ; ImmutableOopMap {rbp=NarrowOop [16]=Oop [44]=NarrowOop [56]=Oop [64]=Oop [72]=Oop [80]=Oop [88]=Oop [96]=Oop }
                      ;*ifnull {reexecute=1 rethrow=0 return_oop=0}
                      ; - (reexecute) org.bytedeco.javacpp.Pointer$DeallocatorReference::clear@8 (line 340)
                      ; - org.bytedeco.javacpp.Pointer::releaseReference@30 (line 821)
                      ; - org.bytedeco.javacpp.Pointer::close@1 (line 767)
                      ; - com.saigou.draw.Draw::drawRectangle@77 (line 26)
                      ; - com.saigou.thread.PushStreamThread::run@327 (line 112)
  0x000070489455b504: f8a0 75ff | be45 ffff 

  0x000070489455b50c: ;   {runtime_call UncommonTrapBlob}
  0x000070489455b50c: ff66 90e8 

  0x000070489455b510: ; ImmutableOopMap {[16]=Oop [44]=NarrowOop [56]=Oop [64]=Oop [72]=Oop [80]=Oop [88]=Oop [96]=Oop }
                      ;*ifeq {reexecute=1 rethrow=0 return_oop=0}
                      ; - (reexecute) org.bytedeco.javacpp.Pointer$DeallocatorReference::clear@17 (line 341)
                      ; - org.bytedeco.javacpp.Pointer::releaseReference@30 (line 821)
                      ; - org.bytedeco.javacpp.Pointer::close@1 (line 767)
                      ; - com.saigou.draw.Draw::drawRectangle@77 (line 26)
                      ; - com.saigou.thread.PushStreamThread::run@327 (line 112)
  0x000070489455b510: eca0 75ff | be45 ffff 

  0x000070489455b518: ;   {runtime_call UncommonTrapBlob}
  0x000070489455b518: ff66 90e8 

  0x000070489455b51c: ; ImmutableOopMap {rbp=NarrowOop [16]=Oop [44]=NarrowOop [56]=Oop [64]=Oop [72]=Oop [80]=Oop [88]=Oop [96]=Oop }
                      ;*if_acmpne {reexecute=1 rethrow=0 return_oop=0}
                      ; - (reexecute) org.bytedeco.javacpp.Pointer$DeallocatorReference::remove@5 (line 320)
                      ; - org.bytedeco.javacpp.Pointer::releaseReference@34 (line 822)
                      ; - org.bytedeco.javacpp.Pointer::close@1 (line 767)
                      ; - com.saigou.draw.Draw::drawRectangle@77 (line 26)
                      ; - com.saigou.thread.PushStreamThread::run@327 (line 112)
  0x000070489455b51c: e0a0 75ff | be45 ffff 

  0x000070489455b524: ;   {runtime_call UncommonTrapBlob}
  0x000070489455b524: ff66 90e8 

  0x000070489455b528: ; ImmutableOopMap {rbp=NarrowOop [16]=Oop [44]=NarrowOop [56]=Oop [64]=Oop [72]=Oop [80]=Oop [88]=Oop [96]=Oop }
                      ;*ifnull {reexecute=1 rethrow=0 return_oop=0}
                      ; - (reexecute) org.bytedeco.javacpp.Pointer$DeallocatorReference::remove@54 (line 329)
                      ; - org.bytedeco.javacpp.Pointer::releaseReference@34 (line 822)
                      ; - org.bytedeco.javacpp.Pointer::close@1 (line 767)
                      ; - com.saigou.draw.Draw::drawRectangle@77 (line 26)
                      ; - com.saigou.thread.PushStreamThread::run@327 (line 112)
  0x000070489455b528: d4a0 75ff | be45 ffff 

  0x000070489455b530: ;   {runtime_call UncommonTrapBlob}
  0x000070489455b530: ff66 90e8 

  0x000070489455b534: ; ImmutableOopMap {rbp=NarrowOop [16]=Oop [44]=NarrowOop [56]=Oop [64]=Oop [72]=Oop [80]=Oop [88]=Oop [96]=Oop }
                      ;*ifnull {reexecute=1 rethrow=0 return_oop=0}
                      ; - (reexecute) org.bytedeco.javacpp.Pointer$DeallocatorReference::release@4 (line 361)
                      ; - org.bytedeco.javacpp.Pointer::releaseReference@13 (line 818)
                      ; - org.bytedeco.javacpp.Pointer::close@1 (line 767)
                      ; - com.saigou.draw.Draw::drawRectangle@106 (line 26)
                      ; - com.saigou.thread.PushStreamThread::run@327 (line 112)
  0x000070489455b534: c8a0 75ff | be45 ffff 

  0x000070489455b53c: ;   {runtime_call UncommonTrapBlob}
  0x000070489455b53c: ff66 90e8 

  0x000070489455b540: ; ImmutableOopMap {[16]=Oop [44]=NarrowOop [56]=Oop [64]=Oop [72]=Oop [80]=Oop [88]=Oop [96]=Oop }
                      ;*ifgt {reexecute=1 rethrow=0 return_oop=0}
                      ; - (reexecute) org.bytedeco.javacpp.Pointer$DeallocatorReference::release@14 (line 361)
                      ; - org.bytedeco.javacpp.Pointer::releaseReference@13 (line 818)
                      ; - org.bytedeco.javacpp.Pointer::close@1 (line 767)
                      ; - com.saigou.draw.Draw::drawRectangle@106 (line 26)
                      ; - com.saigou.thread.PushStreamThread::run@327 (line 112)
  0x000070489455b540: bca0 75ff | be45 ffff 

  0x000070489455b548: ;   {runtime_call UncommonTrapBlob}
  0x000070489455b548: ff66 90e8 

  0x000070489455b54c: ; ImmutableOopMap {[16]=Oop [44]=NarrowOop [56]=Oop [64]=Oop [72]=Oop [80]=Oop [88]=Oop [96]=Oop }
                      ;*ifeq {reexecute=1 rethrow=0 return_oop=0}
                      ; - (reexecute) org.bytedeco.javacpp.Pointer$DeallocatorReference::release@23 (line 362)
                      ; - org.bytedeco.javacpp.Pointer::releaseReference@13 (line 818)
                      ; - org.bytedeco.javacpp.Pointer::close@1 (line 767)
                      ; - com.saigou.draw.Draw::drawRectangle@106 (line 26)
                      ; - com.saigou.thread.PushStreamThread::run@327 (line 112)
  0x000070489455b54c: b0a0 75ff | be45 ffff 

  0x000070489455b554: ;   {runtime_call UncommonTrapBlob}
  0x000070489455b554: ff66 90e8 

  0x000070489455b558: ; ImmutableOopMap {rbp=NarrowOop [16]=Oop [44]=NarrowOop [56]=Oop [64]=Oop [72]=Oop [80]=Oop [88]=Oop }
                      ;*ifnull {reexecute=1 rethrow=0 return_oop=0}
                      ; - (reexecute) org.bytedeco.javacpp.Pointer$DeallocatorReference::clear@8 (line 340)
                      ; - org.bytedeco.javacpp.Pointer::releaseReference@30 (line 821)
                      ; - org.bytedeco.javacpp.Pointer::close@1 (line 767)
                      ; - com.saigou.draw.Draw::drawRectangle@106 (line 26)
                      ; - com.saigou.thread.PushStreamThread::run@327 (line 112)
  0x000070489455b558: a4a0 75ff | be45 ffff 

  0x000070489455b560: ;   {runtime_call UncommonTrapBlob}
  0x000070489455b560: ff66 90e8 

  0x000070489455b564: ; ImmutableOopMap {[16]=Oop [44]=NarrowOop [56]=Oop [64]=Oop [72]=Oop [80]=Oop [88]=Oop }
                      ;*ifeq {reexecute=1 rethrow=0 return_oop=0}
                      ; - (reexecute) org.bytedeco.javacpp.Pointer$DeallocatorReference::clear@17 (line 341)
                      ; - org.bytedeco.javacpp.Pointer::releaseReference@30 (line 821)
                      ; - org.bytedeco.javacpp.Pointer::close@1 (line 767)
                      ; - com.saigou.draw.Draw::drawRectangle@106 (line 26)
                      ; - com.saigou.thread.PushStreamThread::run@327 (line 112)
  0x000070489455b564: 98a0 75ff | be45 ffff 

  0x000070489455b56c: ;   {runtime_call UncommonTrapBlob}
  0x000070489455b56c: ff66 90e8 

  0x000070489455b570: ; ImmutableOopMap {rbp=NarrowOop [16]=Oop [44]=NarrowOop [56]=Oop [64]=Oop [72]=Oop [80]=Oop [88]=Oop }
                      ;*if_acmpne {reexecute=1 rethrow=0 return_oop=0}
                      ; - (reexecute) org.bytedeco.javacpp.Pointer$DeallocatorReference::remove@5 (line 320)
                      ; - org.bytedeco.javacpp.Pointer::releaseReference@34 (line 822)
                      ; - org.bytedeco.javacpp.Pointer::close@1 (line 767)
                      ; - com.saigou.draw.Draw::drawRectangle@106 (line 26)
                      ; - com.saigou.thread.PushStreamThread::run@327 (line 112)
  0x000070489455b570: 8ca0 75ff | be45 ffff 

  0x000070489455b578: ;   {runtime_call UncommonTrapBlob}
  0x000070489455b578: ff66 90e8 

  0x000070489455b57c: ; ImmutableOopMap {rbp=NarrowOop [16]=Oop [44]=NarrowOop [56]=Oop [64]=Oop [72]=Oop [80]=Oop [88]=Oop }
                      ;*ifnull {reexecute=1 rethrow=0 return_oop=0}
                      ; - (reexecute) org.bytedeco.javacpp.Pointer$DeallocatorReference::remove@54 (line 329)
                      ; - org.bytedeco.javacpp.Pointer::releaseReference@34 (line 822)
                      ; - org.bytedeco.javacpp.Pointer::close@1 (line 767)
                      ; - com.saigou.draw.Draw::drawRectangle@106 (line 26)
                      ; - com.saigou.thread.PushStreamThread::run@327 (line 112)
  0x000070489455b57c: 80a0 75ff | be45 ffff 

  0x000070489455b584: ;   {runtime_call UncommonTrapBlob}
  0x000070489455b584: ff66 90e8 

  0x000070489455b588: ; ImmutableOopMap {rbp=NarrowOop [16]=Oop [44]=NarrowOop [56]=Oop [64]=Oop [72]=Oop [80]=Oop [88]=Oop }
                      ;*ifnull {reexecute=1 rethrow=0 return_oop=0}
                      ; - (reexecute) org.bytedeco.javacpp.Pointer$DeallocatorReference::release@4 (line 361)
                      ; - org.bytedeco.javacpp.Pointer::releaseReference@13 (line 818)
                      ; - org.bytedeco.javacpp.Pointer::close@1 (line 767)
                      ; - com.saigou.draw.Draw::drawText@46 (line 54)
                      ; - com.saigou.thread.PushStreamThread::run@342 (line 113)
  0x000070489455b588: 74a0 75ff | be45 ffff 

  0x000070489455b590: ;   {runtime_call UncommonTrapBlob}
  0x000070489455b590: ff66 90e8 

  0x000070489455b594: ; ImmutableOopMap {[16]=Oop [44]=NarrowOop [56]=Oop [64]=Oop [72]=Oop [80]=Oop [88]=Oop }
                      ;*ifgt {reexecute=1 rethrow=0 return_oop=0}
                      ; - (reexecute) org.bytedeco.javacpp.Pointer$DeallocatorReference::release@14 (line 361)
                      ; - org.bytedeco.javacpp.Pointer::releaseReference@13 (line 818)
                      ; - org.bytedeco.javacpp.Pointer::close@1 (line 767)
                      ; - com.saigou.draw.Draw::drawText@46 (line 54)
                      ; - com.saigou.thread.PushStreamThread::run@342 (line 113)
  0x000070489455b594: 68a0 75ff | be45 ffff 

  0x000070489455b59c: ;   {runtime_call UncommonTrapBlob}
  0x000070489455b59c: ff66 90e8 

  0x000070489455b5a0: ; ImmutableOopMap {[16]=Oop [44]=NarrowOop [56]=Oop [64]=Oop [72]=Oop [80]=Oop [88]=Oop }
                      ;*ifeq {reexecute=1 rethrow=0 return_oop=0}
                      ; - (reexecute) org.bytedeco.javacpp.Pointer$DeallocatorReference::release@23 (line 362)
                      ; - org.bytedeco.javacpp.Pointer::releaseReference@13 (line 818)
                      ; - org.bytedeco.javacpp.Pointer::close@1 (line 767)
                      ; - com.saigou.draw.Draw::drawText@46 (line 54)
                      ; - com.saigou.thread.PushStreamThread::run@342 (line 113)
  0x000070489455b5a0: 5ca0 75ff | be45 ffff 

  0x000070489455b5a8: ;   {runtime_call UncommonTrapBlob}
  0x000070489455b5a8: ff66 90e8 

  0x000070489455b5ac: ; ImmutableOopMap {rbp=NarrowOop [16]=Oop [44]=NarrowOop [56]=Oop [64]=Oop [72]=Oop [88]=Oop }
                      ;*ifnull {reexecute=1 rethrow=0 return_oop=0}
                      ; - (reexecute) org.bytedeco.javacpp.Pointer$DeallocatorReference::clear@8 (line 340)
                      ; - org.bytedeco.javacpp.Pointer::releaseReference@30 (line 821)
                      ; - org.bytedeco.javacpp.Pointer::close@1 (line 767)
                      ; - com.saigou.draw.Draw::drawText@46 (line 54)
                      ; - com.saigou.thread.PushStreamThread::run@342 (line 113)
  0x000070489455b5ac: 50a0 75ff | be45 ffff 

  0x000070489455b5b4: ;   {runtime_call UncommonTrapBlob}
  0x000070489455b5b4: ff66 90e8 

  0x000070489455b5b8: ; ImmutableOopMap {[16]=Oop [44]=NarrowOop [56]=Oop [64]=Oop [72]=Oop [88]=Oop }
                      ;*ifeq {reexecute=1 rethrow=0 return_oop=0}
                      ; - (reexecute) org.bytedeco.javacpp.Pointer$DeallocatorReference::clear@17 (line 341)
                      ; - org.bytedeco.javacpp.Pointer::releaseReference@30 (line 821)
                      ; - org.bytedeco.javacpp.Pointer::close@1 (line 767)
                      ; - com.saigou.draw.Draw::drawText@46 (line 54)
                      ; - com.saigou.thread.PushStreamThread::run@342 (line 113)
  0x000070489455b5b8: 44a0 75ff | be45 ffff 

  0x000070489455b5c0: ;   {runtime_call UncommonTrapBlob}
  0x000070489455b5c0: ff66 90e8 

  0x000070489455b5c4: ; ImmutableOopMap {rbp=NarrowOop [16]=Oop [44]=NarrowOop [56]=Oop [64]=Oop [72]=Oop [88]=Oop }
                      ;*if_acmpne {reexecute=1 rethrow=0 return_oop=0}
                      ; - (reexecute) org.bytedeco.javacpp.Pointer$DeallocatorReference::remove@5 (line 320)
                      ; - org.bytedeco.javacpp.Pointer::releaseReference@34 (line 822)
                      ; - org.bytedeco.javacpp.Pointer::close@1 (line 767)
                      ; - com.saigou.draw.Draw::drawText@46 (line 54)
                      ; - com.saigou.thread.PushStreamThread::run@342 (line 113)
  0x000070489455b5c4: 38a0 75ff | be45 ffff 

  0x000070489455b5cc: ;   {runtime_call UncommonTrapBlob}
  0x000070489455b5cc: ff66 90e8 

  0x000070489455b5d0: ; ImmutableOopMap {rbp=NarrowOop [16]=Oop [44]=NarrowOop [56]=Oop [64]=Oop [72]=Oop [88]=Oop }
                      ;*ifnull {reexecute=1 rethrow=0 return_oop=0}
                      ; - (reexecute) org.bytedeco.javacpp.Pointer$DeallocatorReference::remove@54 (line 329)
                      ; - org.bytedeco.javacpp.Pointer::releaseReference@34 (line 822)
                      ; - org.bytedeco.javacpp.Pointer::close@1 (line 767)
                      ; - com.saigou.draw.Draw::drawText@46 (line 54)
                      ; - com.saigou.thread.PushStreamThread::run@342 (line 113)
  0x000070489455b5d0: 2ca0 75ff | bef6 ffff | ff48 8b6c | 2418 48ff | 7424 2048 | 8f44 2410 | 4889 5424 

  0x000070489455b5ec: ;   {runtime_call UncommonTrapBlob}
  0x000070489455b5ec: 2866 90e8 

  0x000070489455b5f0: ; ImmutableOopMap {[68]=NarrowOop [72]=Oop [80]=NarrowOop }
                      ;*invokevirtual CacheFrameHandler {reexecute=0 rethrow=0 return_oop=0}
                      ; - com.saigou.thread.PushStreamThread::run@206 (line 101)
  0x000070489455b5f0: 0ca0 75ff | 4533 d249 | 3bca bdff | ffff ff7c | 0840 0f95 | c540 0fb6 | edbe 45ff 

  0x000070489455b60c: ;   {runtime_call UncommonTrapBlob}
  0x000070489455b60c: ffff 90e8 

  0x000070489455b610: ; ImmutableOopMap {[16]=Oop [44]=NarrowOop [56]=Oop [64]=Oop [72]=Oop [80]=Oop [88]=Oop [96]=Oop [104]=Oop }
                      ;*ifeq {reexecute=1 rethrow=0 return_oop=0}
                      ; - (reexecute) org.bytedeco.javacpp.Pointer$NativeDeallocator::deallocate@15 (line 231)
                      ; - org.bytedeco.javacpp.Pointer$DeallocatorReference::release@52 (line 365)
                      ; - org.bytedeco.javacpp.Pointer::releaseReference@13 (line 818)
                      ; - org.bytedeco.javacpp.Pointer::close@1 (line 767)
                      ; - com.saigou.draw.Draw::drawRectangle@77 (line 26)
                      ; - com.saigou.thread.PushStreamThread::run@327 (line 112)
  0x000070489455b610: ec9f 75ff | 4533 d249 | 3bca bdff | ffff ff7c | 0840 0f95 | c540 0fb6 | edbe 45ff 

  0x000070489455b62c: ;   {runtime_call UncommonTrapBlob}
  0x000070489455b62c: ffff 90e8 

  0x000070489455b630: ; ImmutableOopMap {[16]=Oop [44]=NarrowOop [56]=Oop [64]=Oop [72]=Oop [80]=Oop [88]=Oop [96]=Oop }
                      ;*ifeq {reexecute=1 rethrow=0 return_oop=0}
                      ; - (reexecute) org.bytedeco.javacpp.Pointer$NativeDeallocator::deallocate@15 (line 231)
                      ; - org.bytedeco.javacpp.Pointer$DeallocatorReference::clear@46 (line 344)
                      ; - org.bytedeco.javacpp.Pointer::releaseReference@30 (line 821)
                      ; - org.bytedeco.javacpp.Pointer::close@1 (line 767)
                      ; - com.saigou.draw.Draw::drawRectangle@77 (line 26)
                      ; - com.saigou.thread.PushStreamThread::run@327 (line 112)
  0x000070489455b630: cc9f 75ff | 4533 d249 | 3bca bdff | ffff ff7c | 0840 0f95 | c540 0fb6 | edbe 45ff 

  0x000070489455b64c: ;   {runtime_call UncommonTrapBlob}
  0x000070489455b64c: ffff 90e8 

  0x000070489455b650: ; ImmutableOopMap {[16]=Oop [44]=NarrowOop [56]=Oop [64]=Oop [72]=Oop [80]=Oop [88]=Oop [96]=Oop }
                      ;*ifeq {reexecute=1 rethrow=0 return_oop=0}
                      ; - (reexecute) org.bytedeco.javacpp.Pointer$NativeDeallocator::deallocate@15 (line 231)
                      ; - org.bytedeco.javacpp.Pointer$DeallocatorReference::release@52 (line 365)
                      ; - org.bytedeco.javacpp.Pointer::releaseReference@13 (line 818)
                      ; - org.bytedeco.javacpp.Pointer::close@1 (line 767)
                      ; - com.saigou.draw.Draw::drawRectangle@106 (line 26)
                      ; - com.saigou.thread.PushStreamThread::run@327 (line 112)
  0x000070489455b650: ac9f 75ff | 4533 d249 | 3bca bdff | ffff ff7c | 0840 0f95 | c540 0fb6 | edbe 45ff 

  0x000070489455b66c: ;   {runtime_call UncommonTrapBlob}
  0x000070489455b66c: ffff 90e8 

  0x000070489455b670: ; ImmutableOopMap {[16]=Oop [44]=NarrowOop [56]=Oop [64]=Oop [72]=Oop [80]=Oop [88]=Oop }
                      ;*ifeq {reexecute=1 rethrow=0 return_oop=0}
                      ; - (reexecute) org.bytedeco.javacpp.Pointer$NativeDeallocator::deallocate@15 (line 231)
                      ; - org.bytedeco.javacpp.Pointer$DeallocatorReference::clear@46 (line 344)
                      ; - org.bytedeco.javacpp.Pointer::releaseReference@30 (line 821)
                      ; - org.bytedeco.javacpp.Pointer::close@1 (line 767)
                      ; - com.saigou.draw.Draw::drawRectangle@106 (line 26)
                      ; - com.saigou.thread.PushStreamThread::run@327 (line 112)
  0x000070489455b670: 8c9f 75ff | 4533 d249 | 3bca bdff | ffff ff7c | 0840 0f95 | c540 0fb6 | edbe 45ff 

  0x000070489455b68c: ;   {runtime_call UncommonTrapBlob}
  0x000070489455b68c: ffff 90e8 

  0x000070489455b690: ; ImmutableOopMap {[16]=Oop [44]=NarrowOop [56]=Oop [64]=Oop [72]=Oop [80]=Oop [88]=Oop }
                      ;*ifeq {reexecute=1 rethrow=0 return_oop=0}
                      ; - (reexecute) org.bytedeco.javacpp.Pointer$NativeDeallocator::deallocate@15 (line 231)
                      ; - org.bytedeco.javacpp.Pointer$DeallocatorReference::release@52 (line 365)
                      ; - org.bytedeco.javacpp.Pointer::releaseReference@13 (line 818)
                      ; - org.bytedeco.javacpp.Pointer::close@1 (line 767)
                      ; - com.saigou.draw.Draw::drawText@46 (line 54)
                      ; - com.saigou.thread.PushStreamThread::run@342 (line 113)
  0x000070489455b690: 6c9f 75ff | bef6 ffff | ff48 ff74 | 2418 488f | 4424 1048 | ff74 2420 | 488f 4424 | 1844 8954 
  0x000070489455b6b0: 2420 4489 | 5c24 2448 | 8944 2430 | 4489 4424 

  0x000070489455b6c0: ;   {runtime_call UncommonTrapBlob}
  0x000070489455b6c0: 3866 90e8 

  0x000070489455b6c4: ; ImmutableOopMap {rbp=Oop [32]=NarrowOop [36]=NarrowOop [48]=Oop [56]=NarrowOop [72]=Oop }
                      ;*invokevirtual record {reexecute=0 rethrow=0 return_oop=0}
                      ; - com.saigou.thread.PushStreamThread::run@239 (line 105)
  0x000070489455b6c4: 389f 75ff | 4c8b ddbe | 8dff ffff | 488b 6c24 | 1848 ff74 | 2420 488f | 4424 104c | 8974 2418 
  0x000070489455b6e4: 48ff 7424 | 3848 8f44 | 2420 4889 | 5c24 284c | 895c 2430 | 4c89 6c24 

  0x000070489455b6fc: ;   {runtime_call UncommonTrapBlob}
  0x000070489455b6fc: 3866 90e8 

  0x000070489455b700: ; ImmutableOopMap {[24]=Oop [40]=Oop [48]=Oop [56]=Oop }
                      ;*invokestatic currentTimeMillis {reexecute=0 rethrow=0 return_oop=0}
                      ; - com.saigou.thread.PushStreamThread::run@158 (line 96)
  0x000070489455b700: fc9e 75ff | bef6 ffff | ff48 8b6c | 2430 48ff | 7424 1848 | 8f44 2410 

  0x000070489455b718: ;   {runtime_call UncommonTrapBlob}
  0x000070489455b718: 6666 90e8 

  0x000070489455b71c: ; ImmutableOopMap {rbp=Oop [32]=Oop [56]=Oop [68]=NarrowOop [80]=NarrowOop }
                      ;*invokevirtual printf {reexecute=0 rethrow=0 return_oop=0}
                      ; - com.saigou.thread.PushStreamThread::run@465 (line 129)
  0x000070489455b71c: e09e 75ff | bede ffff 

  0x000070489455b724: ;   {runtime_call UncommonTrapBlob}
  0x000070489455b724: ff66 90e8 

  0x000070489455b728: ; ImmutableOopMap {rbp=NarrowOop [16]=Oop [44]=NarrowOop [56]=Oop [64]=Oop [72]=Oop [80]=Oop }
                      ;*checkcast {reexecute=0 rethrow=0 return_oop=0}
                      ; - com.saigou.grpc.FaceBox::getExpressionFeature@18 (line 249)
                      ; - com.saigou.thread.PushStreamThread::run@334 (line 113)
  0x000070489455b728: d49e 75ff | 498b f749 | ba30 1730 | a948 7000 | 0041 ffd2 | e992 d9ff | ff49 8bf7 | 49ba 3017 
  0x000070489455b748: 30a9 4870 | 0000 41ff | d2e9 d6eb | ffff bef6 | ffff ff48 | ff74 2418 | 488f 4424 | 1048 ff74 
  0x000070489455b768: 2420 488f 

  0x000070489455b76c: ;   {runtime_call UncommonTrapBlob}
  0x000070489455b76c: 4424 18e8 

  0x000070489455b770: ; ImmutableOopMap {rbp=Oop [68]=NarrowOop [72]=Oop [80]=NarrowOop }
                      ;*invokevirtual convert {reexecute=0 rethrow=0 return_oop=0}
                      ; - com.saigou.thread.PushStreamThread::run@279 (line 110)
  0x000070489455b770: 8c9e 75ff | bef6 ffff | ff48 ff74 | 2418 488f | 4424 1048 | ff74 2420 | 488f 4424 | 1848 ff74 
  0x000070489455b790: 2428 488f 

  0x000070489455b794: ;   {runtime_call UncommonTrapBlob}
  0x000070489455b794: 4424 20e8 

  0x000070489455b798: ; ImmutableOopMap {rbp=Oop [32]=Oop [56]=Oop [64]=Oop }
                      ;*invokevirtual convert {reexecute=0 rethrow=0 return_oop=0}
                      ; - com.saigou.thread.PushStreamThread::run@402 (line 119)
  0x000070489455b798: 649e 75ff | 488b e84c | 8b54 2428 | 4c8b 4424 | 40be f6ff | ffff 4889 | 4c24 104c | 8954 2428 
  0x000070489455b7b8: 4c89 4424 

  0x000070489455b7bc: ;   {runtime_call UncommonTrapBlob}
  0x000070489455b7bc: 3066 90e8 

  0x000070489455b7c0: ; ImmutableOopMap {rbp=Oop [16]=Oop [40]=Oop [48]=Oop }
                      ;*invokevirtual record {reexecute=0 rethrow=0 return_oop=0}
                      ; - com.saigou.thread.PushStreamThread::run@413 (line 121)
  0x000070489455b7c0: 3c9e 75ff | bede ffff | ff48 8b6c | 2410 48ff | 7424 1848 | 8f44 2410 | 48ff 7424 | 2048 8f44 
  0x000070489455b7e0: ;   {runtime_call UncommonTrapBlob}
  0x000070489455b7e0: 2418 90e8 

  0x000070489455b7e4: ; ImmutableOopMap {rbp=Oop [56]=Oop [68]=NarrowOop [80]=NarrowOop }
                      ;*invokeinterface iterator {reexecute=0 rethrow=0 return_oop=0}
                      ; - com.saigou.thread.PushStreamThread::run@286 (line 111)
  0x000070489455b7e4: 189e 75ff | be76 ffff | ff48 8b6c | 2410 48ff | 7424 1848 | 8f44 2410 | 48ff 7424 | 2048 8f44 
  0x000070489455b804: 2418 4889 | 4424 f88b | 4424 2c89 | 4424 2048 | 8b44 24f8 | 4c89 5424 | 3089 4424 

  0x000070489455b820: ;   {runtime_call UncommonTrapBlob}
  0x000070489455b820: 2466 90e8 

  0x000070489455b824: ; ImmutableOopMap {rbp=Oop [32]=NarrowOop [48]=Oop [64]=Oop [72]=Oop }
                      ;*ifeq {reexecute=1 rethrow=0 return_oop=0}
                      ; - (reexecute) com.saigou.thread.PushStreamThread::run@300 (line 111)
  0x000070489455b824: d89d 75ff | bede ffff | ff48 8b6c | 2410 48ff | 7424 1848 | 8f44 2410 | 48ff 7424 | 2048 8f44 
  0x000070489455b844: 2418 4489 

  0x000070489455b848: ;   {runtime_call UncommonTrapBlob}
  0x000070489455b848: 5424 24e8 

  0x000070489455b84c: ; ImmutableOopMap {rbp=Oop [36]=NarrowOop [56]=Oop [64]=Oop }
                      ;*invokeinterface iterator {reexecute=0 rethrow=0 return_oop=0}
                      ; - com.saigou.thread.PushStreamThread::run@350 (line 115)
  0x000070489455b84c: b09d 75ff | bef6 ffff 

  0x000070489455b854: ;   {runtime_call UncommonTrapBlob}
  0x000070489455b854: ff66 90e8 

  0x000070489455b858: ; ImmutableOopMap {rbp=NarrowOop [16]=Oop [44]=NarrowOop [56]=Oop [64]=Oop [72]=Oop [80]=Oop [88]=Oop [96]=Oop }
                      ;*putfield next {reexecute=1 rethrow=0 return_oop=0}
                      ; - (reexecute) org.bytedeco.javacpp.Pointer$DeallocatorReference::remove@47 (line 327)
                      ; - org.bytedeco.javacpp.Pointer::releaseReference@34 (line 822)
                      ; - org.bytedeco.javacpp.Pointer::close@1 (line 767)
                      ; - com.saigou.draw.Draw::drawRectangle@77 (line 26)
                      ; - com.saigou.thread.PushStreamThread::run@327 (line 112)
  0x000070489455b858: a49d 75ff | bef6 ffff 

  0x000070489455b860: ;   {runtime_call UncommonTrapBlob}
  0x000070489455b860: ff66 90e8 

  0x000070489455b864: ; ImmutableOopMap {rbp=NarrowOop [16]=Oop [44]=NarrowOop [56]=Oop [64]=Oop [72]=Oop [80]=Oop [88]=Oop }
                      ;*putfield next {reexecute=1 rethrow=0 return_oop=0}
                      ; - (reexecute) org.bytedeco.javacpp.Pointer$DeallocatorReference::remove@47 (line 327)
                      ; - org.bytedeco.javacpp.Pointer::releaseReference@34 (line 822)
                      ; - org.bytedeco.javacpp.Pointer::close@1 (line 767)
                      ; - com.saigou.draw.Draw::drawRectangle@106 (line 26)
                      ; - com.saigou.thread.PushStreamThread::run@327 (line 112)
  0x000070489455b864: 989d 75ff | bef6 ffff 

  0x000070489455b86c: ;   {runtime_call UncommonTrapBlob}
  0x000070489455b86c: ff66 90e8 

  0x000070489455b870: ; ImmutableOopMap {rbp=NarrowOop [16]=Oop [44]=NarrowOop [56]=Oop [64]=Oop [72]=Oop [88]=Oop }
                      ;*putfield next {reexecute=1 rethrow=0 return_oop=0}
                      ; - (reexecute) org.bytedeco.javacpp.Pointer$DeallocatorReference::remove@47 (line 327)
                      ; - org.bytedeco.javacpp.Pointer::releaseReference@34 (line 822)
                      ; - org.bytedeco.javacpp.Pointer::close@1 (line 767)
                      ; - com.saigou.draw.Draw::drawText@46 (line 54)
                      ; - com.saigou.thread.PushStreamThread::run@342 (line 113)
  0x000070489455b870: 8c9d 75ff | 488b 6c24 | 4845 33c0 | 4c8b 5424 | 28e9 23ff | ffff 498b | f749 ba30 | 1730 a948 
  0x000070489455b890: 7000 0041 | ffd2 e93a | ecff ff49 | 8bf7 49ba | 3017 30a9 | 4870 0000 | 41ff d2e9 | 86ec ffff 
  0x000070489455b8b0: 498b f749 | ba30 1730 | a948 7000 | 0041 ffd2 | e9d1 ecff | ff48 8b6c | 2448 4533 | d2e9 d7fe 
  0x000070489455b8d0: ffff bede | ffff ff48 | 8b6c 2410 | 48ff 7424 | 1848 8f44 | 2410 48ff | 7424 2048 | 8f44 2418 
  0x000070489455b8f0: 4889 4424 | f88b 4424 | 2c89 4424 | 2048 8b44 | 24f8 48ff | 7424 3848 | 8f44 2430 | 4889 4424 
  0x000070489455b910: ;   {runtime_call UncommonTrapBlob}
  0x000070489455b910: 3866 90e8 

  0x000070489455b914: ; ImmutableOopMap {rbp=Oop [32]=NarrowOop [48]=Oop [56]=Oop [64]=Oop [72]=Oop }
                      ;*checkcast {reexecute=0 rethrow=0 return_oop=0}
                      ; - com.saigou.thread.PushStreamThread::run@310 (line 111)
  0x000070489455b914: e89c 75ff | bede ffff | ff48 ff74 | 2460 488f 

  0x000070489455b924: ;   {runtime_call UncommonTrapBlob}
  0x000070489455b924: 4424 58e8 

  0x000070489455b928: ; ImmutableOopMap {rbp=NarrowOop [16]=Oop [44]=NarrowOop [56]=Oop [64]=Oop [72]=Oop [80]=Oop [88]=Oop [104]=Oop }
                      ;*checkcast {reexecute=0 rethrow=0 return_oop=0}
                      ; - org.bytedeco.javacpp.Pointer::releaseReference@4 (line 817)
                      ; - org.bytedeco.javacpp.Pointer::close@1 (line 767)
                      ; - com.saigou.draw.Draw::drawRectangle@77 (line 26)
                      ; - com.saigou.thread.PushStreamThread::run@327 (line 112)
  0x000070489455b928: d49c 75ff | bede ffff 

  0x000070489455b930: ;   {runtime_call UncommonTrapBlob}
  0x000070489455b930: ff66 90e8 

  0x000070489455b934: ; ImmutableOopMap {rbp=NarrowOop [16]=Oop [44]=NarrowOop [56]=Oop [64]=Oop [72]=Oop [80]=Oop [96]=Oop }
                      ;*checkcast {reexecute=0 rethrow=0 return_oop=0}
                      ; - org.bytedeco.javacpp.Pointer::releaseReference@4 (line 817)
                      ; - org.bytedeco.javacpp.Pointer::close@1 (line 767)
                      ; - com.saigou.draw.Draw::drawRectangle@106 (line 26)
                      ; - com.saigou.thread.PushStreamThread::run@327 (line 112)
  0x000070489455b934: c89c 75ff | bede ffff 

  0x000070489455b93c: ;   {runtime_call UncommonTrapBlob}
  0x000070489455b93c: ff66 90e8 

  0x000070489455b940: ; ImmutableOopMap {rbp=NarrowOop [16]=Oop [44]=NarrowOop [56]=Oop [64]=Oop [72]=Oop [80]=Oop }
                      ;*checkcast {reexecute=0 rethrow=0 return_oop=0}
                      ; - org.bytedeco.javacpp.Pointer::releaseReference@4 (line 817)
                      ; - org.bytedeco.javacpp.Pointer::close@1 (line 767)
                      ; - com.saigou.draw.Draw::drawText@46 (line 54)
                      ; - com.saigou.thread.PushStreamThread::run@342 (line 113)
  0x000070489455b940: bc9c 75ff | bede ffff | ff48 8b6c | 2430 48ff | 7424 1848 | 8f44 2410 | 48ff 7424 | 2048 8f44 
  0x000070489455b960: 2418 4889 | 4424 f88b | 4424 4489 | 4424 2048 | 8b44 24f8 | 4889 4424 | f88b 4424 | 5089 4424 
  0x000070489455b980: 2448 8b44 | 24f8 48ff | 7424 4848 | 8f44 2428 | 48ff 7424 | 3848 8f44 | 2430 4489 | 5c24 4044 
  0x000070489455b9a0: 8954 2444 | 4489 4c24 | 4848 8944 | 2450 894c 

  0x000070489455b9b0: ;   {runtime_call UncommonTrapBlob}
  0x000070489455b9b0: 244c 90e8 

  0x000070489455b9b4: ; ImmutableOopMap {rbp=Oop [32]=NarrowOop [36]=NarrowOop [40]=Oop [64]=NarrowOop [68]=NarrowOop [72]=NarrowOop [76]=NarrowOop [80]=Oop }
                      ;*checkcast {reexecute=0 rethrow=0 return_oop=0}
                      ; - java.lang.Long::compareTo@2 (line 71)
                      ; - java.util.concurrent.ConcurrentSkipListMap::cpr@20 (line 393)
                      ; - java.util.concurrent.ConcurrentSkipListMap::doGet@191 (line 569)
                      ; - java.util.concurrent.ConcurrentSkipListMap::get@2 (line 1312)
                      ; - com.saigou.thread.PushStreamThread::run@181 (line 97)
  0x000070489455b9b4: 489c 75ff | bede ffff | ff48 8b6c | 2410 48ff | 7424 1848 | 8f44 2410 | 48ff 7424 | 2048 8f44 
  0x000070489455b9d4: 2418 4889 

  0x000070489455b9d8: ;   {runtime_call UncommonTrapBlob}
  0x000070489455b9d8: 4424 48e8 

  0x000070489455b9dc: ; ImmutableOopMap {rbp=Oop [40]=Oop [48]=Oop [56]=Oop [64]=Oop [72]=Oop }
                      ;*checkcast {reexecute=0 rethrow=0 return_oop=0}
                      ; - com.saigou.thread.PushStreamThread::run@374 (line 115)
  0x000070489455b9dc: 209c 75ff | bede ffff | ff48 8b6c | 2430 48ff | 7424 1848 | 8f44 2410 | 48ff 7424 | 2048 8f44 
  0x000070489455b9fc: 2418 4889 

  0x000070489455ba00: ;   {runtime_call UncommonTrapBlob}
  0x000070489455ba00: 4424 28e8 

  0x000070489455ba04: ; ImmutableOopMap {rbp=Oop [40]=Oop [68]=NarrowOop [80]=NarrowOop }
                      ;*checkcast {reexecute=0 rethrow=0 return_oop=0}
                      ; - com.saigou.thread.PushStreamThread::run@90 (line 89)
  0x000070489455ba04: f89b 75ff | bede ffff | ff48 8b6c | 2430 48ff | 7424 1848 | 8f44 2410 | 48ff 7424 | 2048 8f44 
  0x000070489455ba24: 2418 48ff | 7424 3848 | 8f44 2430 | 4489 4c24 

  0x000070489455ba34: ;   {runtime_call UncommonTrapBlob}
  0x000070489455ba34: 3866 90e8 

  0x000070489455ba38: ; ImmutableOopMap {rbp=Oop [56]=NarrowOop [68]=NarrowOop [72]=Oop [80]=NarrowOop }
                      ;*checkcast {reexecute=0 rethrow=0 return_oop=0}
                      ; - com.saigou.thread.PushStreamThread::run@184 (line 97)
  0x000070489455ba38: c49b 75ff | bef6 ffff | ff48 8b6c | 2418 48ff | 7424 2048 | 8f44 2410 

  0x000070489455ba50: ;   {runtime_call UncommonTrapBlob}
  0x000070489455ba50: 6666 90e8 

  0x000070489455ba54: ; ImmutableOopMap {[68]=NarrowOop [72]=Oop [80]=NarrowOop }
                      ;*getfield resultCache {reexecute=1 rethrow=0 return_oop=0}
                      ; - (reexecute) com.saigou.thread.PushStreamThread::run@170 (line 97)
  0x000070489455ba54: a89b 75ff | bef6 ffff | ff48 8b6c | 2430 48ff | 7424 1848 | 8f44 2410 | 48ff 7424 | 2048 8f44 
  0x000070489455ba74: ;   {runtime_call UncommonTrapBlob}
  0x000070489455ba74: 2418 90e8 

  0x000070489455ba78: ; ImmutableOopMap {rbp=Oop [64]=NarrowOop [68]=NarrowOop [80]=NarrowOop }
                      ;*getfield timestamp {reexecute=1 rethrow=0 return_oop=0}
                      ; - (reexecute) com.saigou.thread.PushStreamThread::run@175 (line 97)
  0x000070489455ba78: 849b 75ff | be45 ffff | ff48 8b6c | 2430 48ff | 7424 1848 | 8f44 2410 | 48ff 7424 | 2048 8f44 
  0x000070489455ba98: 2418 4889 | 4424 f88b | 4424 4489 | 4424 2048 | 8b44 24f8 | 48ff 7424 | 4848 8f44 | 2428 48ff 
  0x000070489455bab8: 7424 3848 | 8f44 2430 | 4889 4424 | 3844 895c | 2444 4489 

  0x000070489455bacc: ;   {runtime_call UncommonTrapBlob}
  0x000070489455bacc: 5424 48e8 

  0x000070489455bad0: ; ImmutableOopMap {rbp=Oop [32]=NarrowOop [40]=Oop [56]=Oop [68]=NarrowOop [72]=NarrowOop [80]=NarrowOop }
                      ;*ifnull {reexecute=1 rethrow=0 return_oop=0}
                      ; - (reexecute) java.util.concurrent.ConcurrentSkipListMap::doGet@29 (line 544)
                      ; - java.util.concurrent.ConcurrentSkipListMap::get@2 (line 1312)
                      ; - com.saigou.thread.PushStreamThread::run@181 (line 97)
  0x000070489455bad0: 2c9b 75ff | be45 ffff | ff48 8b6c | 2430 48ff | 7424 1848 | 8f44 2410 | 48ff 7424 | 2048 8f44 
  0x000070489455baf0: 2418 4889 | 4424 f88b | 4424 4489 | 4424 2048 | 8b44 24f8 | 48ff 7424 | 4848 8f44 | 2428 48ff 
  0x000070489455bb10: 7424 3848 | 8f44 2430 | 4889 4424 | 3844 895c | 2440 4489 

  0x000070489455bb24: ;   {runtime_call UncommonTrapBlob}
  0x000070489455bb24: 4424 48e8 

  0x000070489455bb28: ; ImmutableOopMap {rbp=Oop [32]=NarrowOop [40]=Oop [56]=Oop [64]=NarrowOop [72]=NarrowOop [80]=NarrowOop }
                      ;*ifnull {reexecute=1 rethrow=0 return_oop=0}
                      ; - (reexecute) java.util.concurrent.ConcurrentSkipListMap::doGet@150 (line 564)
                      ; - java.util.concurrent.ConcurrentSkipListMap::get@2 (line 1312)
                      ; - com.saigou.thread.PushStreamThread::run@181 (line 97)
  0x000070489455bb28: d49a 75ff | be45 ffff | ff48 8b6c | 2430 48ff | 7424 1848 | 8f44 2410 | 48ff 7424 | 2048 8f44 
  0x000070489455bb48: 2418 4889 | 4424 f88b | 4424 4489 | 4424 2048 | 8b44 24f8 | 48ff 7424 | 4848 8f44 | 2428 48ff 
  0x000070489455bb68: 7424 3848 | 8f44 2430 | 4889 4424 | 3844 895c | 2440 4489 

  0x000070489455bb7c: ;   {runtime_call UncommonTrapBlob}
  0x000070489455bb7c: 5424 48e8 

  0x000070489455bb80: ; ImmutableOopMap {rbp=Oop [32]=NarrowOop [40]=Oop [56]=Oop [64]=NarrowOop [72]=NarrowOop [80]=NarrowOop }
                      ;*ifnull {reexecute=1 rethrow=0 return_oop=0}
                      ; - (reexecute) java.util.concurrent.ConcurrentSkipListMap::doGet@161 (line 565)
                      ; - java.util.concurrent.ConcurrentSkipListMap::get@2 (line 1312)
                      ; - com.saigou.thread.PushStreamThread::run@181 (line 97)
  0x000070489455bb80: 7c9a 75ff | be45 ffff | ff48 8b6c | 2430 48ff | 7424 1848 | 8f44 2410 | 48ff 7424 | 2048 8f44 
  0x000070489455bba0: 2418 4889 | 4424 f88b | 4424 4489 | 4424 2048 | 8b44 24f8 | 4889 4424 | f88b 4424 | 5089 4424 
  0x000070489455bbc0: 2448 8b44 | 24f8 48ff | 7424 4848 | 8f44 2428 | 48ff 7424 | 3848 8f44 | 2430 4889 | 4424 3844 
  0x000070489455bbe0: 895c 2440 | 4489 5424 | 4489 4c24 | 4c44 894c 

  0x000070489455bbf0: ;   {runtime_call UncommonTrapBlob}
  0x000070489455bbf0: 2450 90e8 

  0x000070489455bbf4: ; ImmutableOopMap {rbp=Oop [32]=NarrowOop [36]=NarrowOop [40]=Oop [56]=Oop [64]=NarrowOop [68]=NarrowOop [76]=NarrowOop [80]=NarrowOop }
                      ;*ifnull {reexecute=1 rethrow=0 return_oop=0}
                      ; - (reexecute) java.util.concurrent.ConcurrentSkipListMap::doGet@179 (line 568)
                      ; - java.util.concurrent.ConcurrentSkipListMap::get@2 (line 1312)
                      ; - com.saigou.thread.PushStreamThread::run@181 (line 97)
  0x000070489455bbf4: 089a 75ff | be45 ffff | ff48 8b6c | 2430 48ff | 7424 1848 | 8f44 2410 | 48ff 7424 | 2048 8f44 
  0x000070489455bc14: 2418 4889 | 4424 f88b | 4424 4489 | 4424 2048 | 8b44 24f8 | 4889 4424 | f88b 4424 | 5089 4424 
  0x000070489455bc34: 2448 8b44 | 24f8 48ff | 7424 4848 | 8f44 2428 | 48ff 7424 | 3848 8f44 | 2430 4889 | 4424 3844 
  0x000070489455bc54: 895c 2440 | 4489 5424 | 4444 894c | 2448 894c 

  0x000070489455bc64: ;   {runtime_call UncommonTrapBlob}
  0x000070489455bc64: 2450 90e8 

  0x000070489455bc68: ; ImmutableOopMap {rbp=Oop [32]=NarrowOop [36]=NarrowOop [40]=Oop [56]=Oop [64]=NarrowOop [68]=NarrowOop [72]=NarrowOop [80]=NarrowOop }
                      ;*ifnull {reexecute=1 rethrow=0 return_oop=0}
                      ; - (reexecute) java.util.concurrent.ConcurrentSkipListMap::doGet@184 (line 568)
                      ; - java.util.concurrent.ConcurrentSkipListMap::get@2 (line 1312)
                      ; - com.saigou.thread.PushStreamThread::run@181 (line 97)
  0x000070489455bc68: 9499 75ff | bef4 ffff | ff48 ff74 | 2418 488f | 4424 1048 | ff74 2420 | 488f 4424 

  0x000070489455bc84: ;   {runtime_call UncommonTrapBlob}
  0x000070489455bc84: 1866 90e8 

  0x000070489455bc88: ; ImmutableOopMap {[48]=Oop [68]=NarrowOop [80]=NarrowOop }
                      ;*checkcast {reexecute=0 rethrow=0 return_oop=0}
                      ; - com.saigou.thread.PushStreamThread::run@90 (line 89)
  0x000070489455bc88: 7499 75ff | bef4 ffff | ff48 8b6c | 2410 48ff | 7424 1848 | 8f44 2410 | 48ff 7424 | 2048 8f44 
  0x000070489455bca8: 2418 4889 | 4424 f88b | 4424 2c89 | 4424 2048 | 8b44 24f8 | 48ff 7424 | 3848 8f44 

  0x000070489455bcc4: ;   {runtime_call UncommonTrapBlob}
  0x000070489455bcc4: 2430 90e8 

  0x000070489455bcc8: ; ImmutableOopMap {rbp=Oop [32]=NarrowOop [48]=Oop [64]=Oop [72]=Oop }
                      ;*checkcast {reexecute=0 rethrow=0 return_oop=0}
                      ; - com.saigou.thread.PushStreamThread::run@310 (line 111)
  0x000070489455bcc8: 3499 75ff | bef6 ffff | ff48 8b6c | 2410 48ff | 7424 1848 | 8f44 2410 | 48ff 7424 | 2048 8f44 
  0x000070489455bce8: 2418 4889 | 4424 f88b | 4424 2c89 | 4424 2048 | 8b44 24f8 

  0x000070489455bcfc: ;   {runtime_call UncommonTrapBlob}
  0x000070489455bcfc: 6666 90e8 

  0x000070489455bd00: ; ImmutableOopMap {rbp=Oop [32]=NarrowOop [56]=Oop [64]=Oop [72]=Oop [80]=Oop [88]=Oop [96]=Oop }
                      ;*invokevirtual getX {reexecute=0 rethrow=0 return_oop=0}
                      ; - com.saigou.draw.Draw::drawRectangle@5 (line 23)
                      ; - com.saigou.thread.PushStreamThread::run@327 (line 112)
  0x000070489455bd00: fc98 75ff | bef6 ffff | ff48 8b6c | 2410 48ff | 7424 1848 | 8f44 2410 | 48ff 7424 | 2048 8f44 
  0x000070489455bd20: 2418 4889 | 4424 f88b | 4424 2c89 | 4424 2048 | 8b44 24f8 | 48ff 7424 | 6048 8f44 

  0x000070489455bd3c: ;   {runtime_call UncommonTrapBlob}
  0x000070489455bd3c: 2458 90e8 

  0x000070489455bd40: ; ImmutableOopMap {rbp=Oop [32]=NarrowOop [56]=Oop [64]=Oop [72]=Oop [80]=Oop [88]=Oop [104]=Oop }
                      ;*invokevirtual getX {reexecute=0 rethrow=0 return_oop=0}
                      ; - com.saigou.draw.Draw::drawRectangle@35 (line 24)
                      ; - com.saigou.thread.PushStreamThread::run@327 (line 112)
  0x000070489455bd40: bc98 75ff | bef4 ffff | ff48 8b6c | 2410 48ff | 7424 1848 | 8f44 2410 | 48ff 7424 | 2048 8f44 
  0x000070489455bd60: 2418 4889 | 4424 f88b | 4424 2c89 | 4424 2048 | 8b44 24f8 

  0x000070489455bd74: ;   {runtime_call UncommonTrapBlob}
  0x000070489455bd74: 6666 90e8 

  0x000070489455bd78: ; ImmutableOopMap {rbp=Oop [32]=NarrowOop [56]=Oop [64]=Oop [72]=Oop [80]=Oop }
                      ;*instanceof {reexecute=0 rethrow=0 return_oop=0}
                      ; - com.saigou.grpc.FaceBox::getExpressionFeature@6 (line 246)
                      ; - com.saigou.thread.PushStreamThread::run@334 (line 113)
  0x000070489455bd78: 8498 75ff | bef6 ffff | ff48 8b6c | 2410 48ff | 7424 1848 | 8f44 2410 | 48ff 7424 | 2048 8f44 
  0x000070489455bd98: 2418 4889 | 4424 f88b | 4424 2c89 | 4424 2048 | 8b44 24f8 

  0x000070489455bdac: ;   {runtime_call UncommonTrapBlob}
  0x000070489455bdac: 6666 90e8 

  0x000070489455bdb0: ; ImmutableOopMap {rbp=Oop [32]=NarrowOop [56]=Oop [64]=Oop [72]=Oop [80]=Oop [88]=Oop }
                      ;*invokevirtual getX {reexecute=0 rethrow=0 return_oop=0}
                      ; - com.saigou.draw.Draw::drawText@5 (line 52)
                      ; - com.saigou.thread.PushStreamThread::run@342 (line 113)
  0x000070489455bdb0: 4c98 75ff | bef4 ffff | ff48 8b6c | 2410 48ff | 7424 1848 | 8f44 2410 | 48ff 7424 | 2048 8f44 
  0x000070489455bdd0: ;   {runtime_call UncommonTrapBlob}
  0x000070489455bdd0: 2418 90e8 

  0x000070489455bdd4: ; ImmutableOopMap {rbp=Oop [40]=Oop [48]=Oop [56]=Oop [64]=Oop }
                      ;*checkcast {reexecute=0 rethrow=0 return_oop=0}
                      ; - com.saigou.thread.PushStreamThread::run@374 (line 115)
  0x000070489455bdd4: 2898 75ff | bef6 ffff | ff48 ff74 | 2418 488f | 4424 1048 | ff74 2420 | 488f 4424 

  0x000070489455bdf0: ;   {runtime_call UncommonTrapBlob}
  0x000070489455bdf0: 1866 90e8 

  0x000070489455bdf4: ; ImmutableOopMap {[48]=Oop [68]=NarrowOop [80]=NarrowOop }
                      ;*getfield timestamp {reexecute=1 rethrow=0 return_oop=0}
                      ; - (reexecute) com.saigou.thread.PushStreamThread::run@203 (line 101)
  0x000070489455bdf4: 0898 75ff | bef6 ffff | ff48 8b6c | 2430 48ff | 7424 1848 | 8f44 2410 | 48ff 7424 | 2048 8f44 
  0x000070489455be14: 2418 4c89 

  0x000070489455be18: ;   {runtime_call UncommonTrapBlob}
  0x000070489455be18: 5c24 30e8 

  0x000070489455be1c: ; ImmutableOopMap {rbp=Oop [48]=Oop [68]=NarrowOop [72]=Oop [80]=NarrowOop }
                      ;*getfield timestamp {reexecute=1 rethrow=0 return_oop=0}
                      ; - (reexecute) com.saigou.thread.PushStreamThread::run@247 (line 106)
  0x000070489455be1c: e097 75ff | bef6 ffff | ff48 ff74 | 2418 488f | 4424 1048 | ff74 2420 | 488f 4424 | 1848 ff74 
  0x000070489455be3c: 2428 488f 

  0x000070489455be40: ;   {runtime_call UncommonTrapBlob}
  0x000070489455be40: 4424 20e8 

  0x000070489455be44: ; ImmutableOopMap {[32]=Oop [48]=Oop [64]=Oop }
                      ;*getfield timestamp {reexecute=1 rethrow=0 return_oop=0}
                      ; - (reexecute) com.saigou.thread.PushStreamThread::run@418 (line 122)
  0x000070489455be44: b897 75ff | e9b3 0e00 | 0048 8944 | 2478 e910 | 0b00 00e9 | 9f0e 0000 | 498b f749 | ba30 1730 
  0x000070489455be64: a948 7000 | 0041 ffd2 | e93e 1100 | 0049 8bf7 | 49ba 3017 | 30a9 4870 | 0000 41ff | d2e9 c910 
  0x000070489455be84: 0000 498b | f749 ba30 | 1730 a948 | 7000 0041 | ffd2 e991 | 0e00 0049 | 8bf7 49ba | 3017 30a9 
  0x000070489455bea4: 4870 0000 | 41ff d2e9 | d804 0000 | 498b f749 | ba30 1730 | a948 7000 | 0041 ffd2 | e983 0800 
  0x000070489455bec4: 0049 8bf7 | 49ba 3017 | 30a9 4870 | 0000 41ff | d2e9 2505 | 0000 498b | f749 ba30 | 1730 a948 
  0x000070489455bee4: 7000 0041 | ffd2 e976 | 0500 0049 | 8bf7 49ba | 3017 30a9 | 4870 0000 | 41ff d2e9 | 4c05 0000 
  0x000070489455bf04: 498b e949 | 8bda 498b | f749 ba30 | 1730 a948 | 7000 0041 | ffd2 4c8b | d34c 8bcd | e95a 0300 
  0x000070489455bf24: 0049 8bf7 | 49ba 3017 | 30a9 4870 | 0000 41ff | d2e9 a211 | 0000 498b | f749 ba30 | 1730 a948 
  0x000070489455bf44: 7000 0041 | ffd2 e9c5 | 0800 0049 | 8bf7 49ba | 3017 30a9 | 4870 0000 | 41ff d2e9 | 5e08 0000 
  0x000070489455bf64: ;   {oop(a 'java/lang/Class'{0x000000064cc00420} = 'org/bytedeco/javacpp/Pointer$DeallocatorReference')}
  0x000070489455bf64: 48bf 2004 | c04c 0600 | 0000 488d | b424 a000 | 0000 498b | d749 ba40 | d091 a948 | 7000 0041 
  0x000070489455bf84: ffd2 e9cc 

  0x000070489455bf88: ;   {oop(a 'java/lang/Class'{0x000000064cc00420} = 'org/bytedeco/javacpp/Pointer$DeallocatorReference')}
  0x000070489455bf88: 0500 0048 | bf20 04c0 | 4c06 0000 | 0048 8db4 | 24a0 0000 | 0049 8bd7 | 49ba 40d0 | 91a9 4870 
  0x000070489455bfa8: 0000 41ff | d2e9 6c09 | 0000 498b | f749 ba30 | 1730 a948 | 7000 0041 | ffd2 e961 | 0b00 0049 
  0x000070489455bfc8: 8bf7 49ba | 3017 30a9 | 4870 0000 | 41ff d2e9 | c20b 0000 | 498b f749 | ba30 1730 | a948 7000 
  0x000070489455bfe8: 0041 ffd2 | e913 0c00 | 0049 8bf7 | 49ba 3017 | 30a9 4870 | 0000 41ff | d2e9 e90b 

  0x000070489455c004: ;   {oop(a 'java/lang/Class'{0x000000064cc00420} = 'org/bytedeco/javacpp/Pointer$DeallocatorReference')}
  0x000070489455c004: 0000 48bf | 2004 c04c | 0600 0000 | 488d b424 | a000 0000 | 498b d749 | ba40 d091 | a948 7000 
  0x000070489455c024: 0041 ffd2 | e9c9 0c00 | 0048 8bf0 | e9ce 0c00 | 0048 8bd0 | eb08 488b | d0eb 0348 | 8bd0 488b 
  0x000070489455c044: 6c24 1048 | ff74 2418 | 488f 4424 | 1048 ff74 | 2420 488f | 4424 1848 | ff74 2430 | 488f 4424 
  0x000070489455c064: 2048 8b74 | 2458 48ff | 7424 3848 | 8f44 2430 

  0x000070489455c074: ;   {optimized virtual_call}
  0x000070489455c074: 6666 90e8 

  0x000070489455c078: ; ImmutableOopMap {rbp=Oop [32]=Oop [48]=Oop [64]=Oop [72]=Oop [88]=Oop }
                      ;*invokevirtual addSuppressed {reexecute=0 rethrow=0 return_oop=0}
                      ; - com.saigou.draw.Draw::drawText@67 (line 52)
                      ; - com.saigou.thread.PushStreamThread::run@342 (line 113)
  0x000070489455c078: 0440 75ff | e9d6 0400 | 0048 8bd0 | eb08 488b | d0eb 0348 | 8bd0 488b | 7424 5848 | 8b6c 2410 
  0x000070489455c098: ;   {optimized virtual_call}
  0x000070489455c098: 6666 90e8 

  0x000070489455c09c: ; ImmutableOopMap {rbp=Oop [16]=Oop [44]=NarrowOop [48]=Oop [56]=Oop [64]=Oop [72]=Oop [80]=Oop [88]=Oop [96]=Oop }
                      ;*invokevirtual addSuppressed {reexecute=0 rethrow=0 return_oop=0}
                      ; - com.saigou.draw.Draw::drawRectangle@99 (line 23)
                      ; - com.saigou.thread.PushStreamThread::run@327 (line 112)
  0x000070489455c09c: e03f 75ff | e979 0800 | 00e9 560c | 0000 4889 | 4424 78e9 | b308 0000 | e942 0c00 | 0048 8bd0 
  0x000070489455c0bc: eb08 488b | d0eb 0348 | 8bd0 488b | 6c24 1048 | ff74 2418 | 488f 4424 | 1048 ff74 | 2420 488f 
  0x000070489455c0dc: 4424 1848 | ff74 2430 | 488f 4424 | 2048 8b74 | 2478 48ff | 7424 3848 | 8f44 2430 | 48ff 7424 
  0x000070489455c0fc: 5048 8f44 

  0x000070489455c100: ;   {optimized virtual_call}
  0x000070489455c100: 2438 90e8 

  0x000070489455c104: ; ImmutableOopMap {rbp=Oop [32]=Oop [48]=Oop [56]=Oop [64]=Oop [72]=Oop [120]=Oop }
                      ;*invokevirtual addSuppressed {reexecute=0 rethrow=0 return_oop=0}
                      ; - com.saigou.draw.Draw::drawRectangle@127 (line 23)
                      ; - com.saigou.thread.PushStreamThread::run@327 (line 112)
  0x000070489455c104: 783f 75ff | e9e9 0b00 | 0048 8bf0 | e9ee 0b00 | 0048 8bf0 | e9e6 0b00 | 0048 8bf0 | e9de 0b00 
  0x000070489455c124: 0048 8bf0 | e9d6 0b00 | 0048 8bf0 | e9ce 0b00 | 0048 8bf0 | e9c6 0b00 | 0048 8bf0 | e9be 0b00 
  0x000070489455c144: 0048 8bf0 | e9b6 0b00 | 0048 8bf0 | e9ae 0b00 | 0048 8bf0 | e9a6 0b00 | 0048 8bf0 | e99e 0b00 
  0x000070489455c164: 0048 8bf0 | e996 0b00 | 0048 8bf0 | e98e 0b00 | 0048 8bf0 | e986 0b00 | 0048 8bf0 | e97e 0b00 
  0x000070489455c184: 0048 8bf0 | e976 0b00 | 0048 8bf0 | e96e 0b00 | 0048 8bf0 | e966 0b00 | 00e9 5e0b | 0000 e959 
  0x000070489455c1a4: 0b00 00e9 | 4f0b 0000 | e94a 0b00 | 00e9 4a0b | 0000 e940 | 0b00 0048 | 8bf0 e940 | 0b00 0048 
  0x000070489455c1c4: 8944 2458 | 4c8b 5424 | 5041 8b6a | 0c85 ed0f | 847e 0300 | 0045 8b5c 

  0x000070489455c1dc: ;   {metadata('org/bytedeco/javacpp/Pointer$NativeDeallocator')}
  0x000070489455c1dc: ec08 4181 | fb60 9600 | 010f 85e9 | 1700 004d | 8d1c ec4d | 8bcb 418b | 692c 85ed | 0f84 0616 
  0x000070489455c1fc: 0000 458b | 4130 4585 | c00f 84cd | 1400 0044 | 8b9c 2490 | 0000 00f0 | 470f c15c | c40c 41ff 
  0x000070489455c21c: cb45 85db | 0f8f fa15 

  0x000070489455c224: ;   {oop(a 'java/lang/Class'{0x000000064cc004a8} = 'org/bytedeco/javacpp/tools/Logger')}
  0x000070489455c224: 0000 49bb | a804 c04c | 0600 0000 | 410f b66b | 7085 ed0f | 8533 1600 | 0049 8b51 | 3848 85d2 
  0x000070489455c244: 742e 498b | 4940 4885 | c90f 84e9 | 1600 004c | 894c 2450 | 498b ea49 

  0x000070489455c25c: ;   {optimized virtual_call}
  0x000070489455c25c: 8bf1 90e8 

  0x000070489455c260: ; ImmutableOopMap {rbp=Oop [16]=Oop [44]=NarrowOop [48]=Oop [56]=Oop [64]=Oop [72]=Oop [80]=Oop [88]=Oop }
                      ;*invokespecial deallocate {reexecute=0 rethrow=0 return_oop=0}
                      ; - org.bytedeco.javacpp.Pointer$NativeDeallocator::deallocate@27 (line 232)
                      ; - org.bytedeco.javacpp.Pointer$DeallocatorReference::release@52 (line 365)
                      ; - org.bytedeco.javacpp.Pointer::releaseReference@13 (line 818)
                      ; - org.bytedeco.javacpp.Pointer::close@1 (line 767)
                      ; - com.saigou.draw.Draw::drawText@55 (line 52)
                      ; - com.saigou.thread.PushStreamThread::run@342 (line 113)
  0x000070489455c260: 1c3e 75ff | 4c8b 4c24 | 504d 8961 | 404d 8961 | 384c 8bd5 | 4180 7f38 | 000f 8565 | 0e00 0049 
  0x000070489455c280: 8be9 4d89 | 6210 4589 | 620c 498b 

  0x000070489455c28c: ;   {optimized virtual_call}
  0x000070489455c28c: f166 90e8 

  0x000070489455c290: ; ImmutableOopMap {rbp=Oop [16]=Oop [44]=NarrowOop [48]=Oop [56]=Oop [64]=Oop [72]=Oop [88]=Oop }
                      ;*invokevirtual clear0 {reexecute=0 rethrow=0 return_oop=0}
                      ; - java.lang.ref.Reference::clear@1 (line 389)
                      ; - org.bytedeco.javacpp.Pointer$DeallocatorReference::clear@1 (line 339)
                      ; - org.bytedeco.javacpp.Pointer::releaseReference@30 (line 821)
                      ; - org.bytedeco.javacpp.Pointer::close@1 (line 767)
                      ; - com.saigou.draw.Draw::drawText@55 (line 52)
                      ; - com.saigou.thread.PushStreamThread::run@342 (line 113)
  0x000070489455c290: ec3d 75ff | 4c8b ed8b | 6d2c 85ed | 0f84 ea15 

  0x000070489455c2a0: ;   {oop(a 'java/lang/Class'{0x000000064cc004a8} = 'org/bytedeco/javacpp/tools/Logger')}
  0x000070489455c2a0: 0000 49ba | a804 c04c | 0600 0000 | 410f b66a | 7085 ed0f | 85ef 1500 | 0049 8b55 | 3848 85d2 
  0x000070489455c2c0: 7425 498b | 4d40 4885 | c90f 849d | 1600 0049 | 8bed 488b 

  0x000070489455c2d4: ;   {optimized virtual_call}
  0x000070489455c2d4: f566 90e8 

  0x000070489455c2d8: ; ImmutableOopMap {rbp=Oop [16]=Oop [44]=NarrowOop [48]=Oop [56]=Oop [64]=Oop [72]=Oop [88]=Oop }
                      ;*invokespecial deallocate {reexecute=0 rethrow=0 return_oop=0}
                      ; - org.bytedeco.javacpp.Pointer$NativeDeallocator::deallocate@27 (line 232)
                      ; - org.bytedeco.javacpp.Pointer$DeallocatorReference::clear@46 (line 344)
                      ; - org.bytedeco.javacpp.Pointer::releaseReference@30 (line 821)
                      ; - org.bytedeco.javacpp.Pointer::close@1 (line 767)
                      ; - com.saigou.draw.Draw::drawText@55 (line 52)
                      ; - com.saigou.thread.PushStreamThread::run@342 (line 113)
  0x000070489455c2d8: a43d 75ff | 4c8b ed4c | 8965 404c | 8965 3841 | 8b6d 1c4c | 8bd5 49c1 | e203 4d3b | d50f 84c9 
  0x000070489455c2f8: ;   {oop(a 'java/lang/Class'{0x000000064cc00420} = 'org/bytedeco/javacpp/Pointer$DeallocatorReference')}
  0x000070489455c2f8: 1500 0049 | b820 04c0 | 4c06 0000 | 0048 8d9c | 24a0 0000 | 0049 8b00 | 48f7 c002 | 0000 0075 
  0x000070489455c318: 2448 83c8 | 0148 8903 | f049 0fb1 | 180f 843e | 0000 0048 | 2bc4 4881 | e007 f0ff | ff48 8903 
  0x000070489455c338: e92c 0000 | 004c 8bd0 | 4833 c0f0 | 4d0f b17a | 3e48 c703 | 0300 0000 | 0f84 1300 | 0000 4c3b 
  0x000070489455c358: f80f 850a | 0000 0049 | ff82 8600 | 0000 4833 | c00f 85e6 | 1300 0045 | 3b65 1c0f | 851b 0c00 
  0x000070489455c378: 0041 8b6d | 2841 807f | 3800 0f85 | 0d0f 0000 

  0x000070489455c388: ;   {oop(a 'java/lang/Class'{0x000000064cc00420} = 'org/bytedeco/javacpp/Pointer$DeallocatorReference')}
  0x000070489455c388: 49ba 2004 | c04c 0600 | 0000 4189 | 6a70 4c8b | d549 c1e2 

  0x000070489455c39c: ;   {oop(a 'java/lang/Class'{0x000000064cc00420} = 'org/bytedeco/javacpp/Pointer$DeallocatorReference')}
  0x000070489455c39c: 0349 bb20 | 04c0 4c06 | 0000 004d | 33d3 49c1 | ea16 4d85 | d274 1e85 | ed74 1a49 | c1eb 0948 
  0x000070489455c3bc: bf00 209a | 8748 7000 | 0049 03fb | 803f 040f | 854b 0f00 | 00f0 8344 | 24c0 0041 | 8b6d 2885 
  0x000070489455c3dc: ed0f 84fd | 1400 0045 | 8b75 2841 | 8b6d 1c45 | 85f6 0f84 | 2413 0000 | 4180 7f38 | 000f 851c 
  0x000070489455c3fc: 0d00 0043 | 896c f41c | 498b dd48 | c1eb 034f | 8d14 f44c | 8bdd 49c1 | e303 4d33 | da49 c1eb 
  0x000070489455c41c: 164d 85db | 741d 85ed | 7419 49c1 | ea09 4c8b | 8424 8800 | 0000 4d03 | c241 8038 | 040f 85c8 
  0x000070489455c43c: 0d00 00f0 | 8344 24c0 | 0041 807f | 3800 0f85 | 030d 0000 | 4189 5d28 | f083 4424 | c000 4180 
  0x000070489455c45c: 7f38 000f | 8525 0d00 | 0041 895d | 1cf0 8344 

  0x000070489455c46c: ;   {oop(a 'java/lang/Class'{0x000000064cc00420} = 'org/bytedeco/javacpp/Pointer$DeallocatorReference')}
  0x000070489455c46c: 24c0 0049 | ba20 04c0 | 4c06 0000 | 004d 8b52 | 784d 8b5d | 204d 2bd3 

  0x000070489455c484: ;   {oop(a 'java/lang/Class'{0x000000064cc00420} = 'org/bytedeco/javacpp/Pointer$DeallocatorReference')}
  0x000070489455c484: 49bb 2004 | c04c 0600 | 0000 4d89 | 5378 f083 | 4424 c000 

  0x000070489455c498: ;   {oop(a 'java/lang/Class'{0x000000064cc00420} = 'org/bytedeco/javacpp/Pointer$DeallocatorReference')}
  0x000070489455c498: 49ba 2004 | c04c 0600 | 0000 4d8b | 9280 0000 | 0049 ffca | 4d89 9380 | 0000 00f0 | 8344 24c0 
  0x000070489455c4b8: 0048 8d84 | 24a0 0000 | 0048 8138 | 0000 0000 | 0f84 8300 | 0000 4d8b | 1349 f7c2 | 0200 0000 
  0x000070489455c4d8: 746f 4981 | ba86 0000 | 0000 0000 | 0074 0949 | ff8a 8600 | 0000 eb51 | 498b 8296 | 0000 0049 
  0x000070489455c4f8: 0b82 8e00 | 0000 750a | 49c7 423e | 0000 0000 | eb47 4981 | ba9e 0000 | 0000 0000 | 0074 2548 
  0x000070489455c518: 33c0 49c7 | 423e 0000 | 0000 f083 | 0424 0049 | 81ba 9e00 | 0000 0000 | 0000 750d | f04d 0fb1 
  0x000070489455c538: 7a3e 7505 | 83c8 01eb | 10f7 c000 | 0000 00eb | 084c 8b10 | f04d 0fb1 | 130f 850d | faff ff48 
  0x000070489455c558: 8b44 2458 | e99f 0700 | 00e9 9a07 | 0000 e995 | 0700 0048 | 8944 2458 | 4c8b 5424 | 6841 8b6a 
  0x000070489455c578: 0c85 ed0f | 849d 0300 | 0045 8b5c 

  0x000070489455c584: ;   {metadata('org/bytedeco/javacpp/Pointer$NativeDeallocator')}
  0x000070489455c584: ec08 4181 | fb60 9600 | 010f 8555 | 1400 004d | 8d14 ec41 | 8b6a 2c85 | ed0f 84f4 | 1100 0045 
  0x000070489455c5a4: 8b42 3045 | 85c0 0f84 | cc10 0000 | bdff ffff | fff0 430f | c16c c40c | ffcd 85ed | 0f8f e211 
  0x000070489455c5c4: ;   {oop(a 'java/lang/Class'{0x000000064cc004a8} = 'org/bytedeco/javacpp/tools/Logger')}
  0x000070489455c5c4: 0000 49bb | a804 c04c | 0600 0000 | 410f b66b | 7085 ed0f | 85db 1100 | 004d 8bda | 498b 5238 
  0x000070489455c5e4: 4885 d274 | 2c4c 8954 | 2470 498b | 4a40 4885 | c90f 8401 | 1300 0049 | 8bf2 488b 

  0x000070489455c600: ;   {optimized virtual_call}
  0x000070489455c600: 6c24 10e8 

  0x000070489455c604: ; ImmutableOopMap {rbp=Oop [16]=Oop [44]=NarrowOop [48]=Oop [56]=Oop [64]=Oop [72]=Oop [80]=Oop [88]=Oop [96]=Oop [104]=Oop [112]=Oop }
                      ;*invokespecial deallocate {reexecute=0 rethrow=0 return_oop=0}
                      ; - org.bytedeco.javacpp.Pointer$NativeDeallocator::deallocate@27 (line 232)
                      ; - org.bytedeco.javacpp.Pointer$DeallocatorReference::release@52 (line 365)
                      ; - org.bytedeco.javacpp.Pointer::releaseReference@13 (line 818)
                      ; - org.bytedeco.javacpp.Pointer::close@1 (line 767)
                      ; - com.saigou.draw.Draw::drawRectangle@87 (line 23)
                      ; - com.saigou.thread.PushStreamThread::run@327 (line 112)
  0x000070489455c604: 783a 75ff | 4c8b 5c24 | 704d 8963 | 404d 8963 | 3841 807f | 3800 0f85 | d409 0000 | 4c8b 4424 
  0x000070489455c624: 6849 8beb | 4d89 6010 | 4589 600c 

  0x000070489455c630: ;   {optimized virtual_call}
  0x000070489455c630: 498b f3e8 

  0x000070489455c634: ; ImmutableOopMap {rbp=Oop [16]=Oop [44]=NarrowOop [48]=Oop [56]=Oop [64]=Oop [72]=Oop [80]=Oop [88]=Oop [96]=Oop }
                      ;*invokevirtual clear0 {reexecute=0 rethrow=0 return_oop=0}
                      ; - java.lang.ref.Reference::clear@1 (line 389)
                      ; - org.bytedeco.javacpp.Pointer$DeallocatorReference::clear@1 (line 339)
                      ; - org.bytedeco.javacpp.Pointer::releaseReference@30 (line 821)
                      ; - org.bytedeco.javacpp.Pointer::close@1 (line 767)
                      ; - com.saigou.draw.Draw::drawRectangle@87 (line 23)
                      ; - com.saigou.thread.PushStreamThread::run@327 (line 112)
  0x000070489455c634: 483a 75ff | 4c8b d541 | 8b6a 2c85 | ed0f 8481 

  0x000070489455c644: ;   {oop(a 'java/lang/Class'{0x000000064cc004a8} = 'org/bytedeco/javacpp/tools/Logger')}
  0x000070489455c644: 1100 0049 | bba8 04c0 | 4c06 0000 | 0041 0fb6 | 6b70 85ed | 0f85 7a11 | 0000 498b | 5238 4885 
  0x000070489455c664: d274 2e4c | 8954 2468 | 498b 4a40 | 4885 c90f | 84a3 1200 | 0049 8bf2 | 488b 6c24 

  0x000070489455c680: ;   {optimized virtual_call}
  0x000070489455c680: 1066 90e8 

  0x000070489455c684: ; ImmutableOopMap {rbp=Oop [16]=Oop [44]=NarrowOop [48]=Oop [56]=Oop [64]=Oop [72]=Oop [80]=Oop [88]=Oop [96]=Oop [104]=Oop }
                      ;*invokespecial deallocate {reexecute=0 rethrow=0 return_oop=0}
                      ; - org.bytedeco.javacpp.Pointer$NativeDeallocator::deallocate@27 (line 232)
                      ; - org.bytedeco.javacpp.Pointer$DeallocatorReference::clear@46 (line 344)
                      ; - org.bytedeco.javacpp.Pointer::releaseReference@30 (line 821)
                      ; - org.bytedeco.javacpp.Pointer::close@1 (line 767)
                      ; - com.saigou.draw.Draw::drawRectangle@87 (line 23)
                      ; - com.saigou.thread.PushStreamThread::run@327 (line 112)
  0x000070489455c684: f839 75ff | 4c8b 5424 | 684d 8962 | 404d 8962 | 3841 8b6a | 1c4c 8954 | 2468 4c8b | d549 c1e2 
  0x000070489455c6a4: 034c 8b5c | 2468 4d3b | d30f 8435 

  0x000070489455c6b0: ;   {oop(a 'java/lang/Class'{0x000000064cc00420} = 'org/bytedeco/javacpp/Pointer$DeallocatorReference')}
  0x000070489455c6b0: 1100 0049 | b820 04c0 | 4c06 0000 | 0048 8d9c | 24a0 0000 | 0049 8b00 | 48f7 c002 | 0000 0075 
  0x000070489455c6d0: 2448 83c8 | 0148 8903 | f049 0fb1 | 180f 843e | 0000 0048 | 2bc4 4881 | e007 f0ff | ff48 8903 
  0x000070489455c6f0: e92c 0000 | 004c 8bd0 | 4833 c0f0 | 4d0f b17a | 3e48 c703 | 0300 0000 | 0f84 1300 | 0000 4c3b 
  0x000070489455c710: f80f 850a | 0000 0049 | ff82 8600 | 0000 4833 | c00f 850d | 1000 004c | 8b54 2468 | 453b 621c 
  0x000070489455c730: 0f85 fa07 | 0000 418b | 6a28 4180 | 7f38 000f | 850c 0b00 | 0049 8bda 

  0x000070489455c748: ;   {oop(a 'java/lang/Class'{0x000000064cc00420} = 'org/bytedeco/javacpp/Pointer$DeallocatorReference')}
  0x000070489455c748: 49ba 2004 | c04c 0600 | 0000 4189 | 6a70 4c8b | d549 c1e2 

  0x000070489455c75c: ;   {oop(a 'java/lang/Class'{0x000000064cc00420} = 'org/bytedeco/javacpp/Pointer$DeallocatorReference')}
  0x000070489455c75c: 0349 bb20 | 04c0 4c06 | 0000 004d | 33d3 49c1 | ea16 4d85 | d274 1e85 | ed74 1a49 | c1eb 0948 
  0x000070489455c77c: bf00 209a | 8748 7000 | 0049 03fb | 803f 040f | 8545 0b00 | 00f0 8344 | 24c0 004c | 8bd3 8b6b 
  0x000070489455c79c: 2885 ed0f | 844f 1000 | 004c 8bf3 | 8b5b 2841 | 8b6a 1c85 | db0f 8411 | 0f00 0041 | 807f 3800 
  0x000070489455c7bc: 0f85 7a08 | 0000 4189 | 6cdc 1c4d | 8bee 49c1 | ed03 4d8d | 14dc 4c8b | dd49 c1e3 | 034d 33da 
  0x000070489455c7dc: 49c1 eb16 | 4d85 db74 | 1e85 ed74 | 1a49 c1ea | 0948 bf00 | 209a 8748 | 7000 0049 | 03fa 803f 
  0x000070489455c7fc: 040f 85be | 0900 00f0 | 8344 24c0 | 0041 807f | 3800 0f85 | 6008 0000 | 4d8b d645 | 896a 28f0 
  0x000070489455c81c: 8344 24c0 | 0041 807f | 3800 0f85 | 7f08 0000 | 4589 6a1c | f083 4424 

  0x000070489455c834: ;   {oop(a 'java/lang/Class'{0x000000064cc00420} = 'org/bytedeco/javacpp/Pointer$DeallocatorReference')}
  0x000070489455c834: c000 49bb | 2004 c04c | 0600 0000 | 4d8b 5b78 | 4d8b 5220 

  0x000070489455c848: ;   {oop(a 'java/lang/Class'{0x000000064cc00420} = 'org/bytedeco/javacpp/Pointer$DeallocatorReference')}
  0x000070489455c848: 4d2b da49 | ba20 04c0 | 4c06 0000 | 004d 895a | 78f0 8344 | 24c0 004d | 8b92 8000 | 0000 49ff 
  0x000070489455c868: ;   {oop(a 'java/lang/Class'{0x000000064cc00420} = 'org/bytedeco/javacpp/Pointer$DeallocatorReference')}
  0x000070489455c868: ca49 bb20 | 04c0 4c06 | 0000 004d | 8993 8000 | 0000 f083 | 4424 c000 | 488d 8424 | a000 0000 
  0x000070489455c888: 4881 3800 | 0000 000f | 8483 0000 | 004d 8b13 | 49f7 c202 | 0000 0074 | 6f49 81ba | 8600 0000 
  0x000070489455c8a8: 0000 0000 | 7409 49ff | 8a86 0000 | 00eb 5149 | 8b82 9600 | 0000 490b | 828e 0000 | 0075 0a49 
  0x000070489455c8c8: c742 3e00 | 0000 00eb | 4749 81ba | 9e00 0000 | 0000 0000 | 7425 4833 | c049 c742 | 3e00 0000 
  0x000070489455c8e8: 00f0 8304 | 2400 4981 | ba9e 0000 | 0000 0000 | 0075 0df0 | 4d0f b17a | 3e75 0583 | c801 eb10 
  0x000070489455c908: f7c0 0000 | 0000 eb08 | 4c8b 10f0 | 4d0f b113 | 0f85 6df6 | ffff 48ff | 7424 5848 | 8f44 2478 
  0x000070489455c928: eb3d 4889 | 4424 78eb | 3648 8944 | 2478 eb2f | 4889 4424 | 78eb 28e9 | b703 0000 | e9b2 0300 
  0x000070489455c948: 00e9 ad03 | 0000 488b | f0e9 ad03 | 0000 488b | f0e9 a503 | 0000 eb02 | eb00 4889 | 4424 784c 
  0x000070489455c968: 8b54 2460 | 418b 6a0c | 85ed 0f84 | 7e03 0000 | 4c89 5424 | 5845 8b54 

  0x000070489455c980: ;   {metadata('org/bytedeco/javacpp/Pointer$NativeDeallocator')}
  0x000070489455c980: ec08 4181 | fa60 9600 | 010f 8565 | 1000 004d | 8d14 ec4d | 8bc2 418b | 682c 85ed | 0f84 df0b 
  0x000070489455c9a0: 0000 458b | 5030 4585 | d20f 8431 | 0a00 0044 | 8b9c 2490 | 0000 00f0 | 470f c15c | d40c 41ff 
  0x000070489455c9c0: cb45 85db | 0f8f c60b 

  0x000070489455c9c8: ;   {oop(a 'java/lang/Class'{0x000000064cc004a8} = 'org/bytedeco/javacpp/tools/Logger')}
  0x000070489455c9c8: 0000 49ba | a804 c04c | 0600 0000 | 410f b66a | 7085 ed0f | 8503 0c00 | 0049 8b50 | 3848 85d2 
  0x000070489455c9e8: 7425 498b | 4840 4885 | c90f 843d | 0c00 0049 | 8be8 498b 

  0x000070489455c9fc: ;   {optimized virtual_call}
  0x000070489455c9fc: f066 90e8 

  0x000070489455ca00: ; ImmutableOopMap {rbp=Oop [16]=Oop [44]=NarrowOop [48]=Oop [56]=Oop [64]=Oop [72]=Oop [80]=Oop [88]=Oop [120]=Oop }
                      ;*invokespecial deallocate {reexecute=0 rethrow=0 return_oop=0}
                      ; - org.bytedeco.javacpp.Pointer$NativeDeallocator::deallocate@27 (line 232)
                      ; - org.bytedeco.javacpp.Pointer$DeallocatorReference::release@52 (line 365)
                      ; - org.bytedeco.javacpp.Pointer::releaseReference@13 (line 818)
                      ; - org.bytedeco.javacpp.Pointer::close@1 (line 767)
                      ; - com.saigou.draw.Draw::drawRectangle@115 (line 23)
                      ; - com.saigou.thread.PushStreamThread::run@327 (line 112)
  0x000070489455ca00: 7c36 75ff | 4c8b c54d | 8960 404d | 8960 3841 | 807f 3800 | 0f85 5703 | 0000 4c8b | 4c24 5849 
  0x000070489455ca20: 8be8 4d89 | 6110 4589 | 610c 498b 

  0x000070489455ca2c: ;   {optimized virtual_call}
  0x000070489455ca2c: f066 90e8 

  0x000070489455ca30: ; ImmutableOopMap {rbp=Oop [16]=Oop [44]=NarrowOop [48]=Oop [56]=Oop [64]=Oop [72]=Oop [80]=Oop [120]=Oop }
                      ;*invokevirtual clear0 {reexecute=0 rethrow=0 return_oop=0}
                      ; - java.lang.ref.Reference::clear@1 (line 389)
                      ; - org.bytedeco.javacpp.Pointer$DeallocatorReference::clear@1 (line 339)
                      ; - org.bytedeco.javacpp.Pointer::releaseReference@30 (line 821)
                      ; - org.bytedeco.javacpp.Pointer::close@1 (line 767)
                      ; - com.saigou.draw.Draw::drawRectangle@115 (line 23)
                      ; - com.saigou.thread.PushStreamThread::run@327 (line 112)
  0x000070489455ca30: 4c36 75ff | 4c8b ed8b | 6d2c 85ed | 0f84 b20b 

  0x000070489455ca40: ;   {oop(a 'java/lang/Class'{0x000000064cc004a8} = 'org/bytedeco/javacpp/tools/Logger')}
  0x000070489455ca40: 0000 49ba | a804 c04c | 0600 0000 | 410f b66a | 7085 ed0f | 85ab 0b00 | 0049 8b55 | 3848 85d2 
  0x000070489455ca60: 7425 498b | 4d40 4885 | c90f 84e9 | 0b00 0049 | 8bed 488b 

  0x000070489455ca74: ;   {optimized virtual_call}
  0x000070489455ca74: f566 90e8 

  0x000070489455ca78: ; ImmutableOopMap {rbp=Oop [16]=Oop [44]=NarrowOop [48]=Oop [56]=Oop [64]=Oop [72]=Oop [80]=Oop [120]=Oop }
                      ;*invokespecial deallocate {reexecute=0 rethrow=0 return_oop=0}
                      ; - org.bytedeco.javacpp.Pointer$NativeDeallocator::deallocate@27 (line 232)
                      ; - org.bytedeco.javacpp.Pointer$DeallocatorReference::clear@46 (line 344)
                      ; - org.bytedeco.javacpp.Pointer::releaseReference@30 (line 821)
                      ; - org.bytedeco.javacpp.Pointer::close@1 (line 767)
                      ; - com.saigou.draw.Draw::drawRectangle@115 (line 23)
                      ; - com.saigou.thread.PushStreamThread::run@327 (line 112)
  0x000070489455ca78: 0436 75ff | 4c8b ed4c | 8965 404c | 8965 3841 | 8b6d 1c4c | 8bd5 49c1 | e203 4d3b | d50f 8479 
  0x000070489455ca98: ;   {oop(a 'java/lang/Class'{0x000000064cc00420} = 'org/bytedeco/javacpp/Pointer$DeallocatorReference')}
  0x000070489455ca98: 0b00 0049 | b820 04c0 | 4c06 0000 | 0048 8d9c | 24a0 0000 | 0049 8b00 | 48f7 c002 | 0000 0075 
  0x000070489455cab8: 2448 83c8 | 0148 8903 | f049 0fb1 | 180f 843e | 0000 0048 | 2bc4 4881 | e007 f0ff | ff48 8903 
  0x000070489455cad8: e92c 0000 | 004c 8bd0 | 4833 c0f0 | 4d0f b17a | 3e48 c703 | 0300 0000 | 0f84 1300 | 0000 4c3b 
  0x000070489455caf8: f80f 850a | 0000 0049 | ff82 8600 | 0000 4833 | c00f 852d | 0900 0045 | 3b65 1c0f | 85f7 0100 
  0x000070489455cb18: 0041 8b6d | 2841 807f | 3800 0f85 | 8103 0000 

  0x000070489455cb28: ;   {oop(a 'java/lang/Class'{0x000000064cc00420} = 'org/bytedeco/javacpp/Pointer$DeallocatorReference')}
  0x000070489455cb28: 49ba 2004 | c04c 0600 | 0000 4189 | 6a70 4c8b | d549 c1e2 

  0x000070489455cb3c: ;   {oop(a 'java/lang/Class'{0x000000064cc00420} = 'org/bytedeco/javacpp/Pointer$DeallocatorReference')}
  0x000070489455cb3c: 0349 bb20 | 04c0 4c06 | 0000 004d | 33d3 49c1 | ea16 4d85 | d274 1e85 | ed74 1a49 | c1eb 0948 
  0x000070489455cb5c: bf00 209a | 8748 7000 | 0049 03fb | 803f 040f | 8579 0300 | 00f0 8344 | 24c0 0041 | 8b6d 2885 
  0x000070489455cb7c: ed0f 84a1 | 0a00 0041 | 8b5d 2841 | 8b6d 1c85 | db0f 8499 | 0800 0041 | 807f 3800 | 0f85 8902 
  0x000070489455cb9c: 0000 4189 | 6cdc 1c4d | 8bf5 49c1 | ee03 4d8d | 14dc 4c8b | dd49 c1e3 | 034d 33da | 49c1 eb16 
  0x000070489455cbbc: 4d85 db74 | 1d85 ed74 | 1949 c1ea | 094c 8b84 | 2488 0000 | 004d 03c2 | 4180 3804 | 0f85 8102 
  0x000070489455cbdc: 0000 f083 | 4424 c000 | 4180 7f38 | 000f 85ca | 0100 0045 | 8975 28f0 | 8344 24c0 | 0041 807f 
  0x000070489455cbfc: 3800 0f85 | ec01 0000 | 4589 751c | f083 4424 

  0x000070489455cc0c: ;   {oop(a 'java/lang/Class'{0x000000064cc00420} = 'org/bytedeco/javacpp/Pointer$DeallocatorReference')}
  0x000070489455cc0c: c000 49ba | 2004 c04c | 0600 0000 | 4d8b 5278 | 4d8b 5d20 

  0x000070489455cc20: ;   {oop(a 'java/lang/Class'{0x000000064cc00420} = 'org/bytedeco/javacpp/Pointer$DeallocatorReference')}
  0x000070489455cc20: 4d2b d349 | bb20 04c0 | 4c06 0000 | 004d 8953 | 78f0 8344 

  0x000070489455cc34: ;   {oop(a 'java/lang/Class'{0x000000064cc00420} = 'org/bytedeco/javacpp/Pointer$DeallocatorReference')}
  0x000070489455cc34: 24c0 0049 | ba20 04c0 | 4c06 0000 | 004d 8b92 | 8000 0000 | 49ff ca4d | 8993 8000 | 0000 f083 
  0x000070489455cc54: 4424 c000 | 488d 8424 | a000 0000 | 4881 3800 | 0000 000f | 8483 0000 | 004d 8b13 | 49f7 c202 
  0x000070489455cc74: 0000 0074 | 6f49 81ba | 8600 0000 | 0000 0000 | 7409 49ff | 8a86 0000 | 00eb 5149 | 8b82 9600 
  0x000070489455cc94: 0000 490b | 828e 0000 | 0075 0a49 | c742 3e00 | 0000 00eb | 4749 81ba | 9e00 0000 | 0000 0000 
  0x000070489455ccb4: 7425 4833 | c049 c742 | 3e00 0000 | 00f0 8304 | 2400 4981 | ba9e 0000 | 0000 0000 | 0075 0df0 
  0x000070489455ccd4: 4d0f b17a | 3e75 0583 | c801 eb10 | f7c0 0000 | 0000 eb08 | 4c8b 10f0 | 4d0f b113 | 0f85 10f3 
  0x000070489455ccf4: ffff 488b | 4424 7848 | 8bf0 eb03 | 488b f048 | 81c4 b000 

  0x000070489455cd08: ;   {runtime_call _rethrow_Java}
  0x000070489455cd08: 0000 5de9 | f0e4 7fff | 458b 751c | 418b 6d28 | 4585 f60f | 847b 0c00 | 0041 807f | 3800 0f85 
  0x000070489455cd28: 3606 0000 | 4389 6cf4 | 284f 8d14 | f44c 8bdd | 49c1 e303 | 4d33 da49 | c1eb 164d | 85db 741e 
  0x000070489455cd48: 85ed 741a | 49c1 ea09 | 48bf 0020 | 9a87 4870 | 0000 4903 | fa80 3f04 | 0f85 3406 | 0000 f083 
  0x000070489455cd68: 4424 c000 | e906 feff | ff4c 8b4c | 2458 458b | 590c 4585 | db0f 849c | fcff ff4d | 8b57 2049 
  0x000070489455cd88: 8bfb 48c1 | e703 4d85 | d20f 84cf | 0700 0049 | 8be8 498b | d94d 8b5f | 304b 897c | 13f8 4983 
  0x000070489455cda8: c2f8 4d89 | 5720 4c8b | cb4c 8bc5 | e966 fcff | ff45 8b5d | 2845 85db | 0f84 29fe | ffff 4d8b 
  0x000070489455cdc8: 5720 498b | fb48 c1e7 | 034d 85d2 | 0f84 17f2 | ffff 4d8b | 5f30 4b89 | 7c13 f849 | 83c2 f84d 
  0x000070489455cde8: 8957 20e9 | fffd ffff | 458b 551c | 4585 d20f | 8407 feff | ff4d 8b5f | 2049 8bfa | 48c1 e703 
  0x000070489455ce08: 4d85 db0f | 84cb f1ff | ff4d 8b57 | 304b 897c | 1af8 4983 | c3f8 4d89 | 5f20 e9dd | fdff ff45 
  0x000070489455ce28: 8b54 dc1c | 4585 d20f | 8469 fdff | ff4d 8b5f | 2049 8bfa | 48c1 e703 | 4d85 db0f | 847e f1ff 
  0x000070489455ce48: ff4d 8b57 | 304b 897c | 1af8 4983 | c3f8 4d89 | 5f20 e93f | fdff ff4d | 8b57 404d | 8b5f 50f0 
  0x000070489455ce68: 8344 24c0 | 0041 8038 | 000f 8467 | fdff ff45 | 8820 4d85 | d275 1849 | 8bf8 498b | f749 ba60 
  0x000070489455ce88: 1730 a948 | 7000 0041 | ffd2 e947 | fdff ff4f | 8944 13f8 | 4983 c2f8 | 4d89 5740 | e935 fdff 
  0x000070489455cea8: ;   {oop(a 'java/lang/Class'{0x000000064cc00420} = 'org/bytedeco/javacpp/Pointer$DeallocatorReference')}
  0x000070489455cea8: ff49 ba20 | 04c0 4c06 | 0000 0045 | 8b52 7045 | 85d2 0f84 | 68fc ffff | 4d8b 5f20 | 498b fa48 
  0x000070489455cec8: c1e7 034d | 85db 0f84 | def0 ffff | 4d8b 5730 | 4b89 7c1a | f849 83c3 | f84d 895f | 20e9 3efc 
  0x000070489455cee8: ffff 4d8b | 5740 4d8b | 5f50 f083 | 4424 c000 | 803f 000f | 8470 fcff | ff44 8827 | 4d85 d275 
  0x000070489455cf08: 1549 8bf7 | 49ba 6017 | 30a9 4870 | 0000 41ff | d2e9 53fc | ffff 4b89 | 7c13 f849 | 83c2 f84d 
  0x000070489455cf28: 8957 40e9 | 41fc ffff | 498b da45 | 8b72 1c41 | 8b6a 2845 | 85f6 0f84 | 680a 0000 | 4180 7f38 
  0x000070489455cf48: 000f 851b | 0500 0043 | 896c f428 | 4f8d 14f4 | 4c8b dd49 | c1e3 034d | 33da 49c1 | eb16 4d85 
  0x000070489455cf68: db74 1e85 | ed74 1a49 | c1ea 0948 | bf00 209a | 8748 7000 | 0049 03fa | 803f 040f | 8551 0500 
  0x000070489455cf88: 00f0 8344 | 24c0 00e9 | 03f8 ffff | 418b 5d1c | 418b 6d28 | 85db 0f84 | 140a 0000 | 4180 7f38 
  0x000070489455cfa8: 000f 85f3 | 0400 0041 | 896c dc28 | 4d8d 14dc | 4c8b dd49 | c1e3 034d | 33da 49c1 | eb16 4d85 
  0x000070489455cfc8: db74 1e85 | ed74 1a49 | c1ea 0948 | bf00 209a | 8748 7000 | 0049 03fa | 803f 040f | 8537 0500 
  0x000070489455cfe8: 00f0 8344 | 24c0 00e9 | e3f3 ffff | 4c8b 4424 | 6845 8b50 | 0c45 85d2 | 0f84 1ff6 | ffff 498b 
  0x000070489455d008: eb49 8bd8 | 4d8b 5f20 | 498b fa48 | c1e7 034d | 85db 0f84 | 6207 0000 | 4d8b 5730 | 4b89 7c1a 
  0x000070489455d028: f849 83c3 | f84d 895f | 204c 8bc3 | 4c8b dde9 | e9f5 ffff | 458b 54dc | 1c45 85d2 | 0f84 78f7 
  0x000070489455d048: ffff 4d8b | 5f20 498b | fa48 c1e7 | 034d 85db | 0f84 f1ee | ffff 4d8b | 5730 4b89 | 7c1a f849 
  0x000070489455d068: 83c3 f84d | 895f 20e9 | 4ef7 ffff | 458b 5e28 | 4585 db0f | 8493 f7ff | ff4d 8b57 | 2049 8bfb 
  0x000070489455d088: 48c1 e703 | 4d85 d20f | 84a5 eeff | ff4d 8b5f | 304b 897c | 13f8 4983 | c2f8 4d89 | 5720 e969 
  0x000070489455d0a8: f7ff ff49 | 8bda 448b | 531c 4585 | d274 254d | 8b5f 2049 | 8bfa 48c1 | e703 4d85 | db0f 845a 
  0x000070489455d0c8: eeff ff4d | 8b57 304b | 897c 1af8 | 4983 c3f8 | 4d89 5f20 | 4c8b d3e9 | 48f7 ffff | 458b 420c 
  0x000070489455d0e8: 4585 c00f | 848e f1ff | ff4d 8b5f | 2049 8bf8 | 48c1 e703 | 4d85 db0f | 84ff edff | ff4d 8b47 
  0x000070489455d108: 304b 897c | 18f8 4983 | c3f8 4d89 | 5f20 e964 | f1ff ff47 | 8b54 f41c | 4585 d20f | 84d6 f2ff 
  0x000070489455d128: ff4d 8b5f | 2049 8bfa | 48c1 e703 | 4d85 db0f | 8488 edff | ff4d 8b57 | 304b 897c | 1af8 4983 
  0x000070489455d148: c3f8 4d89 | 5f20 e9ac | f2ff ff45 | 8b5d 2845 | 85db 0f84 | f0f2 ffff | 4d8b 5720 | 498b fb48 
  0x000070489455d168: c1e7 034d | 85d2 0f84 | 7bed ffff | 4d8b 5f30 | 4b89 7c13 | f849 83c2 | f84d 8957 | 20e9 c6f2 
  0x000070489455d188: ffff 458b | 551c 4585 | d20f 84ce | f2ff ff4d | 8b5f 2049 | 8bfa 48c1 | e703 4d85 | db0f 842f 
  0x000070489455d1a8: edff ff4d | 8b57 304b | 897c 1af8 | 4983 c3f8 | 4d89 5f20 | e9a4 f2ff | ff4d 8b57 | 404d 8b5f 
  0x000070489455d1c8: 50f0 8344 | 24c0 0080 | 3f00 0f84 | 2bf6 ffff | 4488 274d | 85d2 7515 | 498b f749 | ba60 1730 
  0x000070489455d1e8: a948 7000 | 0041 ffd2 | e90e f6ff | ff4b 897c | 13f8 4983 | c2f8 4d89 | 5740 e9fc | f5ff ff4d 
  0x000070489455d208: 8b57 404d | 8b5f 50f0 | 8344 24c0 | 0041 8038 | 000f 8420 | f2ff ff45 | 8820 4d85 | d275 1849 
  0x000070489455d228: 8bf8 498b | f749 ba60 | 1730 a948 | 7000 0041 | ffd2 e900 | f2ff ff4f | 8944 13f8 | 4983 c2f8 
  0x000070489455d248: 4d89 5740 | e9ee f1ff | ff49 8bda 

  0x000070489455d254: ;   {oop(a 'java/lang/Class'{0x000000064cc00420} = 'org/bytedeco/javacpp/Pointer$DeallocatorReference')}
  0x000070489455d254: 49ba 2004 | c04c 0600 | 0000 458b | 5270 4585 | d20f 84dd | f4ff ff4d | 8b5f 2049 | 8bfa 48c1 
  0x000070489455d274: e703 4d85 | db0f 8431 | ecff ff4d | 8b57 304b | 897c 1af8 | 4983 c3f8 | 4d89 5f20 | e9b3 f4ff 
  0x000070489455d294: ;   {oop(a 'java/lang/Class'{0x000000064cc00420} = 'org/bytedeco/javacpp/Pointer$DeallocatorReference')}
  0x000070489455d294: ff49 ba20 | 04c0 4c06 | 0000 0045 | 8b52 7045 | 85d2 0f84 | dcf0 ffff | 4d8b 5f20 | 498b fa48 
  0x000070489455d2b4: c1e7 034d | 85db 0f84 | dbeb ffff | 4d8b 5730 | 4b89 7c1a | f849 83c3 | f84d 895f | 20e9 b2f0 
  0x000070489455d2d4: ffff 4d8b | 5740 4d8b | 5f50 f083 | 4424 c000 | 803f 000f | 84a4 f4ff | ff44 8827 | 4d85 d275 
  0x000070489455d2f4: 1549 8bf7 | 49ba 6017 | 30a9 4870 | 0000 41ff | d2e9 87f4 | ffff 4b89 | 7c13 f849 | 83c2 f84d 
  0x000070489455d314: 8957 40e9 | 75f4 ffff | 4d8b 5740 | 4d8b 5f50 | f083 4424 | c000 803f | 000f 849e | f0ff ff44 
  0x000070489455d334: 8827 4d85 | d275 1549 | 8bf7 49ba | 6017 30a9 | 4870 0000 | 41ff d2e9 | 81f0 ffff | 4b89 7c13 
  0x000070489455d354: f849 83c2 | f84d 8957 | 40e9 6ff0 | ffff 478b | 54f4 2845 | 85d2 0f84 | bcf9 ffff | 4d8b 5f20 
  0x000070489455d374: 498b fa48 | c1e7 034d | 85db 0f84 | 02eb ffff | 4d8b 5730 | 4b89 7c1a | f849 83c3 | f84d 895f 
  0x000070489455d394: 20e9 92f9 | ffff 4d8b | 5740 4d8b | 5f50 f083 | 4424 c000 | 803f 000f | 84b5 f9ff | ff44 8827 
  0x000070489455d3b4: 4d85 d275 | 1549 8bf7 | 49ba 6017 | 30a9 4870 | 0000 41ff | d2e9 98f9 | ffff 4b89 | 7c13 f849 
  0x000070489455d3d4: 83c2 f84d | 8957 40e9 | 86f9 ffff | bef6 ffff | ff48 8b6c | 2410 48ff | 7424 1848 | 8f44 2410 
  0x000070489455d3f4: 48ff 7424 | 2048 8f44 | 2418 4889 | 4424 f88b | 4424 2c89 | 4424 2048 | 8b44 24f8 | 48ff 7424 
  0x000070489455d414: 3848 8f44 | 2430 48ff | 7424 5048 | 8f44 2438 

  0x000070489455d424: ;   {runtime_call UncommonTrapBlob}
  0x000070489455d424: 6666 90e8 

  0x000070489455d428: ; ImmutableOopMap {rbp=Oop [32]=NarrowOop [48]=Oop [56]=Oop [64]=Oop [72]=Oop [120]=Oop }
                      ;*invokevirtual decrementAndGet {reexecute=0 rethrow=0 return_oop=0}
                      ; - org.bytedeco.javacpp.Pointer$DeallocatorReference::release@11 (line 361)
                      ; - org.bytedeco.javacpp.Pointer::releaseReference@13 (line 818)
                      ; - org.bytedeco.javacpp.Pointer::close@1 (line 767)
                      ; - com.saigou.draw.Draw::drawRectangle@115 (line 23)
                      ; - com.saigou.thread.PushStreamThread::run@327 (line 112)
  0x000070489455d428: d481 75ff | bef6 ffff | ff4c 896c 

  0x000070489455d434: ;   {runtime_call UncommonTrapBlob}
  0x000070489455d434: 2460 90e8 

  0x000070489455d438: ; ImmutableOopMap {rbp=NarrowOop [16]=Oop [44]=NarrowOop [56]=Oop [64]=Oop [72]=Oop [80]=Oop [96]=Oop [120]=Oop }
                      ;*putfield prev {reexecute=1 rethrow=0 return_oop=0}
                      ; - (reexecute) org.bytedeco.javacpp.Pointer$DeallocatorReference::remove@65 (line 330)
                      ; - org.bytedeco.javacpp.Pointer::releaseReference@34 (line 822)
                      ; - org.bytedeco.javacpp.Pointer::close@1 (line 767)
                      ; - com.saigou.draw.Draw::drawRectangle@115 (line 23)
                      ; - com.saigou.thread.PushStreamThread::run@327 (line 112)
  0x000070489455d438: c481 75ff | 4c89 6c24 

  0x000070489455d440: ;   {oop(a 'java/lang/Class'{0x000000064cc00420} = 'org/bytedeco/javacpp/Pointer$DeallocatorReference')}
  0x000070489455d440: 5848 be20 | 04c0 4c06 | 0000 0048 | 8b6c 2430 | 488d 9424 | a000 0000 

  0x000070489455d458: ;   {runtime_call _complete_monitor_locking_Java}
  0x000070489455d458: 6666 90e8 

  0x000070489455d45c: ; ImmutableOopMap {rbp=Oop [16]=Oop [44]=NarrowOop [56]=Oop [64]=Oop [72]=Oop [80]=Oop [88]=Oop [120]=Oop }
                      ;*monitorenter {reexecute=0 rethrow=0 return_oop=0}
                      ; - org.bytedeco.javacpp.Pointer$DeallocatorReference::remove@21 (line 323)
                      ; - org.bytedeco.javacpp.Pointer::releaseReference@34 (line 822)
                      ; - org.bytedeco.javacpp.Pointer::close@1 (line 767)
                      ; - com.saigou.draw.Draw::drawRectangle@115 (line 23)
                      ; - com.saigou.thread.PushStreamThread::run@327 (line 112)
  0x000070489455d45c: a011 80ff | 4c8b 6c24 | 58e9 a5f6 | ffff 478b | 54f4 2845 | 85d2 0f84 | d7fa ffff | 4d8b 5f20 
  0x000070489455d47c: 498b fa48 | c1e7 034d | 85db 0f84 | e5e9 ffff | 4d8b 5730 | 4b89 7c1a | f849 83c3 | f84d 895f 
  0x000070489455d49c: 20e9 adfa | ffff 458b | 54dc 2845 | 85d2 0f84 | fffa ffff | 4d8b 5f20 | 498b fa48 | c1e7 034d 
  0x000070489455d4bc: 85db 0f84 | 98e9 ffff | 4d8b 5730 | 4b89 7c1a | f849 83c3 | f84d 895f | 20e9 d5fa | ffff 4d8b 
  0x000070489455d4dc: 5740 4d8b | 5f50 f083 | 4424 c000 | 803f 000f | 8498 faff | ff44 8827 | 4d85 d275 | 1549 8bf7 
  0x000070489455d4fc: 49ba 6017 | 30a9 4870 | 0000 41ff | d2e9 7bfa | ffff 4b89 | 7c13 f849 | 83c2 f84d | 8957 40e9 
  0x000070489455d51c: 69fa ffff | 4d8b 5740 | 4d8b 5f50 | f083 4424 | c000 803f | 000f 84b2 | faff ff44 | 8827 4d85 
  0x000070489455d53c: d275 1549 | 8bf7 49ba | 6017 30a9 | 4870 0000 | 41ff d2e9 | 95fa ffff | 4b89 7c13 | f849 83c2 
  0x000070489455d55c: f84d 8957 | 40e9 83fa | ffff 498b | e849 8bd9 | 498b f749 | ba30 1730 | a948 7000 | 0041 ffd2 
  0x000070489455d57c: e92d f8ff | ffbe 45ff | ffff 4c89 

  0x000070489455d588: ;   {runtime_call UncommonTrapBlob}
  0x000070489455d588: 4424 70e8 

  0x000070489455d58c: ; ImmutableOopMap {rbp=NarrowOop [16]=Oop [44]=NarrowOop [56]=Oop [64]=Oop [72]=Oop [80]=Oop [88]=Oop [112]=Oop [120]=Oop }
                      ;*ifnull {reexecute=1 rethrow=0 return_oop=0}
                      ; - (reexecute) org.bytedeco.javacpp.Pointer$DeallocatorReference::release@4 (line 361)
                      ; - org.bytedeco.javacpp.Pointer::releaseReference@13 (line 818)
                      ; - org.bytedeco.javacpp.Pointer::close@1 (line 767)
                      ; - com.saigou.draw.Draw::drawRectangle@115 (line 23)
                      ; - com.saigou.thread.PushStreamThread::run@327 (line 112)
  0x000070489455d58c: 7080 75ff | be45 ffff | ff48 8b6c | 2410 48ff | 7424 1848 | 8f44 2410 | 48ff 7424 | 2048 8f44 
  0x000070489455d5ac: 2418 4889 | 4424 f88b | 4424 2c89 | 4424 2048 | 8b44 24f8 | 4489 5c24 | 2448 ff74 | 2438 488f 
  0x000070489455d5cc: 4424 3048 | ff74 2450 | 488f 4424 | 384c 8944 

  0x000070489455d5dc: ;   {runtime_call UncommonTrapBlob}
  0x000070489455d5dc: 2468 90e8 

  0x000070489455d5e0: ; ImmutableOopMap {rbp=Oop [32]=NarrowOop [48]=Oop [56]=Oop [64]=Oop [72]=Oop [88]=Oop [104]=Oop [120]=Oop }
                      ;*ifgt {reexecute=1 rethrow=0 return_oop=0}
                      ; - (reexecute) org.bytedeco.javacpp.Pointer$DeallocatorReference::release@14 (line 361)
                      ; - org.bytedeco.javacpp.Pointer::releaseReference@13 (line 818)
                      ; - org.bytedeco.javacpp.Pointer::close@1 (line 767)
                      ; - com.saigou.draw.Draw::drawRectangle@115 (line 23)
                      ; - com.saigou.thread.PushStreamThread::run@327 (line 112)
  0x000070489455d5e0: 1c80 75ff | be45 ffff | ff4c 8944 

  0x000070489455d5ec: ;   {runtime_call UncommonTrapBlob}
  0x000070489455d5ec: 2470 90e8 

  0x000070489455d5f0: ; ImmutableOopMap {[16]=Oop [44]=NarrowOop [56]=Oop [64]=Oop [72]=Oop [80]=Oop [88]=Oop [112]=Oop [120]=Oop }
                      ;*ifeq {reexecute=1 rethrow=0 return_oop=0}
                      ; - (reexecute) org.bytedeco.javacpp.Pointer$DeallocatorReference::release@23 (line 362)
                      ; - org.bytedeco.javacpp.Pointer::releaseReference@13 (line 818)
                      ; - org.bytedeco.javacpp.Pointer::close@1 (line 767)
                      ; - com.saigou.draw.Draw::drawRectangle@115 (line 23)
                      ; - com.saigou.thread.PushStreamThread::run@327 (line 112)
  0x000070489455d5f0: 0c80 75ff | be45 ffff | ff4c 896c 

  0x000070489455d5fc: ;   {runtime_call UncommonTrapBlob}
  0x000070489455d5fc: 2468 90e8 

  0x000070489455d600: ; ImmutableOopMap {rbp=NarrowOop [16]=Oop [44]=NarrowOop [56]=Oop [64]=Oop [72]=Oop [80]=Oop [104]=Oop [120]=Oop }
                      ;*ifnull {reexecute=1 rethrow=0 return_oop=0}
                      ; - (reexecute) org.bytedeco.javacpp.Pointer$DeallocatorReference::clear@8 (line 340)
                      ; - org.bytedeco.javacpp.Pointer::releaseReference@30 (line 821)
                      ; - org.bytedeco.javacpp.Pointer::close@1 (line 767)
                      ; - com.saigou.draw.Draw::drawRectangle@115 (line 23)
                      ; - com.saigou.thread.PushStreamThread::run@327 (line 112)
  0x000070489455d600: fc7f 75ff | be45 ffff | ff4c 896c 

  0x000070489455d60c: ;   {runtime_call UncommonTrapBlob}
  0x000070489455d60c: 2468 90e8 

  0x000070489455d610: ; ImmutableOopMap {[16]=Oop [44]=NarrowOop [56]=Oop [64]=Oop [72]=Oop [80]=Oop [104]=Oop [120]=Oop }
                      ;*ifeq {reexecute=1 rethrow=0 return_oop=0}
                      ; - (reexecute) org.bytedeco.javacpp.Pointer$DeallocatorReference::clear@17 (line 341)
                      ; - org.bytedeco.javacpp.Pointer::releaseReference@30 (line 821)
                      ; - org.bytedeco.javacpp.Pointer::close@1 (line 767)
                      ; - com.saigou.draw.Draw::drawRectangle@115 (line 23)
                      ; - com.saigou.thread.PushStreamThread::run@327 (line 112)
  0x000070489455d610: ec7f 75ff | be45 ffff | ff4c 896c 

  0x000070489455d61c: ;   {runtime_call UncommonTrapBlob}
  0x000070489455d61c: 2468 90e8 

  0x000070489455d620: ; ImmutableOopMap {rbp=NarrowOop [16]=Oop [44]=NarrowOop [56]=Oop [64]=Oop [72]=Oop [80]=Oop [104]=Oop [120]=Oop }
                      ;*if_acmpne {reexecute=1 rethrow=0 return_oop=0}
                      ; - (reexecute) org.bytedeco.javacpp.Pointer$DeallocatorReference::remove@5 (line 320)
                      ; - org.bytedeco.javacpp.Pointer::releaseReference@34 (line 822)
                      ; - org.bytedeco.javacpp.Pointer::close@1 (line 767)
                      ; - com.saigou.draw.Draw::drawRectangle@115 (line 23)
                      ; - com.saigou.thread.PushStreamThread::run@327 (line 112)
  0x000070489455d620: dc7f 75ff | be45 ffff | ff4c 896c 

  0x000070489455d62c: ;   {runtime_call UncommonTrapBlob}
  0x000070489455d62c: 2460 90e8 

  0x000070489455d630: ; ImmutableOopMap {rbp=NarrowOop [16]=Oop [44]=NarrowOop [56]=Oop [64]=Oop [72]=Oop [80]=Oop [96]=Oop [120]=Oop }
                      ;*ifnull {reexecute=1 rethrow=0 return_oop=0}
                      ; - (reexecute) org.bytedeco.javacpp.Pointer$DeallocatorReference::remove@54 (line 329)
                      ; - org.bytedeco.javacpp.Pointer::releaseReference@34 (line 822)
                      ; - org.bytedeco.javacpp.Pointer::close@1 (line 767)
                      ; - com.saigou.draw.Draw::drawRectangle@115 (line 23)
                      ; - com.saigou.thread.PushStreamThread::run@327 (line 112)
  0x000070489455d630: cc7f 75ff | 4533 d249 | 3bca bdff | ffff ff7c | 0840 0f95 | c540 0fb6 | edbe 45ff | ffff 4c89 
  0x000070489455d650: ;   {runtime_call UncommonTrapBlob}
  0x000070489455d650: 4424 70e8 

  0x000070489455d654: ; ImmutableOopMap {[16]=Oop [44]=NarrowOop [56]=Oop [64]=Oop [72]=Oop [80]=Oop [88]=Oop [112]=Oop [120]=Oop }
                      ;*ifeq {reexecute=1 rethrow=0 return_oop=0}
                      ; - (reexecute) org.bytedeco.javacpp.Pointer$NativeDeallocator::deallocate@15 (line 231)
                      ; - org.bytedeco.javacpp.Pointer$DeallocatorReference::release@52 (line 365)
                      ; - org.bytedeco.javacpp.Pointer::releaseReference@13 (line 818)
                      ; - org.bytedeco.javacpp.Pointer::close@1 (line 767)
                      ; - com.saigou.draw.Draw::drawRectangle@115 (line 23)
                      ; - com.saigou.thread.PushStreamThread::run@327 (line 112)
  0x000070489455d654: a87f 75ff | 4533 d249 | 3bca bdff | ffff ff7c | 0840 0f95 | c540 0fb6 | edbe 45ff | ffff 4c89 
  0x000070489455d674: ;   {runtime_call UncommonTrapBlob}
  0x000070489455d674: 6c24 68e8 

  0x000070489455d678: ; ImmutableOopMap {[16]=Oop [44]=NarrowOop [56]=Oop [64]=Oop [72]=Oop [80]=Oop [104]=Oop [120]=Oop }
                      ;*ifeq {reexecute=1 rethrow=0 return_oop=0}
                      ; - (reexecute) org.bytedeco.javacpp.Pointer$NativeDeallocator::deallocate@15 (line 231)
                      ; - org.bytedeco.javacpp.Pointer$DeallocatorReference::clear@46 (line 344)
                      ; - org.bytedeco.javacpp.Pointer::releaseReference@30 (line 821)
                      ; - org.bytedeco.javacpp.Pointer::close@1 (line 767)
                      ; - com.saigou.draw.Draw::drawRectangle@115 (line 23)
                      ; - com.saigou.thread.PushStreamThread::run@327 (line 112)
  0x000070489455d678: 847f 75ff | bef6 ffff | ff48 8b6c | 2410 48ff | 7424 1848 | 8f44 2410 | 48ff 7424 | 2048 8f44 
  0x000070489455d698: 2418 4889 | 4424 f88b | 4424 2c89 | 4424 2048 | 8b44 24f8 | 48ff 7424 | 3848 8f44 | 2430 48ff 
  0x000070489455d6b8: 7424 5048 | 8f44 2438 

  0x000070489455d6c0: ;   {runtime_call UncommonTrapBlob}
  0x000070489455d6c0: 6666 90e8 

  0x000070489455d6c4: ; ImmutableOopMap {rbp=Oop [32]=NarrowOop [48]=Oop [56]=Oop [64]=Oop [72]=Oop [88]=Oop [96]=Oop }
                      ;*invokevirtual decrementAndGet {reexecute=0 rethrow=0 return_oop=0}
                      ; - org.bytedeco.javacpp.Pointer$DeallocatorReference::release@11 (line 361)
                      ; - org.bytedeco.javacpp.Pointer::releaseReference@13 (line 818)
                      ; - org.bytedeco.javacpp.Pointer::close@1 (line 767)
                      ; - com.saigou.draw.Draw::drawRectangle@87 (line 23)
                      ; - com.saigou.thread.PushStreamThread::run@327 (line 112)
  0x000070489455d6c4: 387f 75ff | bef6 ffff | ff4c 8954 

  0x000070489455d6d0: ;   {runtime_call UncommonTrapBlob}
  0x000070489455d6d0: 2468 90e8 

  0x000070489455d6d4: ; ImmutableOopMap {rbp=NarrowOop [16]=Oop [44]=NarrowOop [56]=Oop [64]=Oop [72]=Oop [80]=Oop [88]=Oop [96]=Oop [104]=Oop }
                      ;*putfield prev {reexecute=1 rethrow=0 return_oop=0}
                      ; - (reexecute) org.bytedeco.javacpp.Pointer$DeallocatorReference::remove@65 (line 330)
                      ; - org.bytedeco.javacpp.Pointer::releaseReference@34 (line 822)
                      ; - org.bytedeco.javacpp.Pointer::close@1 (line 767)
                      ; - com.saigou.draw.Draw::drawRectangle@87 (line 23)
                      ; - com.saigou.thread.PushStreamThread::run@327 (line 112)
  0x000070489455d6d4: 287f 75ff | bef6 ffff | ff48 8b6c | 2410 48ff | 7424 1848 | 8f44 2410 | 48ff 7424 | 2048 8f44 
  0x000070489455d6f4: 2418 4889 | 4424 f88b | 4424 2c89 | 4424 2048 | 8b44 24f8 | 48ff 7424 | 3848 8f44 

  0x000070489455d710: ;   {runtime_call UncommonTrapBlob}
  0x000070489455d710: 2430 90e8 

  0x000070489455d714: ; ImmutableOopMap {rbp=Oop [32]=NarrowOop [48]=Oop [64]=Oop [72]=Oop [88]=Oop }
                      ;*invokevirtual decrementAndGet {reexecute=0 rethrow=0 return_oop=0}
                      ; - org.bytedeco.javacpp.Pointer$DeallocatorReference::release@11 (line 361)
                      ; - org.bytedeco.javacpp.Pointer::releaseReference@13 (line 818)
                      ; - org.bytedeco.javacpp.Pointer::close@1 (line 767)
                      ; - com.saigou.draw.Draw::drawText@55 (line 52)
                      ; - com.saigou.thread.PushStreamThread::run@342 (line 113)
  0x000070489455d714: e87e 75ff | bef6 ffff | ff48 ff74 | 2458 488f | 4424 504c | 896c 2458 

  0x000070489455d72c: ;   {runtime_call UncommonTrapBlob}
  0x000070489455d72c: 6666 90e8 

  0x000070489455d730: ; ImmutableOopMap {rbp=NarrowOop [16]=Oop [44]=NarrowOop [56]=Oop [64]=Oop [72]=Oop [80]=Oop [88]=Oop }
                      ;*putfield prev {reexecute=1 rethrow=0 return_oop=0}
                      ; - (reexecute) org.bytedeco.javacpp.Pointer$DeallocatorReference::remove@65 (line 330)
                      ; - org.bytedeco.javacpp.Pointer::releaseReference@34 (line 822)
                      ; - org.bytedeco.javacpp.Pointer::close@1 (line 767)
                      ; - com.saigou.draw.Draw::drawText@55 (line 52)
                      ; - com.saigou.thread.PushStreamThread::run@342 (line 113)
  0x000070489455d730: cc7e 75ff 

  0x000070489455d734: ;   {oop(a 'java/lang/Class'{0x000000064cc00420} = 'org/bytedeco/javacpp/Pointer$DeallocatorReference')}
  0x000070489455d734: 48be 2004 | c04c 0600 | 0000 488d | 9424 a000 | 0000 488b 

  0x000070489455d748: ;   {runtime_call _complete_monitor_locking_Java}
  0x000070489455d748: 6c24 10e8 

  0x000070489455d74c: ; ImmutableOopMap {rbp=Oop [16]=Oop [44]=NarrowOop [48]=Oop [56]=Oop [64]=Oop [72]=Oop [80]=Oop [88]=Oop [96]=Oop [104]=Oop }
                      ;*monitorenter {reexecute=0 rethrow=0 return_oop=0}
                      ; - org.bytedeco.javacpp.Pointer$DeallocatorReference::remove@21 (line 323)
                      ; - org.bytedeco.javacpp.Pointer::releaseReference@34 (line 822)
                      ; - org.bytedeco.javacpp.Pointer::close@1 (line 767)
                      ; - com.saigou.draw.Draw::drawRectangle@87 (line 23)
                      ; - com.saigou.thread.PushStreamThread::run@327 (line 112)
  0x000070489455d74c: b00e 80ff | e9d2 efff | ff4c 896c 

  0x000070489455d758: ;   {oop(a 'java/lang/Class'{0x000000064cc00420} = 'org/bytedeco/javacpp/Pointer$DeallocatorReference')}
  0x000070489455d758: 2450 48be | 2004 c04c | 0600 0000 | 488b 6c24 | 3048 8d94 | 24a0 0000 

  0x000070489455d770: ;   {runtime_call _complete_monitor_locking_Java}
  0x000070489455d770: 0066 90e8 

  0x000070489455d774: ; ImmutableOopMap {rbp=Oop [16]=Oop [44]=NarrowOop [56]=Oop [64]=Oop [72]=Oop [80]=Oop [88]=Oop }
                      ;*monitorenter {reexecute=0 rethrow=0 return_oop=0}
                      ; - org.bytedeco.javacpp.Pointer$DeallocatorReference::remove@21 (line 323)
                      ; - org.bytedeco.javacpp.Pointer::releaseReference@34 (line 822)
                      ; - org.bytedeco.javacpp.Pointer::close@1 (line 767)
                      ; - com.saigou.draw.Draw::drawText@55 (line 52)
                      ; - com.saigou.thread.PushStreamThread::run@342 (line 113)
  0x000070489455d774: 880e 80ff | 4c8b 6c24 | 50e9 edeb | ffff 498b | f749 ba30 | 1730 a948 | 7000 0041 | ffd2 e99a 
  0x000070489455d794: f8ff ffbe | 45ff ffff | 4c89 5424 

  0x000070489455d7a0: ;   {runtime_call UncommonTrapBlob}
  0x000070489455d7a0: 7866 90e8 

  0x000070489455d7a4: ; ImmutableOopMap {rbp=NarrowOop [16]=Oop [44]=NarrowOop [56]=Oop [64]=Oop [72]=Oop [80]=Oop [88]=Oop [96]=Oop [104]=Oop [120]=Oop }
                      ;*ifnull {reexecute=1 rethrow=0 return_oop=0}
                      ; - (reexecute) org.bytedeco.javacpp.Pointer$DeallocatorReference::release@4 (line 361)
                      ; - org.bytedeco.javacpp.Pointer::releaseReference@13 (line 818)
                      ; - org.bytedeco.javacpp.Pointer::close@1 (line 767)
                      ; - com.saigou.draw.Draw::drawRectangle@87 (line 23)
                      ; - com.saigou.thread.PushStreamThread::run@327 (line 112)
  0x000070489455d7a4: 587e 75ff | be45 ffff | ff4c 8954 

  0x000070489455d7b0: ;   {runtime_call UncommonTrapBlob}
  0x000070489455d7b0: 2478 90e8 

  0x000070489455d7b4: ; ImmutableOopMap {[16]=Oop [44]=NarrowOop [56]=Oop [64]=Oop [72]=Oop [80]=Oop [88]=Oop [96]=Oop [104]=Oop [120]=Oop }
                      ;*ifgt {reexecute=1 rethrow=0 return_oop=0}
                      ; - (reexecute) org.bytedeco.javacpp.Pointer$DeallocatorReference::release@14 (line 361)
                      ; - org.bytedeco.javacpp.Pointer::releaseReference@13 (line 818)
                      ; - org.bytedeco.javacpp.Pointer::close@1 (line 767)
                      ; - com.saigou.draw.Draw::drawRectangle@87 (line 23)
                      ; - com.saigou.thread.PushStreamThread::run@327 (line 112)
  0x000070489455d7b4: 487e 75ff | be45 ffff | ff4c 8954 

  0x000070489455d7c0: ;   {runtime_call UncommonTrapBlob}
  0x000070489455d7c0: 2478 90e8 

  0x000070489455d7c4: ; ImmutableOopMap {[16]=Oop [44]=NarrowOop [56]=Oop [64]=Oop [72]=Oop [80]=Oop [88]=Oop [96]=Oop [104]=Oop [120]=Oop }
                      ;*ifeq {reexecute=1 rethrow=0 return_oop=0}
                      ; - (reexecute) org.bytedeco.javacpp.Pointer$DeallocatorReference::release@23 (line 362)
                      ; - org.bytedeco.javacpp.Pointer::releaseReference@13 (line 818)
                      ; - org.bytedeco.javacpp.Pointer::close@1 (line 767)
                      ; - com.saigou.draw.Draw::drawRectangle@87 (line 23)
                      ; - com.saigou.thread.PushStreamThread::run@327 (line 112)
  0x000070489455d7c4: 387e 75ff | be45 ffff | ff4c 8954 

  0x000070489455d7d0: ;   {runtime_call UncommonTrapBlob}
  0x000070489455d7d0: 2470 90e8 

  0x000070489455d7d4: ; ImmutableOopMap {rbp=NarrowOop [16]=Oop [44]=NarrowOop [56]=Oop [64]=Oop [72]=Oop [80]=Oop [88]=Oop [96]=Oop [112]=Oop }
                      ;*ifnull {reexecute=1 rethrow=0 return_oop=0}
                      ; - (reexecute) org.bytedeco.javacpp.Pointer$DeallocatorReference::clear@8 (line 340)
                      ; - org.bytedeco.javacpp.Pointer::releaseReference@30 (line 821)
                      ; - org.bytedeco.javacpp.Pointer::close@1 (line 767)
                      ; - com.saigou.draw.Draw::drawRectangle@87 (line 23)
                      ; - com.saigou.thread.PushStreamThread::run@327 (line 112)
  0x000070489455d7d4: 287e 75ff | be45 ffff | ff4c 8954 

  0x000070489455d7e0: ;   {runtime_call UncommonTrapBlob}
  0x000070489455d7e0: 2470 90e8 

  0x000070489455d7e4: ; ImmutableOopMap {[16]=Oop [44]=NarrowOop [56]=Oop [64]=Oop [72]=Oop [80]=Oop [88]=Oop [96]=Oop [112]=Oop }
                      ;*ifeq {reexecute=1 rethrow=0 return_oop=0}
                      ; - (reexecute) org.bytedeco.javacpp.Pointer$DeallocatorReference::clear@17 (line 341)
                      ; - org.bytedeco.javacpp.Pointer::releaseReference@30 (line 821)
                      ; - org.bytedeco.javacpp.Pointer::close@1 (line 767)
                      ; - com.saigou.draw.Draw::drawRectangle@87 (line 23)
                      ; - com.saigou.thread.PushStreamThread::run@327 (line 112)
  0x000070489455d7e4: 187e 75ff | be45 ffff 

  0x000070489455d7ec: ;   {runtime_call UncommonTrapBlob}
  0x000070489455d7ec: ff66 90e8 

  0x000070489455d7f0: ; ImmutableOopMap {rbp=NarrowOop [16]=Oop [44]=NarrowOop [56]=Oop [64]=Oop [72]=Oop [80]=Oop [88]=Oop [96]=Oop [104]=Oop }
                      ;*if_acmpne {reexecute=1 rethrow=0 return_oop=0}
                      ; - (reexecute) org.bytedeco.javacpp.Pointer$DeallocatorReference::remove@5 (line 320)
                      ; - org.bytedeco.javacpp.Pointer::releaseReference@34 (line 822)
                      ; - org.bytedeco.javacpp.Pointer::close@1 (line 767)
                      ; - com.saigou.draw.Draw::drawRectangle@87 (line 23)
                      ; - com.saigou.thread.PushStreamThread::run@327 (line 112)
  0x000070489455d7f0: 0c7e 75ff | be45 ffff | ff48 895c 

  0x000070489455d7fc: ;   {runtime_call UncommonTrapBlob}
  0x000070489455d7fc: 2468 90e8 

  0x000070489455d800: ; ImmutableOopMap {rbp=NarrowOop [16]=Oop [44]=NarrowOop [56]=Oop [64]=Oop [72]=Oop [80]=Oop [88]=Oop [96]=Oop [104]=Oop }
                      ;*ifnull {reexecute=1 rethrow=0 return_oop=0}
                      ; - (reexecute) org.bytedeco.javacpp.Pointer$DeallocatorReference::remove@54 (line 329)
                      ; - org.bytedeco.javacpp.Pointer::releaseReference@34 (line 822)
                      ; - org.bytedeco.javacpp.Pointer::close@1 (line 767)
                      ; - com.saigou.draw.Draw::drawRectangle@87 (line 23)
                      ; - com.saigou.thread.PushStreamThread::run@327 (line 112)
  0x000070489455d800: fc7d 75ff | be45 ffff | ff48 8944 | 2450 4c89 | 5424 584c | 894c 2468 

  0x000070489455d818: ;   {runtime_call UncommonTrapBlob}
  0x000070489455d818: 6666 90e8 

  0x000070489455d81c: ; ImmutableOopMap {rbp=NarrowOop [16]=Oop [44]=NarrowOop [56]=Oop [64]=Oop [72]=Oop [80]=Oop [88]=Oop [104]=Oop }
                      ;*ifnull {reexecute=1 rethrow=0 return_oop=0}
                      ; - (reexecute) org.bytedeco.javacpp.Pointer$DeallocatorReference::release@4 (line 361)
                      ; - org.bytedeco.javacpp.Pointer::releaseReference@13 (line 818)
                      ; - org.bytedeco.javacpp.Pointer::close@1 (line 767)
                      ; - com.saigou.draw.Draw::drawText@55 (line 52)
                      ; - com.saigou.thread.PushStreamThread::run@342 (line 113)
  0x000070489455d81c: e07d 75ff | be45 ffff | ff48 8b6c | 2410 48ff | 7424 1848 | 8f44 2410 | 48ff 7424 | 2048 8f44 
  0x000070489455d83c: 2418 4889 | 4424 f88b | 4424 2c89 | 4424 2048 | 8b44 24f8 | 4489 5c24 | 2448 ff74 | 2438 488f 
  0x000070489455d85c: 4424 3048 | 8944 2438 | 4c89 4c24 

  0x000070489455d868: ;   {runtime_call UncommonTrapBlob}
  0x000070489455d868: 6066 90e8 

  0x000070489455d86c: ; ImmutableOopMap {rbp=Oop [32]=NarrowOop [48]=Oop [56]=Oop [64]=Oop [72]=Oop [80]=Oop [96]=Oop }
                      ;*ifgt {reexecute=1 rethrow=0 return_oop=0}
                      ; - (reexecute) org.bytedeco.javacpp.Pointer$DeallocatorReference::release@14 (line 361)
                      ; - org.bytedeco.javacpp.Pointer::releaseReference@13 (line 818)
                      ; - org.bytedeco.javacpp.Pointer::close@1 (line 767)
                      ; - com.saigou.draw.Draw::drawText@55 (line 52)
                      ; - com.saigou.thread.PushStreamThread::run@342 (line 113)
  0x000070489455d86c: 907d 75ff | be45 ffff | ff48 8944 | 2450 4c89 | 5424 584c | 894c 2468 

  0x000070489455d884: ;   {runtime_call UncommonTrapBlob}
  0x000070489455d884: 6666 90e8 

  0x000070489455d888: ; ImmutableOopMap {[16]=Oop [44]=NarrowOop [56]=Oop [64]=Oop [72]=Oop [80]=Oop [88]=Oop [104]=Oop }
                      ;*ifeq {reexecute=1 rethrow=0 return_oop=0}
                      ; - (reexecute) org.bytedeco.javacpp.Pointer$DeallocatorReference::release@23 (line 362)
                      ; - org.bytedeco.javacpp.Pointer::releaseReference@13 (line 818)
                      ; - org.bytedeco.javacpp.Pointer::close@1 (line 767)
                      ; - com.saigou.draw.Draw::drawText@55 (line 52)
                      ; - com.saigou.thread.PushStreamThread::run@342 (line 113)
  0x000070489455d888: 747d 75ff | be45 ffff | ff48 ff74 | 2458 488f | 4424 504c | 896c 2460 

  0x000070489455d8a0: ;   {runtime_call UncommonTrapBlob}
  0x000070489455d8a0: 6666 90e8 

  0x000070489455d8a4: ; ImmutableOopMap {rbp=NarrowOop [16]=Oop [44]=NarrowOop [56]=Oop [64]=Oop [72]=Oop [80]=Oop [96]=Oop }
                      ;*ifnull {reexecute=1 rethrow=0 return_oop=0}
                      ; - (reexecute) org.bytedeco.javacpp.Pointer$DeallocatorReference::clear@8 (line 340)
                      ; - org.bytedeco.javacpp.Pointer::releaseReference@30 (line 821)
                      ; - org.bytedeco.javacpp.Pointer::close@1 (line 767)
                      ; - com.saigou.draw.Draw::drawText@55 (line 52)
                      ; - com.saigou.thread.PushStreamThread::run@342 (line 113)
  0x000070489455d8a4: 587d 75ff | be45 ffff | ff48 ff74 | 2458 488f | 4424 504c | 896c 2460 

  0x000070489455d8bc: ;   {runtime_call UncommonTrapBlob}
  0x000070489455d8bc: 6666 90e8 

  0x000070489455d8c0: ; ImmutableOopMap {[16]=Oop [44]=NarrowOop [56]=Oop [64]=Oop [72]=Oop [80]=Oop [96]=Oop }
                      ;*ifeq {reexecute=1 rethrow=0 return_oop=0}
                      ; - (reexecute) org.bytedeco.javacpp.Pointer$DeallocatorReference::clear@17 (line 341)
                      ; - org.bytedeco.javacpp.Pointer::releaseReference@30 (line 821)
                      ; - org.bytedeco.javacpp.Pointer::close@1 (line 767)
                      ; - com.saigou.draw.Draw::drawText@55 (line 52)
                      ; - com.saigou.thread.PushStreamThread::run@342 (line 113)
  0x000070489455d8c0: 3c7d 75ff | be45 ffff | ff48 ff74 | 2458 488f | 4424 504c | 896c 2460 

  0x000070489455d8d8: ;   {runtime_call UncommonTrapBlob}
  0x000070489455d8d8: 6666 90e8 

  0x000070489455d8dc: ; ImmutableOopMap {rbp=NarrowOop [16]=Oop [44]=NarrowOop [56]=Oop [64]=Oop [72]=Oop [80]=Oop [96]=Oop }
                      ;*if_acmpne {reexecute=1 rethrow=0 return_oop=0}
                      ; - (reexecute) org.bytedeco.javacpp.Pointer$DeallocatorReference::remove@5 (line 320)
                      ; - org.bytedeco.javacpp.Pointer::releaseReference@34 (line 822)
                      ; - org.bytedeco.javacpp.Pointer::close@1 (line 767)
                      ; - com.saigou.draw.Draw::drawText@55 (line 52)
                      ; - com.saigou.thread.PushStreamThread::run@342 (line 113)
  0x000070489455d8dc: 207d 75ff | be45 ffff | ff48 ff74 | 2458 488f | 4424 504c | 896c 2458 

  0x000070489455d8f4: ;   {runtime_call UncommonTrapBlob}
  0x000070489455d8f4: 6666 90e8 

  0x000070489455d8f8: ; ImmutableOopMap {rbp=NarrowOop [16]=Oop [44]=NarrowOop [56]=Oop [64]=Oop [72]=Oop [80]=Oop [88]=Oop }
                      ;*ifnull {reexecute=1 rethrow=0 return_oop=0}
                      ; - (reexecute) org.bytedeco.javacpp.Pointer$DeallocatorReference::remove@54 (line 329)
                      ; - org.bytedeco.javacpp.Pointer::releaseReference@34 (line 822)
                      ; - org.bytedeco.javacpp.Pointer::close@1 (line 767)
                      ; - com.saigou.draw.Draw::drawText@55 (line 52)
                      ; - com.saigou.thread.PushStreamThread::run@342 (line 113)
  0x000070489455d8f8: 047d 75ff | 4533 d249 | 3bca bdff | ffff ff7c | 0840 0f95 | c540 0fb6 | edbe 45ff 

  0x000070489455d914: ;   {runtime_call UncommonTrapBlob}
  0x000070489455d914: ffff 90e8 

  0x000070489455d918: ; ImmutableOopMap {[16]=Oop [44]=NarrowOop [56]=Oop [64]=Oop [72]=Oop [80]=Oop [88]=Oop [96]=Oop [104]=Oop [112]=Oop }
                      ;*ifeq {reexecute=1 rethrow=0 return_oop=0}
                      ; - (reexecute) org.bytedeco.javacpp.Pointer$NativeDeallocator::deallocate@15 (line 231)
                      ; - org.bytedeco.javacpp.Pointer$DeallocatorReference::release@52 (line 365)
                      ; - org.bytedeco.javacpp.Pointer::releaseReference@13 (line 818)
                      ; - org.bytedeco.javacpp.Pointer::close@1 (line 767)
                      ; - com.saigou.draw.Draw::drawRectangle@87 (line 23)
                      ; - com.saigou.thread.PushStreamThread::run@327 (line 112)
  0x000070489455d918: e47c 75ff | 4533 d249 | 3bca bdff | ffff ff7c | 0840 0f95 | c540 0fb6 | edbe 45ff 

  0x000070489455d934: ;   {runtime_call UncommonTrapBlob}
  0x000070489455d934: ffff 90e8 

  0x000070489455d938: ; ImmutableOopMap {[16]=Oop [44]=NarrowOop [56]=Oop [64]=Oop [72]=Oop [80]=Oop [88]=Oop [96]=Oop [104]=Oop }
                      ;*ifeq {reexecute=1 rethrow=0 return_oop=0}
                      ; - (reexecute) org.bytedeco.javacpp.Pointer$NativeDeallocator::deallocate@15 (line 231)
                      ; - org.bytedeco.javacpp.Pointer$DeallocatorReference::clear@46 (line 344)
                      ; - org.bytedeco.javacpp.Pointer::releaseReference@30 (line 821)
                      ; - org.bytedeco.javacpp.Pointer::close@1 (line 767)
                      ; - com.saigou.draw.Draw::drawRectangle@87 (line 23)
                      ; - com.saigou.thread.PushStreamThread::run@327 (line 112)
  0x000070489455d938: c47c 75ff | 4533 db49 | 3bcb bdff | ffff ff7c | 0840 0f95 | c540 0fb6 | edbe 45ff | ffff 4889 
  0x000070489455d958: 4424 504c | 8954 2458 | 4c89 4c24 

  0x000070489455d964: ;   {runtime_call UncommonTrapBlob}
  0x000070489455d964: 6866 90e8 

  0x000070489455d968: ; ImmutableOopMap {[16]=Oop [44]=NarrowOop [56]=Oop [64]=Oop [72]=Oop [80]=Oop [88]=Oop [104]=Oop }
                      ;*ifeq {reexecute=1 rethrow=0 return_oop=0}
                      ; - (reexecute) org.bytedeco.javacpp.Pointer$NativeDeallocator::deallocate@15 (line 231)
                      ; - org.bytedeco.javacpp.Pointer$DeallocatorReference::release@52 (line 365)
                      ; - org.bytedeco.javacpp.Pointer::releaseReference@13 (line 818)
                      ; - org.bytedeco.javacpp.Pointer::close@1 (line 767)
                      ; - com.saigou.draw.Draw::drawText@55 (line 52)
                      ; - com.saigou.thread.PushStreamThread::run@342 (line 113)
  0x000070489455d968: 947c 75ff | 4533 d249 | 3bca bdff | ffff ff7c | 0840 0f95 | c540 0fb6 | edbe 45ff | ffff 48ff 
  0x000070489455d988: 7424 5848 | 8f44 2450 | 4c89 6c24 

  0x000070489455d994: ;   {runtime_call UncommonTrapBlob}
  0x000070489455d994: 6066 90e8 

  0x000070489455d998: ; ImmutableOopMap {[16]=Oop [44]=NarrowOop [56]=Oop [64]=Oop [72]=Oop [80]=Oop [96]=Oop }
                      ;*ifeq {reexecute=1 rethrow=0 return_oop=0}
                      ; - (reexecute) org.bytedeco.javacpp.Pointer$NativeDeallocator::deallocate@15 (line 231)
                      ; - org.bytedeco.javacpp.Pointer$DeallocatorReference::clear@46 (line 344)
                      ; - org.bytedeco.javacpp.Pointer::releaseReference@30 (line 821)
                      ; - org.bytedeco.javacpp.Pointer::close@1 (line 767)
                      ; - com.saigou.draw.Draw::drawText@55 (line 52)
                      ; - com.saigou.thread.PushStreamThread::run@342 (line 113)
  0x000070489455d998: 647c 75ff | bef6 ffff | ff4c 896c 

  0x000070489455d9a4: ;   {runtime_call UncommonTrapBlob}
  0x000070489455d9a4: 2460 90e8 

  0x000070489455d9a8: ; ImmutableOopMap {rbp=NarrowOop [16]=Oop [44]=NarrowOop [56]=Oop [64]=Oop [72]=Oop [80]=Oop [96]=Oop [120]=Oop }
                      ;*putfield next {reexecute=1 rethrow=0 return_oop=0}
                      ; - (reexecute) org.bytedeco.javacpp.Pointer$DeallocatorReference::remove@47 (line 327)
                      ; - org.bytedeco.javacpp.Pointer::releaseReference@34 (line 822)
                      ; - org.bytedeco.javacpp.Pointer::close@1 (line 767)
                      ; - com.saigou.draw.Draw::drawRectangle@115 (line 23)
                      ; - com.saigou.thread.PushStreamThread::run@327 (line 112)
  0x000070489455d9a8: 547c 75ff | bef6 ffff 

  0x000070489455d9b0: ;   {runtime_call UncommonTrapBlob}
  0x000070489455d9b0: ff66 90e8 

  0x000070489455d9b4: ; ImmutableOopMap {rbp=NarrowOop [16]=Oop [44]=NarrowOop [56]=Oop [64]=Oop [72]=Oop [80]=Oop [88]=Oop [96]=Oop [104]=Oop }
                      ;*putfield next {reexecute=1 rethrow=0 return_oop=0}
                      ; - (reexecute) org.bytedeco.javacpp.Pointer$DeallocatorReference::remove@47 (line 327)
                      ; - org.bytedeco.javacpp.Pointer::releaseReference@34 (line 822)
                      ; - org.bytedeco.javacpp.Pointer::close@1 (line 767)
                      ; - com.saigou.draw.Draw::drawRectangle@87 (line 23)
                      ; - com.saigou.thread.PushStreamThread::run@327 (line 112)
  0x000070489455d9b4: 487c 75ff | bef6 ffff | ff48 ff74 | 2458 488f | 4424 504c | 896c 2458 

  0x000070489455d9cc: ;   {runtime_call UncommonTrapBlob}
  0x000070489455d9cc: 6666 90e8 

  0x000070489455d9d0: ; ImmutableOopMap {rbp=NarrowOop [16]=Oop [44]=NarrowOop [56]=Oop [64]=Oop [72]=Oop [80]=Oop [88]=Oop }
                      ;*putfield next {reexecute=1 rethrow=0 return_oop=0}
                      ; - (reexecute) org.bytedeco.javacpp.Pointer$DeallocatorReference::remove@47 (line 327)
                      ; - org.bytedeco.javacpp.Pointer::releaseReference@34 (line 822)
                      ; - org.bytedeco.javacpp.Pointer::close@1 (line 767)
                      ; - com.saigou.draw.Draw::drawText@55 (line 52)
                      ; - com.saigou.thread.PushStreamThread::run@342 (line 113)
  0x000070489455d9d0: 2c7c 75ff | bede ffff | ff48 8944 | 2450 4c89 

  0x000070489455d9e0: ;   {runtime_call UncommonTrapBlob}
  0x000070489455d9e0: 5424 58e8 

  0x000070489455d9e4: ; ImmutableOopMap {rbp=NarrowOop [16]=Oop [44]=NarrowOop [56]=Oop [64]=Oop [72]=Oop [80]=Oop [88]=Oop }
                      ;*checkcast {reexecute=0 rethrow=0 return_oop=0}
                      ; - org.bytedeco.javacpp.Pointer::releaseReference@4 (line 817)
                      ; - org.bytedeco.javacpp.Pointer::close@1 (line 767)
                      ; - com.saigou.draw.Draw::drawText@55 (line 52)
                      ; - com.saigou.thread.PushStreamThread::run@342 (line 113)
  0x000070489455d9e4: 187c 75ff | bede ffff 

  0x000070489455d9ec: ;   {runtime_call UncommonTrapBlob}
  0x000070489455d9ec: ff66 90e8 

  0x000070489455d9f0: ; ImmutableOopMap {rbp=NarrowOop [16]=Oop [44]=NarrowOop [56]=Oop [64]=Oop [72]=Oop [80]=Oop [88]=Oop [96]=Oop [104]=Oop }
                      ;*checkcast {reexecute=0 rethrow=0 return_oop=0}
                      ; - org.bytedeco.javacpp.Pointer::releaseReference@4 (line 817)
                      ; - org.bytedeco.javacpp.Pointer::close@1 (line 767)
                      ; - com.saigou.draw.Draw::drawRectangle@87 (line 23)
                      ; - com.saigou.thread.PushStreamThread::run@327 (line 112)
  0x000070489455d9f0: 0c7c 75ff | bede ffff 

  0x000070489455d9f8: ;   {runtime_call UncommonTrapBlob}
  0x000070489455d9f8: ff66 90e8 

  0x000070489455d9fc: ; ImmutableOopMap {rbp=NarrowOop [16]=Oop [44]=NarrowOop [56]=Oop [64]=Oop [72]=Oop [80]=Oop [88]=Oop [120]=Oop }
                      ;*checkcast {reexecute=0 rethrow=0 return_oop=0}
                      ; - org.bytedeco.javacpp.Pointer::releaseReference@4 (line 817)
                      ; - org.bytedeco.javacpp.Pointer::close@1 (line 767)
                      ; - com.saigou.draw.Draw::drawRectangle@115 (line 23)
                      ; - com.saigou.thread.PushStreamThread::run@327 (line 112)
  0x000070489455d9fc: 007c 75ff 

  0x000070489455da00: ;   {internal_word}
  0x000070489455da00: 49ba d291 | 5594 4870 | 0000 4d89 | 9760 0300 

  0x000070489455da10: ;   {runtime_call SafepointBlob}
  0x000070489455da10: 00e9 ea8c | 75ff f4f4 | f4f4 f4f4 | f4f4 f4f4 
[Stub Code]
  0x000070489455da20: ;   {no_reloc}
  0x000070489455da20: 48bb 30d8 | 771b 4870 

  0x000070489455da28: ;   {runtime_call I2C/C2I adapters}
  0x000070489455da28: 0000 e9ae 

  0x000070489455da2c: ;   {static_stub}
  0x000070489455da2c: 9875 ff48 | bbe0 cc32 | 1c48 7000 

  0x000070489455da38: ;   {runtime_call I2C/C2I adapters}
  0x000070489455da38: 00e9 1f79 

  0x000070489455da3c: ;   {static_stub}
  0x000070489455da3c: 75ff 48bb | 18a4 351c | 4870 0000 

  0x000070489455da48: ;   {runtime_call I2C/C2I adapters}
  0x000070489455da48: e90c 7075 

  0x000070489455da4c: ;   {static_stub}
  0x000070489455da4c: ff48 bb00 | 0000 0000 

  0x000070489455da54: ;   {runtime_call}
  0x000070489455da54: 0000 00e9 | fbff ffff 

  0x000070489455da5c: ;   {static_stub}
  0x000070489455da5c: 48bb 0000 | 0000 0000 

  0x000070489455da64: ;   {runtime_call}
  0x000070489455da64: 0000 e9fb 

  0x000070489455da68: ;   {static_stub}
  0x000070489455da68: ffff ff48 | bb18 a435 | 1c48 7000 

  0x000070489455da74: ;   {runtime_call I2C/C2I adapters}
  0x000070489455da74: 00e9 df6f 

  0x000070489455da78: ;   {static_stub}
  0x000070489455da78: 75ff 48bb | 0000 0000 | 0000 0000 

  0x000070489455da84: ;   {runtime_call}
  0x000070489455da84: e9fb ffff 

  0x000070489455da88: ;   {static_stub}
  0x000070489455da88: ff48 bb10 | 4aa9 1b48 

  0x000070489455da90: ;   {runtime_call I2C/C2I adapters}
  0x000070489455da90: 7000 00e9 | c578 75ff 

  0x000070489455da98: ;   {static_stub}
  0x000070489455da98: 48bb 0000 | 0000 0000 

  0x000070489455daa0: ;   {runtime_call}
  0x000070489455daa0: 0000 e9fb 

  0x000070489455daa4: ;   {static_stub}
  0x000070489455daa4: ffff ff48 | bb00 0000 | 0000 0000 

  0x000070489455dab0: ;   {runtime_call}
  0x000070489455dab0: 00e9 fbff 

  0x000070489455dab4: ;   {static_stub}
  0x000070489455dab4: ffff 48bb | 0000 0000 | 0000 0000 

  0x000070489455dac0: ;   {runtime_call}
  0x000070489455dac0: e9fb ffff 

  0x000070489455dac4: ;   {static_stub}
  0x000070489455dac4: ff48 bb00 | 0000 0000 

  0x000070489455dacc: ;   {runtime_call}
  0x000070489455dacc: 0000 00e9 | fbff ffff 

  0x000070489455dad4: ;   {static_stub}
  0x000070489455dad4: 48bb 0000 | 0000 0000 

  0x000070489455dadc: ;   {runtime_call}
  0x000070489455dadc: 0000 e9fb 

  0x000070489455dae0: ;   {static_stub}
  0x000070489455dae0: ffff ff48 | bb00 0000 | 0000 0000 

  0x000070489455daec: ;   {runtime_call}
  0x000070489455daec: 00e9 fbff 

  0x000070489455daf0: ;   {static_stub}
  0x000070489455daf0: ffff 48bb | 0000 0000 | 0000 0000 

  0x000070489455dafc: ;   {runtime_call}
  0x000070489455dafc: e9fb ffff 

  0x000070489455db00: ;   {static_stub}
  0x000070489455db00: ff48 bb00 | 0000 0000 

  0x000070489455db08: ;   {runtime_call}
  0x000070489455db08: 0000 00e9 | fbff ffff 

  0x000070489455db10: ;   {static_stub}
  0x000070489455db10: 48bb 0000 | 0000 0000 

  0x000070489455db18: ;   {runtime_call}
  0x000070489455db18: 0000 e9fb 

  0x000070489455db1c: ;   {static_stub}
  0x000070489455db1c: ffff ff48 | bb00 0000 | 0000 0000 

  0x000070489455db28: ;   {runtime_call}
  0x000070489455db28: 00e9 fbff 

  0x000070489455db2c: ;   {static_stub}
  0x000070489455db2c: ffff 48bb | 0000 0000 | 0000 0000 

  0x000070489455db38: ;   {runtime_call}
  0x000070489455db38: e9fb ffff 

  0x000070489455db3c: ;   {static_stub}
  0x000070489455db3c: ff48 bb00 | 0000 0000 

  0x000070489455db44: ;   {runtime_call}
  0x000070489455db44: 0000 00e9 | fbff ffff 

  0x000070489455db4c: ;   {static_stub}
  0x000070489455db4c: 48bb 0000 | 0000 0000 

  0x000070489455db54: ;   {runtime_call}
  0x000070489455db54: 0000 e9fb 

  0x000070489455db58: ;   {static_stub}
  0x000070489455db58: ffff ff48 | bb00 0000 | 0000 0000 

  0x000070489455db64: ;   {runtime_call}
  0x000070489455db64: 00e9 fbff 

  0x000070489455db68: ;   {static_stub}
  0x000070489455db68: ffff 48bb | 0000 0000 | 0000 0000 

  0x000070489455db74: ;   {runtime_call}
  0x000070489455db74: e9fb ffff 

  0x000070489455db78: ;   {static_stub}
  0x000070489455db78: ff48 bb00 | 0000 0000 

  0x000070489455db80: ;   {runtime_call}
  0x000070489455db80: 0000 00e9 | fbff ffff 

  0x000070489455db88: ;   {static_stub}
  0x000070489455db88: 48bb 0000 | 0000 0000 

  0x000070489455db90: ;   {runtime_call}
  0x000070489455db90: 0000 e9fb 

  0x000070489455db94: ;   {static_stub}
  0x000070489455db94: ffff ff48 | bb00 0000 | 0000 0000 

  0x000070489455dba0: ;   {runtime_call}
  0x000070489455dba0: 00e9 fbff 

  0x000070489455dba4: ;   {static_stub}
  0x000070489455dba4: ffff 48bb | 0000 0000 | 0000 0000 

  0x000070489455dbb0: ;   {runtime_call}
  0x000070489455dbb0: e9fb ffff 

  0x000070489455dbb4: ;   {static_stub}
  0x000070489455dbb4: ff48 bb00 | 0000 0000 

  0x000070489455dbbc: ;   {runtime_call}
  0x000070489455dbbc: 0000 00e9 | fbff ffff 

  0x000070489455dbc4: ;   {static_stub}
  0x000070489455dbc4: 48bb 0000 | 0000 0000 

  0x000070489455dbcc: ;   {runtime_call}
  0x000070489455dbcc: 0000 e9fb 

  0x000070489455dbd0: ;   {static_stub}
  0x000070489455dbd0: ffff ff48 | bb00 0000 | 0000 0000 

  0x000070489455dbdc: ;   {runtime_call}
  0x000070489455dbdc: 00e9 fbff 

  0x000070489455dbe0: ;   {static_stub}
  0x000070489455dbe0: ffff 48bb | 784b a91b | 4870 0000 

  0x000070489455dbec: ;   {runtime_call I2C/C2I adapters}
  0x000070489455dbec: e96c 7775 

  0x000070489455dbf0: ;   {static_stub}
  0x000070489455dbf0: ff48 bbe0 | cc32 1c48 

  0x000070489455dbf8: ;   {runtime_call I2C/C2I adapters}
  0x000070489455dbf8: 7000 00e9 | 5d77 75ff 

  0x000070489455dc00: ;   {static_stub}
  0x000070489455dc00: 48bb 0000 | 0000 0000 

  0x000070489455dc08: ;   {runtime_call}
  0x000070489455dc08: 0000 e9fb 

  0x000070489455dc0c: ;   {static_stub}
  0x000070489455dc0c: ffff ff48 | bb00 0000 | 0000 0000 

  0x000070489455dc18: ;   {runtime_call}
  0x000070489455dc18: 00e9 fbff 

  0x000070489455dc1c: ;   {static_stub}
  0x000070489455dc1c: ffff 48bb | 0000 0000 | 0000 0000 

  0x000070489455dc28: ;   {runtime_call}
  0x000070489455dc28: e9fb ffff 

  0x000070489455dc2c: ;   {static_stub}
  0x000070489455dc2c: ff48 bb00 | 0000 0000 

  0x000070489455dc34: ;   {runtime_call}
  0x000070489455dc34: 0000 00e9 | fbff ffff 

  0x000070489455dc3c: ;   {static_stub}
  0x000070489455dc3c: 48bb 0000 | 0000 0000 

  0x000070489455dc44: ;   {runtime_call}
  0x000070489455dc44: 0000 e9fb 

  0x000070489455dc48: ;   {static_stub}
  0x000070489455dc48: ffff ff48 | bb00 0000 | 0000 0000 

  0x000070489455dc54: ;   {runtime_call}
  0x000070489455dc54: 00e9 fbff 

  0x000070489455dc58: ;   {static_stub}
  0x000070489455dc58: ffff 48bb | 0000 0000 | 0000 0000 

  0x000070489455dc64: ;   {runtime_call}
  0x000070489455dc64: e9fb ffff 

  0x000070489455dc68: ;   {static_stub}
  0x000070489455dc68: ff48 bb00 | 0000 0000 

  0x000070489455dc70: ;   {runtime_call}
  0x000070489455dc70: 0000 00e9 | fbff ffff 

  0x000070489455dc78: ;   {static_stub}
  0x000070489455dc78: 48bb 0000 | 0000 0000 

  0x000070489455dc80: ;   {runtime_call}
  0x000070489455dc80: 0000 e9fb 

  0x000070489455dc84: ;   {static_stub}
  0x000070489455dc84: ffff ff48 | bb00 0000 | 0000 0000 

  0x000070489455dc90: ;   {runtime_call}
  0x000070489455dc90: 00e9 fbff 

  0x000070489455dc94: ;   {static_stub}
  0x000070489455dc94: ffff 48bb | 0000 0000 | 0000 0000 

  0x000070489455dca0: ;   {runtime_call}
  0x000070489455dca0: e9fb ffff 

  0x000070489455dca4: ;   {static_stub}
  0x000070489455dca4: ff48 bb00 | 0000 0000 

  0x000070489455dcac: ;   {runtime_call}
  0x000070489455dcac: 0000 00e9 | fbff ffff 
[Exception Handler]
  0x000070489455dcb4: ;   {runtime_call ExceptionBlob}
  0x000070489455dcb4: e9c7 2c7f | ffe8 0000 | 0000 4883 

  0x000070489455dcc0: ;   {runtime_call DeoptimizationBlob}
  0x000070489455dcc0: 2c24 05e9 | d87c 75ff 
[/MachCode]


---------------  P R O C E S S  ---------------

Threads class SMR info:
_java_thread_list=0x0000704748165500, length=54, elements={
0x00007048a4034440, 0x00007048a415b030, 0x00007048a415c420, 0x00007048a4161be0,
0x00007048a4162fa0, 0x00007048a41643c0, 0x00007048a4165e00, 0x00007048a4167340,
0x00007048a41687c0, 0x00007048a4171f00, 0x00007048a5004480, 0x00007048a5005200,
0x00007048a5063dc0, 0x0000704800000ff0, 0x00007048a69edef0, 0x00007048a69f1080,
0x00007047480111f0, 0x0000704740009400, 0x0000704748148240, 0x00007048a6cb3880,
0x00007048a6cb3e00, 0x00007048a6cb5bc0, 0x00007048a6cb6140, 0x00007047605b2ab0,
0x00007047600522a0, 0x0000704760053160, 0x00007047600541b0, 0x00007047607029e0,
0x00007047607034c0, 0x0000704760704530, 0x0000704760705690, 0x0000704760079f20,
0x000070476007b050, 0x000070476007c1c0, 0x000070476007d340, 0x00007047600661a0,
0x0000704760067330, 0x00007047600684c0, 0x00007047600bd9f0, 0x00007047e8083ff0,
0x00007047e8084c90, 0x0000704748157870, 0x00007047480e8900, 0x00007047480e98d0,
0x00007047481595c0, 0x000070474815a700, 0x000070474815de00, 0x000070474815ecd0,
0x000070474815f590, 0x00007047481605d0, 0x00007047481617b0, 0x00007047481628e0,
0x0000704748163ab0, 0x00007047481644e0
}

Java Threads: ( => current thread )
  0x00007048a4034440 JavaThread "main" [_thread_blocked, id=51979, stack(0x00007048aacd6000,0x00007048aadd6000)]
  0x00007048a415b030 JavaThread "Reference Handler" daemon [_thread_blocked, id=51986, stack(0x00007048750f2000,0x00007048751f2000)]
  0x00007048a415c420 JavaThread "Finalizer" daemon [_thread_blocked, id=51987, stack(0x0000704874d00000,0x0000704874e00000)]
  0x00007048a4161be0 JavaThread "Signal Dispatcher" daemon [_thread_blocked, id=51988, stack(0x0000704874300000,0x0000704874400000)]
  0x00007048a4162fa0 JavaThread "Service Thread" daemon [_thread_blocked, id=51989, stack(0x0000704874200000,0x0000704874300000)]
  0x00007048a41643c0 JavaThread "Monitor Deflation Thread" daemon [_thread_blocked, id=51990, stack(0x0000704874100000,0x0000704874200000)]
  0x00007048a4165e00 JavaThread "C2 CompilerThread0" daemon [_thread_blocked, id=51991, stack(0x0000704874000000,0x0000704874100000)]
  0x00007048a4167340 JavaThread "C1 CompilerThread0" daemon [_thread_blocked, id=51992, stack(0x000070486bf00000,0x000070486c000000)]
  0x00007048a41687c0 JavaThread "Sweeper thread" daemon [_thread_blocked, id=51993, stack(0x000070486be00000,0x000070486bf00000)]
  0x00007048a4171f00 JavaThread "Common-Cleaner" daemon [_thread_blocked, id=51994, stack(0x000070486bd00000,0x000070486be00000)]
  0x00007048a5004480 JavaThread "Monitor Ctrl-Break" daemon [_thread_in_native, id=52007, stack(0x000070486a7ff000,0x000070486a8ff000)]
  0x00007048a5005200 JavaThread "Notification Thread" daemon [_thread_blocked, id=52008, stack(0x000070486a6ff000,0x000070486a7ff000)]
  0x00007048a5063dc0 JavaThread "JavaCPP Deallocator" daemon [_thread_blocked, id=52010, stack(0x000070486a4fe000,0x000070486a5fe000)]
  0x0000704800000ff0 JavaThread "Attach Listener" daemon [_thread_blocked, id=52059, stack(0x0000704868dfd000,0x0000704868efd000)]
  0x00007048a69edef0 JavaThread "grpc-default-worker-ELG-1-1" daemon [_thread_in_native, id=52060, stack(0x00007048692d2000,0x00007048693d2000)]
  0x00007048a69f1080 JavaThread "grpc-default-executor-0" daemon [_thread_blocked, id=52061, stack(0x0000704868cfd000,0x0000704868dfd000)]
  0x00007047480111f0 JavaThread "grpc-default-executor-1" daemon [_thread_blocked, id=52062, stack(0x0000704868900000,0x0000704868a00000)]
  0x0000704740009400 JavaThread "grpc-default-executor-2" daemon [_thread_blocked, id=52063, stack(0x0000704868500000,0x0000704868600000)]
  0x0000704748148240 JavaThread "grpc-default-worker-ELG-1-2" daemon [_thread_in_native, id=52099, stack(0x0000704868400000,0x0000704868500000)]
  0x00007048a6cb3880 JavaThread "Thread-0" [_thread_in_native, id=52108, stack(0x000070486bb00000,0x000070486bc00000)]
  0x00007048a6cb3e00 JavaThread "Thread-1" [_thread_blocked, id=52109, stack(0x0000704869f00000,0x000070486a000000)]
  0x00007048a6cb5bc0 JavaThread "Thread-2" [_thread_blocked, id=52110, stack(0x0000704869b00000,0x0000704869c00000)]
=>0x00007048a6cb6140 JavaThread "Thread-3" [_thread_in_native, id=52111, stack(0x0000704869a00000,0x0000704869b00000)]
  0x00007047605b2ab0 JavaThread "pool-2-thread-1" [_thread_blocked, id=52112, stack(0x0000704869900000,0x0000704869a00000)]
  0x00007047600522a0 JavaThread "pool-2-thread-2" [_thread_blocked, id=52128, stack(0x00007048693d2000,0x00007048694d2000)]
  0x0000704760053160 JavaThread "pool-2-thread-3" [_thread_blocked, id=52131, stack(0x000070481ad7f000,0x000070481ae7f000)]
  0x00007047600541b0 JavaThread "pool-2-thread-4" [_thread_blocked, id=52133, stack(0x000070481ac7f000,0x000070481ad7f000)]
  0x00007047607029e0 JavaThread "pool-2-thread-5" [_thread_blocked, id=52134, stack(0x0000704818100000,0x0000704818200000)]
  0x00007047607034c0 JavaThread "pool-2-thread-6" [_thread_blocked, id=52135, stack(0x0000704818000000,0x0000704818100000)]
  0x0000704760704530 JavaThread "pool-2-thread-7" [_thread_blocked, id=52140, stack(0x0000704812f00000,0x0000704813000000)]
  0x0000704760705690 JavaThread "pool-2-thread-8" [_thread_blocked, id=52142, stack(0x0000704812500000,0x0000704812600000)]
  0x0000704760079f20 JavaThread "pool-2-thread-9" [_thread_blocked, id=52144, stack(0x0000704811b00000,0x0000704811c00000)]
  0x000070476007b050 JavaThread "pool-2-thread-10" [_thread_blocked, id=52146, stack(0x0000704811100000,0x0000704811200000)]
  0x000070476007c1c0 JavaThread "pool-2-thread-11" [_thread_blocked, id=52148, stack(0x0000704810100000,0x0000704810200000)]
  0x000070476007d340 JavaThread "pool-2-thread-12" [_thread_blocked, id=52150, stack(0x0000704810000000,0x0000704810100000)]
  0x00007047600661a0 JavaThread "pool-2-thread-13" [_thread_blocked, id=52152, stack(0x0000704807f00000,0x0000704808000000)]
  0x0000704760067330 JavaThread "pool-2-thread-14" [_thread_blocked, id=52153, stack(0x0000704807500000,0x0000704807600000)]
  0x00007047600684c0 JavaThread "pool-2-thread-15" [_thread_blocked, id=52155, stack(0x0000704806b00000,0x0000704806c00000)]
  0x00007047600bd9f0 JavaThread "pool-2-thread-16" [_thread_blocked, id=52156, stack(0x0000704806100000,0x0000704806200000)]
  0x00007047e8083ff0 JavaThread "C1 CompilerThread1" daemon [_thread_blocked, id=52207, stack(0x000070486bc00000,0x000070486bd00000)]
  0x00007047e8084c90 JavaThread "C1 CompilerThread2" daemon [_thread_blocked, id=52208, stack(0x000070486a3fe000,0x000070486a4fe000)]
  0x0000704748157870 JavaThread "pool-3-thread-1" [_thread_blocked, id=52209, stack(0x000070486a2fe000,0x000070486a3fe000)]
  0x00007047480e8900 JavaThread "pool-3-thread-2" [_thread_blocked, id=52210, stack(0x0000704805700000,0x0000704805800000)]
  0x00007047480e98d0 JavaThread "pool-3-thread-3" [_thread_blocked, id=52212, stack(0x0000704804300000,0x0000704804400000)]
  0x00007047481595c0 JavaThread "pool-3-thread-4" [_thread_blocked, id=52213, stack(0x0000704804200000,0x0000704804300000)]
  0x000070474815a700 JavaThread "pool-3-thread-5" [_thread_blocked, id=52214, stack(0x0000704804100000,0x0000704804200000)]
  0x000070474815de00 JavaThread "pool-3-thread-6" [_thread_blocked, id=52215, stack(0x0000704804000000,0x0000704804100000)]
  0x000070474815ecd0 JavaThread "pool-3-thread-7" [_thread_blocked, id=52219, stack(0x0000704804d00000,0x0000704804e00000)]
  0x000070474815f590 JavaThread "pool-3-thread-8" [_thread_blocked, id=52220, stack(0x00007047fbf00000,0x00007047fc000000)]
  0x00007047481605d0 JavaThread "pool-3-thread-9" [_thread_blocked, id=52221, stack(0x00007047fb500000,0x00007047fb600000)]
  0x00007047481617b0 JavaThread "pool-3-thread-10" [_thread_blocked, id=52225, stack(0x00007047fab00000,0x00007047fac00000)]
  0x00007047481628e0 JavaThread "pool-3-thread-11" [_thread_blocked, id=52229, stack(0x00007047f8300000,0x00007047f8400000)]
  0x0000704748163ab0 JavaThread "pool-3-thread-12" [_thread_blocked, id=52233, stack(0x00007047f8d00000,0x00007047f8e00000)]
  0x00007047481644e0 JavaThread "pool-3-thread-13" [_thread_blocked, id=52234, stack(0x00007047f8200000,0x00007047f8300000)]

Other Threads:
  0x00007048a4156f70 VMThread "VM Thread" [stack: 0x00007048751f3000,0x00007048752f3000] [id=51985]
  0x00007048a4036c60 WatcherThread [stack: 0x000070486a5ff000,0x000070486a6ff000] [id=52009]
  0x00007048a4061390 GCTaskThread "GC Thread#0" [stack: 0x000070489c0fe000,0x000070489c1fe000] [id=51980]
  0x0000704814006bc0 GCTaskThread "GC Thread#1" [stack: 0x000070486ba00000,0x000070486bb00000] [id=51998]
  0x0000704814007590 GCTaskThread "GC Thread#2" [stack: 0x000070486b8ff000,0x000070486b9ff000] [id=51999]
  0x0000704814007fa0 GCTaskThread "GC Thread#3" [stack: 0x000070486b500000,0x000070486b600000] [id=52000]
  0x00007048140089b0 GCTaskThread "GC Thread#4" [stack: 0x000070486b3ff000,0x000070486b4ff000] [id=52001]
  0x00007048140093e0 GCTaskThread "GC Thread#5" [stack: 0x000070486b2fe000,0x000070486b3fe000] [id=52002]
  0x000070481400a250 GCTaskThread "GC Thread#6" [stack: 0x000070486af00000,0x000070486b000000] [id=52003]
  0x000070481400b0c0 GCTaskThread "GC Thread#7" [stack: 0x000070486adff000,0x000070486aeff000] [id=52004]
  0x000070481400bf30 GCTaskThread "GC Thread#8" [stack: 0x000070486acfe000,0x000070486adfe000] [id=52005]
  0x000070481400cda0 GCTaskThread "GC Thread#9" [stack: 0x000070486a900000,0x000070486aa00000] [id=52006]
  0x0000704814015b10 GCTaskThread "GC Thread#10" [stack: 0x0000704868300000,0x0000704868400000] [id=52102]
  0x0000704814012bc0 GCTaskThread "GC Thread#11" [stack: 0x00007047fa100000,0x00007047fa200000] [id=52226]
  0x0000704814013560 GCTaskThread "GC Thread#12" [stack: 0x00007047f9700000,0x00007047f9800000] [id=52227]
  0x00007048a4070350 ConcurrentGCThread "G1 Main Marker" [stack: 0x000070489bd00000,0x000070489be00000] [id=51981]
  0x00007048a40712c0 ConcurrentGCThread "G1 Conc#0" [stack: 0x000070489bbff000,0x000070489bcff000] [id=51982]
  0x0000704870000eb0 ConcurrentGCThread "G1 Conc#1" [stack: 0x00007048681ff000,0x00007048682ff000] [id=52103]
  0x0000704870001690 ConcurrentGCThread "G1 Conc#2" [stack: 0x00007048680fe000,0x00007048681fe000] [id=52104]
  0x00007048a4129ed0 ConcurrentGCThread "G1 Refine#0" [stack: 0x00007048753f5000,0x00007048754f5000] [id=51983]
  0x00007048a412add0 ConcurrentGCThread "G1 Service" [stack: 0x00007048752f4000,0x00007048753f4000] [id=51984]

Threads with active compile tasks:

VM state: not at safepoint (normal execution)

VM Mutex/Monitor currently owned by a thread: None

Heap address: 0x000000064bc00000, size: 6980 MB, Compressed Oops mode: Zero based, Oop shift amount: 3

CDS archive(s) mapped at: [0x000070481f000000-0x000070481fbc9000-0x000070481fbc9000), size 12357632, SharedBaseAddress: 0x000070481f000000, ArchiveRelocationMode: 1.
Compressed class space mapped at: 0x0000704820000000-0x0000704860000000, reserved size: 1073741824
Narrow klass base: 0x000070481f000000, Narrow klass shift: 0, Narrow klass range: 0x100000000

GC Precious Log:
 CPUs: 16 total, 16 available
 Memory: 27913M
 Large Page Support: Disabled
 NUMA Support: Disabled
 Compressed Oops: Enabled (Zero based)
 Heap Region Size: 4M
 Heap Min Capacity: 8M
 Heap Initial Capacity: 440M
 Heap Max Capacity: 6980M
 Pre-touch: Disabled
 Parallel Workers: 13
 Concurrent Workers: 3
 Concurrent Refinement Workers: 13
 Periodic GC: Disabled

Heap:
 garbage-first heap   total 122880K, used 25582K [0x000000064bc00000, 0x0000000800000000)
  region size 4096K, 2 young (8192K), 1 survivors (4096K)
 Metaspace       used 23567K, committed 23744K, reserved 1114112K
  class space    used 2216K, committed 2304K, reserved 1048576K

Heap Regions: E=young(eden), S=young(survivor), O=old, HS=humongous(starts), HC=humongous(continues), CS=collection set, F=free, OA=open archive, CA=closed archive, TAMS=top-at-mark-start (previous, next)
|   0|0x000000064bc00000, 0x000000064c000000, 0x000000064c000000|100%| O|  |TAMS 0x000000064c000000, 0x000000064bc00000| Untracked 
|   1|0x000000064c000000, 0x000000064c400000, 0x000000064c400000|100%| O|  |TAMS 0x000000064c400000, 0x000000064c000000| Untracked 
|   2|0x000000064c400000, 0x000000064c800000, 0x000000064c800000|100%| O|  |TAMS 0x000000064c800000, 0x000000064c400000| Untracked 
|   3|0x000000064c800000, 0x000000064c800000, 0x000000064cc00000|  0%| F|  |TAMS 0x000000064c800000, 0x000000064c800000| Untracked 
|   4|0x000000064cc00000, 0x000000064d000000, 0x000000064d000000|100%| O|  |TAMS 0x000000064cc00000, 0x000000064cc00000| Untracked 
|   5|0x000000064d000000, 0x000000064d316600, 0x000000064d400000| 77%| O|  |TAMS 0x000000064d000000, 0x000000064d000000| Untracked 
|   6|0x000000064d400000, 0x000000064d400000, 0x000000064d800000|  0%| F|  |TAMS 0x000000064d400000, 0x000000064d400000| Untracked 
|   7|0x000000064d800000, 0x000000064d800000, 0x000000064dc00000|  0%| F|  |TAMS 0x000000064d800000, 0x000000064d800000| Untracked 
|   8|0x000000064dc00000, 0x000000064dc00000, 0x000000064e000000|  0%| F|  |TAMS 0x000000064dc00000, 0x000000064dc00000| Untracked 
|   9|0x000000064e000000, 0x000000064e000000, 0x000000064e400000|  0%| F|  |TAMS 0x000000064e000000, 0x000000064e000000| Untracked 
|  10|0x000000064e400000, 0x000000064e400000, 0x000000064e800000|  0%| F|  |TAMS 0x000000064e400000, 0x000000064e400000| Untracked 
|  11|0x000000064e800000, 0x000000064e800000, 0x000000064ec00000|  0%| F|  |TAMS 0x000000064e800000, 0x000000064e800000| Untracked 
|  12|0x000000064ec00000, 0x000000064ec00000, 0x000000064f000000|  0%| F|  |TAMS 0x000000064ec00000, 0x000000064ec00000| Untracked 
|  13|0x000000064f000000, 0x000000064f000000, 0x000000064f400000|  0%| F|  |TAMS 0x000000064f000000, 0x000000064f000000| Untracked 
|  14|0x000000064f400000, 0x000000064f400000, 0x000000064f800000|  0%| F|  |TAMS 0x000000064f400000, 0x000000064f400000| Untracked 
|  15|0x000000064f800000, 0x000000064f800000, 0x000000064fc00000|  0%| F|  |TAMS 0x000000064f800000, 0x000000064f800000| Untracked 
|  16|0x000000064fc00000, 0x000000064fc00000, 0x0000000650000000|  0%| F|  |TAMS 0x000000064fc00000, 0x000000064fc00000| Untracked 
|  17|0x0000000650000000, 0x0000000650000000, 0x0000000650400000|  0%| F|  |TAMS 0x0000000650000000, 0x0000000650000000| Untracked 
|  18|0x0000000650400000, 0x0000000650400000, 0x0000000650800000|  0%| F|  |TAMS 0x0000000650400000, 0x0000000650400000| Untracked 
|  19|0x0000000650800000, 0x0000000650800000, 0x0000000650c00000|  0%| F|  |TAMS 0x0000000650800000, 0x0000000650800000| Untracked 
|  20|0x0000000650c00000, 0x0000000650c00000, 0x0000000651000000|  0%| F|  |TAMS 0x0000000650c00000, 0x0000000650c00000| Untracked 
|  21|0x0000000651000000, 0x0000000651000000, 0x0000000651400000|  0%| F|  |TAMS 0x0000000651000000, 0x0000000651000000| Untracked 
|  22|0x0000000651400000, 0x0000000651400000, 0x0000000651800000|  0%| F|  |TAMS 0x0000000651400000, 0x0000000651400000| Untracked 
|  23|0x0000000651800000, 0x0000000651800000, 0x0000000651c00000|  0%| F|  |TAMS 0x0000000651800000, 0x0000000651800000| Untracked 
|  24|0x0000000651c00000, 0x0000000651c00000, 0x0000000652000000|  0%| F|  |TAMS 0x0000000651c00000, 0x0000000651c00000| Untracked 
|  60|0x000000065ac00000, 0x000000065ac00000, 0x000000065b000000|  0%| F|  |TAMS 0x000000065ac00000, 0x000000065ac00000| Untracked 
|  61|0x000000065b000000, 0x000000065b1f93e8, 0x000000065b400000| 49%| S|CS|TAMS 0x000000065b000000, 0x000000065b000000| Complete 
| 109|0x0000000667000000, 0x000000066731e808, 0x0000000667400000| 77%| E|  |TAMS 0x0000000667000000, 0x0000000667000000| Complete 
|1743|0x00000007ff800000, 0x00000007ffb75000, 0x00000007ffc00000| 86%|OA|  |TAMS 0x00000007ffb75000, 0x00000007ff800000| Untracked 
|1744|0x00000007ffc00000, 0x00000007ffc77000, 0x0000000800000000| 11%|CA|  |TAMS 0x00000007ffc77000, 0x00000007ffc00000| Untracked 

Card table byte_map: [0x000070488ac00000,0x000070488b9a2000] _byte_map_base: 0x00007048879a2000

Marking Bits (Prev, Next): (CMBitMap*) 0x00007048a4061e60, (CMBitMap*) 0x00007048a4061e20
 Prev Bits: [0x000070487c200000, 0x0000704882f10000)
 Next Bits: [0x0000704883000000, 0x0000704889d10000)

Polling page: 0x00007048aaefd000

Metaspace:

Usage:
  Non-class:     20.85 MB used.
      Class:      2.16 MB used.
       Both:     23.02 MB used.

Virtual space:
  Non-class space:       64.00 MB reserved,      20.94 MB ( 33%) committed,  1 nodes.
      Class space:        1.00 GB reserved,       2.25 MB ( <1%) committed,  1 nodes.
             Both:        1.06 GB reserved,      23.19 MB (  2%) committed. 

Chunk freelists:
   Non-Class:  10.23 MB
       Class:  13.56 MB
        Both:  23.80 MB

MaxMetaspaceSize: unlimited
CompressedClassSpaceSize: 1.00 GB
Initial GC threshold: 21.00 MB
Current GC threshold: 35.25 MB
CDS: on
MetaspaceReclaimPolicy: balanced
 - commit_granule_bytes: 65536.
 - commit_granule_words: 8192.
 - virtual_space_node_default_size: 8388608.
 - enlarge_chunks_in_place: 1.
 - new_chunks_are_fully_committed: 0.
 - uncommit_free_chunks: 1.
 - use_allocation_guard: 0.
 - handle_deallocations: 1.


Internal statistics:

num_allocs_failed_limit: 3.
num_arena_births: 114.
num_arena_deaths: 0.
num_vsnodes_births: 2.
num_vsnodes_deaths: 0.
num_space_committed: 369.
num_space_uncommitted: 0.
num_chunks_returned_to_freelist: 3.
num_chunks_taken_from_freelist: 778.
num_chunk_merges: 3.
num_chunk_splits: 670.
num_chunks_enlarged: 607.
num_inconsistent_stats: 0.

CodeHeap 'non-profiled nmethods': size=119168Kb used=1853Kb max_used=1853Kb free=117314Kb
 bounds [0x00007048943a0000, 0x0000704894610000, 0x000070489b800000]
CodeHeap 'profiled nmethods': size=119164Kb used=5802Kb max_used=5802Kb free=113361Kb
 bounds [0x000070488c800000, 0x000070488cdb0000, 0x0000704893c5f000]
CodeHeap 'non-nmethods': size=7428Kb used=2889Kb max_used=3497Kb free=4539Kb
 bounds [0x0000704893c5f000, 0x0000704893fdf000, 0x00007048943a0000]
 total_blobs=4080 nmethods=2900 adapters=1091
 compilation: enabled
              stopped_count=0, restarted_count=0
 full_count=0

Compilation events (20 events):
Event: 18.178 Thread 0x00007048a4165e00 nmethod 2857 0x0000704894569c10 code [0x0000704894569da0, 0x000070489456a0b8]
Event: 18.178 Thread 0x00007048a4165e00 2858   !   4       java.lang.ref.ReferenceQueue::remove (125 bytes)
Event: 18.180 Thread 0x00007047f04149a0 nmethod 2856 0x000070489456a190 code [0x000070489456a340, 0x000070489456a9c8]
Event: 18.180 Thread 0x00007047f04149a0 2859       4       java.lang.ref.ReferenceQueue::remove (6 bytes)
Event: 18.182 Thread 0x00007048a4165e00 nmethod 2858 0x000070489456ab90 code [0x000070489456ad60, 0x000070489456b650]
Event: 18.185 Thread 0x00007047f04149a0 nmethod 2859 0x000070489456b990 code [0x000070489456bb60, 0x000070489456c270]
Event: 18.235 Thread 0x00007047e8083ff0 2861       3       io.grpc.netty.shaded.io.netty.channel.AbstractChannelHandlerContext::alloc (15 bytes)
Event: 18.235 Thread 0x00007047e8084c90 2862       3       io.grpc.netty.shaded.io.netty.buffer.AbstractByteBufAllocator::directBuffer (8 bytes)
Event: 18.235 Thread 0x00007047e8084c90 nmethod 2862 0x000070488cd96a90 code [0x000070488cd96c60, 0x000070488cd96f90]
Event: 18.235 Thread 0x00007047e8083ff0 nmethod 2861 0x000070488cd97090 code [0x000070488cd97240, 0x000070488cd97600]
Event: 18.235 Thread 0x00007048a4167340 2863       1       io.grpc.netty.shaded.io.netty.handler.codec.http2.Http2ConnectionHandler::decoder (5 bytes)
Event: 18.235 Thread 0x00007048a4167340 nmethod 2863 0x000070489456c890 code [0x000070489456ca20, 0x000070489456caf0]
Event: 18.264 Thread 0x00007047e8083ff0 2864       3       io.perfmark.PerfMark::attachTag (8 bytes)
Event: 18.264 Thread 0x00007047e8084c90 2865       3       io.perfmark.Impl::attachTag (1 bytes)
Event: 18.264 Thread 0x00007047e8084c90 nmethod 2865 0x000070488cd97790 code [0x000070488cd97920, 0x000070488cd97a30]
Event: 18.265 Thread 0x00007047e8083ff0 nmethod 2864 0x000070488cd97b10 code [0x000070488cd97cc0, 0x000070488cd97e10]
Event: 18.265 Thread 0x00007048a4167340 2866       3       io.grpc.netty.shaded.io.netty.channel.DefaultChannelPipeline$TailContext::handler (2 bytes)
Event: 18.265 Thread 0x00007048a4167340 nmethod 2866 0x000070488cd97f10 code [0x000070488cd980a0, 0x000070488cd981b0]
Event: 18.265 Thread 0x00007047e8084c90 2867   !   3       io.grpc.netty.shaded.io.netty.channel.AbstractChannelHandlerContext::invokeFlush0 (64 bytes)
Event: 18.266 Thread 0x00007047e8084c90 nmethod 2867 0x000070488cd98290 code [0x000070488cd98500, 0x000070488cd99100]

GC Heap History (14 events):
Event: 0.190 GC heap before
{Heap before GC invocations=0 (full 0):
 garbage-first heap   total 458752K, used 24496K [0x000000064bc00000, 0x0000000800000000)
  region size 4096K, 5 young (20480K), 0 survivors (0K)
 Metaspace       used 682K, committed 896K, reserved 1114112K
  class space    used 19K, committed 128K, reserved 1048576K
}
Event: 0.192 GC heap after
{Heap after GC invocations=1 (full 0):
 garbage-first heap   total 458752K, used 16736K [0x000000064bc00000, 0x0000000800000000)
  region size 4096K, 1 young (4096K), 1 survivors (4096K)
 Metaspace       used 682K, committed 896K, reserved 1114112K
  class space    used 19K, committed 128K, reserved 1048576K
}
Event: 0.309 GC heap before
{Heap before GC invocations=1 (full 0):
 garbage-first heap   total 458752K, used 33120K [0x000000064bc00000, 0x0000000800000000)
  region size 4096K, 5 young (20480K), 1 survivors (4096K)
 Metaspace       used 2365K, committed 2496K, reserved 1114112K
  class space    used 155K, committed 192K, reserved 1048576K
}
Event: 0.311 GC heap after
{Heap after GC invocations=2 (full 0):
 garbage-first heap   total 458752K, used 17968K [0x000000064bc00000, 0x0000000800000000)
  region size 4096K, 1 young (4096K), 1 survivors (4096K)
 Metaspace       used 2365K, committed 2496K, reserved 1114112K
  class space    used 155K, committed 192K, reserved 1048576K
}
Event: 0.953 GC heap before
{Heap before GC invocations=2 (full 0):
 garbage-first heap   total 458752K, used 58928K [0x000000064bc00000, 0x0000000800000000)
  region size 4096K, 11 young (45056K), 1 survivors (4096K)
 Metaspace       used 6545K, committed 6720K, reserved 1114112K
  class space    used 687K, committed 768K, reserved 1048576K
}
Event: 0.955 GC heap after
{Heap after GC invocations=3 (full 0):
 garbage-first heap   total 458752K, used 19154K [0x000000064bc00000, 0x0000000800000000)
  region size 4096K, 1 young (4096K), 1 survivors (4096K)
 Metaspace       used 6545K, committed 6720K, reserved 1114112K
  class space    used 687K, committed 768K, reserved 1048576K
}
Event: 1.933 GC heap before
{Heap before GC invocations=3 (full 0):
 garbage-first heap   total 458752K, used 289490K [0x000000064bc00000, 0x0000000800000000)
  region size 4096K, 66 young (270336K), 1 survivors (4096K)
 Metaspace       used 20010K, committed 20160K, reserved 1114112K
  class space    used 1855K, committed 1920K, reserved 1048576K
}
Event: 1.935 GC heap after
{Heap after GC invocations=4 (full 0):
 garbage-first heap   total 458752K, used 23455K [0x000000064bc00000, 0x0000000800000000)
  region size 4096K, 2 young (8192K), 2 survivors (8192K)
 Metaspace       used 20010K, committed 20160K, reserved 1114112K
  class space    used 1855K, committed 1920K, reserved 1048576K
}
Event: 2.334 GC heap before
{Heap before GC invocations=4 (full 0):
 garbage-first heap   total 458752K, used 215967K [0x000000064bc00000, 0x0000000800000000)
  region size 4096K, 50 young (204800K), 2 survivors (8192K)
 Metaspace       used 21381K, committed 21504K, reserved 1114112K
  class space    used 2061K, committed 2112K, reserved 1048576K
}
Event: 2.336 GC heap after
{Heap after GC invocations=5 (full 0):
 garbage-first heap   total 458752K, used 24019K [0x000000064bc00000, 0x0000000800000000)
  region size 4096K, 2 young (8192K), 2 survivors (8192K)
 Metaspace       used 21381K, committed 21504K, reserved 1114112K
  class space    used 2061K, committed 2112K, reserved 1048576K
}
Event: 18.155 GC heap before
{Heap before GC invocations=6 (full 0):
 garbage-first heap   total 122880K, used 85459K [0x000000064bc00000, 0x0000000800000000)
  region size 4096K, 18 young (73728K), 2 survivors (8192K)
 Metaspace       used 23533K, committed 23680K, reserved 1114112K
  class space    used 2216K, committed 2304K, reserved 1048576K
}
Event: 18.158 GC heap after
{Heap after GC invocations=7 (full 0):
 garbage-first heap   total 122880K, used 26157K [0x000000064bc00000, 0x0000000800000000)
  region size 4096K, 3 young (12288K), 3 survivors (12288K)
 Metaspace       used 23533K, committed 23680K, reserved 1114112K
  class space    used 2216K, committed 2304K, reserved 1048576K
}
Event: 18.338 GC heap before
{Heap before GC invocations=7 (full 0):
 garbage-first heap   total 122880K, used 30253K [0x000000064bc00000, 0x0000000800000000)
  region size 4096K, 4 young (16384K), 3 survivors (12288K)
 Metaspace       used 23541K, committed 23680K, reserved 1114112K
  class space    used 2216K, committed 2304K, reserved 1048576K
}
Event: 18.340 GC heap after
{Heap after GC invocations=8 (full 0):
 garbage-first heap   total 122880K, used 25582K [0x000000064bc00000, 0x0000000800000000)
  region size 4096K, 1 young (4096K), 1 survivors (4096K)
 Metaspace       used 23541K, committed 23680K, reserved 1114112K
  class space    used 2216K, committed 2304K, reserved 1048576K
}

Dll operation events (20 events):
Event: 0.664 Loaded shared library /home/pan/.javacpp/cache/ffmpeg-6.0-1.5.9-linux-x86_64.jar/org/bytedeco/ffmpeg/linux-x86_64/libswscale.so.7
Event: 0.668 Loaded shared library /home/pan/.javacpp/cache/ffmpeg-6.0-1.5.9-linux-x86_64.jar/org/bytedeco/ffmpeg/linux-x86_64/libjniswscale.so
Event: 0.707 Loaded shared library /home/pan/.javacpp/cache/ffmpeg-6.0-1.5.9-linux-x86_64.jar/org/bytedeco/ffmpeg/linux-x86_64/libavfilter.so.9
Event: 0.711 Loaded shared library /home/pan/.javacpp/cache/ffmpeg-6.0-1.5.9-linux-x86_64.jar/org/bytedeco/ffmpeg/linux-x86_64/libjniavfilter.so
Event: 0.727 Loaded shared library /home/pan/.javacpp/cache/ffmpeg-6.0-1.5.9-linux-x86_64.jar/org/bytedeco/ffmpeg/linux-x86_64/libavdevice.so.60
Event: 0.731 Loaded shared library /home/pan/.javacpp/cache/ffmpeg-6.0-1.5.9-linux-x86_64.jar/org/bytedeco/ffmpeg/linux-x86_64/libjniavdevice.so
Event: 1.014 Loaded shared library /tmp/libio_grpc_netty_shaded_netty_transport_native_epoll_x86_6412225064677598147076.so
Event: 1.246 Loaded shared library /home/pan/.javacpp/cache/openblas-0.3.23-1.5.9-linux-x86_64.jar/org/bytedeco/openblas/linux-x86_64/libgcc_s.so.1
Event: 1.249 Loaded shared library /home/pan/.javacpp/cache/openblas-0.3.23-1.5.9-linux-x86_64.jar/org/bytedeco/openblas/linux-x86_64/libquadmath.so.0
Event: 1.254 Loaded shared library /home/pan/.javacpp/cache/openblas-0.3.23-1.5.9-linux-x86_64.jar/org/bytedeco/openblas/linux-x86_64/libgfortran.so.5
Event: 1.284 Loaded shared library /home/pan/.javacpp/cache/openblas-0.3.23-1.5.9-linux-x86_64.jar/org/bytedeco/openblas/linux-x86_64/libopenblas_nolapack.so.0
Event: 1.327 Loaded shared library /home/pan/.javacpp/cache/openblas-0.3.23-1.5.9-linux-x86_64.jar/org/bytedeco/openblas/linux-x86_64/libjniopenblas_nolapack.so
Event: 1.393 Loaded shared library /home/pan/.javacpp/cache/openblas-0.3.23-1.5.9-linux-x86_64.jar/org/bytedeco/openblas/linux-x86_64/libopenblas.so.0
Event: 1.404 Loaded shared library /home/pan/.javacpp/cache/openblas-0.3.23-1.5.9-linux-x86_64.jar/org/bytedeco/openblas/linux-x86_64/libjniopenblas.so
Event: 2.248 Loaded shared library /home/pan/.javacpp/cache/opencv-4.7.0-1.5.9-linux-x86_64.jar/org/bytedeco/opencv/linux-x86_64/libopencv_core.so.407
Event: 2.296 Loaded shared library /home/pan/.javacpp/cache/opencv-4.7.0-1.5.9-linux-x86_64.jar/org/bytedeco/opencv/linux-x86_64/libopencv_imgproc.so.407
Event: 2.310 Loaded shared library /home/pan/.javacpp/cache/opencv-4.7.0-1.5.9-linux-x86_64.jar/org/bytedeco/opencv/linux-x86_64/libjniopencv_core.so
Event: 2.581 Loaded shared library /home/pan/.javacpp/cache/opencv-4.7.0-1.5.9-linux-x86_64.jar/org/bytedeco/opencv/linux-x86_64/libjniopencv_imgproc.so
Event: 2.595 Loaded shared library /home/pan/.javacpp/cache/opencv-4.7.0-1.5.9-linux-x86_64.jar/org/bytedeco/opencv/linux-x86_64/libopencv_imgcodecs.so.407
Event: 2.598 Loaded shared library /home/pan/.javacpp/cache/opencv-4.7.0-1.5.9-linux-x86_64.jar/org/bytedeco/opencv/linux-x86_64/libjniopencv_imgcodecs.so

Deoptimization events (20 events):
Event: 17.009 Thread 0x00007047480e8900 Uncommon trap: trap_request=0xffffff45 fr.pc=0x000070489453fa24 relative=0x0000000000000084
Event: 17.009 Thread 0x00007047480e8900 Uncommon trap: reason=unstable_if action=reinterpret pc=0x000070489453fa24 method=java.lang.Long.compare(JJ)I @ 3 c2
Event: 17.009 Thread 0x00007047480e8900 DEOPT PACKING pc=0x000070489453fa24 sp=0x00007048057fe4d0
Event: 17.009 Thread 0x00007047480e8900 DEOPT UNPACKING pc=0x0000704893cb5699 sp=0x00007048057fe3a0 mode 2
Event: 17.034 Thread 0x00007048a6cb6140 Uncommon trap: trap_request=0xffffff45 fr.pc=0x00007048943f36dc relative=0x000000000000049c
Event: 17.034 Thread 0x00007048a6cb6140 Uncommon trap: reason=unstable_if action=reinterpret pc=0x00007048943f36dc method=java.lang.String.isLatin1()Z @ 10 c2
Event: 17.034 Thread 0x00007048a6cb6140 DEOPT PACKING pc=0x00007048943f36dc sp=0x0000704869afe520
Event: 17.034 Thread 0x00007048a6cb6140 DEOPT UNPACKING pc=0x0000704893cb5699 sp=0x0000704869afe490 mode 2
Event: 17.254 Thread 0x00007048a6cb6140 DEOPT PACKING pc=0x000070488cd4f28d sp=0x0000704869afe700
Event: 17.254 Thread 0x00007048a6cb6140 DEOPT UNPACKING pc=0x0000704893cb5e2f sp=0x0000704869afddf0 mode 0
Event: 17.412 Thread 0x00007048a6cb6140 Uncommon trap: trap_request=0xffffff45 fr.pc=0x0000704894553a10 relative=0x0000000000000570
Event: 17.412 Thread 0x00007048a6cb6140 Uncommon trap: reason=unstable_if action=reinterpret pc=0x0000704894553a10 method=java.util.concurrent.ConcurrentSkipListMap.doGet(Ljava/lang/Object;)Ljava/lang/Object; @ 209 c2
Event: 17.412 Thread 0x00007048a6cb6140 DEOPT PACKING pc=0x0000704894553a10 sp=0x0000704869afe970
Event: 17.412 Thread 0x00007048a6cb6140 DEOPT UNPACKING pc=0x0000704893cb5699 sp=0x0000704869afe7d8 mode 2
Event: 17.636 Thread 0x00007048a6cb6140 DEOPT PACKING pc=0x000070488cd78e25 sp=0x0000704869afe700
Event: 17.636 Thread 0x00007048a6cb6140 DEOPT UNPACKING pc=0x0000704893cb5e2f sp=0x0000704869afddf0 mode 0
Event: 18.341 Thread 0x00007048a415b030 Uncommon trap: trap_request=0xffffff45 fr.pc=0x0000704894568f74 relative=0x00000000000005b4
Event: 18.341 Thread 0x00007048a415b030 Uncommon trap: reason=unstable_if action=reinterpret pc=0x0000704894568f74 method=java.lang.ref.Reference.enqueueFromPending()V @ 9 c2
Event: 18.341 Thread 0x00007048a415b030 DEOPT PACKING pc=0x0000704894568f74 sp=0x00007048751f08c0
Event: 18.341 Thread 0x00007048a415b030 DEOPT UNPACKING pc=0x0000704893cb5699 sp=0x00007048751f0880 mode 2

Classes loaded (20 events):
Event: 2.503 Loading class java/util/concurrent/locks/AbstractQueuedSynchronizer$Node done
Event: 2.503 Loading class java/util/concurrent/locks/AbstractQueuedSynchronizer$ConditionNode done
Event: 2.503 Loading class java/nio/DirectFloatBufferU
Event: 2.503 Loading class java/nio/DirectFloatBufferU done
Event: 2.503 Loading class java/nio/DirectShortBufferU
Event: 2.503 Loading class java/nio/DirectShortBufferU done
Event: 2.563 Loading class java/util/concurrent/locks/AbstractQueuedSynchronizer$ExclusiveNode
Event: 2.563 Loading class java/util/concurrent/locks/AbstractQueuedSynchronizer$ExclusiveNode done
Event: 2.564 Loading class java/util/concurrent/FutureTask
Event: 2.564 Loading class java/util/concurrent/FutureTask done
Event: 2.564 Loading class java/util/concurrent/FutureTask$WaitNode
Event: 2.564 Loading class java/util/concurrent/FutureTask$WaitNode done
Event: 17.034 Loading class jdk/internal/math/FormattedFloatingDecimal$Form
Event: 17.034 Loading class jdk/internal/math/FormattedFloatingDecimal$Form done
Event: 17.034 Loading class jdk/internal/math/FormattedFloatingDecimal
Event: 17.034 Loading class jdk/internal/math/FormattedFloatingDecimal done
Event: 17.034 Loading class jdk/internal/math/FormattedFloatingDecimal$1
Event: 17.034 Loading class jdk/internal/math/FormattedFloatingDecimal$1 done
Event: 17.034 Loading class jdk/internal/math/FormattedFloatingDecimal$2
Event: 17.034 Loading class jdk/internal/math/FormattedFloatingDecimal$2 done

Classes unloaded (0 events):
No events

Classes redefined (0 events):
No events

Internal exceptions (20 events):
Event: 0.203 Thread 0x00007048a5004480 Exception <a 'java/lang/NoSuchMethodError'{0x00000006670b9a18}: 'java.lang.Object java.lang.invoke.DirectMethodHandle$Holder.invokeStaticInit(java.lang.Object)'> (0x00000006670b9a18) 
thrown [src/hotspot/share/interpreter/linkResolver.cpp, line 759]
Event: 0.208 Thread 0x00007048a5004480 Exception <a 'java/lang/NoSuchMethodError'{0x00000006670c80b8}: 'void java.lang.invoke.DirectMethodHandle$Holder.invokeStatic(java.lang.Object, java.lang.Object)'> (0x00000006670c80b8) 
thrown [src/hotspot/share/interpreter/linkResolver.cpp, line 759]
Event: 0.211 Thread 0x00007048a4034440 Exception <a 'java/lang/NoSuchMethodError'{0x000000066711afe0}: 'int java.lang.invoke.DirectMethodHandle$Holder.invokeStaticInit(java.lang.Object, java.lang.Object, java.lang.Object, java.lang.Object)'> (0x000000066711afe0) 
thrown [src/hotspot/share/interpreter/linkResolver.cpp, line 759]
Event: 0.213 Thread 0x00007048a4034440 Exception <a 'java/lang/NoSuchMethodError'{0x00000006671255b0}: 'java.lang.Object java.lang.invoke.DirectMethodHandle$Holder.invokeInterface(java.lang.Object, java.lang.Object)'> (0x00000006671255b0) 
thrown [src/hotspot/share/interpreter/linkResolver.cpp, line 759]
Event: 0.213 Thread 0x00007048a4034440 Exception <a 'java/lang/IncompatibleClassChangeError'{0x0000000667128c28}: Found class java.lang.Object, but interface was expected> (0x0000000667128c28) 
thrown [src/hotspot/share/interpreter/linkResolver.cpp, line 826]
Event: 0.214 Thread 0x00007048a4034440 Exception <a 'java/lang/NoSuchMethodError'{0x000000066712bb98}: 'void java.lang.invoke.DirectMethodHandle$Holder.invokeStaticInit(java.lang.Object, java.lang.Object)'> (0x000000066712bb98) 
thrown [src/hotspot/share/interpreter/linkResolver.cpp, line 759]
Event: 0.214 Thread 0x00007048a4034440 Exception <a 'java/lang/NoSuchMethodError'{0x0000000667131ae8}: 'int java.lang.invoke.DirectMethodHandle$Holder.invokeStaticInit(java.lang.Object, java.lang.Object)'> (0x0000000667131ae8) 
thrown [src/hotspot/share/interpreter/linkResolver.cpp, line 759]
Event: 0.442 Thread 0x00007048a4034440 Exception <a 'java/lang/NoSuchMethodError'{0x00000006664d4198}: 'java.lang.Object java.lang.invoke.DirectMethodHandle$Holder.invokeSpecial(java.lang.Object, java.lang.Object, java.lang.Object, long, java.lang.Object)'> (0x00000006664d4198) 
thrown [src/hotspot/share/interpreter/linkResolver.cpp, line 759]
Event: 0.442 Thread 0x00007048a4034440 Exception <a 'java/lang/NoSuchMethodError'{0x00000006664d7d68}: 'java.lang.Object java.lang.invoke.Invokers$Holder.linkToTargetMethod(java.lang.Object, long, java.lang.Object, java.lang.Object)'> (0x00000006664d7d68) 
thrown [src/hotspot/share/interpreter/linkResolver.cpp, line 759]
Event: 0.465 Thread 0x00007048a4034440 Exception <a 'java/lang/ClassNotFoundException'{0x0000000666518c50}: javax/smartcardio/CardPermission> (0x0000000666518c50) 
thrown [src/hotspot/share/classfile/systemDictionary.cpp, line 256]
Event: 0.470 Thread 0x00007048a4034440 Exception <a 'java/io/FileNotFoundException'{0x00000006665264c0}> (0x00000006665264c0) 
thrown [src/hotspot/share/prims/jni.cpp, line 516]
Event: 0.514 Thread 0x00007048a4034440 Implicit null exception at 0x00007048943d8a5b to 0x00007048943d9400
Event: 0.993 Thread 0x00007048a4034440 Exception <a 'java/lang/UnsatisfiedLinkError'{0x0000000666cb3778}: 'int io.grpc.netty.shaded.io.netty.channel.epoll.Native.offsetofEpollData()'> (0x0000000666cb3778) 
thrown [src/hotspot/share/prims/nativeLookup.cpp, line 543]
Event: 0.995 Thread 0x00007048a4034440 Exception <a 'java/lang/reflect/InvocationTargetException'{0x0000000666cde5d0}> (0x0000000666cde5d0) 
thrown [src/hotspot/share/runtime/reflection.cpp, line 1128]
Event: 1.446 Thread 0x00007048a69f1080 Exception <a 'java/lang/NoSuchMethodError'{0x0000000661d91f38}: 'java.lang.Object java.lang.invoke.DirectMethodHandle$Holder.invokeStatic(java.lang.Object, java.lang.Object, long, java.lang.Object)'> (0x0000000661d91f38) 
thrown [src/hotspot/share/interpreter/linkResolver.cpp, line 759]
Event: 1.448 Thread 0x00007048a69f1080 Exception <a 'java/lang/NoSuchMethodError'{0x0000000661d959d0}: 'java.lang.Object java.lang.invoke.DirectMethodHandle$Holder.invokeStaticInit(java.lang.Object, java.lang.Object, long, java.lang.Object)'> (0x0000000661d959d0) 
thrown [src/hotspot/share/interpreter/linkResolver.cpp, line 759]
Event: 1.450 Thread 0x00007048a69f1080 Exception <a 'java/lang/NoSuchMethodError'{0x0000000661d9bfd0}: 'java.lang.Object java.lang.invoke.DirectMethodHandle$Holder.newInvokeSpecial(java.lang.Object, java.lang.Object, long)'> (0x0000000661d9bfd0) 
thrown [src/hotspot/share/interpreter/linkResolver.cpp, line 759]
Event: 1.450 Thread 0x00007048a69f1080 Exception <a 'java/lang/NoSuchMethodError'{0x0000000661d9fb40}: 'java.lang.Object java.lang.invoke.Invokers$Holder.linkToTargetMethod(java.lang.Object, long, java.lang.Object)'> (0x0000000661d9fb40) 
thrown [src/hotspot/share/interpreter/linkResolver.cpp, line 759]
Event: 2.563 Thread 0x00007048a6cb3e00 Exception <a 'java/lang/NoSuchMethodError'{0x0000000651e90300}: 'void java.lang.invoke.DirectMethodHandle$Holder.invokeSpecial(java.lang.Object, java.lang.Object, java.lang.Object)'> (0x0000000651e90300) 
thrown [src/hotspot/share/interpreter/linkResolver.cpp, line 759]
Event: 2.619 Thread 0x00007048a6cb5bc0 Exception <a 'java/lang/NoSuchMethodError'{0x0000000651047f28}: 'java.lang.Object java.lang.invoke.DirectMethodHandle$Holder.newInvokeSpecial(java.lang.Object, java.lang.Object, int, int)'> (0x0000000651047f28) 
thrown [src/hotspot/share/interpreter/linkResolver.cpp, line 759]

VM Operations (20 events):
Event: 9.631 Executing VM operation: Cleanup
Event: 9.631 Executing VM operation: Cleanup done
Event: 10.631 Executing VM operation: Cleanup
Event: 10.631 Executing VM operation: Cleanup done
Event: 12.631 Executing VM operation: Cleanup
Event: 12.631 Executing VM operation: Cleanup done
Event: 13.631 Executing VM operation: Cleanup
Event: 13.632 Executing VM operation: Cleanup done
Event: 15.632 Executing VM operation: Cleanup
Event: 15.632 Executing VM operation: Cleanup done
Event: 16.921 Executing VM operation: HandshakeAllThreads
Event: 16.921 Executing VM operation: HandshakeAllThreads done
Event: 16.921 Executing VM operation: Cleanup
Event: 16.921 Executing VM operation: Cleanup done
Event: 17.921 Executing VM operation: Cleanup
Event: 17.921 Executing VM operation: Cleanup done
Event: 18.155 Executing VM operation: G1CollectForAllocation
Event: 18.158 Executing VM operation: G1CollectForAllocation done
Event: 18.338 Executing VM operation: G1CollectForAllocation
Event: 18.340 Executing VM operation: G1CollectForAllocation done

Memory protections (20 events):
Event: 3.105 Protecting memory [0x0000704810000000,0x0000704810004000] with protection modes 0
Event: 3.152 Protecting memory [0x0000704807f00000,0x0000704807f04000] with protection modes 0
Event: 3.198 Protecting memory [0x0000704807500000,0x0000704807504000] with protection modes 0
Event: 3.242 Protecting memory [0x0000704806b00000,0x0000704806b04000] with protection modes 0
Event: 3.289 Protecting memory [0x0000704806100000,0x0000704806104000] with protection modes 0
Event: 16.934 Protecting memory [0x000070486bc00000,0x000070486bc04000] with protection modes 0
Event: 16.934 Protecting memory [0x000070486a3fe000,0x000070486a402000] with protection modes 0
Event: 16.934 Protecting memory [0x000070486a2fe000,0x000070486a302000] with protection modes 0
Event: 16.998 Protecting memory [0x0000704805700000,0x0000704805704000] with protection modes 0
Event: 17.086 Protecting memory [0x0000704804d00000,0x0000704804d04000] with protection modes 0
Event: 17.087 Protecting memory [0x0000704804300000,0x0000704804304000] with protection modes 0
Event: 17.163 Protecting memory [0x0000704804200000,0x0000704804204000] with protection modes 0
Event: 17.247 Protecting memory [0x0000704804100000,0x0000704804104000] with protection modes 0
Event: 17.334 Protecting memory [0x0000704804000000,0x0000704804004000] with protection modes 0
Event: 17.552 Protecting memory [0x0000704804d00000,0x0000704804d04000] with protection modes 0
Event: 17.656 Protecting memory [0x00007047fbf00000,0x00007047fbf04000] with protection modes 0
Event: 17.740 Protecting memory [0x00007047fb500000,0x00007047fb504000] with protection modes 0
Event: 18.147 Protecting memory [0x00007047fab00000,0x00007047fab04000] with protection modes 0
Event: 18.173 Protecting memory [0x00007047f8d00000,0x00007047f8d04000] with protection modes 0
Event: 18.263 Protecting memory [0x00007047f8300000,0x00007047f8304000] with protection modes 0

Nmethod flushes (0 events):
No events

Events (20 events):
Event: 3.289 Thread 0x00007048a6cb3e00 Thread added: 0x00007047600bd9f0
Event: 5.851 Thread 0x00007047d8104060 Thread exited: 0x00007047d8104060
Event: 14.404 Thread 0x00007047d8102ea0 Thread exited: 0x00007047d8102ea0
Event: 15.972 Thread 0x00007047e806fc80 Thread exited: 0x00007047e806fc80
Event: 16.934 Thread 0x00007048a4167340 Thread added: 0x00007047e8083ff0
Event: 16.934 Thread 0x00007048a4167340 Thread added: 0x00007047e8084c90
Event: 16.934 Thread 0x00007048a69f1080 Thread added: 0x0000704748157870
Event: 16.998 Thread 0x00007048a69f1080 Thread added: 0x00007047480e8900
Event: 17.086 Thread 0x00007047e8083ff0 Thread added: 0x00007047d801f6a0
Event: 17.087 Thread 0x00007048a69f1080 Thread added: 0x00007047480e98d0
Event: 17.163 Thread 0x00007048a69f1080 Thread added: 0x00007047481595c0
Event: 17.247 Thread 0x00007048a69f1080 Thread added: 0x000070474815a700
Event: 17.334 Thread 0x00007048a69f1080 Thread added: 0x000070474815de00
Event: 17.412 Thread 0x00007047d801f6a0 Thread exited: 0x00007047d801f6a0
Event: 17.552 Thread 0x00007048a69f1080 Thread added: 0x000070474815ecd0
Event: 17.656 Thread 0x00007048a69f1080 Thread added: 0x000070474815f590
Event: 17.740 Thread 0x00007048a69f1080 Thread added: 0x00007047481605d0
Event: 18.147 Thread 0x00007048a69f1080 Thread added: 0x00007047481617b0
Event: 18.173 Thread 0x00007048a4165e00 Thread added: 0x00007047f04149a0
Event: 18.257 Thread 0x00007048a69f1080 Thread added: 0x00007047481628e0


Dynamic libraries:
64bc00000-652000000 rw-p 00000000 00:00 0 
652000000-65ac00000 ---p 00000000 00:00 0 
65ac00000-65b400000 rw-p 00000000 00:00 0 
65b400000-667000000 ---p 00000000 00:00 0 
667000000-667400000 rw-p 00000000 00:00 0 
667400000-7ff800000 ---p 00000000 00:00 0 
7ff800000-7ffb00000 rw-p 00000000 00:00 0 
7ffb00000-7ffb75000 rw-p 00c78000 103:02 4342152                         /home/pan/.jdks/corretto-17.0.14/lib/server/classes.jsa
7ffb75000-7ffc00000 rw-p 00000000 00:00 0 
7ffc00000-7ffc77000 rw-p 00c01000 103:02 4342152                         /home/pan/.jdks/corretto-17.0.14/lib/server/classes.jsa
7ffc77000-800000000 rw-p 00000000 00:00 0 
565940000000-565940001000 r-xp 00000000 103:02 4342252                   /home/pan/.jdks/corretto-17.0.14/bin/java
565940201000-565940202000 r--p 00001000 103:02 4342252                   /home/pan/.jdks/corretto-17.0.14/bin/java
565940202000-565940203000 rw-p 00002000 103:02 4342252                   /home/pan/.jdks/corretto-17.0.14/bin/java
565963946000-565963989000 rw-p 00000000 00:00 0                          [heap]
704474000000-704474322000 rw-p 00000000 00:00 0 
704474322000-704478000000 ---p 00000000 00:00 0 
70447c000000-70447c323000 rw-p 00000000 00:00 0 
70447c323000-704480000000 ---p 00000000 00:00 0 
704480000000-704480021000 rw-p 00000000 00:00 0 
704480021000-704484000000 ---p 00000000 00:00 0 
704488000000-704488021000 rw-p 00000000 00:00 0 
704488021000-70448c000000 ---p 00000000 00:00 0 
70448c000000-70448c322000 rw-p 00000000 00:00 0 
70448c322000-704490000000 ---p 00000000 00:00 0 
704494000000-704497565000 rw-p 00000000 00:00 0 
704497565000-704498000000 ---p 00000000 00:00 0 
704498000000-704498322000 rw-p 00000000 00:00 0 
704498322000-70449c000000 ---p 00000000 00:00 0 
7044a0000000-7044a3b54000 rw-p 00000000 00:00 0 
7044a3b54000-7044a4000000 ---p 00000000 00:00 0 
7044a4000000-7044a4322000 rw-p 00000000 00:00 0 
7044a4322000-7044a8000000 ---p 00000000 00:00 0 
7044ac000000-7044ac322000 rw-p 00000000 00:00 0 
7044ac322000-7044b0000000 ---p 00000000 00:00 0 
7044b0000000-7044b3b54000 rw-p 00000000 00:00 0 
7044b3b54000-7044b4000000 ---p 00000000 00:00 0 
7044b8000000-7044b8322000 rw-p 00000000 00:00 0 
7044b8322000-7044bc000000 ---p 00000000 00:00 0 
7044bc000000-7044bc321000 rw-p 00000000 00:00 0 
7044bc321000-7044c0000000 ---p 00000000 00:00 0 
7044c4000000-7044c4322000 rw-p 00000000 00:00 0 
7044c4322000-7044c8000000 ---p 00000000 00:00 0 
7044c8000000-7044c8327000 rw-p 00000000 00:00 0 
7044c8327000-7044cc000000 ---p 00000000 00:00 0 
7044d0000000-7044d0321000 rw-p 00000000 00:00 0 
7044d0321000-7044d4000000 ---p 00000000 00:00 0 
7044d5200000-7044d57ef000 rw-p 00000000 00:00 0 
704524000000-704524322000 rw-p 00000000 00:00 0 
704524322000-704528000000 ---p 00000000 00:00 0 
704528000000-704528210000 rw-p 00000000 00:00 0 
704528210000-70452c000000 ---p 00000000 00:00 0 
70452c000000-70452c210000 rw-p 00000000 00:00 0 
70452c210000-704530000000 ---p 00000000 00:00 0 
704534000000-704534210000 rw-p 00000000 00:00 0 
704534210000-704538000000 ---p 00000000 00:00 0 
704538000000-704538210000 rw-p 00000000 00:00 0 
704538210000-70453c000000 ---p 00000000 00:00 0 
704540000000-704540210000 rw-p 00000000 00:00 0 
704540210000-704544000000 ---p 00000000 00:00 0 
704544000000-704544210000 rw-p 00000000 00:00 0 
704544210000-704548000000 ---p 00000000 00:00 0 
70454c000000-70454c210000 rw-p 00000000 00:00 0 
70454c210000-704550000000 ---p 00000000 00:00 0 
704550000000-704550210000 rw-p 00000000 00:00 0 
704550210000-704554000000 ---p 00000000 00:00 0 
704558000000-704558210000 rw-p 00000000 00:00 0 
704558210000-70455c000000 ---p 00000000 00:00 0 
70455c000000-70455c210000 rw-p 00000000 00:00 0 
70455c210000-704560000000 ---p 00000000 00:00 0 
704564000000-704564210000 rw-p 00000000 00:00 0 
704564210000-704568000000 ---p 00000000 00:00 0 
704568000000-704568211000 rw-p 00000000 00:00 0 
704568211000-70456c000000 ---p 00000000 00:00 0 
704570000000-704570210000 rw-p 00000000 00:00 0 
704570210000-704574000000 ---p 00000000 00:00 0 
704574000000-704574210000 rw-p 00000000 00:00 0 
704574210000-704578000000 ---p 00000000 00:00 0 
70457c000000-70457c210000 rw-p 00000000 00:00 0 
70457c210000-704580000000 ---p 00000000 00:00 0 
704580000000-704580021000 rw-p 00000000 00:00 0 
704580021000-704584000000 ---p 00000000 00:00 0 
704588000000-704588021000 rw-p 00000000 00:00 0 
704588021000-70458c000000 ---p 00000000 00:00 0 
70458c000000-70458c021000 rw-p 00000000 00:00 0 
70458c021000-704590000000 ---p 00000000 00:00 0 
704590000000-704590021000 rw-p 00000000 00:00 0 
704590021000-704594000000 ---p 00000000 00:00 0 
704598000000-704598021000 rw-p 00000000 00:00 0 
704598021000-70459c000000 ---p 00000000 00:00 0 
70459c000000-70459c021000 rw-p 00000000 00:00 0 
70459c021000-7045a0000000 ---p 00000000 00:00 0 
7045a4000000-7045a4021000 rw-p 00000000 00:00 0 
7045a4021000-7045a8000000 ---p 00000000 00:00 0 
7045a8000000-7045a8021000 rw-p 00000000 00:00 0 
7045a8021000-7045ac000000 ---p 00000000 00:00 0 
7045b0000000-7045b0021000 rw-p 00000000 00:00 0 
7045b0021000-7045b4000000 ---p 00000000 00:00 0 
7045b4000000-7045b4021000 rw-p 00000000 00:00 0 
7045b4021000-7045b8000000 ---p 00000000 00:00 0 
7045bc000000-7045bc021000 rw-p 00000000 00:00 0 
7045bc021000-7045c0000000 ---p 00000000 00:00 0 
7045c0000000-7045c0021000 rw-p 00000000 00:00 0 
7045c0021000-7045c4000000 ---p 00000000 00:00 0 
7045c8000000-7045c8021000 rw-p 00000000 00:00 0 
7045c8021000-7045cc000000 ---p 00000000 00:00 0 
7045cc000000-7045cc021000 rw-p 00000000 00:00 0 
7045cc021000-7045d0000000 ---p 00000000 00:00 0 
7045d4000000-7045d4021000 rw-p 00000000 00:00 0 
7045d4021000-7045d8000000 ---p 00000000 00:00 0 
7045d8000000-7045d8269000 rw-p 00000000 00:00 0 
7045d8269000-7045dc000000 ---p 00000000 00:00 0 
7045e0000000-7045e0850000 rw-p 00000000 00:00 0 
7045e0850000-7045e4000000 ---p 00000000 00:00 0 
7045e4000000-7045e47aa000 rw-p 00000000 00:00 0 
7045e47aa000-7045e8000000 ---p 00000000 00:00 0 
7045ec000000-7045ecc24000 rw-p 00000000 00:00 0 
7045ecc24000-7045f0000000 ---p 00000000 00:00 0 
7045f0000000-7045f0ba2000 rw-p 00000000 00:00 0 
7045f0ba2000-7045f4000000 ---p 00000000 00:00 0 
7045f8000000-7045f88b9000 rw-p 00000000 00:00 0 
7045f88b9000-7045fc000000 ---p 00000000 00:00 0 
7045fc000000-7045fcaad000 rw-p 00000000 00:00 0 
7045fcaad000-704600000000 ---p 00000000 00:00 0 
704604000000-7046048b0000 rw-p 00000000 00:00 0 
7046048b0000-704608000000 ---p 00000000 00:00 0 
704608000000-70460877d000 rw-p 00000000 00:00 0 
70460877d000-70460c000000 ---p 00000000 00:00 0 
704610000000-704610ad4000 rw-p 00000000 00:00 0 
704610ad4000-704614000000 ---p 00000000 00:00 0 
704614000000-7046147a3000 rw-p 00000000 00:00 0 
7046147a3000-704618000000 ---p 00000000 00:00 0 
70461b400000-70461b9ef000 rw-p 00000000 00:00 0 
70461ba00000-70461bfef000 rw-p 00000000 00:00 0 
70461c000000-70461c8db000 rw-p 00000000 00:00 0 
70461c8db000-704620000000 ---p 00000000 00:00 0 
704620000000-704620c49000 rw-p 00000000 00:00 0 
704620c49000-704624000000 ---p 00000000 00:00 0 
704624400000-7046249ef000 rw-p 00000000 00:00 0 
704624a00000-704624fef000 rw-p 00000000 00:00 0 
704625000000-7046255ef000 rw-p 00000000 00:00 0 
704625600000-704625bef000 rw-p 00000000 00:00 0 
704625c00000-7046261ef000 rw-p 00000000 00:00 0 
704626200000-7046267ef000 rw-p 00000000 00:00 0 
704626800000-704626def000 rw-p 00000000 00:00 0 
704626e00000-7046273ef000 rw-p 00000000 00:00 0 
704627400000-7046279ef000 rw-p 00000000 00:00 0 
704627a00000-704627fef000 rw-p 00000000 00:00 0 
704628000000-704628b67000 rw-p 00000000 00:00 0 
704628b67000-70462c000000 ---p 00000000 00:00 0 
70462c000000-70462cbb8000 rw-p 00000000 00:00 0 
70462cbb8000-704630000000 ---p 00000000 00:00 0 
704630400000-7046309ef000 rw-p 00000000 00:00 0 
704630a00000-704630fef000 rw-p 00000000 00:00 0 
704631000000-7046315ef000 rw-p 00000000 00:00 0 
704631600000-704631bef000 rw-p 00000000 00:00 0 
704631c00000-7046321ef000 rw-p 00000000 00:00 0 
704632200000-7046327ef000 rw-p 00000000 00:00 0 
704632800000-704632def000 rw-p 00000000 00:00 0 
704632e00000-7046333ef000 rw-p 00000000 00:00 0 
704633400000-7046339ef000 rw-p 00000000 00:00 0 
704633a00000-704633fef000 rw-p 00000000 00:00 0 
704634000000-704634b38000 rw-p 00000000 00:00 0 
704634b38000-704638000000 ---p 00000000 00:00 0 
704638000000-704638b39000 rw-p 00000000 00:00 0 
704638b39000-70463c000000 ---p 00000000 00:00 0 
70463c400000-70463c9ef000 rw-p 00000000 00:00 0 
70463ca00000-70463cfef000 rw-p 00000000 00:00 0 
70463d000000-70463d5ef000 rw-p 00000000 00:00 0 
70463d600000-70463dbef000 rw-p 00000000 00:00 0 
70463dc00000-70463e1ef000 rw-p 00000000 00:00 0 
70463e200000-70463e7ef000 rw-p 00000000 00:00 0 
70463e800000-70463edef000 rw-p 00000000 00:00 0 
70463ee00000-70463f3ef000 rw-p 00000000 00:00 0 
70463f400000-70463f9ef000 rw-p 00000000 00:00 0 
70463fa00000-70463ffef000 rw-p 00000000 00:00 0 
704640000000-70464120a000 rw-p 00000000 00:00 0 
70464120a000-704644000000 ---p 00000000 00:00 0 
704644000000-704644240000 rw-p 00000000 00:00 0 
704644240000-704648000000 ---p 00000000 00:00 0 
704648400000-7046489ef000 rw-p 00000000 00:00 0 
704648a00000-704648fef000 rw-p 00000000 00:00 0 
704649000000-7046495ef000 rw-p 00000000 00:00 0 
704649600000-704649bef000 rw-p 00000000 00:00 0 
704649c00000-70464a1ef000 rw-p 00000000 00:00 0 
70464a200000-70464a7ef000 rw-p 00000000 00:00 0 
70464a800000-70464adef000 rw-p 00000000 00:00 0 
70464ae00000-70464b3ef000 rw-p 00000000 00:00 0 
70464b400000-70464b9ef000 rw-p 00000000 00:00 0 
70464ba00000-70464bfef000 rw-p 00000000 00:00 0 
70464c000000-70473c000000 rw-p 00000000 00:00 0 
70473c000000-70473c021000 rw-p 00000000 00:00 0 
70473c021000-704740000000 ---p 00000000 00:00 0 
704740000000-704740021000 rw-p 00000000 00:00 0 
704740021000-704744000000 ---p 00000000 00:00 0 
704744400000-7047449ef000 rw-p 00000000 00:00 0 
704744a00000-704744fef000 rw-p 00000000 00:00 0 
704745000000-7047455ef000 rw-p 00000000 00:00 0 
704745600000-704745bef000 rw-p 00000000 00:00 0 
704745c00000-7047461ef000 rw-p 00000000 00:00 0 
704746200000-7047467ef000 rw-p 00000000 00:00 0 
704746800000-704746def000 rw-p 00000000 00:00 0 
704746e00000-7047473ef000 rw-p 00000000 00:00 0 
704747400000-7047479ef000 rw-p 00000000 00:00 0 
704747a00000-704747fef000 rw-p 00000000 00:00 0 
704748000000-704748168000 rw-p 00000000 00:00 0 
704748168000-70474c000000 ---p 00000000 00:00 0 
70474c000000-70474c03d000 rw-p 00000000 00:00 0 
70474c03d000-704750000000 ---p 00000000 00:00 0 
704750400000-7047509ef000 rw-p 00000000 00:00 0 
704750a00000-704750fef000 rw-p 00000000 00:00 0 
704751000000-7047515ef000 rw-p 00000000 00:00 0 
704751600000-704751bef000 rw-p 00000000 00:00 0 
704751c00000-7047521ef000 rw-p 00000000 00:00 0 
704754000000-7047546a2000 rw-p 00000000 00:00 0 
7047546a2000-704758000000 ---p 00000000 00:00 0 
704758000000-704758d70000 rw-p 00000000 00:00 0 
704758d70000-70475c000000 ---p 00000000 00:00 0 
704760000000-704761041000 rw-p 00000000 00:00 0 
704761041000-704764000000 ---p 00000000 00:00 0 
704764000000-704767fda000 rw-p 00000000 00:00 0 
704767fda000-704768000000 ---p 00000000 00:00 0 
70476c000000-70476cd2d000 rw-p 00000000 00:00 0 
70476cd2d000-704770000000 ---p 00000000 00:00 0 
704770000000-7047711f7000 rw-p 00000000 00:00 0 
7047711f7000-704774000000 ---p 00000000 00:00 0 
704774e00000-704774e01000 ---p 00000000 00:00 0 
704774e01000-704775601000 rw-p 00000000 00:00 0 
704775800000-704775801000 ---p 00000000 00:00 0 
704775801000-704776001000 rw-p 00000000 00:00 0 
704776200000-704776201000 ---p 00000000 00:00 0 
704776201000-704776a01000 rw-p 00000000 00:00 0 
704776c00000-704776c01000 ---p 00000000 00:00 0 
704776c01000-704777401000 rw-p 00000000 00:00 0 
704777600000-704777601000 ---p 00000000 00:00 0 
704777601000-704777e01000 rw-p 00000000 00:00 0 
704778000000-70477854e000 rw-p 00000000 00:00 0 
70477854e000-70477c000000 ---p 00000000 00:00 0 
70477c000000-70477c480000 rw-p 00000000 00:00 0 
70477c480000-704780000000 ---p 00000000 00:00 0 
704780400000-704780401000 ---p 00000000 00:00 0 
704780401000-704780c01000 rw-p 00000000 00:00 0 
704780e00000-704780e01000 ---p 00000000 00:00 0 
704780e01000-704781601000 rw-p 00000000 00:00 0 
704781800000-704781801000 ---p 00000000 00:00 0 
704781801000-704782001000 rw-p 00000000 00:00 0 
704782200000-704782201000 ---p 00000000 00:00 0 
704782201000-704782a01000 rw-p 00000000 00:00 0 
704782c00000-704782c01000 ---p 00000000 00:00 0 
704782c01000-704783401000 rw-p 00000000 00:00 0 
704783600000-704783601000 ---p 00000000 00:00 0 
704783601000-704783e01000 rw-p 00000000 00:00 0 
704784000000-704784021000 rw-p 00000000 00:00 0 
704784021000-704788000000 ---p 00000000 00:00 0 
704788000000-704788021000 rw-p 00000000 00:00 0 
704788021000-70478c000000 ---p 00000000 00:00 0 
70478c600000-70478c601000 ---p 00000000 00:00 0 
70478c601000-70478ce01000 rw-p 00000000 00:00 0 
70478d000000-70478d001000 ---p 00000000 00:00 0 
70478d001000-70478d801000 rw-p 00000000 00:00 0 
70478da00000-70478da01000 ---p 00000000 00:00 0 
70478da01000-70478e201000 rw-p 00000000 00:00 0 
70478e400000-70478e401000 ---p 00000000 00:00 0 
70478e401000-70478ec01000 rw-p 00000000 00:00 0 
704790000000-704790021000 rw-p 00000000 00:00 0 
704790021000-704794000000 ---p 00000000 00:00 0 
704794000000-7047940b3000 rw-p 00000000 00:00 0 
7047940b3000-704798000000 ---p 00000000 00:00 0 
704798200000-70479821e000 r--p 00000000 103:02 5259726                   /home/pan/.javacpp/cache/opencv-4.7.0-1.5.9-linux-x86_64.jar/org/bytedeco/opencv/linux-x86_64/libopencv_imgcodecs.so.407
70479821e000-70479842e000 r-xp 0001e000 103:02 5259726                   /home/pan/.javacpp/cache/opencv-4.7.0-1.5.9-linux-x86_64.jar/org/bytedeco/opencv/linux-x86_64/libopencv_imgcodecs.so.407
70479842e000-70479854c000 r--p 0022e000 103:02 5259726                   /home/pan/.javacpp/cache/opencv-4.7.0-1.5.9-linux-x86_64.jar/org/bytedeco/opencv/linux-x86_64/libopencv_imgcodecs.so.407
70479854c000-704798556000 r--p 0034b000 103:02 5259726                   /home/pan/.javacpp/cache/opencv-4.7.0-1.5.9-linux-x86_64.jar/org/bytedeco/opencv/linux-x86_64/libopencv_imgcodecs.so.407
704798556000-70479855b000 rw-p 00355000 103:02 5259726                   /home/pan/.javacpp/cache/opencv-4.7.0-1.5.9-linux-x86_64.jar/org/bytedeco/opencv/linux-x86_64/libopencv_imgcodecs.so.407
70479855b000-7047985c4000 rw-p 00000000 00:00 0 
704799800000-704799af8000 rw-p 00000000 00:00 0 
704799c00000-704799f46000 rw-p 00000000 00:00 0 
70479a000000-70479a346000 rw-p 00000000 00:00 0 
70479a400000-70479a746000 rw-p 00000000 00:00 0 
70479a800000-70479ab46000 rw-p 00000000 00:00 0 
70479ac00000-70479af46000 rw-p 00000000 00:00 0 
70479b000000-70479b2fe000 rw-p 00000000 00:00 0 
70479b400000-70479b6fe000 rw-p 00000000 00:00 0 
70479b800000-70479b86c000 r--p 00000000 103:02 5259722                   /home/pan/.javacpp/cache/opencv-4.7.0-1.5.9-linux-x86_64.jar/org/bytedeco/opencv/linux-x86_64/libopencv_imgproc.so.407
70479b86c000-70479bcc4000 r-xp 0006c000 103:02 5259722                   /home/pan/.javacpp/cache/opencv-4.7.0-1.5.9-linux-x86_64.jar/org/bytedeco/opencv/linux-x86_64/libopencv_imgproc.so.407
70479bcc4000-70479bddf000 r--p 004c4000 103:02 5259722                   /home/pan/.javacpp/cache/opencv-4.7.0-1.5.9-linux-x86_64.jar/org/bytedeco/opencv/linux-x86_64/libopencv_imgproc.so.407
70479bddf000-70479bdfb000 r--p 005de000 103:02 5259722                   /home/pan/.javacpp/cache/opencv-4.7.0-1.5.9-linux-x86_64.jar/org/bytedeco/opencv/linux-x86_64/libopencv_imgproc.so.407
70479bdfb000-70479be04000 rw-p 005fa000 103:02 5259722                   /home/pan/.javacpp/cache/opencv-4.7.0-1.5.9-linux-x86_64.jar/org/bytedeco/opencv/linux-x86_64/libopencv_imgproc.so.407
70479be04000-70479bea4000 rw-p 00000000 00:00 0 
70479c000000-70479c021000 rw-p 00000000 00:00 0 
70479c021000-7047a0000000 ---p 00000000 00:00 0 
7047a0000000-7047a0021000 rw-p 00000000 00:00 0 
7047a0021000-7047a4000000 ---p 00000000 00:00 0 
7047a4400000-7047a4462000 r--p 00000000 103:02 5259716                   /home/pan/.javacpp/cache/opencv-4.7.0-1.5.9-linux-x86_64.jar/org/bytedeco/opencv/linux-x86_64/libopencv_core.so.407
7047a4462000-7047a4766000 r-xp 00062000 103:02 5259716                   /home/pan/.javacpp/cache/opencv-4.7.0-1.5.9-linux-x86_64.jar/org/bytedeco/opencv/linux-x86_64/libopencv_core.so.407
7047a4766000-7047a4834000 r--p 00366000 103:02 5259716                   /home/pan/.javacpp/cache/opencv-4.7.0-1.5.9-linux-x86_64.jar/org/bytedeco/opencv/linux-x86_64/libopencv_core.so.407
7047a4834000-7047a4842000 r--p 00433000 103:02 5259716                   /home/pan/.javacpp/cache/opencv-4.7.0-1.5.9-linux-x86_64.jar/org/bytedeco/opencv/linux-x86_64/libopencv_core.so.407
7047a4842000-7047a4848000 rw-p 00441000 103:02 5259716                   /home/pan/.javacpp/cache/opencv-4.7.0-1.5.9-linux-x86_64.jar/org/bytedeco/opencv/linux-x86_64/libopencv_core.so.407
7047a4848000-7047a484e000 rw-p 00000000 00:00 0 
7047a4a00000-7047a4de9000 r--p 00000000 103:02 5259710                   /home/pan/.javacpp/cache/openblas-0.3.23-1.5.9-linux-x86_64.jar/org/bytedeco/openblas/linux-x86_64/libjniopenblas.so
7047a4de9000-7047a5f06000 r-xp 003e9000 103:02 5259710                   /home/pan/.javacpp/cache/openblas-0.3.23-1.5.9-linux-x86_64.jar/org/bytedeco/openblas/linux-x86_64/libjniopenblas.so
7047a5f06000-7047a60b0000 r--p 01506000 103:02 5259710                   /home/pan/.javacpp/cache/openblas-0.3.23-1.5.9-linux-x86_64.jar/org/bytedeco/openblas/linux-x86_64/libjniopenblas.so
7047a60b0000-7047a60b1000 ---p 016b0000 103:02 5259710                   /home/pan/.javacpp/cache/openblas-0.3.23-1.5.9-linux-x86_64.jar/org/bytedeco/openblas/linux-x86_64/libjniopenblas.so
7047a60b1000-7047a60b2000 r--p 016b0000 103:02 5259710                   /home/pan/.javacpp/cache/openblas-0.3.23-1.5.9-linux-x86_64.jar/org/bytedeco/openblas/linux-x86_64/libjniopenblas.so
7047a60b2000-7047a60ba000 rw-p 016b1000 103:02 5259710                   /home/pan/.javacpp/cache/openblas-0.3.23-1.5.9-linux-x86_64.jar/org/bytedeco/openblas/linux-x86_64/libjniopenblas.so
7047a60ba000-7047a60bb000 rw-p 00000000 00:00 0 
7047a6200000-7047a6201000 ---p 00000000 00:00 0 
7047a6201000-7047a6a01000 rw-p 00000000 00:00 0 
7047a6c00000-7047a6c01000 ---p 00000000 00:00 0 
7047a6c01000-7047a7401000 rw-p 00000000 00:00 0 
7047a7600000-7047a7601000 ---p 00000000 00:00 0 
7047a7601000-7047a7e01000 rw-p 00000000 00:00 0 
7047a8000000-7047a8021000 rw-p 00000000 00:00 0 
7047a8021000-7047ac000000 ---p 00000000 00:00 0 
7047ac000000-7047ac021000 rw-p 00000000 00:00 0 
7047ac021000-7047b0000000 ---p 00000000 00:00 0 
7047b0400000-7047b0401000 ---p 00000000 00:00 0 
7047b0401000-7047b0c01000 rw-p 00000000 00:00 0 
7047b0e00000-7047b0e01000 ---p 00000000 00:00 0 
7047b0e01000-7047b1601000 rw-p 00000000 00:00 0 
7047b1800000-7047b1801000 ---p 00000000 00:00 0 
7047b1801000-7047b2001000 rw-p 00000000 00:00 0 
7047b2200000-7047b2201000 ---p 00000000 00:00 0 
7047b2201000-7047b2a01000 rw-p 00000000 00:00 0 
7047b2c00000-7047b2c01000 ---p 00000000 00:00 0 
7047b2c01000-7047b3401000 rw-p 00000000 00:00 0 
7047b3600000-7047b3601000 ---p 00000000 00:00 0 
7047b3601000-7047b3e01000 rw-p 00000000 00:00 0 
7047b4000000-7047b4021000 rw-p 00000000 00:00 0 
7047b4021000-7047b8000000 ---p 00000000 00:00 0 
7047b8000000-7047b8021000 rw-p 00000000 00:00 0 
7047b8021000-7047bc000000 ---p 00000000 00:00 0 
7047bc400000-7047bc401000 ---p 00000000 00:00 0 
7047bc401000-7047bcc01000 rw-p 00000000 00:00 0 
7047bce00000-7047bce01000 ---p 00000000 00:00 0 
7047bce01000-7047bd601000 rw-p 00000000 00:00 0 
7047bd800000-7047bd801000 ---p 00000000 00:00 0 
7047bd801000-7047be001000 rw-p 00000000 00:00 0 
7047be200000-7047be201000 ---p 00000000 00:00 0 
7047be201000-7047bea01000 rw-p 00000000 00:00 0 
7047bec00000-7047bec01000 ---p 00000000 00:00 0 
7047bec01000-7047bf401000 rw-p 00000000 00:00 0 
7047bf600000-7047bf601000 ---p 00000000 00:00 0 
7047bf601000-7047bfe01000 rw-p 00000000 00:00 0 
7047c0000000-7047c0021000 rw-p 00000000 00:00 0 
7047c0021000-7047c4000000 ---p 00000000 00:00 0 
7047c4000000-7047c4021000 rw-p 00000000 00:00 0 
7047c4021000-7047c8000000 ---p 00000000 00:00 0 
7047c8200000-7047c8306000 r--p 00000000 103:02 5259708                   /home/pan/.javacpp/cache/openblas-0.3.23-1.5.9-linux-x86_64.jar/org/bytedeco/openblas/linux-x86_64/libopenblas.so.0
7047c8306000-7047c8316000 r-xp 00106000 103:02 5259708                   /home/pan/.javacpp/cache/openblas-0.3.23-1.5.9-linux-x86_64.jar/org/bytedeco/openblas/linux-x86_64/libopenblas.so.0
7047c8316000-7047c8318000 ---p 00116000 103:02 5259708                   /home/pan/.javacpp/cache/openblas-0.3.23-1.5.9-linux-x86_64.jar/org/bytedeco/openblas/linux-x86_64/libopenblas.so.0
7047c8318000-7047c9ded000 r-xp 00118000 103:02 5259708                   /home/pan/.javacpp/cache/openblas-0.3.23-1.5.9-linux-x86_64.jar/org/bytedeco/openblas/linux-x86_64/libopenblas.so.0
7047c9ded000-7047c9fdc000 r--p 01bed000 103:02 5259708                   /home/pan/.javacpp/cache/openblas-0.3.23-1.5.9-linux-x86_64.jar/org/bytedeco/openblas/linux-x86_64/libopenblas.so.0
7047c9fdc000-7047c9fe2000 r--p 01ddb000 103:02 5259708                   /home/pan/.javacpp/cache/openblas-0.3.23-1.5.9-linux-x86_64.jar/org/bytedeco/openblas/linux-x86_64/libopenblas.so.0
7047c9fe2000-7047c9ffa000 rw-p 01de1000 103:02 5259708                   /home/pan/.javacpp/cache/openblas-0.3.23-1.5.9-linux-x86_64.jar/org/bytedeco/openblas/linux-x86_64/libopenblas.so.0
7047c9ffa000-7047ca007000 rw-p 00000000 00:00 0 
7047ca200000-7047ca201000 ---p 00000000 00:00 0 
7047ca201000-7047caa01000 rw-p 00000000 00:00 0 
7047cac00000-7047cac01000 ---p 00000000 00:00 0 
7047cac01000-7047cb401000 rw-p 00000000 00:00 0 
7047cb600000-7047cb601000 ---p 00000000 00:00 0 
7047cb601000-7047cbe01000 rw-p 00000000 00:00 0 
7047cc000000-7047cc021000 rw-p 00000000 00:00 0 
7047cc021000-7047d0000000 ---p 00000000 00:00 0 
7047d0000000-7047d1607000 rw-p 00000000 00:00 0 
7047d1607000-7047d4000000 ---p 00000000 00:00 0 
7047d4400000-7047d4401000 ---p 00000000 00:00 0 
7047d4401000-7047d4c01000 rw-p 00000000 00:00 0 
7047d4e00000-7047d4e01000 ---p 00000000 00:00 0 
7047d4e01000-7047d5601000 rw-p 00000000 00:00 0 
7047d5800000-7047d5801000 ---p 00000000 00:00 0 
7047d5801000-7047d6001000 rw-p 00000000 00:00 0 
7047d6200000-7047d6201000 ---p 00000000 00:00 0 
7047d6201000-7047d6a01000 rw-p 00000000 00:00 0 
7047d6c00000-7047d6c01000 ---p 00000000 00:00 0 
7047d6c01000-7047d7401000 rw-p 00000000 00:00 0 
7047d7600000-7047d7601000 ---p 00000000 00:00 0 
7047d7601000-7047d7e01000 rw-p 00000000 00:00 0 
7047d8000000-7047d8443000 rw-p 00000000 00:00 0 
7047d8443000-7047dc000000 ---p 00000000 00:00 0 
7047dc000000-7047dc021000 rw-p 00000000 00:00 0 
7047dc021000-7047e0000000 ---p 00000000 00:00 0 
7047e0400000-7047e0401000 ---p 00000000 00:00 0 
7047e0401000-7047e0c01000 rw-p 00000000 00:00 0 
7047e0e00000-7047e0e01000 ---p 00000000 00:00 0 
7047e0e01000-7047e1601000 rw-p 00000000 00:00 0 
7047e1800000-7047e1801000 ---p 00000000 00:00 0 
7047e1801000-7047e2001000 rw-p 00000000 00:00 0 
7047e2200000-7047e2201000 ---p 00000000 00:00 0 
7047e2201000-7047e2a01000 rw-p 00000000 00:00 0 
7047e2c00000-7047e2c01000 ---p 00000000 00:00 0 
7047e2c01000-7047e3401000 rw-p 00000000 00:00 0 
7047e3600000-7047e3601000 ---p 00000000 00:00 0 
7047e3601000-7047e3e01000 rw-p 00000000 00:00 0 
7047e4000000-7047e4021000 rw-p 00000000 00:00 0 
7047e4021000-7047e8000000 ---p 00000000 00:00 0 
7047e8000000-7047e850c000 rw-p 00000000 00:00 0 
7047e850c000-7047ec000000 ---p 00000000 00:00 0 
7047ec200000-7047ec2cf000 r--p 00000000 103:02 5259724                   /home/pan/.javacpp/cache/opencv-4.7.0-1.5.9-linux-x86_64.jar/org/bytedeco/opencv/linux-x86_64/libjniopencv_core.so
7047ec2cf000-7047ec4c0000 r-xp 000cf000 103:02 5259724                   /home/pan/.javacpp/cache/opencv-4.7.0-1.5.9-linux-x86_64.jar/org/bytedeco/opencv/linux-x86_64/libjniopencv_core.so
7047ec4c0000-7047ec597000 r--p 002c0000 103:02 5259724                   /home/pan/.javacpp/cache/opencv-4.7.0-1.5.9-linux-x86_64.jar/org/bytedeco/opencv/linux-x86_64/libjniopencv_core.so
7047ec597000-7047ec5a4000 r--p 00396000 103:02 5259724                   /home/pan/.javacpp/cache/opencv-4.7.0-1.5.9-linux-x86_64.jar/org/bytedeco/opencv/linux-x86_64/libjniopencv_core.so
7047ec5a4000-7047ec5a7000 rw-p 003a3000 103:02 5259724                   /home/pan/.javacpp/cache/opencv-4.7.0-1.5.9-linux-x86_64.jar/org/bytedeco/opencv/linux-x86_64/libjniopencv_core.so
7047ec5a7000-7047ec5a8000 rw-p 00000000 00:00 0 
7047ec600000-7047ec706000 r--p 00000000 103:02 5259705                   /home/pan/.javacpp/cache/openblas-0.3.23-1.5.9-linux-x86_64.jar/org/bytedeco/openblas/linux-x86_64/libopenblas_nolapack.so.0
7047ec706000-7047ec716000 r-xp 00106000 103:02 5259705                   /home/pan/.javacpp/cache/openblas-0.3.23-1.5.9-linux-x86_64.jar/org/bytedeco/openblas/linux-x86_64/libopenblas_nolapack.so.0
7047ec716000-7047ec718000 ---p 00116000 103:02 5259705                   /home/pan/.javacpp/cache/openblas-0.3.23-1.5.9-linux-x86_64.jar/org/bytedeco/openblas/linux-x86_64/libopenblas_nolapack.so.0
7047ec718000-7047ee1ed000 r-xp 00118000 103:02 5259705                   /home/pan/.javacpp/cache/openblas-0.3.23-1.5.9-linux-x86_64.jar/org/bytedeco/openblas/linux-x86_64/libopenblas_nolapack.so.0
7047ee1ed000-7047ee3dc000 r--p 01bed000 103:02 5259705                   /home/pan/.javacpp/cache/openblas-0.3.23-1.5.9-linux-x86_64.jar/org/bytedeco/openblas/linux-x86_64/libopenblas_nolapack.so.0
7047ee3dc000-7047ee3e2000 r--p 01ddb000 103:02 5259705                   /home/pan/.javacpp/cache/openblas-0.3.23-1.5.9-linux-x86_64.jar/org/bytedeco/openblas/linux-x86_64/libopenblas_nolapack.so.0
7047ee3e2000-7047ee3fa000 rw-p 01de1000 103:02 5259705                   /home/pan/.javacpp/cache/openblas-0.3.23-1.5.9-linux-x86_64.jar/org/bytedeco/openblas/linux-x86_64/libopenblas_nolapack.so.0
7047ee3fa000-7047ee407000 rw-p 00000000 00:00 0 
7047ee600000-7047ee876000 r-xp 00000000 103:02 5259703                   /home/pan/.javacpp/cache/openblas-0.3.23-1.5.9-linux-x86_64.jar/org/bytedeco/openblas/linux-x86_64/libgfortran.so.5
7047ee876000-7047eea75000 ---p 00276000 103:02 5259703                   /home/pan/.javacpp/cache/openblas-0.3.23-1.5.9-linux-x86_64.jar/org/bytedeco/openblas/linux-x86_64/libgfortran.so.5
7047eea75000-7047eea76000 r--p 00275000 103:02 5259703                   /home/pan/.javacpp/cache/openblas-0.3.23-1.5.9-linux-x86_64.jar/org/bytedeco/openblas/linux-x86_64/libgfortran.so.5
7047eea76000-7047eea78000 rw-p 00276000 103:02 5259703                   /home/pan/.javacpp/cache/openblas-0.3.23-1.5.9-linux-x86_64.jar/org/bytedeco/openblas/linux-x86_64/libgfortran.so.5
7047eee00000-7047eee3b000 r-xp 00000000 103:02 5259701                   /home/pan/.javacpp/cache/openblas-0.3.23-1.5.9-linux-x86_64.jar/org/bytedeco/openblas/linux-x86_64/libquadmath.so.0
7047eee3b000-7047ef03a000 ---p 0003b000 103:02 5259701                   /home/pan/.javacpp/cache/openblas-0.3.23-1.5.9-linux-x86_64.jar/org/bytedeco/openblas/linux-x86_64/libquadmath.so.0
7047ef03a000-7047ef03b000 r--p 0003a000 103:02 5259701                   /home/pan/.javacpp/cache/openblas-0.3.23-1.5.9-linux-x86_64.jar/org/bytedeco/openblas/linux-x86_64/libquadmath.so.0
7047ef03b000-7047ef03c000 rw-p 0003b000 103:02 5259701                   /home/pan/.javacpp/cache/openblas-0.3.23-1.5.9-linux-x86_64.jar/org/bytedeco/openblas/linux-x86_64/libquadmath.so.0
7047ef400000-7047ef415000 r-xp 00000000 103:02 5259699                   /home/pan/.javacpp/cache/openblas-0.3.23-1.5.9-linux-x86_64.jar/org/bytedeco/openblas/linux-x86_64/libgcc_s.so.1
7047ef415000-7047ef614000 ---p 00015000 103:02 5259699                   /home/pan/.javacpp/cache/openblas-0.3.23-1.5.9-linux-x86_64.jar/org/bytedeco/openblas/linux-x86_64/libgcc_s.so.1
7047ef614000-7047ef615000 r--p 00014000 103:02 5259699                   /home/pan/.javacpp/cache/openblas-0.3.23-1.5.9-linux-x86_64.jar/org/bytedeco/openblas/linux-x86_64/libgcc_s.so.1
7047ef615000-7047ef616000 rw-p 00015000 103:02 5259699                   /home/pan/.javacpp/cache/openblas-0.3.23-1.5.9-linux-x86_64.jar/org/bytedeco/openblas/linux-x86_64/libgcc_s.so.1
7047efa00000-7047efa12000 r-xp 00000000 103:02 1182028                   /tmp/libio_grpc_netty_shaded_netty_transport_native_epoll_x86_6412225064677598147076.so (deleted)
7047efa12000-7047efc11000 ---p 00012000 103:02 1182028                   /tmp/libio_grpc_netty_shaded_netty_transport_native_epoll_x86_6412225064677598147076.so (deleted)
7047efc11000-7047efc13000 r--p 00011000 103:02 1182028                   /tmp/libio_grpc_netty_shaded_netty_transport_native_epoll_x86_6412225064677598147076.so (deleted)
7047efc13000-7047efc14000 rw-p 00000000 00:00 0 
7047f0000000-7047f17fe000 rw-p 00000000 00:00 0 
7047f17fe000-7047f4000000 ---p 00000000 00:00 0 
7047f4000000-7047f4021000 rw-p 00000000 00:00 0 
7047f4021000-7047f8000000 ---p 00000000 00:00 0 
7047f8200000-7047f8204000 ---p 00000000 00:00 0 
7047f8204000-7047f8300000 rw-p 00000000 00:00 0 
7047f8300000-7047f8304000 ---p 00000000 00:00 0 
7047f8304000-7047f8400000 rw-p 00000000 00:00 0 
7047f8400000-7047f8401000 ---p 00000000 00:00 0 
7047f8401000-7047f8c01000 rw-p 00000000 00:00 0 
7047f8d00000-7047f8d04000 ---p 00000000 00:00 0 
7047f8d04000-7047f8e00000 rw-p 00000000 00:00 0 
7047f8e00000-7047f8e01000 ---p 00000000 00:00 0 
7047f8e01000-7047f9601000 rw-p 00000000 00:00 0 
7047f96ff000-7047f9700000 ---p 00000000 00:00 0 
7047f9700000-7047f9800000 rw-p 00000000 00:00 0 
7047f9800000-7047f9801000 ---p 00000000 00:00 0 
7047f9801000-7047fa001000 rw-p 00000000 00:00 0 
7047fa0ff000-7047fa100000 ---p 00000000 00:00 0 
7047fa100000-7047fa200000 rw-p 00000000 00:00 0 
7047fa200000-7047fa201000 ---p 00000000 00:00 0 
7047fa201000-7047faa01000 rw-p 00000000 00:00 0 
7047fab00000-7047fab04000 ---p 00000000 00:00 0 
7047fab04000-7047fac00000 rw-p 00000000 00:00 0 
7047fac00000-7047fac01000 ---p 00000000 00:00 0 
7047fac01000-7047fb401000 rw-p 00000000 00:00 0 
7047fb500000-7047fb504000 ---p 00000000 00:00 0 
7047fb504000-7047fb600000 rw-p 00000000 00:00 0 
7047fb600000-7047fb601000 ---p 00000000 00:00 0 
7047fb601000-7047fbe01000 rw-p 00000000 00:00 0 
7047fbf00000-7047fbf04000 ---p 00000000 00:00 0 
7047fbf04000-7047fc000000 rw-p 00000000 00:00 0 
7047fc000000-7047fc021000 rw-p 00000000 00:00 0 
7047fc021000-704800000000 ---p 00000000 00:00 0 
704800000000-704800021000 rw-p 00000000 00:00 0 
704800021000-704804000000 ---p 00000000 00:00 0 
704804000000-704804004000 ---p 00000000 00:00 0 
704804004000-704804100000 rw-p 00000000 00:00 0 
704804100000-704804104000 ---p 00000000 00:00 0 
704804104000-704804200000 rw-p 00000000 00:00 0 
704804200000-704804204000 ---p 00000000 00:00 0 
704804204000-704804300000 rw-p 00000000 00:00 0 
704804300000-704804304000 ---p 00000000 00:00 0 
704804304000-704804400000 rw-p 00000000 00:00 0 
704804400000-704804401000 ---p 00000000 00:00 0 
704804401000-704804c01000 rw-p 00000000 00:00 0 
704804d00000-704804d04000 ---p 00000000 00:00 0 
704804d04000-704804e00000 rw-p 00000000 00:00 0 
704804e00000-704804e01000 ---p 00000000 00:00 0 
704804e01000-704805601000 rw-p 00000000 00:00 0 
704805700000-704805704000 ---p 00000000 00:00 0 
704805704000-704805800000 rw-p 00000000 00:00 0 
704805800000-704805801000 ---p 00000000 00:00 0 
704805801000-704806001000 rw-p 00000000 00:00 0 
704806100000-704806104000 ---p 00000000 00:00 0 
704806104000-704806200000 rw-p 00000000 00:00 0 
704806200000-704806201000 ---p 00000000 00:00 0 
704806201000-704806a01000 rw-p 00000000 00:00 0 
704806b00000-704806b04000 ---p 00000000 00:00 0 
704806b04000-704806c00000 rw-p 00000000 00:00 0 
704806c00000-704806c01000 ---p 00000000 00:00 0 
704806c01000-704807401000 rw-p 00000000 00:00 0 
704807500000-704807504000 ---p 00000000 00:00 0 
704807504000-704807600000 rw-p 00000000 00:00 0 
704807600000-704807601000 ---p 00000000 00:00 0 
704807601000-704807e01000 rw-p 00000000 00:00 0 
704807f00000-704807f04000 ---p 00000000 00:00 0 
704807f04000-704808000000 rw-p 00000000 00:00 0 
704808000000-704808021000 rw-p 00000000 00:00 0 
704808021000-70480c000000 ---p 00000000 00:00 0 
70480c000000-70480c021000 rw-p 00000000 00:00 0 
70480c021000-704810000000 ---p 00000000 00:00 0 
704810000000-704810004000 ---p 00000000 00:00 0 
704810004000-704810100000 rw-p 00000000 00:00 0 
704810100000-704810104000 ---p 00000000 00:00 0 
704810104000-704810200000 rw-p 00000000 00:00 0 
704810200000-7048107ef000 rw-p 00000000 00:00 0 
704810800000-704810801000 ---p 00000000 00:00 0 
704810801000-704811001000 rw-p 00000000 00:00 0 
704811100000-704811104000 ---p 00000000 00:00 0 
704811104000-704811200000 rw-p 00000000 00:00 0 
704811200000-704811201000 ---p 00000000 00:00 0 
704811201000-704811a01000 rw-p 00000000 00:00 0 
704811b00000-704811b04000 ---p 00000000 00:00 0 
704811b04000-704811c00000 rw-p 00000000 00:00 0 
704811c00000-704811c01000 ---p 00000000 00:00 0 
704811c01000-704812401000 rw-p 00000000 00:00 0 
704812500000-704812504000 ---p 00000000 00:00 0 
704812504000-704812600000 rw-p 00000000 00:00 0 
704812600000-704812601000 ---p 00000000 00:00 0 
704812601000-704812e01000 rw-p 00000000 00:00 0 
704812f00000-704812f04000 ---p 00000000 00:00 0 
704812f04000-704813000000 rw-p 00000000 00:00 0 
704813000000-70481308a000 r--p 00000000 103:02 5259688                   /home/pan/.javacpp/cache/ffmpeg-6.0-1.5.9-linux-x86_64.jar/org/bytedeco/ffmpeg/linux-x86_64/libavfilter.so.9
70481308a000-7048133d8000 r-xp 0008a000 103:02 5259688                   /home/pan/.javacpp/cache/ffmpeg-6.0-1.5.9-linux-x86_64.jar/org/bytedeco/ffmpeg/linux-x86_64/libavfilter.so.9
7048133d8000-704813495000 r--p 003d8000 103:02 5259688                   /home/pan/.javacpp/cache/ffmpeg-6.0-1.5.9-linux-x86_64.jar/org/bytedeco/ffmpeg/linux-x86_64/libavfilter.so.9
704813495000-704813517000 r--p 00494000 103:02 5259688                   /home/pan/.javacpp/cache/ffmpeg-6.0-1.5.9-linux-x86_64.jar/org/bytedeco/ffmpeg/linux-x86_64/libavfilter.so.9
704813517000-704813519000 rw-p 00516000 103:02 5259688                   /home/pan/.javacpp/cache/ffmpeg-6.0-1.5.9-linux-x86_64.jar/org/bytedeco/ffmpeg/linux-x86_64/libavfilter.so.9
704813519000-70481351c000 rw-p 00000000 00:00 0 
704813600000-7048136bf000 r--p 00000000 103:02 5259682                   /home/pan/.javacpp/cache/ffmpeg-6.0-1.5.9-linux-x86_64.jar/org/bytedeco/ffmpeg/linux-x86_64/libavformat.so.60
7048136bf000-704813d78000 r-xp 000bf000 103:02 5259682                   /home/pan/.javacpp/cache/ffmpeg-6.0-1.5.9-linux-x86_64.jar/org/bytedeco/ffmpeg/linux-x86_64/libavformat.so.60
704813d78000-704813f3a000 r--p 00778000 103:02 5259682                   /home/pan/.javacpp/cache/ffmpeg-6.0-1.5.9-linux-x86_64.jar/org/bytedeco/ffmpeg/linux-x86_64/libavformat.so.60
704813f3a000-704813fcf000 r--p 00939000 103:02 5259682                   /home/pan/.javacpp/cache/ffmpeg-6.0-1.5.9-linux-x86_64.jar/org/bytedeco/ffmpeg/linux-x86_64/libavformat.so.60
704813fcf000-704813fd8000 rw-p 009ce000 103:02 5259682                   /home/pan/.javacpp/cache/ffmpeg-6.0-1.5.9-linux-x86_64.jar/org/bytedeco/ffmpeg/linux-x86_64/libavformat.so.60
704813fd8000-704813fe1000 rw-p 00000000 00:00 0 
704814000000-704814021000 rw-p 00000000 00:00 0 
704814021000-704818000000 ---p 00000000 00:00 0 
704818000000-704818004000 ---p 00000000 00:00 0 
704818004000-704818100000 rw-p 00000000 00:00 0 
704818100000-704818104000 ---p 00000000 00:00 0 
704818104000-704818200000 rw-p 00000000 00:00 0 
704818200000-7048182ad000 r--p 00000000 103:02 5259679                   /home/pan/.javacpp/cache/ffmpeg-6.0-1.5.9-linux-x86_64.jar/org/bytedeco/ffmpeg/linux-x86_64/libavcodec.so.60
7048182ad000-704819b6c000 r-xp 000ad000 103:02 5259679                   /home/pan/.javacpp/cache/ffmpeg-6.0-1.5.9-linux-x86_64.jar/org/bytedeco/ffmpeg/linux-x86_64/libavcodec.so.60
704819b6c000-70481a144000 r--p 0196c000 103:02 5259679                   /home/pan/.javacpp/cache/ffmpeg-6.0-1.5.9-linux-x86_64.jar/org/bytedeco/ffmpeg/linux-x86_64/libavcodec.so.60
70481a144000-70481a145000 ---p 01f44000 103:02 5259679                   /home/pan/.javacpp/cache/ffmpeg-6.0-1.5.9-linux-x86_64.jar/org/bytedeco/ffmpeg/linux-x86_64/libavcodec.so.60
70481a145000-70481a1d3000 r--p 01f44000 103:02 5259679                   /home/pan/.javacpp/cache/ffmpeg-6.0-1.5.9-linux-x86_64.jar/org/bytedeco/ffmpeg/linux-x86_64/libavcodec.so.60
70481a1d3000-70481a1ea000 rw-p 01fd2000 103:02 5259679                   /home/pan/.javacpp/cache/ffmpeg-6.0-1.5.9-linux-x86_64.jar/org/bytedeco/ffmpeg/linux-x86_64/libavcodec.so.60
70481a1ea000-70481ab92000 rw-p 00000000 00:00 0 
70481ac7f000-70481ac83000 ---p 00000000 00:00 0 
70481ac83000-70481ad7f000 rw-p 00000000 00:00 0 
70481ad7f000-70481ad83000 ---p 00000000 00:00 0 
70481ad83000-70481ae7f000 rw-p 00000000 00:00 0 
70481ae7f000-70481aed5000 r--p 00000000 103:02 5259725                   /home/pan/.javacpp/cache/opencv-4.7.0-1.5.9-linux-x86_64.jar/org/bytedeco/opencv/linux-x86_64/libjniopencv_imgproc.so
70481aed5000-70481afb1000 r-xp 00056000 103:02 5259725                   /home/pan/.javacpp/cache/opencv-4.7.0-1.5.9-linux-x86_64.jar/org/bytedeco/opencv/linux-x86_64/libjniopencv_imgproc.so
70481afb1000-70481affb000 r--p 00132000 103:02 5259725                   /home/pan/.javacpp/cache/opencv-4.7.0-1.5.9-linux-x86_64.jar/org/bytedeco/opencv/linux-x86_64/libjniopencv_imgproc.so
70481affb000-70481affc000 ---p 0017c000 103:02 5259725                   /home/pan/.javacpp/cache/opencv-4.7.0-1.5.9-linux-x86_64.jar/org/bytedeco/opencv/linux-x86_64/libjniopencv_imgproc.so
70481affc000-70481afff000 r--p 0017c000 103:02 5259725                   /home/pan/.javacpp/cache/opencv-4.7.0-1.5.9-linux-x86_64.jar/org/bytedeco/opencv/linux-x86_64/libjniopencv_imgproc.so
70481afff000-70481b000000 rw-p 0017f000 103:02 5259725                   /home/pan/.javacpp/cache/opencv-4.7.0-1.5.9-linux-x86_64.jar/org/bytedeco/opencv/linux-x86_64/libjniopencv_imgproc.so
70481b000000-70481b3f0000 rw-p 00000000 00:00 0 
70481b3f0000-70481c4d0000 rw-p 00000000 00:00 0 
70481c4d0000-70481c500000 ---p 00000000 00:00 0 
70481c500000-70481c520000 rw-p 00000000 00:00 0 
70481c520000-70481f000000 ---p 00000000 00:00 0 
70481f000000-70481fbc9000 rw-p 00001000 103:02 4342152                   /home/pan/.jdks/corretto-17.0.14/lib/server/classes.jsa
70481fbc9000-704820000000 ---p 00000000 00:00 0 
704820000000-704820030000 rw-p 00000000 00:00 0 
704820030000-704820070000 rw-p 00000000 00:00 0 
704820070000-7048200f0000 rw-p 00000000 00:00 0 
7048200f0000-704820230000 rw-p 00000000 00:00 0 
704820230000-704820240000 ---p 00000000 00:00 0 
704820240000-704820250000 rw-p 00000000 00:00 0 
704820250000-704860000000 ---p 00000000 00:00 0 
704860000000-704860021000 rw-p 00000000 00:00 0 
704860021000-704864000000 ---p 00000000 00:00 0 
704864000000-704864021000 rw-p 00000000 00:00 0 
704864021000-704868000000 ---p 00000000 00:00 0 
7048680fd000-7048680fe000 ---p 00000000 00:00 0 
7048680fe000-7048681fe000 rw-p 00000000 00:00 0 
7048681fe000-7048681ff000 ---p 00000000 00:00 0 
7048681ff000-7048682ff000 rw-p 00000000 00:00 0 
7048682ff000-704868300000 ---p 00000000 00:00 0 
704868300000-704868400000 rw-p 00000000 00:00 0 
704868400000-704868404000 ---p 00000000 00:00 0 
704868404000-704868500000 rw-p 00000000 00:00 0 
704868500000-704868504000 ---p 00000000 00:00 0 
704868504000-704868600000 rw-p 00000000 00:00 0 
704868600000-704868617000 r--p 00000000 103:02 5259673                   /home/pan/.javacpp/cache/ffmpeg-6.0-1.5.9-linux-x86_64.jar/org/bytedeco/ffmpeg/linux-x86_64/libavutil.so.58
704868617000-7048686c6000 r-xp 00017000 103:02 5259673                   /home/pan/.javacpp/cache/ffmpeg-6.0-1.5.9-linux-x86_64.jar/org/bytedeco/ffmpeg/linux-x86_64/libavutil.so.58
7048686c6000-7048686ea000 r--p 000c6000 103:02 5259673                   /home/pan/.javacpp/cache/ffmpeg-6.0-1.5.9-linux-x86_64.jar/org/bytedeco/ffmpeg/linux-x86_64/libavutil.so.58
7048686ea000-7048686eb000 ---p 000ea000 103:02 5259673                   /home/pan/.javacpp/cache/ffmpeg-6.0-1.5.9-linux-x86_64.jar/org/bytedeco/ffmpeg/linux-x86_64/libavutil.so.58
7048686eb000-7048686fd000 r--p 000ea000 103:02 5259673                   /home/pan/.javacpp/cache/ffmpeg-6.0-1.5.9-linux-x86_64.jar/org/bytedeco/ffmpeg/linux-x86_64/libavutil.so.58
7048686fd000-7048686fe000 rw-p 000fc000 103:02 5259673                   /home/pan/.javacpp/cache/ffmpeg-6.0-1.5.9-linux-x86_64.jar/org/bytedeco/ffmpeg/linux-x86_64/libavutil.so.58
7048686fe000-70486880d000 rw-p 00000000 00:00 0 
704868900000-704868904000 ---p 00000000 00:00 0 
704868904000-704868a00000 rw-p 00000000 00:00 0 
704868a00000-704868a02000 r-xp 00000000 103:02 5259672                   /home/pan/.javacpp/cache/ffmpeg-6.0-1.5.9-linux-x86_64.jar/org/bytedeco/ffmpeg/linux-x86_64/libva-drm.so
704868a02000-704868c01000 ---p 00002000 103:02 5259672                   /home/pan/.javacpp/cache/ffmpeg-6.0-1.5.9-linux-x86_64.jar/org/bytedeco/ffmpeg/linux-x86_64/libva-drm.so
704868c01000-704868c02000 r--p 00001000 103:02 5259672                   /home/pan/.javacpp/cache/ffmpeg-6.0-1.5.9-linux-x86_64.jar/org/bytedeco/ffmpeg/linux-x86_64/libva-drm.so
704868c02000-704868c03000 rw-p 00002000 103:02 5259672                   /home/pan/.javacpp/cache/ffmpeg-6.0-1.5.9-linux-x86_64.jar/org/bytedeco/ffmpeg/linux-x86_64/libva-drm.so
704868cfd000-704868d01000 ---p 00000000 00:00 0 
704868d01000-704868dfd000 rw-p 00000000 00:00 0 
704868dfd000-704868e01000 ---p 00000000 00:00 0 
704868e01000-704868efd000 rw-p 00000000 00:00 0 
704868efd000-704868f27000 r--p 00000000 103:02 11846987                  /usr/lib/x86_64-linux-gnu/libasound.so.2.0.0
704868f27000-704868fbe000 r-xp 0002a000 103:02 11846987                  /usr/lib/x86_64-linux-gnu/libasound.so.2.0.0
704868fbe000-704868ff8000 r--p 000c1000 103:02 11846987                  /usr/lib/x86_64-linux-gnu/libasound.so.2.0.0
704868ff8000-704868fff000 r--p 000fa000 103:02 11846987                  /usr/lib/x86_64-linux-gnu/libasound.so.2.0.0
704868fff000-704869000000 rw-p 00101000 103:02 11846987                  /usr/lib/x86_64-linux-gnu/libasound.so.2.0.0
704869000000-704869010000 r-xp 00000000 103:02 5259670                   /home/pan/.javacpp/cache/ffmpeg-6.0-1.5.9-linux-x86_64.jar/org/bytedeco/ffmpeg/linux-x86_64/libdrm.so.2
704869010000-70486920f000 ---p 00010000 103:02 5259670                   /home/pan/.javacpp/cache/ffmpeg-6.0-1.5.9-linux-x86_64.jar/org/bytedeco/ffmpeg/linux-x86_64/libdrm.so.2
70486920f000-704869210000 r--p 0000f000 103:02 5259670                   /home/pan/.javacpp/cache/ffmpeg-6.0-1.5.9-linux-x86_64.jar/org/bytedeco/ffmpeg/linux-x86_64/libdrm.so.2
704869210000-704869211000 rw-p 00010000 103:02 5259670                   /home/pan/.javacpp/cache/ffmpeg-6.0-1.5.9-linux-x86_64.jar/org/bytedeco/ffmpeg/linux-x86_64/libdrm.so.2
7048692d2000-7048692d6000 ---p 00000000 00:00 0 
7048692d6000-7048693d2000 rw-p 00000000 00:00 0 
7048693d2000-7048693d6000 ---p 00000000 00:00 0 
7048693d6000-7048694d2000 rw-p 00000000 00:00 0 
7048694d2000-70486952e000 r--p 00000000 103:02 5259675                   /home/pan/.javacpp/cache/ffmpeg-6.0-1.5.9-linux-x86_64.jar/org/bytedeco/ffmpeg/linux-x86_64/libjniavutil.so
70486952e000-7048695b4000 r-xp 0005c000 103:02 5259675                   /home/pan/.javacpp/cache/ffmpeg-6.0-1.5.9-linux-x86_64.jar/org/bytedeco/ffmpeg/linux-x86_64/libjniavutil.so
7048695b4000-7048695f0000 r--p 000e2000 103:02 5259675                   /home/pan/.javacpp/cache/ffmpeg-6.0-1.5.9-linux-x86_64.jar/org/bytedeco/ffmpeg/linux-x86_64/libjniavutil.so
7048695f0000-7048695fd000 r--p 0011d000 103:02 5259675                   /home/pan/.javacpp/cache/ffmpeg-6.0-1.5.9-linux-x86_64.jar/org/bytedeco/ffmpeg/linux-x86_64/libjniavutil.so
7048695fd000-7048695ff000 rw-p 0012a000 103:02 5259675                   /home/pan/.javacpp/cache/ffmpeg-6.0-1.5.9-linux-x86_64.jar/org/bytedeco/ffmpeg/linux-x86_64/libjniavutil.so
7048695ff000-704869600000 rw-p 00000000 00:00 0 
704869600000-70486962b000 r-xp 00000000 103:02 5259669                   /home/pan/.javacpp/cache/ffmpeg-6.0-1.5.9-linux-x86_64.jar/org/bytedeco/ffmpeg/linux-x86_64/libva.so
70486962b000-70486982a000 ---p 0002b000 103:02 5259669                   /home/pan/.javacpp/cache/ffmpeg-6.0-1.5.9-linux-x86_64.jar/org/bytedeco/ffmpeg/linux-x86_64/libva.so
70486982a000-70486982b000 r--p 0002a000 103:02 5259669                   /home/pan/.javacpp/cache/ffmpeg-6.0-1.5.9-linux-x86_64.jar/org/bytedeco/ffmpeg/linux-x86_64/libva.so
70486982b000-70486982c000 rw-p 0002b000 103:02 5259669                   /home/pan/.javacpp/cache/ffmpeg-6.0-1.5.9-linux-x86_64.jar/org/bytedeco/ffmpeg/linux-x86_64/libva.so
704869900000-704869904000 ---p 00000000 00:00 0 
704869904000-704869a00000 rw-p 00000000 00:00 0 
704869a00000-704869a04000 ---p 00000000 00:00 0 
704869a04000-704869b00000 rw-p 00000000 00:00 0 
704869b00000-704869b04000 ---p 00000000 00:00 0 
704869b04000-704869c00000 rw-p 00000000 00:00 0 
704869c00000-704869c9a000 r--p 00000000 103:02 11848158                  /usr/lib/x86_64-linux-gnu/libstdc++.so.6.0.30
704869c9a000-704869dab000 r-xp 0009a000 103:02 11848158                  /usr/lib/x86_64-linux-gnu/libstdc++.so.6.0.30
704869dab000-704869e1a000 r--p 001ab000 103:02 11848158                  /usr/lib/x86_64-linux-gnu/libstdc++.so.6.0.30
704869e1a000-704869e1b000 ---p 0021a000 103:02 11848158                  /usr/lib/x86_64-linux-gnu/libstdc++.so.6.0.30
704869e1b000-704869e26000 r--p 0021a000 103:02 11848158                  /usr/lib/x86_64-linux-gnu/libstdc++.so.6.0.30
704869e26000-704869e29000 rw-p 00225000 103:02 11848158                  /usr/lib/x86_64-linux-gnu/libstdc++.so.6.0.30
704869e29000-704869e2c000 rw-p 00000000 00:00 0 
704869f00000-704869f04000 ---p 00000000 00:00 0 
704869f04000-70486a000000 rw-p 00000000 00:00 0 
70486a000000-70486a002000 r-xp 00000000 103:02 4342186                   /home/pan/.jdks/corretto-17.0.14/lib/libextnet.so
70486a002000-70486a201000 ---p 00002000 103:02 4342186                   /home/pan/.jdks/corretto-17.0.14/lib/libextnet.so
70486a201000-70486a202000 r--p 00001000 103:02 4342186                   /home/pan/.jdks/corretto-17.0.14/lib/libextnet.so
70486a202000-70486a203000 rw-p 00000000 00:00 0 
70486a2fe000-70486a302000 ---p 00000000 00:00 0 
70486a302000-70486a3fe000 rw-p 00000000 00:00 0 
70486a3fe000-70486a402000 ---p 00000000 00:00 0 
70486a402000-70486a4fe000 rw-p 00000000 00:00 0 
70486a4fe000-70486a502000 ---p 00000000 00:00 0 
70486a502000-70486a5fe000 rw-p 00000000 00:00 0 
70486a5fe000-70486a5ff000 ---p 00000000 00:00 0 
70486a5ff000-70486a6ff000 rw-p 00000000 00:00 0 
70486a6ff000-70486a703000 ---p 00000000 00:00 0 
70486a703000-70486a7ff000 rw-p 00000000 00:00 0 
70486a7ff000-70486a803000 ---p 00000000 00:00 0 
70486a803000-70486a8ff000 rw-p 00000000 00:00 0 
70486a8ff000-70486a900000 ---p 00000000 00:00 0 
70486a900000-70486aa00000 rw-p 00000000 00:00 0 
70486aa00000-70486aa15000 r-xp 00000000 103:02 4342139                   /home/pan/.jdks/corretto-17.0.14/lib/libnet.so
70486aa15000-70486ac14000 ---p 00015000 103:02 4342139                   /home/pan/.jdks/corretto-17.0.14/lib/libnet.so
70486ac14000-70486ac15000 r--p 00014000 103:02 4342139                   /home/pan/.jdks/corretto-17.0.14/lib/libnet.so
70486ac15000-70486ac16000 rw-p 00015000 103:02 4342139                   /home/pan/.jdks/corretto-17.0.14/lib/libnet.so
70486acfd000-70486acfe000 ---p 00000000 00:00 0 
70486acfe000-70486adfe000 rw-p 00000000 00:00 0 
70486adfe000-70486adff000 ---p 00000000 00:00 0 
70486adff000-70486aeff000 rw-p 00000000 00:00 0 
70486aeff000-70486af00000 ---p 00000000 00:00 0 
70486af00000-70486b000000 rw-p 00000000 00:00 0 
70486b000000-70486b012000 r-xp 00000000 103:02 4342140                   /home/pan/.jdks/corretto-17.0.14/lib/libnio.so
70486b012000-70486b212000 ---p 00012000 103:02 4342140                   /home/pan/.jdks/corretto-17.0.14/lib/libnio.so
70486b212000-70486b213000 r--p 00012000 103:02 4342140                   /home/pan/.jdks/corretto-17.0.14/lib/libnio.so
70486b213000-70486b214000 rw-p 00013000 103:02 4342140                   /home/pan/.jdks/corretto-17.0.14/lib/libnio.so
70486b2fd000-70486b2fe000 ---p 00000000 00:00 0 
70486b2fe000-70486b3fe000 rw-p 00000000 00:00 0 
70486b3fe000-70486b3ff000 ---p 00000000 00:00 0 
70486b3ff000-70486b4ff000 rw-p 00000000 00:00 0 
70486b4ff000-70486b500000 ---p 00000000 00:00 0 
70486b500000-70486b600000 rw-p 00000000 00:00 0 
70486b600000-70486b607000 r-xp 00000000 103:02 4342142                   /home/pan/.jdks/corretto-17.0.14/lib/libzip.so
70486b607000-70486b807000 ---p 00007000 103:02 4342142                   /home/pan/.jdks/corretto-17.0.14/lib/libzip.so
70486b807000-70486b808000 r--p 00007000 103:02 4342142                   /home/pan/.jdks/corretto-17.0.14/lib/libzip.so
70486b808000-70486b809000 rw-p 00000000 00:00 0 
70486b8fe000-70486b8ff000 ---p 00000000 00:00 0 
70486b8ff000-70486b9ff000 rw-p 00000000 00:00 0 
70486b9ff000-70486ba00000 ---p 00000000 00:00 0 
70486ba00000-70486bb00000 rw-p 00000000 00:00 0 
70486bb00000-70486bb04000 ---p 00000000 00:00 0 
70486bb04000-70486bc00000 rw-p 00000000 00:00 0 
70486bc00000-70486bc04000 ---p 00000000 00:00 0 
70486bc04000-70486bd00000 rw-p 00000000 00:00 0 
70486bd00000-70486bd04000 ---p 00000000 00:00 0 
70486bd04000-70486be00000 rw-p 00000000 00:00 0 
70486be00000-70486be04000 ---p 00000000 00:00 0 
70486be04000-70486bf00000 rw-p 00000000 00:00 0 
70486bf00000-70486bf04000 ---p 00000000 00:00 0 
70486bf04000-70486c000000 rw-p 00000000 00:00 0 
70486c000000-70486c021000 rw-p 00000000 00:00 0 
70486c021000-704870000000 ---p 00000000 00:00 0 
704870000000-704870021000 rw-p 00000000 00:00 0 
704870021000-704874000000 ---p 00000000 00:00 0 
704874000000-704874004000 ---p 00000000 00:00 0 
704874004000-704874100000 rw-p 00000000 00:00 0 
704874100000-704874104000 ---p 00000000 00:00 0 
704874104000-704874200000 rw-p 00000000 00:00 0 
704874200000-704874204000 ---p 00000000 00:00 0 
704874204000-704874300000 rw-p 00000000 00:00 0 
704874300000-704874304000 ---p 00000000 00:00 0 
704874304000-704874400000 rw-p 00000000 00:00 0 
704874400000-704874c78000 r--p 00000000 103:02 11820149                  /usr/lib/locale/locale-archive
704874d00000-704874d04000 ---p 00000000 00:00 0 
704874d04000-704874e00000 rw-p 00000000 00:00 0 
704874e00000-704874ece000 r-xp 00000000 103:02 4342178                   /home/pan/.jdks/corretto-17.0.14/lib/libjsvml.so
704874ece000-7048750cd000 ---p 000ce000 103:02 4342178                   /home/pan/.jdks/corretto-17.0.14/lib/libjsvml.so
7048750cd000-7048750ce000 r--p 000cd000 103:02 4342178                   /home/pan/.jdks/corretto-17.0.14/lib/libjsvml.so
7048750ce000-7048750cf000 rw-p 000ce000 103:02 4342178                   /home/pan/.jdks/corretto-17.0.14/lib/libjsvml.so
7048750f2000-7048750f6000 ---p 00000000 00:00 0 
7048750f6000-7048751f2000 rw-p 00000000 00:00 0 
7048751f2000-7048751f3000 ---p 00000000 00:00 0 
7048751f3000-7048752f3000 rw-p 00000000 00:00 0 
7048752f3000-7048752f4000 ---p 00000000 00:00 0 
7048752f4000-7048753f4000 rw-p 00000000 00:00 0 
7048753f4000-7048753f5000 ---p 00000000 00:00 0 
7048753f5000-7048754f5000 rw-p 00000000 00:00 0 
7048754f5000-704878000000 rw-p 00000000 00:00 0 
704878000000-704878021000 rw-p 00000000 00:00 0 
704878021000-70487c000000 ---p 00000000 00:00 0 
70487c0ff000-70487c390000 rw-p 00000000 00:00 0 
70487c390000-70487c5c0000 ---p 00000000 00:00 0 
70487c5c0000-70487c5e0000 rw-p 00000000 00:00 0 
70487c5e0000-70487c8d0000 ---p 00000000 00:00 0 
70487c8d0000-70487c8e0000 rw-p 00000000 00:00 0 
70487c8e0000-704882ef0000 ---p 00000000 00:00 0 
704882ef0000-704882f10000 rw-p 00000000 00:00 0 
704883000000-704883190000 rw-p 00000000 00:00 0 
704883190000-7048833c0000 ---p 00000000 00:00 0 
7048833c0000-7048833e0000 rw-p 00000000 00:00 0 
7048833e0000-7048836d0000 ---p 00000000 00:00 0 
7048836d0000-7048836e0000 rw-p 00000000 00:00 0 
7048836e0000-704889cf0000 ---p 00000000 00:00 0 
704889cf0000-704889d10000 rw-p 00000000 00:00 0 
704889e00000-704889e32000 rw-p 00000000 00:00 0 
704889e32000-704889e78000 ---p 00000000 00:00 0 
704889e78000-704889e7c000 rw-p 00000000 00:00 0 
704889e7c000-704889eda000 ---p 00000000 00:00 0 
704889eda000-704889edc000 rw-p 00000000 00:00 0 
704889edc000-70488ab9e000 ---p 00000000 00:00 0 
70488ab9e000-70488aba2000 rw-p 00000000 00:00 0 
70488abb4000-70488abc6000 r--p 00000000 103:02 5259707                   /home/pan/.javacpp/cache/openblas-0.3.23-1.5.9-linux-x86_64.jar/org/bytedeco/openblas/linux-x86_64/libjniopenblas_nolapack.so
70488abc6000-70488abf1000 r-xp 00012000 103:02 5259707                   /home/pan/.javacpp/cache/openblas-0.3.23-1.5.9-linux-x86_64.jar/org/bytedeco/openblas/linux-x86_64/libjniopenblas_nolapack.so
70488abf1000-70488abfe000 r--p 0003d000 103:02 5259707                   /home/pan/.javacpp/cache/openblas-0.3.23-1.5.9-linux-x86_64.jar/org/bytedeco/openblas/linux-x86_64/libjniopenblas_nolapack.so
70488abfe000-70488abff000 r--p 00049000 103:02 5259707                   /home/pan/.javacpp/cache/openblas-0.3.23-1.5.9-linux-x86_64.jar/org/bytedeco/openblas/linux-x86_64/libjniopenblas_nolapack.so
70488abff000-70488ac00000 rw-p 0004a000 103:02 5259707                   /home/pan/.javacpp/cache/openblas-0.3.23-1.5.9-linux-x86_64.jar/org/bytedeco/openblas/linux-x86_64/libjniopenblas_nolapack.so
70488ac00000-70488ac32000 rw-p 00000000 00:00 0 
70488ac32000-70488ac78000 ---p 00000000 00:00 0 
70488ac78000-70488ac7c000 rw-p 00000000 00:00 0 
70488ac7c000-70488acda000 ---p 00000000 00:00 0 
70488acda000-70488acdc000 rw-p 00000000 00:00 0 
70488acdc000-70488b99e000 ---p 00000000 00:00 0 
70488b99e000-70488b9a2000 rw-p 00000000 00:00 0 
70488b9a9000-70488b9b3000 r--p 00000000 103:02 5259728                   /home/pan/.javacpp/cache/opencv-4.7.0-1.5.9-linux-x86_64.jar/org/bytedeco/opencv/linux-x86_64/libjniopencv_imgcodecs.so
70488b9b3000-70488b9da000 r-xp 0000a000 103:02 5259728                   /home/pan/.javacpp/cache/opencv-4.7.0-1.5.9-linux-x86_64.jar/org/bytedeco/opencv/linux-x86_64/libjniopencv_imgcodecs.so
70488b9da000-70488b9e4000 r--p 00031000 103:02 5259728                   /home/pan/.javacpp/cache/opencv-4.7.0-1.5.9-linux-x86_64.jar/org/bytedeco/opencv/linux-x86_64/libjniopencv_imgcodecs.so
70488b9e4000-70488b9e5000 ---p 0003b000 103:02 5259728                   /home/pan/.javacpp/cache/opencv-4.7.0-1.5.9-linux-x86_64.jar/org/bytedeco/opencv/linux-x86_64/libjniopencv_imgcodecs.so
70488b9e5000-70488b9e6000 r--p 0003b000 103:02 5259728                   /home/pan/.javacpp/cache/opencv-4.7.0-1.5.9-linux-x86_64.jar/org/bytedeco/opencv/linux-x86_64/libjniopencv_imgcodecs.so
70488b9e6000-70488b9e7000 rw-p 0003c000 103:02 5259728                   /home/pan/.javacpp/cache/opencv-4.7.0-1.5.9-linux-x86_64.jar/org/bytedeco/opencv/linux-x86_64/libjniopencv_imgcodecs.so
70488b9e7000-70488b9ee000 r--p 00000000 103:02 5259693                   /home/pan/.javacpp/cache/ffmpeg-6.0-1.5.9-linux-x86_64.jar/org/bytedeco/ffmpeg/linux-x86_64/libjniavdevice.so
70488b9ee000-70488b9f8000 r-xp 00007000 103:02 5259693                   /home/pan/.javacpp/cache/ffmpeg-6.0-1.5.9-linux-x86_64.jar/org/bytedeco/ffmpeg/linux-x86_64/libjniavdevice.so
70488b9f8000-70488b9fd000 r--p 00011000 103:02 5259693                   /home/pan/.javacpp/cache/ffmpeg-6.0-1.5.9-linux-x86_64.jar/org/bytedeco/ffmpeg/linux-x86_64/libjniavdevice.so
70488b9fd000-70488b9fe000 ---p 00016000 103:02 5259693                   /home/pan/.javacpp/cache/ffmpeg-6.0-1.5.9-linux-x86_64.jar/org/bytedeco/ffmpeg/linux-x86_64/libjniavdevice.so
70488b9fe000-70488b9ff000 r--p 00016000 103:02 5259693                   /home/pan/.javacpp/cache/ffmpeg-6.0-1.5.9-linux-x86_64.jar/org/bytedeco/ffmpeg/linux-x86_64/libjniavdevice.so
70488b9ff000-70488ba00000 rw-p 00017000 103:02 5259693                   /home/pan/.javacpp/cache/ffmpeg-6.0-1.5.9-linux-x86_64.jar/org/bytedeco/ffmpeg/linux-x86_64/libjniavdevice.so
70488ba00000-70488ba32000 rw-p 00000000 00:00 0 
70488ba32000-70488ba78000 ---p 00000000 00:00 0 
70488ba78000-70488ba7c000 rw-p 00000000 00:00 0 
70488ba7c000-70488bada000 ---p 00000000 00:00 0 
70488bada000-70488badc000 rw-p 00000000 00:00 0 
70488badc000-70488c79e000 ---p 00000000 00:00 0 
70488c79e000-70488c7a2000 rw-p 00000000 00:00 0 
70488c7b6000-70488c7cc000 r--p 00000000 103:02 5259690                   /home/pan/.javacpp/cache/ffmpeg-6.0-1.5.9-linux-x86_64.jar/org/bytedeco/ffmpeg/linux-x86_64/libjniavfilter.so
70488c7cc000-70488c7eb000 r-xp 00016000 103:02 5259690                   /home/pan/.javacpp/cache/ffmpeg-6.0-1.5.9-linux-x86_64.jar/org/bytedeco/ffmpeg/linux-x86_64/libjniavfilter.so
70488c7eb000-70488c7fb000 r--p 00035000 103:02 5259690                   /home/pan/.javacpp/cache/ffmpeg-6.0-1.5.9-linux-x86_64.jar/org/bytedeco/ffmpeg/linux-x86_64/libjniavfilter.so
70488c7fb000-70488c7ff000 r--p 00044000 103:02 5259690                   /home/pan/.javacpp/cache/ffmpeg-6.0-1.5.9-linux-x86_64.jar/org/bytedeco/ffmpeg/linux-x86_64/libjniavfilter.so
70488c7ff000-70488c800000 rw-p 00048000 103:02 5259690                   /home/pan/.javacpp/cache/ffmpeg-6.0-1.5.9-linux-x86_64.jar/org/bytedeco/ffmpeg/linux-x86_64/libjniavfilter.so
70488c800000-70488cdb0000 rwxp 00000000 00:00 0 
70488cdb0000-704893c5f000 ---p 00000000 00:00 0 
704893c5f000-704893fdf000 rwxp 00000000 00:00 0 
704893fdf000-7048943a0000 ---p 00000000 00:00 0 
7048943a0000-704894610000 rwxp 00000000 00:00 0 
704894610000-70489b800000 ---p 00000000 00:00 0 
70489b800000-70489b824000 r-xp 00000000 103:02 4342135                   /home/pan/.jdks/corretto-17.0.14/lib/libjava.so
70489b824000-70489ba24000 ---p 00024000 103:02 4342135                   /home/pan/.jdks/corretto-17.0.14/lib/libjava.so
70489ba24000-70489ba25000 r--p 00024000 103:02 4342135                   /home/pan/.jdks/corretto-17.0.14/lib/libjava.so
70489ba25000-70489ba26000 rw-p 00025000 103:02 4342135                   /home/pan/.jdks/corretto-17.0.14/lib/libjava.so
70489ba26000-70489ba27000 rw-p 00000000 00:00 0 
70489ba30000-70489ba33000 r--p 00000000 103:02 6849600                   /opt/rocm-6.1.0/lib/libOpenCL.so.1.2
70489ba33000-70489ba37000 r-xp 00003000 103:02 6849600                   /opt/rocm-6.1.0/lib/libOpenCL.so.1.2
70489ba37000-70489ba39000 r--p 00007000 103:02 6849600                   /opt/rocm-6.1.0/lib/libOpenCL.so.1.2
70489ba39000-70489ba3a000 r--p 00008000 103:02 6849600                   /opt/rocm-6.1.0/lib/libOpenCL.so.1.2
70489ba3a000-70489ba3b000 rw-p 00009000 103:02 6849600                   /opt/rocm-6.1.0/lib/libOpenCL.so.1.2
70489ba3b000-70489ba3d000 r--p 00000000 103:02 11847745                  /usr/lib/x86_64-linux-gnu/libmd.so.0.0.5
70489ba3d000-70489ba44000 r-xp 00002000 103:02 11847745                  /usr/lib/x86_64-linux-gnu/libmd.so.0.0.5
70489ba44000-70489ba46000 r--p 00009000 103:02 11847745                  /usr/lib/x86_64-linux-gnu/libmd.so.0.0.5
70489ba46000-70489ba47000 r--p 0000a000 103:02 11847745                  /usr/lib/x86_64-linux-gnu/libmd.so.0.0.5
70489ba47000-70489ba48000 rw-p 0000b000 103:02 11847745                  /usr/lib/x86_64-linux-gnu/libmd.so.0.0.5
70489ba48000-70489ba4c000 r--p 00000000 103:02 11847081                  /usr/lib/x86_64-linux-gnu/libbsd.so.0.11.5
70489ba4c000-70489ba59000 r-xp 00004000 103:02 11847081                  /usr/lib/x86_64-linux-gnu/libbsd.so.0.11.5
70489ba59000-70489ba5c000 r--p 00011000 103:02 11847081                  /usr/lib/x86_64-linux-gnu/libbsd.so.0.11.5
70489ba5c000-70489ba5d000 ---p 00014000 103:02 11847081                  /usr/lib/x86_64-linux-gnu/libbsd.so.0.11.5
70489ba5d000-70489ba5e000 r--p 00014000 103:02 11847081                  /usr/lib/x86_64-linux-gnu/libbsd.so.0.11.5
70489ba5e000-70489ba5f000 rw-p 00015000 103:02 11847081                  /usr/lib/x86_64-linux-gnu/libbsd.so.0.11.5
70489ba5f000-70489ba60000 rw-p 00000000 00:00 0 
70489ba60000-70489ba62000 r--p 00000000 103:02 11846801                  /usr/lib/x86_64-linux-gnu/libXdmcp.so.6.0.0
70489ba62000-70489ba64000 r-xp 00002000 103:02 11846801                  /usr/lib/x86_64-linux-gnu/libXdmcp.so.6.0.0
70489ba64000-70489ba66000 r--p 00004000 103:02 11846801                  /usr/lib/x86_64-linux-gnu/libXdmcp.so.6.0.0
70489ba66000-70489ba67000 r--p 00005000 103:02 11846801                  /usr/lib/x86_64-linux-gnu/libXdmcp.so.6.0.0
70489ba67000-70489ba68000 rw-p 00006000 103:02 11846801                  /usr/lib/x86_64-linux-gnu/libXdmcp.so.6.0.0
70489ba68000-70489ba6b000 r--p 00000000 103:02 5259685                   /home/pan/.javacpp/cache/ffmpeg-6.0-1.5.9-linux-x86_64.jar/org/bytedeco/ffmpeg/linux-x86_64/libswscale.so.7
70489ba6b000-70489bae2000 r-xp 00003000 103:02 5259685                   /home/pan/.javacpp/cache/ffmpeg-6.0-1.5.9-linux-x86_64.jar/org/bytedeco/ffmpeg/linux-x86_64/libswscale.so.7
70489bae2000-70489baf2000 r--p 0007a000 103:02 5259685                   /home/pan/.javacpp/cache/ffmpeg-6.0-1.5.9-linux-x86_64.jar/org/bytedeco/ffmpeg/linux-x86_64/libswscale.so.7
70489baf2000-70489baf3000 ---p 0008a000 103:02 5259685                   /home/pan/.javacpp/cache/ffmpeg-6.0-1.5.9-linux-x86_64.jar/org/bytedeco/ffmpeg/linux-x86_64/libswscale.so.7
70489baf3000-70489baf4000 r--p 0008a000 103:02 5259685                   /home/pan/.javacpp/cache/ffmpeg-6.0-1.5.9-linux-x86_64.jar/org/bytedeco/ffmpeg/linux-x86_64/libswscale.so.7
70489baf4000-70489baf5000 rw-p 0008b000 103:02 5259685                   /home/pan/.javacpp/cache/ffmpeg-6.0-1.5.9-linux-x86_64.jar/org/bytedeco/ffmpeg/linux-x86_64/libswscale.so.7
70489baf5000-70489bbfe000 rw-p 00000000 00:00 0 
70489bbfe000-70489bbff000 ---p 00000000 00:00 0 
70489bbff000-70489bcff000 rw-p 00000000 00:00 0 
70489bcff000-70489bd00000 ---p 00000000 00:00 0 
70489bd00000-70489be00000 rw-p 00000000 00:00 0 
70489be00000-70489be0a000 r-xp 00000000 103:02 4342167                   /home/pan/.jdks/corretto-17.0.14/lib/libinstrument.so
70489be0a000-70489c009000 ---p 0000a000 103:02 4342167                   /home/pan/.jdks/corretto-17.0.14/lib/libinstrument.so
70489c009000-70489c00a000 r--p 00009000 103:02 4342167                   /home/pan/.jdks/corretto-17.0.14/lib/libinstrument.so
70489c00a000-70489c00b000 rw-p 0000a000 103:02 4342167                   /home/pan/.jdks/corretto-17.0.14/lib/libinstrument.so
70489c00b000-70489c00c000 r--p 00000000 103:02 11846790                  /usr/lib/x86_64-linux-gnu/libXau.so.6.0.0
70489c00c000-70489c00e000 r-xp 00001000 103:02 11846790                  /usr/lib/x86_64-linux-gnu/libXau.so.6.0.0
70489c00e000-70489c00f000 r--p 00003000 103:02 11846790                  /usr/lib/x86_64-linux-gnu/libXau.so.6.0.0
70489c00f000-70489c010000 r--p 00003000 103:02 11846790                  /usr/lib/x86_64-linux-gnu/libXau.so.6.0.0
70489c010000-70489c011000 rw-p 00004000 103:02 11846790                  /usr/lib/x86_64-linux-gnu/libXau.so.6.0.0
70489c011000-70489c01c000 r--p 00000000 103:02 11848391                  /usr/lib/x86_64-linux-gnu/libxcb.so.1.1.0
70489c01c000-70489c030000 r-xp 0000b000 103:02 11848391                  /usr/lib/x86_64-linux-gnu/libxcb.so.1.1.0
70489c030000-70489c039000 r--p 0001f000 103:02 11848391                  /usr/lib/x86_64-linux-gnu/libxcb.so.1.1.0
70489c039000-70489c03a000 r--p 00027000 103:02 11848391                  /usr/lib/x86_64-linux-gnu/libxcb.so.1.1.0
70489c03a000-70489c03b000 rw-p 00028000 103:02 11848391                  /usr/lib/x86_64-linux-gnu/libxcb.so.1.1.0
70489c03b000-70489c041000 r--p 00000000 103:02 5259691                   /home/pan/.javacpp/cache/ffmpeg-6.0-1.5.9-linux-x86_64.jar/org/bytedeco/ffmpeg/linux-x86_64/libavdevice.so.60
70489c041000-70489c04a000 r-xp 00006000 103:02 5259691                   /home/pan/.javacpp/cache/ffmpeg-6.0-1.5.9-linux-x86_64.jar/org/bytedeco/ffmpeg/linux-x86_64/libavdevice.so.60
70489c04a000-70489c04e000 r--p 0000f000 103:02 5259691                   /home/pan/.javacpp/cache/ffmpeg-6.0-1.5.9-linux-x86_64.jar/org/bytedeco/ffmpeg/linux-x86_64/libavdevice.so.60
70489c04e000-70489c04f000 ---p 00013000 103:02 5259691                   /home/pan/.javacpp/cache/ffmpeg-6.0-1.5.9-linux-x86_64.jar/org/bytedeco/ffmpeg/linux-x86_64/libavdevice.so.60
70489c04f000-70489c051000 r--p 00013000 103:02 5259691                   /home/pan/.javacpp/cache/ffmpeg-6.0-1.5.9-linux-x86_64.jar/org/bytedeco/ffmpeg/linux-x86_64/libavdevice.so.60
70489c051000-70489c052000 rw-p 00015000 103:02 5259691                   /home/pan/.javacpp/cache/ffmpeg-6.0-1.5.9-linux-x86_64.jar/org/bytedeco/ffmpeg/linux-x86_64/libavdevice.so.60
70489c052000-70489c07f000 r--p 00000000 103:02 5259681                   /home/pan/.javacpp/cache/ffmpeg-6.0-1.5.9-linux-x86_64.jar/org/bytedeco/ffmpeg/linux-x86_64/libjniavcodec.so
70489c07f000-70489c0bc000 r-xp 0002d000 103:02 5259681                   /home/pan/.javacpp/cache/ffmpeg-6.0-1.5.9-linux-x86_64.jar/org/bytedeco/ffmpeg/linux-x86_64/libjniavcodec.so
70489c0bc000-70489c0e4000 r--p 0006a000 103:02 5259681                   /home/pan/.javacpp/cache/ffmpeg-6.0-1.5.9-linux-x86_64.jar/org/bytedeco/ffmpeg/linux-x86_64/libjniavcodec.so
70489c0e4000-70489c0fb000 r--p 00091000 103:02 5259681                   /home/pan/.javacpp/cache/ffmpeg-6.0-1.5.9-linux-x86_64.jar/org/bytedeco/ffmpeg/linux-x86_64/libjniavcodec.so
70489c0fb000-70489c0fc000 rw-p 000a8000 103:02 5259681                   /home/pan/.javacpp/cache/ffmpeg-6.0-1.5.9-linux-x86_64.jar/org/bytedeco/ffmpeg/linux-x86_64/libjniavcodec.so
70489c0fc000-70489c0fd000 rw-p 00000000 00:00 0 
70489c0fd000-70489c0fe000 ---p 00000000 00:00 0 
70489c0fe000-70489c1fe000 rw-p 00000000 00:00 0 
70489c1fe000-70489c400000 rw-p 00000000 00:00 0 
70489c400000-7048a3fdf000 r--s 00000000 103:02 4342129                   /home/pan/.jdks/corretto-17.0.14/lib/modules
7048a3fe3000-7048a3feb000 r--p 00000000 103:02 5259687                   /home/pan/.javacpp/cache/ffmpeg-6.0-1.5.9-linux-x86_64.jar/org/bytedeco/ffmpeg/linux-x86_64/libjniswscale.so
7048a3feb000-7048a3ff8000 r-xp 00008000 103:02 5259687                   /home/pan/.javacpp/cache/ffmpeg-6.0-1.5.9-linux-x86_64.jar/org/bytedeco/ffmpeg/linux-x86_64/libjniswscale.so
7048a3ff8000-7048a3ffd000 r--p 00015000 103:02 5259687                   /home/pan/.javacpp/cache/ffmpeg-6.0-1.5.9-linux-x86_64.jar/org/bytedeco/ffmpeg/linux-x86_64/libjniswscale.so
7048a3ffd000-7048a3ffe000 ---p 0001a000 103:02 5259687                   /home/pan/.javacpp/cache/ffmpeg-6.0-1.5.9-linux-x86_64.jar/org/bytedeco/ffmpeg/linux-x86_64/libjniswscale.so
7048a3ffe000-7048a3fff000 r--p 0001a000 103:02 5259687                   /home/pan/.javacpp/cache/ffmpeg-6.0-1.5.9-linux-x86_64.jar/org/bytedeco/ffmpeg/linux-x86_64/libjniswscale.so
7048a3fff000-7048a4000000 rw-p 0001b000 103:02 5259687                   /home/pan/.javacpp/cache/ffmpeg-6.0-1.5.9-linux-x86_64.jar/org/bytedeco/ffmpeg/linux-x86_64/libjniswscale.so
7048a4000000-7048a7122000 rw-p 00000000 00:00 0 
7048a7122000-7048a8000000 ---p 00000000 00:00 0 
7048a8005000-7048a8008000 r--p 00000000 103:02 11848385                  /usr/lib/x86_64-linux-gnu/libxcb-xfixes.so.0.0.0
7048a8008000-7048a800b000 r-xp 00003000 103:02 11848385                  /usr/lib/x86_64-linux-gnu/libxcb-xfixes.so.0.0.0
7048a800b000-7048a800c000 r--p 00006000 103:02 11848385                  /usr/lib/x86_64-linux-gnu/libxcb-xfixes.so.0.0.0
7048a800c000-7048a800d000 ---p 00007000 103:02 11848385                  /usr/lib/x86_64-linux-gnu/libxcb-xfixes.so.0.0.0
7048a800d000-7048a800e000 r--p 00007000 103:02 11848385                  /usr/lib/x86_64-linux-gnu/libxcb-xfixes.so.0.0.0
7048a800e000-7048a800f000 rw-p 00008000 103:02 11848385                  /usr/lib/x86_64-linux-gnu/libxcb-xfixes.so.0.0.0
7048a800f000-7048a803a000 r--p 00000000 103:02 5259684                   /home/pan/.javacpp/cache/ffmpeg-6.0-1.5.9-linux-x86_64.jar/org/bytedeco/ffmpeg/linux-x86_64/libjniavformat.so
7048a803a000-7048a8076000 r-xp 0002b000 103:02 5259684                   /home/pan/.javacpp/cache/ffmpeg-6.0-1.5.9-linux-x86_64.jar/org/bytedeco/ffmpeg/linux-x86_64/libjniavformat.so
7048a8076000-7048a8096000 r--p 00067000 103:02 5259684                   /home/pan/.javacpp/cache/ffmpeg-6.0-1.5.9-linux-x86_64.jar/org/bytedeco/ffmpeg/linux-x86_64/libjniavformat.so
7048a8096000-7048a80a1000 r--p 00086000 103:02 5259684                   /home/pan/.javacpp/cache/ffmpeg-6.0-1.5.9-linux-x86_64.jar/org/bytedeco/ffmpeg/linux-x86_64/libjniavformat.so
7048a80a1000-7048a80a2000 rw-p 00091000 103:02 5259684                   /home/pan/.javacpp/cache/ffmpeg-6.0-1.5.9-linux-x86_64.jar/org/bytedeco/ffmpeg/linux-x86_64/libjniavformat.so
7048a80a2000-7048a80a3000 rw-p 00000000 00:00 0 
7048a80a3000-7048a80a9000 r--p 00000000 103:02 5259678                   /home/pan/.javacpp/cache/ffmpeg-6.0-1.5.9-linux-x86_64.jar/org/bytedeco/ffmpeg/linux-x86_64/libjniswresample.so
7048a80a9000-7048a80b3000 r-xp 00006000 103:02 5259678                   /home/pan/.javacpp/cache/ffmpeg-6.0-1.5.9-linux-x86_64.jar/org/bytedeco/ffmpeg/linux-x86_64/libjniswresample.so
7048a80b3000-7048a80b8000 r--p 00010000 103:02 5259678                   /home/pan/.javacpp/cache/ffmpeg-6.0-1.5.9-linux-x86_64.jar/org/bytedeco/ffmpeg/linux-x86_64/libjniswresample.so
7048a80b8000-7048a80b9000 r--p 00014000 103:02 5259678                   /home/pan/.javacpp/cache/ffmpeg-6.0-1.5.9-linux-x86_64.jar/org/bytedeco/ffmpeg/linux-x86_64/libjniswresample.so
7048a80b9000-7048a80ba000 rw-p 00015000 103:02 5259678                   /home/pan/.javacpp/cache/ffmpeg-6.0-1.5.9-linux-x86_64.jar/org/bytedeco/ffmpeg/linux-x86_64/libjniswresample.so
7048a80ba000-7048a80bd000 r--p 00000000 103:02 5259676                   /home/pan/.javacpp/cache/ffmpeg-6.0-1.5.9-linux-x86_64.jar/org/bytedeco/ffmpeg/linux-x86_64/libswresample.so.4
7048a80bd000-7048a80d1000 r-xp 00003000 103:02 5259676                   /home/pan/.javacpp/cache/ffmpeg-6.0-1.5.9-linux-x86_64.jar/org/bytedeco/ffmpeg/linux-x86_64/libswresample.so.4
7048a80d1000-7048a80d6000 r--p 00017000 103:02 5259676                   /home/pan/.javacpp/cache/ffmpeg-6.0-1.5.9-linux-x86_64.jar/org/bytedeco/ffmpeg/linux-x86_64/libswresample.so.4
7048a80d6000-7048a80d7000 ---p 0001c000 103:02 5259676                   /home/pan/.javacpp/cache/ffmpeg-6.0-1.5.9-linux-x86_64.jar/org/bytedeco/ffmpeg/linux-x86_64/libswresample.so.4
7048a80d7000-7048a80d9000 r--p 0001c000 103:02 5259676                   /home/pan/.javacpp/cache/ffmpeg-6.0-1.5.9-linux-x86_64.jar/org/bytedeco/ffmpeg/linux-x86_64/libswresample.so.4
7048a80d9000-7048a80da000 rw-p 0001e000 103:02 5259676                   /home/pan/.javacpp/cache/ffmpeg-6.0-1.5.9-linux-x86_64.jar/org/bytedeco/ffmpeg/linux-x86_64/libswresample.so.4
7048a80da000-7048a80fb000 r--p 00000000 103:02 12351393                  /usr/share/locale-langpack/zh_CN/LC_MESSAGES/libc.mo
7048a80fb000-7048a8600000 rw-p 00000000 00:00 0 
7048a8600000-7048a861b000 r-xp 00000000 103:02 4342136                   /home/pan/.jdks/corretto-17.0.14/lib/libjimage.so
7048a861b000-7048a881a000 ---p 0001b000 103:02 4342136                   /home/pan/.jdks/corretto-17.0.14/lib/libjimage.so
7048a881a000-7048a881c000 r--p 0001a000 103:02 4342136                   /home/pan/.jdks/corretto-17.0.14/lib/libjimage.so
7048a881c000-7048a881d000 rw-p 0001c000 103:02 4342136                   /home/pan/.jdks/corretto-17.0.14/lib/libjimage.so
7048a8821000-7048a8c00000 rw-p 00000000 00:00 0 
7048a8c00000-7048a9ec9000 r-xp 00000000 103:02 4342150                   /home/pan/.jdks/corretto-17.0.14/lib/server/libjvm.so
7048a9ec9000-7048aa0c9000 ---p 012c9000 103:02 4342150                   /home/pan/.jdks/corretto-17.0.14/lib/server/libjvm.so
7048aa0c9000-7048aa182000 r--p 012c9000 103:02 4342150                   /home/pan/.jdks/corretto-17.0.14/lib/server/libjvm.so
7048aa182000-7048aa1b7000 rw-p 01382000 103:02 4342150                   /home/pan/.jdks/corretto-17.0.14/lib/server/libjvm.so
7048aa1b7000-7048aa212000 rw-p 00000000 00:00 0 
7048aa214000-7048aa600000 rw-p 00000000 00:00 0 
7048aa600000-7048aa628000 r--p 00000000 103:02 11819770                  /usr/lib/x86_64-linux-gnu/libc.so.6
7048aa628000-7048aa7bd000 r-xp 00028000 103:02 11819770                  /usr/lib/x86_64-linux-gnu/libc.so.6
7048aa7bd000-7048aa815000 r--p 001bd000 103:02 11819770                  /usr/lib/x86_64-linux-gnu/libc.so.6
7048aa815000-7048aa816000 ---p 00215000 103:02 11819770                  /usr/lib/x86_64-linux-gnu/libc.so.6
7048aa816000-7048aa81a000 r--p 00215000 103:02 11819770                  /usr/lib/x86_64-linux-gnu/libc.so.6
7048aa81a000-7048aa81c000 rw-p 00219000 103:02 11819770                  /usr/lib/x86_64-linux-gnu/libc.so.6
7048aa81c000-7048aa829000 rw-p 00000000 00:00 0 
7048aa829000-7048aa82a000 r--p 00000000 103:02 11848377                  /usr/lib/x86_64-linux-gnu/libxcb-shape.so.0.0.0
7048aa82a000-7048aa82b000 r-xp 00001000 103:02 11848377                  /usr/lib/x86_64-linux-gnu/libxcb-shape.so.0.0.0
7048aa82b000-7048aa82c000 r--p 00002000 103:02 11848377                  /usr/lib/x86_64-linux-gnu/libxcb-shape.so.0.0.0
7048aa82c000-7048aa82d000 r--p 00002000 103:02 11848377                  /usr/lib/x86_64-linux-gnu/libxcb-shape.so.0.0.0
7048aa82d000-7048aa82e000 rw-p 00003000 103:02 11848377                  /usr/lib/x86_64-linux-gnu/libxcb-shape.so.0.0.0
7048aa82e000-7048aa833000 rw-p 00000000 00:00 0 
7048aa833000-7048aa917000 ---p 00000000 00:00 0 
7048aa917000-7048aa923000 rw-p 00000000 00:00 0 
7048aa923000-7048aaa00000 ---p 00000000 00:00 0 
7048aaa00000-7048aaa0f000 r-xp 00000000 103:02 4342137                   /home/pan/.jdks/corretto-17.0.14/lib/libjli.so
7048aaa0f000-7048aac0e000 ---p 0000f000 103:02 4342137                   /home/pan/.jdks/corretto-17.0.14/lib/libjli.so
7048aac0e000-7048aac0f000 r--p 0000e000 103:02 4342137                   /home/pan/.jdks/corretto-17.0.14/lib/libjli.so
7048aac0f000-7048aac10000 rw-p 0000f000 103:02 4342137                   /home/pan/.jdks/corretto-17.0.14/lib/libjli.so
7048aac10000-7048aac11000 r--p 00000000 103:02 11848379                  /usr/lib/x86_64-linux-gnu/libxcb-shm.so.0.0.0
7048aac11000-7048aac12000 r-xp 00001000 103:02 11848379                  /usr/lib/x86_64-linux-gnu/libxcb-shm.so.0.0.0
7048aac12000-7048aac13000 r--p 00002000 103:02 11848379                  /usr/lib/x86_64-linux-gnu/libxcb-shm.so.0.0.0
7048aac13000-7048aac14000 r--p 00002000 103:02 11848379                  /usr/lib/x86_64-linux-gnu/libxcb-shm.so.0.0.0
7048aac14000-7048aac15000 rw-p 00003000 103:02 11848379                  /usr/lib/x86_64-linux-gnu/libxcb-shm.so.0.0.0
7048aac15000-7048aac18000 r--p 00000000 103:02 11847384                  /usr/lib/x86_64-linux-gnu/libgcc_s.so.1
7048aac18000-7048aac2f000 r-xp 00003000 103:02 11847384                  /usr/lib/x86_64-linux-gnu/libgcc_s.so.1
7048aac2f000-7048aac33000 r--p 0001a000 103:02 11847384                  /usr/lib/x86_64-linux-gnu/libgcc_s.so.1
7048aac33000-7048aac34000 r--p 0001d000 103:02 11847384                  /usr/lib/x86_64-linux-gnu/libgcc_s.so.1
7048aac34000-7048aac35000 rw-p 0001e000 103:02 11847384                  /usr/lib/x86_64-linux-gnu/libgcc_s.so.1
7048aac48000-7048aac4c000 r--p 00000000 103:02 5259663                   /home/pan/.javacpp/cache/javacpp-1.5.9-linux-x86_64.jar/org/bytedeco/javacpp/linux-x86_64/libjnijavacpp.so
7048aac4c000-7048aac53000 r-xp 00004000 103:02 5259663                   /home/pan/.javacpp/cache/javacpp-1.5.9-linux-x86_64.jar/org/bytedeco/javacpp/linux-x86_64/libjnijavacpp.so
7048aac53000-7048aac57000 r--p 0000b000 103:02 5259663                   /home/pan/.javacpp/cache/javacpp-1.5.9-linux-x86_64.jar/org/bytedeco/javacpp/linux-x86_64/libjnijavacpp.so
7048aac57000-7048aac58000 r--p 0000e000 103:02 5259663                   /home/pan/.javacpp/cache/javacpp-1.5.9-linux-x86_64.jar/org/bytedeco/javacpp/linux-x86_64/libjnijavacpp.so
7048aac58000-7048aac59000 rw-p 0000f000 103:02 5259663                   /home/pan/.javacpp/cache/javacpp-1.5.9-linux-x86_64.jar/org/bytedeco/javacpp/linux-x86_64/libjnijavacpp.so
7048aac59000-7048aacce000 rw-p 00000000 00:00 0 
7048aacce000-7048aacd6000 ---p 00000000 00:00 0 
7048aacd6000-7048aacda000 ---p 00000000 00:00 0 
7048aacda000-7048aadd6000 rw-p 00000000 00:00 0 
7048aadd6000-7048aade4000 r--p 00000000 103:02 11819841                  /usr/lib/x86_64-linux-gnu/libm.so.6
7048aade4000-7048aae60000 r-xp 0000e000 103:02 11819841                  /usr/lib/x86_64-linux-gnu/libm.so.6
7048aae60000-7048aaebb000 r--p 0008a000 103:02 11819841                  /usr/lib/x86_64-linux-gnu/libm.so.6
7048aaebb000-7048aaebc000 r--p 000e4000 103:02 11819841                  /usr/lib/x86_64-linux-gnu/libm.so.6
7048aaebc000-7048aaebd000 rw-p 000e5000 103:02 11819841                  /usr/lib/x86_64-linux-gnu/libm.so.6
7048aaebd000-7048aaebe000 r--p 00000000 103:02 11820205                  /usr/lib/x86_64-linux-gnu/librt.so.1
7048aaebe000-7048aaebf000 r-xp 00001000 103:02 11820205                  /usr/lib/x86_64-linux-gnu/librt.so.1
7048aaebf000-7048aaec0000 r--p 00002000 103:02 11820205                  /usr/lib/x86_64-linux-gnu/librt.so.1
7048aaec0000-7048aaec1000 r--p 00002000 103:02 11820205                  /usr/lib/x86_64-linux-gnu/librt.so.1
7048aaec1000-7048aaec2000 rw-p 00003000 103:02 11820205                  /usr/lib/x86_64-linux-gnu/librt.so.1
7048aaec2000-7048aaec6000 rw-p 00000000 00:00 0 
7048aaec6000-7048aaec7000 r--p 00000000 103:02 11819839                  /usr/lib/x86_64-linux-gnu/libdl.so.2
7048aaec7000-7048aaec8000 r-xp 00001000 103:02 11819839                  /usr/lib/x86_64-linux-gnu/libdl.so.2
7048aaec8000-7048aaec9000 r--p 00002000 103:02 11819839                  /usr/lib/x86_64-linux-gnu/libdl.so.2
7048aaec9000-7048aaeca000 r--p 00002000 103:02 11819839                  /usr/lib/x86_64-linux-gnu/libdl.so.2
7048aaeca000-7048aaecb000 rw-p 00003000 103:02 11819839                  /usr/lib/x86_64-linux-gnu/libdl.so.2
7048aaecb000-7048aaecc000 r--p 00000000 103:02 11820201                  /usr/lib/x86_64-linux-gnu/libpthread.so.0
7048aaecc000-7048aaecd000 r-xp 00001000 103:02 11820201                  /usr/lib/x86_64-linux-gnu/libpthread.so.0
7048aaecd000-7048aaece000 r--p 00002000 103:02 11820201                  /usr/lib/x86_64-linux-gnu/libpthread.so.0
7048aaece000-7048aaecf000 r--p 00002000 103:02 11820201                  /usr/lib/x86_64-linux-gnu/libpthread.so.0
7048aaecf000-7048aaed0000 rw-p 00003000 103:02 11820201                  /usr/lib/x86_64-linux-gnu/libpthread.so.0
7048aaed0000-7048aaed2000 r--p 00000000 103:02 11848427                  /usr/lib/x86_64-linux-gnu/libz.so.1.2.11
7048aaed2000-7048aaee3000 r-xp 00002000 103:02 11848427                  /usr/lib/x86_64-linux-gnu/libz.so.1.2.11
7048aaee3000-7048aaee9000 r--p 00013000 103:02 11848427                  /usr/lib/x86_64-linux-gnu/libz.so.1.2.11
7048aaee9000-7048aaeea000 ---p 00019000 103:02 11848427                  /usr/lib/x86_64-linux-gnu/libz.so.1.2.11
7048aaeea000-7048aaeeb000 r--p 00019000 103:02 11848427                  /usr/lib/x86_64-linux-gnu/libz.so.1.2.11
7048aaeeb000-7048aaeec000 rw-p 0001a000 103:02 11848427                  /usr/lib/x86_64-linux-gnu/libz.so.1.2.11
7048aaeee000-7048aaef5000 r--s 00000000 103:02 11825073                  /usr/lib/x86_64-linux-gnu/gconv/gconv-modules.cache
7048aaef5000-7048aaefd000 rw-s 00000000 103:02 5266106                   /tmp/hsperfdata_pan/51978
7048aaefd000-7048aaefe000 ---p 00000000 00:00 0 
7048aaefe000-7048aaeff000 r--p 00000000 00:00 0 
7048aaeff000-7048aaf01000 rw-p 00000000 00:00 0 
7048aaf01000-7048aaf03000 r--p 00000000 103:02 11819686                  /usr/lib/x86_64-linux-gnu/ld-linux-x86-64.so.2
7048aaf03000-7048aaf2d000 r-xp 00002000 103:02 11819686                  /usr/lib/x86_64-linux-gnu/ld-linux-x86-64.so.2
7048aaf2d000-7048aaf38000 r--p 0002c000 103:02 11819686                  /usr/lib/x86_64-linux-gnu/ld-linux-x86-64.so.2
7048aaf38000-7048aaf39000 ---p 00000000 00:00 0 
7048aaf39000-7048aaf3b000 r--p 00037000 103:02 11819686                  /usr/lib/x86_64-linux-gnu/ld-linux-x86-64.so.2
7048aaf3b000-7048aaf3d000 rw-p 00039000 103:02 11819686                  /usr/lib/x86_64-linux-gnu/ld-linux-x86-64.so.2
7ffffdd14000-7ffffdd35000 rw-p 00000000 00:00 0                          [stack]
7ffffdd7c000-7ffffdd80000 r--p 00000000 00:00 0                          [vvar]
7ffffdd80000-7ffffdd82000 r-xp 00000000 00:00 0                          [vdso]
ffffffffff600000-ffffffffff601000 --xp 00000000 00:00 0                  [vsyscall]


VM Arguments:
jvm_args: -javaagent:/opt/idea/lib/idea_rt.jar=43367:/opt/idea/bin -Dfile.encoding=UTF-8 
java_command: com.saigou.Processor
java_class_path (initial): /media/pan/95C15E65414BD009/ubuntu/houduan/pandaSystem/analyzer-server-10001/target/test-classes:/media/pan/95C15E65414BD009/ubuntu/houduan/pandaSystem/analyzer-server-10001/target/classes:/home/pan/.m2/repository/org/bytedeco/javacv-platform/1.5.9/javacv-platform-1.5.9.jar:/home/pan/.m2/repository/org/bytedeco/javacv/1.5.9/javacv-1.5.9.jar:/home/pan/.m2/repository/org/bytedeco/javacpp/1.5.9/javacpp-1.5.9.jar:/home/pan/.m2/repository/org/bytedeco/openblas/0.3.23-1.5.9/openblas-0.3.23-1.5.9.jar:/home/pan/.m2/repository/org/bytedeco/opencv/4.7.0-1.5.9/opencv-4.7.0-1.5.9.jar:/home/pan/.m2/repository/org/bytedeco/ffmpeg/6.0-1.5.9/ffmpeg-6.0-1.5.9.jar:/home/pan/.m2/repository/org/bytedeco/flycapture/2.13.3.31-1.5.9/flycapture-2.13.3.31-1.5.9.jar:/home/pan/.m2/repository/org/bytedeco/libdc1394/2.2.6-1.5.9/libdc1394-2.2.6-1.5.9.jar:/home/pan/.m2/repository/org/bytedeco/libfreenect/0.5.7-1.5.9/libfreenect-0.5.7-1.5.9.jar:/home/pan/.m2/repository/org/bytedeco/libfreenect2/0.2.0-1.5.9/libfreenect2-0.2.0-1.5.9.jar:/home/pan/.m2/repository/org/bytedeco/librealsense/1.12.4-1.5.9/librealsense-1.12.4-1.5.9.jar:/home/pan/.m2/repository/org/bytedeco/librealsense2/2.53.1-1.5.9/librealsense2-2.53.1-1.5.9.jar:/home/pan/.m2/repository/org/bytedeco/videoinput/0.200-1.5.9/videoinput-0.200-1.5.9.jar:/home/pan/.m2/repository/org/bytedeco/artoolkitplus/2.3.1-1.5.9/artoolkitplus-2.3.1-1.5.9.jar:/home/pan/.m2/repository/org/bytedeco/leptonica/1.83.0-1.5.9/leptonica-1.83.0-1.5.9.jar:/home/pan/.m2/repository/org/bytedeco/tesseract/5.3.1-1.5.9/tesseract-5.3.1-1.5.9.jar:/home/pan/.m2/repository/org/openjfx/javafx-graphics/17/javafx-graphics-17.jar:/home/pan/.m2/repository/org/openjfx/javafx-graphics/17/javafx-graphics-17-linux.jar:/home/pan/.m2/repository/org/openjfx/javafx-base/17/javafx-base-17.jar:/home/pan/.m2/repository/org/openjfx/javafx-base/17/javafx-base-17-linux.jar:/home/pan/.m2/repository/org/bytedeco/openblas-platform/0.3.23-1.5.9/openblas-platform-0.3.23-
Launcher Type: SUN_STANDARD

[Global flags]
     intx CICompilerCount                          = 12                                        {product} {ergonomic}
     uint ConcGCThreads                            = 3                                         {product} {ergonomic}
     uint G1ConcRefinementThreads                  = 13                                        {product} {ergonomic}
   size_t G1HeapRegionSize                         = 4194304                                   {product} {ergonomic}
    uintx GCDrainStackTargetSize                   = 64                                        {product} {ergonomic}
   size_t InitialHeapSize                          = 461373440                                 {product} {ergonomic}
   size_t MarkStackSize                            = 4194304                                   {product} {ergonomic}
   size_t MaxHeapSize                              = 7319060480                                {product} {ergonomic}
   size_t MaxNewSize                               = 4391436288                                {product} {ergonomic}
   size_t MinHeapDeltaBytes                        = 4194304                                   {product} {ergonomic}
   size_t MinHeapSize                              = 8388608                                   {product} {ergonomic}
    uintx NonNMethodCodeHeapSize                   = 7602480                                {pd product} {ergonomic}
    uintx NonProfiledCodeHeapSize                  = 122027880                              {pd product} {ergonomic}
    uintx ProfiledCodeHeapSize                     = 122027880                              {pd product} {ergonomic}
    uintx ReservedCodeCacheSize                    = 251658240                              {pd product} {ergonomic}
     bool SegmentedCodeCache                       = true                                      {product} {ergonomic}
   size_t SoftMaxHeapSize                          = 7319060480                             {manageable} {ergonomic}
     bool UseCompressedClassPointers               = true                           {product lp64_product} {ergonomic}
     bool UseCompressedOops                        = true                           {product lp64_product} {ergonomic}
     bool UseG1GC                                  = true                                      {product} {ergonomic}

Logging:
Log output configuration:
 #0: stdout all=warning uptime,level,tags
 #1: stderr all=off uptime,level,tags

Environment Variables:
PATH=/usr/local/sbin:/usr/local/bin:/usr/sbin:/usr/bin:/sbin:/bin:/usr/games:/usr/local/games:/snap/bin:/snap/bin
USERNAME=pan
SHELL=/bin/bash
DISPLAY=:0
LANG=zh_CN.UTF-8
LC_NUMERIC=zh_CN.UTF-8
LC_TIME=zh_CN.UTF-8

Active Locale:
LC_ALL=zh_CN.UTF-8
LC_COLLATE=zh_CN.UTF-8
LC_CTYPE=zh_CN.UTF-8
LC_MESSAGES=zh_CN.UTF-8
LC_MONETARY=zh_CN.UTF-8
LC_NUMERIC=zh_CN.UTF-8
LC_TIME=zh_CN.UTF-8

Signal Handlers:
   SIGSEGV: crash_handler in libjvm.so, mask=11100100010111111101111111111110, flags=SA_RESTART|SA_SIGINFO, unblocked
    SIGBUS: crash_handler in libjvm.so, mask=11100100010111111101111111111110, flags=SA_RESTART|SA_SIGINFO, unblocked
    SIGFPE: crash_handler in libjvm.so, mask=11100100010111111101111111111110, flags=SA_RESTART|SA_SIGINFO, unblocked
   SIGPIPE: javaSignalHandler in libjvm.so, mask=11100100010111111101111111111110, flags=SA_RESTART|SA_SIGINFO, blocked
   SIGXFSZ: javaSignalHandler in libjvm.so, mask=11100100010111111101111111111110, flags=SA_RESTART|SA_SIGINFO, blocked
    SIGILL: crash_handler in libjvm.so, mask=11100100010111111101111111111110, flags=SA_RESTART|SA_SIGINFO, unblocked
   SIGUSR2: SR_handler in libjvm.so, mask=00100000000000000000000000000000, flags=SA_RESTART|SA_SIGINFO, blocked
    SIGHUP: UserHandler in libjvm.so, mask=11100100010111111101111111111110, flags=SA_RESTART|SA_SIGINFO, blocked
    SIGINT: UserHandler in libjvm.so, mask=11100100010111111101111111111110, flags=SA_RESTART|SA_SIGINFO, blocked
   SIGTERM: UserHandler in libjvm.so, mask=11100100010111111101111111111110, flags=SA_RESTART|SA_SIGINFO, blocked
   SIGQUIT: UserHandler in libjvm.so, mask=11100100010111111101111111111110, flags=SA_RESTART|SA_SIGINFO, blocked
   SIGTRAP: crash_handler in libjvm.so, mask=11100100010111111101111111111110, flags=SA_RESTART|SA_SIGINFO, unblocked


Periodic native trim disabled


---------------  S Y S T E M  ---------------

OS:
DISTRIB_ID=Ubuntu
DISTRIB_RELEASE=22.04
DISTRIB_CODENAME=jammy
DISTRIB_DESCRIPTION="Ubuntu 22.04.5 LTS"
uname: Linux 6.8.0-52-generic #53~22.04.1-Ubuntu SMP PREEMPT_DYNAMIC Wed Jan 15 19:18:46 UTC 2 x86_64
OS uptime: 0 days 6:48 hours
libc: glibc 2.35 NPTL 2.35 
rlimit (soft/hard): STACK 8192k/infinity , CORE 0k/infinity , NPROC 111345/111345 , NOFILE 1048576/1048576 , AS infinity/infinity , CPU infinity/infinity , DATA infinity/infinity , FSIZE infinity/infinity , MEMLOCK 3572968k/3572968k
load average: 5.52 3.53 2.65

/proc/meminfo:
MemTotal:       28583748 kB
MemFree:         5971164 kB
MemAvailable:    8347468 kB
Buffers:          115668 kB
Cached:          2608900 kB
SwapCached:            0 kB
Active:         11657524 kB
Inactive:        9105220 kB
Active(anon):   10315292 kB
Inactive(anon):  7951416 kB
Active(file):    1342232 kB
Inactive(file):  1153804 kB
Unevictable:         200 kB
Mlocked:             200 kB
SwapTotal:             0 kB
SwapFree:              0 kB
Zswap:                 0 kB
Zswapped:              0 kB
Dirty:             44464 kB
Writeback:             0 kB
AnonPages:      18036488 kB
Mapped:          1630620 kB
Shmem:            228468 kB
KReclaimable:     311812 kB
Slab:             741192 kB
SReclaimable:     311812 kB
SUnreclaim:       429380 kB
KernelStack:       56992 kB
PageTables:       173896 kB
SecPageTables:         0 kB
NFS_Unstable:          0 kB
Bounce:                0 kB
WritebackTmp:          0 kB
CommitLimit:    14291872 kB
Committed_AS:   70055100 kB
VmallocTotal:   34359738367 kB
VmallocUsed:      108552 kB
VmallocChunk:          0 kB
Percpu:            17600 kB
HardwareCorrupted:     0 kB
AnonHugePages:    444416 kB
ShmemHugePages:        0 kB
ShmemPmdMapped:        0 kB
FileHugePages:         0 kB
FilePmdMapped:         0 kB
Unaccepted:            0 kB
HugePages_Total:       0
HugePages_Free:        0
HugePages_Rsvd:        0
HugePages_Surp:        0
Hugepagesize:       2048 kB
Hugetlb:               0 kB
DirectMap4k:      664004 kB
DirectMap2M:    24350720 kB
DirectMap1G:     4194304 kB

/sys/kernel/mm/transparent_hugepage/enabled: always [madvise] never
/sys/kernel/mm/transparent_hugepage/hpage_pmd_size: 2097152
/sys/kernel/mm/transparent_hugepage/defrag (defrag/compaction efforts parameter): always defer defer+madvise [madvise] never

Process Memory:
Virtual Size: 21262776K (peak: 23802072K)
Resident Set Size: 1221640K (peak: 3825048K) (anon: 1175564K, file: 46076K, shmem: 0K)
Swapped out: 0K
C-Heap outstanding allocations: 897869K, retained: 190210K
glibc malloc tunables: (default)

/proc/sys/kernel/threads-max (system-wide limit on the number of threads): 222691
/proc/sys/vm/max_map_count (maximum number of memory map areas a process may have): 65530
/proc/sys/vm/swappiness (control to define how aggressively the kernel swaps out anonymous memory): 60
/proc/sys/kernel/pid_max (system-wide limit on number of process identifiers): 4194304

container (cgroup) information:
container_type: cgroupv2
cpu_cpuset_cpus: not supported
cpu_memory_nodes: not supported
active_processor_count: 16
cpu_quota: not supported
cpu_period: not supported
cpu_shares: not supported
memory_limit_in_bytes: unlimited
memory_and_swap_limit_in_bytes: unlimited
memory_soft_limit_in_bytes: unlimited
memory_usage_in_bytes: 7833316 k
memory_max_usage_in_bytes: not supported
memory_swap_current_in_bytes: unlimited
memory_swap_max_limit_in_bytes: unlimited
maximum number of tasks: 33403
current number of tasks: 951

Steal ticks since vm start: 0
Steal ticks percentage since vm start:  0.000

CPU: total 16 (initial active 16) (16 cores per cpu, 2 threads per core) family 25 model 80 stepping 0 microcode 0xa50000c, cx8, cmov, fxsr, ht, mmx, 3dnowpref, sse, sse2, sse3, ssse3, sse4a, sse4.1, sse4.2, popcnt, lzcnt, tsc, tscinvbit, avx, avx2, aes, erms, clmul, bmi1, bmi2, adx, sha, fma, vzeroupper, clflush, clflushopt
CPU Model and flags from /proc/cpuinfo:
model name	: AMD Ryzen 7 5800H with Radeon Graphics
flags		: fpu vme de pse tsc msr pae mce cx8 apic sep mtrr pge mca cmov pat pse36 clflush mmx fxsr sse sse2 ht syscall nx mmxext fxsr_opt pdpe1gb rdtscp lm constant_tsc rep_good nopl nonstop_tsc cpuid extd_apicid aperfmperf rapl pni pclmulqdq monitor ssse3 fma cx16 sse4_1 sse4_2 movbe popcnt aes xsave avx f16c rdrand lahf_lm cmp_legacy svm extapic cr8_legacy abm sse4a misalignsse 3dnowprefetch osvw ibs skinit wdt tce topoext perfctr_core perfctr_nb bpext perfctr_llc mwaitx cpb cat_l3 cdp_l3 hw_pstate ssbd mba ibrs ibpb stibp vmmcall fsgsbase bmi1 avx2 smep bmi2 erms invpcid cqm rdt_a rdseed adx smap clflushopt clwb sha_ni xsaveopt xsavec xgetbv1 xsaves cqm_llc cqm_occup_llc cqm_mbm_total cqm_mbm_local user_shstk clzero irperf xsaveerptr rdpru wbnoinvd cppc arat npt lbrv svm_lock nrip_save tsc_scale vmcb_clean flushbyasid decodeassists pausefilter pfthreshold avic v_vmsave_vmload vgif v_spec_ctrl umip pku ospke vaes vpclmulqdq rdpid overflow_recov succor smca fsrm debug_swap

Online cpus: 0-15
Offline cpus: 
BIOS frequency limitation: <Not Available>
Frequency switch latency (ns): 0
Available cpu frequencies: <Not Available>
Current governor: powersave
Core performance/turbo boost: <Not Available>

Memory: 4k page, physical 28583748k(5971164k free), swap 0k(0k free)
Page Sizes: 4k

vm_info: OpenJDK 64-Bit Server VM (17.0.14+7-LTS) for linux-amd64 JRE (17.0.14+7-LTS), built on Jan  7 2025 20:04:38 by "jenkins" with gcc 7.3.1 20180303 (Red Hat 7.3.1-5)

END.
