#
# A fatal error has been detected by the Java Runtime Environment:
#
#  SIGSEGV (0xb) at pc=0x000076794d4380f0, pid=41699, tid=42609
#
# JRE version: OpenJDK Runtime Environment Corretto-17.0.14.7.1 (17.0.14+7) (build 17.0.14+7-LTS)
# Java VM: OpenJDK 64-Bit Server VM Corretto-17.0.14.7.1 (17.0.14+7-LTS, mixed mode, emulated-client, sharing, tiered, compressed oops, compressed class ptrs, g1 gc, linux-amd64)
# Problematic frame:
# v  ~StubRoutines::jlong_disjoint_arraycopy
#
# Core dump will be written. Default location: Core dumps may be processed with "/usr/share/apport/apport -p%p -s%s -c%c -d%d -P%P -u%u -g%g -- %E" (or dumping to /media/pan/95C15E65414BD009/ubuntu/houduan/pandaSystem/core.41699)
#
# If you would like to submit a bug report, please visit:
#   https://github.com/corretto/corretto-17/issues/
#

---------------  S U M M A R Y ------------

Command Line: -XX:TieredStopAtLevel=1 -Dspring.output.ansi.enabled=always -Dcom.sun.management.jmxremote -Dspring.jmx.enabled=true -Dspring.liveBeansView.mbeanDomain -Dspring.application.admin.enabled=true -Dmanagement.endpoints.jmx.exposure.include=* -javaagent:/opt/idea/lib/idea_rt.jar=38781:/opt/idea/bin -Dfile.encoding=UTF-8 com.saigou.analyzerServer

Host: AMD Ryzen 7 5800H with Radeon Graphics, 16 cores, 27G, Ubuntu 22.04.5 LTS
Time: Fri Mar 21 16:35:58 2025 CST elapsed time: 133.871322 seconds (0d 0h 2m 13s)

---------------  T H R E A D  ---------------

Current thread (0x00007676d5b28470):  JavaThread "Thread-15" daemon [_thread_in_vm, id=42609, stack(0x00007678d0000000,0x00007678d0100000)]

Stack: [0x00007678d0000000,0x00007678d0100000],  sp=0x00007678d00fe370,  free space=1016k
Native frames: (J=compiled Java code, j=interpreted, Vv=VM code, C=native code)
v  ~StubRoutines::jlong_disjoint_arraycopy
V  [libjvm.so+0xf18837]  Unsafe_CopyMemory0+0xe7
J 430  jdk.internal.misc.Unsafe.copyMemory0(Ljava/lang/Object;JLjava/lang/Object;JJ)V java.base@17.0.14 (0 bytes) @ 0x000076794d73a70c [0x000076794d73a620+0x00000000000000ec]
J 796 c1 jdk.internal.misc.Unsafe.copyMemory(Ljava/lang/Object;JLjava/lang/Object;JJ)V java.base@17.0.14 (33 bytes) @ 0x000076794d7c9664 [0x000076794d7c93c0+0x00000000000002a4]
J 6524 c1 java.nio.ByteBuffer.putBuffer(ILjava/nio/ByteBuffer;II)V java.base@17.0.14 (142 bytes) @ 0x000076794e13d74c [0x000076794e13d520+0x000000000000022c]
J 6523 c1 java.nio.ByteBuffer.put(Ljava/nio/ByteBuffer;)Ljava/nio/ByteBuffer; java.base@17.0.14 (124 bytes) @ 0x000076794e13dffc [0x000076794e13df20+0x00000000000000dc]
J 6759 c1 org.bytedeco.javacv.Frame.cloneBufferArray([Ljava/nio/Buffer;[Ljava/nio/Buffer;)Lorg/bytedeco/javacpp/Pointer; (621 bytes) @ 0x000076794e0e465c [0x000076794e0e43c0+0x000000000000029c]
J 6758 c1 org.bytedeco.javacv.Frame.clone()Lorg/bytedeco/javacv/Frame; (244 bytes) @ 0x000076794e0e834c [0x000076794e0e8040+0x000000000000030c]
J 6757 c1 com.saigou.util.Utils.createDeepCopy(Lorg/bytedeco/javacv/Frame;)Lorg/bytedeco/javacv/Frame; (15 bytes) @ 0x000076794e0eaebc [0x000076794e0eae40+0x000000000000007c]
j  com.saigou.thread.PullStreamThread.run()V+27
v  ~StubRoutines::call_stub
V  [libjvm.so+0x85aed4]  JavaCalls::call_helper(JavaValue*, methodHandle const&, JavaCallArguments*, JavaThread*)+0x334
V  [libjvm.so+0x85c9bc]  JavaCalls::call_virtual(JavaValue*, Handle, Klass*, Symbol*, Symbol*, JavaThread*)+0x20c
V  [libjvm.so+0x91ce50]  thread_entry(JavaThread*, JavaThread*)+0x70
V  [libjvm.so+0xee3e37]  JavaThread::run()+0x127
V  [libjvm.so+0xee6f61]  Thread::call_run()+0xa1
V  [libjvm.so+0xc54d33]  thread_native_entry(Thread*)+0xe3

Java frames: (J=compiled Java code, j=interpreted, Vv=VM code)
J 430  jdk.internal.misc.Unsafe.copyMemory0(Ljava/lang/Object;JLjava/lang/Object;JJ)V java.base@17.0.14 (0 bytes) @ 0x000076794d73a68f [0x000076794d73a620+0x000000000000006f]
J 796 c1 jdk.internal.misc.Unsafe.copyMemory(Ljava/lang/Object;JLjava/lang/Object;JJ)V java.base@17.0.14 (33 bytes) @ 0x000076794d7c9664 [0x000076794d7c93c0+0x00000000000002a4]
J 6524 c1 java.nio.ByteBuffer.putBuffer(ILjava/nio/ByteBuffer;II)V java.base@17.0.14 (142 bytes) @ 0x000076794e13d74c [0x000076794e13d520+0x000000000000022c]
J 6523 c1 java.nio.ByteBuffer.put(Ljava/nio/ByteBuffer;)Ljava/nio/ByteBuffer; java.base@17.0.14 (124 bytes) @ 0x000076794e13dffc [0x000076794e13df20+0x00000000000000dc]
J 6759 c1 org.bytedeco.javacv.Frame.cloneBufferArray([Ljava/nio/Buffer;[Ljava/nio/Buffer;)Lorg/bytedeco/javacpp/Pointer; (621 bytes) @ 0x000076794e0e465c [0x000076794e0e43c0+0x000000000000029c]
J 6758 c1 org.bytedeco.javacv.Frame.clone()Lorg/bytedeco/javacv/Frame; (244 bytes) @ 0x000076794e0e834c [0x000076794e0e8040+0x000000000000030c]
J 6757 c1 com.saigou.util.Utils.createDeepCopy(Lorg/bytedeco/javacv/Frame;)Lorg/bytedeco/javacv/Frame; (15 bytes) @ 0x000076794e0eaebc [0x000076794e0eae40+0x000000000000007c]
j  com.saigou.thread.PullStreamThread.run()V+27
v  ~StubRoutines::call_stub

siginfo: si_signo: 11 (SIGSEGV), si_code: 1 (SEGV_MAPERR), si_addr: 0x0000767866663000

Registers:
RAX=0x0000767866beec40, RBX=0x00007676d5b28470, RCX=0x0000767510bdd848, RDX=0xfffffffffff4e880
RSP=0x00007678d00fe370, RBP=0x00007678d00fe370, RSI=0x00007675105eec50, RDI=0x0000767866beec38
R8 =0x0000000000000000, R9 =0x00007675105eec50, R10=0x000076794d73a68f, R11=0x00000000005eec00
R12=0x0000000000000000, R13=0x0000000000000000, R14=0x0000767866600040, R15=0x00007675105eec50
RIP=0x000076794d4380f0, EFLAGS=0x0000000000010292, CSGSFS=0x002b000000000033, ERR=0x0000000000000004
  TRAPNO=0x000000000000000e


Register to memory mapping:

RAX=0x0000767866beec40 is an unknown value
RBX=0x00007676d5b28470 is a thread
RCX=0x0000767510bdd848 points into unknown readable memory: 0x7f8b87808c88808c | 8c 80 88 8c 80 87 8b 7f
RDX=0xfffffffffff4e880 is an unknown value
RSP=0x00007678d00fe370 is pointing into the stack for thread: 0x00007676d5b28470
RBP=0x00007678d00fe370 is pointing into the stack for thread: 0x00007676d5b28470
RSI=0x00007675105eec50 points into unknown readable memory: 0xb3abb3b4acb3b4ac | ac b4 b3 ac b4 b3 ab b3
RDI=0x0000767866beec38 is an unknown value
R8 =0x0 is NULL
R9 =0x00007675105eec50 points into unknown readable memory: 0xb3abb3b4acb3b4ac | ac b4 b3 ac b4 b3 ab b3
R10=0x000076794d73a68f is at entry_point+111 in (nmethod*)0x000076794d73a490
Compiled method (n/a)  133877  430     n 0       jdk.internal.misc.Unsafe::copyMemory0 (native)
 total in heap  [0x000076794d73a490,0x000076794d73a810] = 896
 relocation     [0x000076794d73a5f0,0x000076794d73a620] = 48
 main code      [0x000076794d73a620,0x000076794d73a810] = 496
R11=0x00000000005eec00 is an unknown value
R12=0x0 is NULL
R13=0x0 is NULL
R14=0x0000767866600040 is an unknown value
R15=0x00007675105eec50 points into unknown readable memory: 0xb3abb3b4acb3b4ac | ac b4 b3 ac b4 b3 ab b3


Top of Stack: (sp=0x00007678d00fe370)
0x00007678d00fe370:   00007678d00fe3b0 0000767960b18837
0x00007678d00fe380:   00007676d5b28470 00007675105eec50
0x00007678d00fe390:   0000000000000000 00000006511f9fc0
0x00007678d00fe3a0:   00007678d00fe9f8 00007676d5b28470
0x00007678d00fe3b0:   00007678d00fe400 000076794d73a70c
0x00007678d00fe3c0:   00000000005eec00 000000064c45a690
0x00007678d00fe3d0:   0000000000000000 0000000800000004
0x00007678d00fe3e0:   0000000000000000 0000000000000000
0x00007678d00fe3f0:   000000000000157c 672bbac39aff1900
0x00007678d00fe400:   00007678d00fe9d0 000076794d7c9664
0x00007678d00fe410:   000076795815f8a8 00007678d00fe518
0x00007678d00fe420:   0000767658001510 00007676d5b28470
0x00007678d00fe430:   00007678d00fe500 00007679604f90e4
0x00007678d00fe440:   0000767634001460 0000767634001838
0x00007678d00fe450:   00000000000003d8 00007679616a1969
0x00007678d00fe460:   000076780000000e 00007676511f9fc0
0x00007678d00fe470:   00007676d5b28470 0000000000000000
0x00007678d00fe480:   000076765882aeb0 00007678d00fe560
0x00007678d00fe490:   00007679610d8078 00007678df45e5b8
0x00007678d00fe4a0:   000076780000000e 000000000000157c
0x00007678d00fe4b0:   00007678d00fe370 0000003000000028
0x00007678d00fe4c0:   00007678d00fe5f0 00007678d00fe530
0x00007678d00fe4d0:   00007678df45db00 0000000000000000
0x00007678d00fe4e0:   0000767866600040 000000064c45a690
0x00007678d00fe4f0:   0000000000000000 00007675105eec50
0x00007678d00fe500:   00000000005eec00 0000767960500411
0x00007678d00fe510:   00007678d00fe5d0 0000003000000018
0x00007678d00fe520:   00007678d00fe5f0 00007678d00fe530
0x00007678d00fe530:   00007678d00fe9d0 000076794e13d74c
0x00007678d00fe540:   00007676d5b28470 00007675105eec50
0x00007678d00fe550:   00000000005eec00 00000006511f9f90
0x00007678d00fe560:   00007679610d8090 00007678df45db98 

Instructions: (pc=0x000076794d4380f0)
0x000076794d437ff0:   ea 04 7f 10 c5 fe 6f 44 d7 e8 c5 fe 7f 44 d6 e8
0x000076794d438000:   48 83 c2 04 c5 fd ef c0 c5 f5 ef c9 48 83 ea 04
0x000076794d438010:   7c 8a eb 97 66 0f 1f 44 00 00 66 0f 1f 44 00 00
0x000076794d438020:   55 48 8b ec 48 3b f7 48 8d 04 97 0f 86 53 ff ff
0x000076794d438030:   ff 48 3b f0 0f 83 4a ff ff ff 48 8b ca 48 d1 ea
0x000076794d438040:   f7 c1 01 00 00 00 0f 84 3a 00 00 00 8b 44 8f fc
0x000076794d438050:   89 44 8e fc e9 2d 00 00 00 48 8b 44 d7 f8 48 89
0x000076794d438060:   44 d6 f8 48 ff ca 75 f1 48 33 c0 c5 f8 77 c9 c3
0x000076794d438070:   c5 fe 6f 44 d7 20 c5 fe 7f 44 d6 20 c5 fe 6f 0c
0x000076794d438080:   d7 c5 fe 7f 0c d6 48 83 ea 08 7d e4 48 83 c2 04
0x000076794d438090:   7c 0e c5 fe 6f 04 d7 c5 fe 7f 04 d6 48 83 ea 04
0x000076794d4380a0:   c5 fd ef c0 c5 f5 ef c9 48 83 c2 04 7f ab 48 33
0x000076794d4380b0:   c0 c5 f8 77 c9 c3 66 66 0f 1f 84 00 00 00 00 00
0x000076794d4380c0:   55 48 8b ec 48 8d 7c d7 f8 48 8d 4c d6 f8 48 f7
0x000076794d4380d0:   da e9 32 00 00 00 48 8b 44 d7 08 48 89 44 d1 08
0x000076794d4380e0:   48 ff c2 75 f1 48 33 c0 c5 f8 77 c9 c3 66 66 90
0x000076794d4380f0:   c5 fe 6f 44 d7 c8 c5 fe 7f 44 d1 c8 c5 fe 6f 4c
0x000076794d438100:   d7 e8 c5 fe 7f 4c d1 e8 48 83 c2 08 7e e2 48 83
0x000076794d438110:   ea 04 7f 10 c5 fe 6f 44 d7 e8 c5 fe 7f 44 d1 e8
0x000076794d438120:   48 83 c2 04 c5 fd ef c0 c5 f5 ef c9 48 83 ea 04
0x000076794d438130:   7c a4 c5 f8 77 48 33 c0 c9 c3 66 0f 1f 44 00 00
0x000076794d438140:   55 48 8b ec 48 3b f7 48 8d 04 d7 0f 86 73 ff ff
0x000076794d438150:   ff 48 3b f0 0f 83 6a ff ff ff e9 37 00 00 00 48
0x000076794d438160:   8b 44 d7 f8 48 89 44 d6 f8 48 ff ca 75 f1 48 33
0x000076794d438170:   c0 c5 f8 77 c9 c3 66 66 0f 1f 84 00 00 00 00 00
0x000076794d438180:   c5 fe 6f 44 d7 20 c5 fe 7f 44 d6 20 c5 fe 6f 0c
0x000076794d438190:   d7 c5 fe 7f 0c d6 48 83 ea 08 7d e4 48 83 c2 04
0x000076794d4381a0:   7c 0e c5 fe 6f 04 d7 c5 fe 7f 04 d6 48 83 ea 04
0x000076794d4381b0:   c5 fd ef c0 c5 f5 ef c9 48 83 c2 04 7f a1 c5 f8
0x000076794d4381c0:   77 48 33 c0 c9 c3 66 66 66 0f 1f 84 00 00 00 00
0x000076794d4381d0:   00 0f 1f 84 00 00 00 00 00 0f 1f 80 00 00 00 00
0x000076794d4381e0:   55 48 8b ec 4c 8b de 41 80 7f 38 00 0f 84 cb 00 


Stack slot to memory mapping:
stack at sp + 0 slots: 0x00007678d00fe3b0 is pointing into the stack for thread: 0x00007676d5b28470
stack at sp + 1 slots: 0x0000767960b18837: <offset 0x0000000000f18837> in /home/pan/.jdks/corretto-17.0.14/lib/server/libjvm.so at 0x000076795fc00000
stack at sp + 2 slots: 0x00007676d5b28470 is a thread
stack at sp + 3 slots: 0x00007675105eec50 points into unknown readable memory: 0xb3abb3b4acb3b4ac | ac b4 b3 ac b4 b3 ab b3
stack at sp + 4 slots: 0x0 is NULL
stack at sp + 5 slots: 0x00000006511f9fc0 is an oop: java.nio.DirectByteBuffer 
{0x00000006511f9fc0} - klass: 'java/nio/DirectByteBuffer'
 - ---- fields (total size 8 words):
 - private 'mark' 'I' @12  -1 (ffffffff)
 - 'address' 'J' @16  130245157907536 (105eec50 7675)
 - private 'position' 'I' @24  0
 - private 'limit' 'I' @28  6220800 (5eec00)
 - private 'capacity' 'I' @32  6220800 (5eec00)
 - final 'segment' 'Ljdk/internal/access/foreign/MemorySegmentProxy;' @36  NULL (0)
 - final 'offset' 'I' @40  0
 - 'isReadOnly' 'Z' @44  false
 - 'bigEndian' 'Z' @45  false
 - 'nativeByteOrder' 'Z' @46  true
 - final 'hb' '[B' @48  NULL (0)
 - private final 'isSync' 'Z' @47  false
 - private final 'fd' 'Ljava/io/FileDescriptor;' @52  NULL (0)
 - private final 'att' 'Ljava/lang/Object;' @56  NULL (0)
 - private final 'cleaner' 'Ljdk/internal/ref/Cleaner;' @60  NULL (0)
stack at sp + 6 slots: 0x00007678d00fe9f8 is pointing into the stack for thread: 0x00007676d5b28470
stack at sp + 7 slots: 0x00007676d5b28470 is a thread

StubRoutines::jlong_disjoint_arraycopy [0x000076794d4380c0, 0x000076794d43813a] (122 bytes)
[MachCode]
  0x000076794d4380c0: 5548 8bec | 488d 7cd7 | f848 8d4c | d6f8 48f7 | dae9 3200 | 0000 488b | 44d7 0848 | 8944 d108 
  0x000076794d4380e0: 48ff c275 | f148 33c0 | c5f8 77c9 | c366 6690 | c5fe 6f44 | d7c8 c5fe | 7f44 d1c8 | c5fe 6f4c 
  0x000076794d438100: d7e8 c5fe | 7f4c d1e8 | 4883 c208 | 7ee2 4883 | ea04 7f10 | c5fe 6f44 | d7e8 c5fe | 7f44 d1e8 
  0x000076794d438120: 4883 c204 | c5fd efc0 | c5f5 efc9 | 4883 ea04 | 7ca4 c5f8 | 7748 33c0 | 
[/MachCode]

Compiled method (n/a)  133881  430     n 0       jdk.internal.misc.Unsafe::copyMemory0 (native)
 total in heap  [0x000076794d73a490,0x000076794d73a810] = 896
 relocation     [0x000076794d73a5f0,0x000076794d73a620] = 48
 main code      [0x000076794d73a620,0x000076794d73a810] = 496

[Constant Pool (empty)]

[MachCode]
[Entry Point]
  # {method} {0x00007678df415418} 'copyMemory0' '(Ljava/lang/Object;JLjava/lang/Object;JJ)V' in 'jdk/internal/misc/Unsafe'
  # this:     rsi:rsi   = 'jdk/internal/misc/Unsafe'
  # parm0:    rdx:rdx   = 'java/lang/Object'
  # parm1:    rcx:rcx   = long
  # parm2:    r8:r8     = 'java/lang/Object'
  # parm3:    r9:r9     = long
  # parm4:    rdi:rdi   = long
  #           [sp+0x50]  (sp of caller)
  0x000076794d73a620: 448b 5608 | 49bb 0000 | 00df 7876 | 0000 4d03 | d349 3bc2 | 0f84 0600 

  0x000076794d73a638: ;   {runtime_call ic_miss_stub}
  0x000076794d73a638: 0000 e941 | 67d1 ff90 
[Verified Entry Point]
  0x000076794d73a640: 8984 2400 | c0fe ff55 | 488b ec48 | 83ec 4048 | 893c 244c | 8944 2420 | 4983 f800 | 4c8d 4424 
  0x000076794d73a660: 204c 0f44 | 4424 2048 | 8954 2410 | 4883 fa00 | 488d 5424 | 1048 0f44 | 5424 1048 | 8974 2408 
  0x000076794d73a680: 4883 fe00 | 488d 7424 | 0848 0f44 | 7424 08c5 

  0x000076794d73a690: ;   {internal_word}
  0x000076794d73a690: f877 49ba | 8fa6 734d | 7976 0000 | 4d89 9798 | 0200 0049 | 89a7 9002 

  0x000076794d73a6a8: ;   {external_word}
  0x000076794d73a6a8: 0000 803d | 942a a913 | 000f 843e | 0000 0056 | 5251 4150 

  0x000076794d73a6bc: ;   {metadata({method} {0x00007678df415418} 'copyMemory0' '(Ljava/lang/Object;JLjava/lang/Object;JJ)V' in 'jdk/internal/misc/Unsafe')}
  0x000076794d73a6bc: 4151 48be | 1854 41df | 7876 0000 | 498b fff7 | c40f 0000 | 000f 8412 | 0000 0048 

  0x000076794d73a6d8: ;   {runtime_call SharedRuntime::dtrace_method_entry(JavaThread*, Method*)}
  0x000076794d73a6d8: 83ec 08e8 | 7017 1e13 | 4883 c408 | e905 0000 

  0x000076794d73a6e8: ;   {runtime_call SharedRuntime::dtrace_method_entry(JavaThread*, Method*)}
  0x000076794d73a6e8: 00e8 6217 | 1e13 4159 | 4158 595a | 5e49 8dbf | b002 0000 | 41c7 8740 | 0300 0004 

  0x000076794d73a704: ;   {runtime_call Unsafe_CopyMemory0}
  0x000076794d73a704: 0000 00e8 | 44e0 3d13 | c5f8 7741 | c787 4003 | 0000 0500 | 0000 f083 | 4424 c000 | 493b af48 
  0x000076794d73a724: 0300 000f | 8711 0000 | 0041 81bf | 3003 0000 | 0000 0000 | 0f84 1c00 | 0000 c5f8 | 7749 8bff 
  0x000076794d73a744: 4c8b e448 | 83ec 0048 

  0x000076794d73a74c: ;   {runtime_call JavaThread::check_special_condition_for_native_trans(JavaThread*)}
  0x000076794d73a74c: 83e4 f0e8 | 2ce9 3a13 | 498b e44d | 33e4 41c7 | 8740 0300 | 0008 0000 | 0041 81bf | b003 0000 
  0x000076794d73a76c: 0200 0000 | 0f84 7c00 

  0x000076794d73a774: ;   {external_word}
  0x000076794d73a774: 0000 803d | c829 a913 | 000f 8430 

  0x000076794d73a780: ;   {metadata({method} {0x00007678df415418} 'copyMemory0' '(Ljava/lang/Object;JLjava/lang/Object;JJ)V' in 'jdk/internal/misc/Unsafe')}
  0x000076794d73a780: 0000 0048 | be18 5441 | df78 7600 | 0049 8bff | f7c4 0f00 | 0000 0f84 | 1200 0000 | 4883 ec08 
  0x000076794d73a7a0: ;   {runtime_call SharedRuntime::dtrace_method_exit(JavaThread*, Method*)}
  0x000076794d73a7a0: e8bb 161e | 1348 83c4 | 08e9 0500 

  0x000076794d73a7ac: ;   {runtime_call SharedRuntime::dtrace_method_exit(JavaThread*, Method*)}
  0x000076794d73a7ac: 0000 e8ad | 161e 1349 | c787 9002 | 0000 0000 | 0000 49c7 | 8798 0200 | 0000 0000 | 00c5 f877 
  0x000076794d73a7cc: 498b 8fd8 | 0000 00c7 | 8100 0100 | 0000 0000 | 00c9 4981 | 7f08 0000 | 0000 0f85 | 0100 0000 
  0x000076794d73a7ec: ;   {runtime_call StubRoutines (1)}
  0x000076794d73a7ec: c3e9 0e64 | ccff c5f8 | 774c 8be4 | 4883 ec00 | 4883 e4f0 

  0x000076794d73a800: ;   {runtime_call SharedRuntime::reguard_yellow_pages()}
  0x000076794d73a800: e8cb 241e | 1349 8be4 | 4d33 e4e9 | 66ff ffff 
[/MachCode]


Compiled method (c1)  133885  796       1       jdk.internal.misc.Unsafe::copyMemory (33 bytes)
 total in heap  [0x000076794d7c9190,0x000076794d7c9c48] = 2744
 relocation     [0x000076794d7c92f0,0x000076794d7c93b0] = 192
 main code      [0x000076794d7c93c0,0x000076794d7c9800] = 1088
 stub code      [0x000076794d7c9800,0x000076794d7c98d0] = 208
 metadata       [0x000076794d7c98d0,0x000076794d7c9908] = 56
 scopes data    [0x000076794d7c9908,0x000076794d7c9ac8] = 448
 scopes pcs     [0x000076794d7c9ac8,0x000076794d7c9c08] = 320
 dependencies   [0x000076794d7c9c08,0x000076794d7c9c10] = 8
 nul chk table  [0x000076794d7c9c10,0x000076794d7c9c48] = 56

[Constant Pool (empty)]

[MachCode]
[Entry Point]
  # {method} {0x00007678df419b88} 'copyMemory' '(Ljava/lang/Object;JLjava/lang/Object;JJ)V' in 'jdk/internal/misc/Unsafe'
  # this:     rsi:rsi   = 'jdk/internal/misc/Unsafe'
  # parm0:    rdx:rdx   = 'java/lang/Object'
  # parm1:    rcx:rcx   = long
  # parm2:    r8:r8     = 'java/lang/Object'
  # parm3:    r9:r9     = long
  # parm4:    rdi:rdi   = long
  #           [sp+0x130]  (sp of caller)
  0x000076794d7c93c0: 448b 5608 | 49bb 0000 | 00df 7876 | 0000 4d03 | d34c 3bd0 

  0x000076794d7c93d4: ;   {runtime_call ic_miss_stub}
  0x000076794d7c93d4: 0f85 a679 | c8ff 660f | 1f44 0000 
[Verified Entry Point]
  0x000076794d7c93e0: 8984 2400 | c0fe ff55 | 4881 ec20 | 0100 0048 | 89b4 24d8 | 0000 0048 | 8994 24c8 | 0000 0048 
  0x000076794d7c9400: 898c 24d0 | 0000 004c | 8984 24e0 | 0000 004c | 898c 24e8 | 0000 0048 | 89bc 24f0 | 0000 0048 
  0x000076794d7c9420: 8bd7 488b | c648 8bf0 | 0f1f 8000 

  0x000076794d7c942c: ;   {optimized virtual_call}
  0x000076794d7c942c: 0000 00e8 

  0x000076794d7c9430: ; ImmutableOopMap {[216]=Oop [200]=Oop [224]=Oop }
                      ;*invokevirtual checkSize {reexecute=0 rethrow=0 return_oop=0}
                      ; - jdk.internal.misc.Unsafe::copyMemoryChecks@3 (line 831)
                      ; - jdk.internal.misc.Unsafe::copyMemory@9 (line 800)
  0x000076794d7c9430: 2ce3 f9ff | 488b 9424 | c800 0000 | 4883 fa00 | 0f85 1b00 | 0000 488b | 9424 d000 | 0000 488b 
  0x000076794d7c9450: b424 d800 

  0x000076794d7c9454: ;   {optimized virtual_call}
  0x000076794d7c9454: 0000 90e8 

  0x000076794d7c9458: ; ImmutableOopMap {[216]=Oop [224]=Oop [200]=Oop }
                      ;*invokevirtual checkNativeAddress {reexecute=0 rethrow=0 return_oop=0}
                      ; - jdk.internal.misc.Unsafe::checkPointer@6 (line 544)
                      ; - jdk.internal.misc.Unsafe::checkPrimitivePointer@3 (line 575)
                      ; - jdk.internal.misc.Unsafe::copyMemoryChecks@9 (line 832)
                      ; - jdk.internal.misc.Unsafe::copyMemory@9 (line 800)
  0x000076794d7c9458: 64ef 4100 | e923 0000 | 0048 8b94 | 24c8 0000 | 0048 8b8c | 24d0 0000 | 0048 8bb4 | 24d8 0000 
  0x000076794d7c9478: 0066 0f1f 

  0x000076794d7c947c: ;   {optimized virtual_call}
  0x000076794d7c947c: 4400 00e8 

  0x000076794d7c9480: ; ImmutableOopMap {[216]=Oop [224]=Oop [200]=Oop }
                      ;*invokevirtual checkOffset {reexecute=0 rethrow=0 return_oop=0}
                      ; - jdk.internal.misc.Unsafe::checkPointer@15 (line 546)
                      ; - jdk.internal.misc.Unsafe::checkPrimitivePointer@3 (line 575)
                      ; - jdk.internal.misc.Unsafe::copyMemoryChecks@9 (line 832)
                      ; - jdk.internal.misc.Unsafe::copyMemory@9 (line 800)
  0x000076794d7c9480: dcf0 ffff | 488b 9424 | c800 0000 | 4883 fa00 | 0f84 8000 | 0000 8b72 | 0849 ba00 | 0000 df78 
  0x000076794d7c94a0: 7600 0049 | 03f2 488b | 7670 488b | 3e48 3b07 | 488b f748 | 89bc 24f8 | 0000 000f 

  0x000076794d7c94bc: ;   {optimized virtual_call}
  0x000076794d7c94bc: 1f40 00e8 

  0x000076794d7c94c0: ; ImmutableOopMap {[216]=Oop [224]=Oop [248]=Oop [200]=Oop }
                      ;*invokevirtual isArray {reexecute=0 rethrow=0 return_oop=0}
                      ; - java.lang.Class::getComponentType@1 (line 1227)
                      ; - jdk.internal.misc.Unsafe::checkPrimitiveArray@1 (line 558)
                      ; - jdk.internal.misc.Unsafe::checkPrimitivePointer@15 (line 579)
                      ; - jdk.internal.misc.Unsafe::copyMemoryChecks@9 (line 832)
                      ; - jdk.internal.misc.Unsafe::copyMemory@9 (line 800)
  0x000076794d7c94c0: fced efff | 83f8 000f | 8414 0000 | 0048 8bbc | 24f8 0000 | 008b 5740 | 48c1 e203 | e90a 0000 
  0x000076794d7c94e0: ;   {oop(NULL)}
  0x000076794d7c94e0: 0048 ba00 | 0000 0000 | 0000 0048 | 83fa 000f | 84fc 0100 | 0048 8b52 | 1048 83fa | 00ba 0000 
  0x000076794d7c9500: 0000 0f85 | 0500 0000 | ba01 0000 | 0083 fa00 | 0f84 db01 | 0000 4c8b | 8424 e000 | 0000 4983 
  0x000076794d7c9520: f800 0f85 | 2100 0000 | 488b 9424 | e800 0000 | 488b b424 | d800 0000 | 0f1f 8000 

  0x000076794d7c953c: ;   {optimized virtual_call}
  0x000076794d7c953c: 0000 00e8 

  0x000076794d7c9540: ; ImmutableOopMap {[216]=Oop [200]=Oop [224]=Oop }
                      ;*invokevirtual checkNativeAddress {reexecute=0 rethrow=0 return_oop=0}
                      ; - jdk.internal.misc.Unsafe::checkPointer@6 (line 544)
                      ; - jdk.internal.misc.Unsafe::checkPrimitivePointer@3 (line 575)
                      ; - jdk.internal.misc.Unsafe::copyMemoryChecks@17 (line 833)
                      ; - jdk.internal.misc.Unsafe::copyMemory@9 (line 800)
  0x000076794d7c9540: 7cee 4100 | e923 0000 | 0048 8b94 | 24e0 0000 | 0048 8b8c | 24e8 0000 | 0048 8bb4 | 24d8 0000 
  0x000076794d7c9560: 0066 0f1f 

  0x000076794d7c9564: ;   {optimized virtual_call}
  0x000076794d7c9564: 4400 00e8 

  0x000076794d7c9568: ; ImmutableOopMap {[216]=Oop [200]=Oop [224]=Oop }
                      ;*invokevirtual checkOffset {reexecute=0 rethrow=0 return_oop=0}
                      ; - jdk.internal.misc.Unsafe::checkPointer@15 (line 546)
                      ; - jdk.internal.misc.Unsafe::checkPrimitivePointer@3 (line 575)
                      ; - jdk.internal.misc.Unsafe::copyMemoryChecks@17 (line 833)
                      ; - jdk.internal.misc.Unsafe::copyMemory@9 (line 800)
  0x000076794d7c9568: f4ef ffff | 4c8b 8424 | e000 0000 | 4983 f800 | 0f84 8000 | 0000 418b | 7008 49ba | 0000 00df 
  0x000076794d7c9588: 7876 0000 | 4903 f248 | 8b76 7048 | 8b3e 483b | 0748 8bf7 | 4889 bc24 | 0001 0000 

  0x000076794d7c95a4: ;   {optimized virtual_call}
  0x000076794d7c95a4: 6666 90e8 

  0x000076794d7c95a8: ; ImmutableOopMap {[216]=Oop [200]=Oop [256]=Oop [224]=Oop }
                      ;*invokevirtual isArray {reexecute=0 rethrow=0 return_oop=0}
                      ; - java.lang.Class::getComponentType@1 (line 1227)
                      ; - jdk.internal.misc.Unsafe::checkPrimitiveArray@1 (line 558)
                      ; - jdk.internal.misc.Unsafe::checkPrimitivePointer@15 (line 579)
                      ; - jdk.internal.misc.Unsafe::copyMemoryChecks@17 (line 833)
                      ; - jdk.internal.misc.Unsafe::copyMemory@9 (line 800)
  0x000076794d7c95a8: 14ed efff | 83f8 000f | 8414 0000 | 0048 8bbc | 2400 0100 | 008b 5740 | 48c1 e203 | e90a 0000 
  0x000076794d7c95c8: ;   {oop(NULL)}
  0x000076794d7c95c8: 0048 ba00 | 0000 0000 | 0000 0048 | 83fa 000f | 849d 0000 | 0048 8b52 | 1048 83fa | 00ba 0000 
  0x000076794d7c95e8: 0000 0f85 | 0500 0000 | ba01 0000 | 0083 fa00 | 0f84 7c00 | 0000 48c7 | c200 0000 | 0048 8bbc 
  0x000076794d7c9608: 24f0 0000 | 0048 3bfa | 0f85 1600 | 0000 4881 | c420 0100 

  0x000076794d7c961c: ;   {poll_return}
  0x000076794d7c961c: 005d 493b | a748 0300 | 000f 875c | 0100 00c3 | 488b 9424 | c800 0000 | 488b 8c24 | d000 0000 
  0x000076794d7c963c: 4c8b 8424 | e000 0000 | 4c8b 8c24 | e800 0000 | 488b bc24 | f000 0000 | 488b b424 | d800 0000 
  0x000076794d7c965c: ;   {optimized virtual_call}
  0x000076794d7c965c: 6666 90e8 

  0x000076794d7c9660: ; ImmutableOopMap {}
                      ;*invokevirtual copyMemory0 {reexecute=0 rethrow=0 return_oop=0}
                      ; - jdk.internal.misc.Unsafe::copyMemory@29 (line 806)
  0x000076794d7c9660: dc0f f7ff | 4881 c420 | 0100 005d 

  0x000076794d7c966c: ;   {poll_return}
  0x000076794d7c966c: 493b a748 | 0300 000f | 8724 0100 

  0x000076794d7c9678: ;   {metadata('java/lang/IllegalArgumentException')}
  0x000076794d7c9678: 00c3 48ba | e89c 04df | 7876 0000 | 498b 8708 | 0100 0048 | 8d78 2849 | 3bbf 1801 | 0000 0f87 
  0x000076794d7c9698: 1701 0000 | 4989 bf08 | 0100 0048 | c700 0100 | 0000 488b | ca49 ba00 | 0000 df78 | 7600 0049 
  0x000076794d7c96b8: 2bca 8948 | 0848 33c9 | 8948 0c48 | 33c9 4889 | 4810 4889 | 4818 4889 | 4820 488b | f048 8984 
  0x000076794d7c96d8: 2408 0100 

  0x000076794d7c96dc: ;   {optimized virtual_call}
  0x000076794d7c96dc: 0066 90e8 

  0x000076794d7c96e0: ; ImmutableOopMap {[216]=Oop [200]=Oop [224]=Oop [264]=Oop }
                      ;*invokespecial <init> {reexecute=0 rethrow=0 return_oop=0}
                      ; - jdk.internal.misc.Unsafe::invalidInput@4 (line 440)
                      ; - jdk.internal.misc.Unsafe::checkPrimitiveArray@17 (line 560)
                      ; - jdk.internal.misc.Unsafe::checkPrimitivePointer@15 (line 579)
                      ; - jdk.internal.misc.Unsafe::copyMemoryChecks@17 (line 833)
                      ; - jdk.internal.misc.Unsafe::copyMemory@9 (line 800)
  0x000076794d7c96e0: 9c79 c8ff | 488b 8424 | 0801 0000 | e9fb 0000 

  0x000076794d7c96f0: ;   {metadata('java/lang/IllegalArgumentException')}
  0x000076794d7c96f0: 0048 bae8 | 9c04 df78 | 7600 0049 | 8b87 0801 | 0000 488d | 7828 493b | bf18 0100 | 000f 87ad 
  0x000076794d7c9710: 0000 0049 | 89bf 0801 | 0000 48c7 | 0001 0000 | 0048 8bca | 49ba 0000 | 00df 7876 | 0000 492b 
  0x000076794d7c9730: ca89 4808 | 4833 c989 | 480c 4833 | c948 8948 | 1048 8948 | 1848 8948 | 2048 8bf0 | 4889 8424 
  0x000076794d7c9750: 1001 0000 

  0x000076794d7c9754: ;   {optimized virtual_call}
  0x000076794d7c9754: 6666 90e8 

  0x000076794d7c9758: ; ImmutableOopMap {[272]=Oop [216]=Oop [200]=Oop [224]=Oop }
                      ;*invokespecial <init> {reexecute=0 rethrow=0 return_oop=0}
                      ; - jdk.internal.misc.Unsafe::invalidInput@4 (line 440)
                      ; - jdk.internal.misc.Unsafe::checkPrimitiveArray@17 (line 560)
                      ; - jdk.internal.misc.Unsafe::checkPrimitivePointer@15 (line 579)
                      ; - jdk.internal.misc.Unsafe::copyMemoryChecks@9 (line 832)
                      ; - jdk.internal.misc.Unsafe::copyMemory@9 (line 800)
  0x000076794d7c9758: 2479 c8ff | 488b 8424 | 1001 0000 | e983 0000 

  0x000076794d7c9768: ;   {runtime_call throw_null_pointer_exception Runtime1 stub}
  0x000076794d7c9768: 00e8 b266 

  0x000076794d7c976c: ; ImmutableOopMap {[216]=Oop [224]=Oop rdx=Oop [200]=Oop }
                      ;*invokevirtual getClass {reexecute=0 rethrow=0 return_oop=0}
                      ; - jdk.internal.misc.Unsafe::checkPrimitivePointer@12 (line 579)
                      ; - jdk.internal.misc.Unsafe::copyMemoryChecks@9 (line 832)
                      ; - jdk.internal.misc.Unsafe::copyMemory@9 (line 800)
                      ;   {runtime_call throw_null_pointer_exception Runtime1 stub}
  0x000076794d7c976c: d2ff e8ad 

  0x000076794d7c9770: ; ImmutableOopMap {[216]=Oop [224]=Oop rdx=Oop [200]=Oop rdi=Oop }
                      ;*invokevirtual getComponentType {reexecute=0 rethrow=0 return_oop=0}
                      ; - jdk.internal.misc.Unsafe::checkPrimitiveArray@1 (line 558)
                      ; - jdk.internal.misc.Unsafe::checkPrimitivePointer@15 (line 579)
                      ; - jdk.internal.misc.Unsafe::copyMemoryChecks@9 (line 832)
                      ; - jdk.internal.misc.Unsafe::copyMemory@9 (line 800)
                      ;   {runtime_call throw_null_pointer_exception Runtime1 stub}
  0x000076794d7c9770: 66d2 ffe8 

  0x000076794d7c9774: ; ImmutableOopMap {[216]=Oop [224]=Oop [200]=Oop }
                      ;*invokevirtual isPrimitive {reexecute=0 rethrow=0 return_oop=0}
                      ; - jdk.internal.misc.Unsafe::checkPrimitiveArray@10 (line 559)
                      ; - jdk.internal.misc.Unsafe::checkPrimitivePointer@15 (line 579)
                      ; - jdk.internal.misc.Unsafe::copyMemoryChecks@9 (line 832)
                      ; - jdk.internal.misc.Unsafe::copyMemory@9 (line 800)
  0x000076794d7c9774: a866 d2ff 

  0x000076794d7c9778: ;   {runtime_call throw_null_pointer_exception Runtime1 stub}
  0x000076794d7c9778: e8a3 66d2 

  0x000076794d7c977c: ; ImmutableOopMap {[216]=Oop [200]=Oop r8=Oop [224]=Oop }
                      ;*invokevirtual getClass {reexecute=0 rethrow=0 return_oop=0}
                      ; - jdk.internal.misc.Unsafe::checkPrimitivePointer@12 (line 579)
                      ; - jdk.internal.misc.Unsafe::copyMemoryChecks@17 (line 833)
                      ; - jdk.internal.misc.Unsafe::copyMemory@9 (line 800)
                      ;   {runtime_call throw_null_pointer_exception Runtime1 stub}
  0x000076794d7c977c: ffe8 9e66 

  0x000076794d7c9780: ; ImmutableOopMap {[216]=Oop [200]=Oop r8=Oop [224]=Oop rdi=Oop }
                      ;*invokevirtual getComponentType {reexecute=0 rethrow=0 return_oop=0}
                      ; - jdk.internal.misc.Unsafe::checkPrimitiveArray@1 (line 558)
                      ; - jdk.internal.misc.Unsafe::checkPrimitivePointer@15 (line 579)
                      ; - jdk.internal.misc.Unsafe::copyMemoryChecks@17 (line 833)
                      ; - jdk.internal.misc.Unsafe::copyMemory@9 (line 800)
                      ;   {runtime_call throw_null_pointer_exception Runtime1 stub}
  0x000076794d7c9780: d2ff e899 

  0x000076794d7c9784: ; ImmutableOopMap {[216]=Oop [200]=Oop [224]=Oop }
                      ;*invokevirtual isPrimitive {reexecute=0 rethrow=0 return_oop=0}
                      ; - jdk.internal.misc.Unsafe::checkPrimitiveArray@10 (line 559)
                      ; - jdk.internal.misc.Unsafe::checkPrimitivePointer@15 (line 579)
                      ; - jdk.internal.misc.Unsafe::copyMemoryChecks@17 (line 833)
                      ; - jdk.internal.misc.Unsafe::copyMemory@9 (line 800)
                      ;   {internal_word}
  0x000076794d7c9784: 66d2 ff49 | ba1e 967c | 4d79 7600 | 004d 8997 | 6003 0000 

  0x000076794d7c9798: ;   {runtime_call SafepointBlob}
  0x000076794d7c9798: e963 dfc8 

  0x000076794d7c979c: ;   {internal_word}
  0x000076794d7c979c: ff49 ba6c | 967c 4d79 | 7600 004d | 8997 6003 

  0x000076794d7c97ac: ;   {runtime_call SafepointBlob}
  0x000076794d7c97ac: 0000 e94d | dfc8 ff48 

  0x000076794d7c97b4: ;   {runtime_call fast_new_instance Runtime1 stub}
  0x000076794d7c97b4: 8bd2 e845 

  0x000076794d7c97b8: ; ImmutableOopMap {[216]=Oop [200]=Oop [224]=Oop }
                      ;*new {reexecute=0 rethrow=0 return_oop=0}
                      ; - jdk.internal.misc.Unsafe::invalidInput@0 (line 440)
                      ; - jdk.internal.misc.Unsafe::checkPrimitiveArray@17 (line 560)
                      ; - jdk.internal.misc.Unsafe::checkPrimitivePointer@15 (line 579)
                      ; - jdk.internal.misc.Unsafe::copyMemoryChecks@17 (line 833)
                      ; - jdk.internal.misc.Unsafe::copyMemory@9 (line 800)
  0x000076794d7c97b8: 6fd2 ffe9 | 12ff ffff 

  0x000076794d7c97c0: ;   {runtime_call fast_new_instance Runtime1 stub}
  0x000076794d7c97c0: 488b d2e8 

  0x000076794d7c97c4: ; ImmutableOopMap {[224]=Oop [200]=Oop [216]=Oop }
                      ;*new {reexecute=0 rethrow=0 return_oop=0}
                      ; - jdk.internal.misc.Unsafe::invalidInput@0 (line 440)
                      ; - jdk.internal.misc.Unsafe::checkPrimitiveArray@17 (line 560)
                      ; - jdk.internal.misc.Unsafe::checkPrimitivePointer@15 (line 579)
                      ; - jdk.internal.misc.Unsafe::copyMemoryChecks@9 (line 832)
                      ; - jdk.internal.misc.Unsafe::copyMemory@9 (line 800)
  0x000076794d7c97c4: 386f d2ff | e97c ffff | ff90 9049 | 8b87 d803 | 0000 49c7 | 87d8 0300 | 0000 0000 | 0049 c787 
  0x000076794d7c97e4: e003 0000 | 0000 0000 | 4881 c420 | 0100 005d 

  0x000076794d7c97f4: ;   {runtime_call unwind_exception Runtime1 stub}
  0x000076794d7c97f4: e907 57d2 | fff4 f4f4 | f4f4 f4f4 
[Stub Code]
  0x000076794d7c9800: ;   {no_reloc}
  0x000076794d7c9800: 0f1f 4400 

  0x000076794d7c9804: ;   {static_stub}
  0x000076794d7c9804: 0048 bb00 | 0000 0000 

  0x000076794d7c980c: ;   {runtime_call}
  0x000076794d7c980c: 0000 00e9 | fbff ffff 

  0x000076794d7c9814: ;   {static_stub}
  0x000076794d7c9814: 9048 bb80 | 9541 df78 

  0x000076794d7c981c: ;   {runtime_call I2C/C2I adapters}
  0x000076794d7c981c: 7600 00e9 | b9ea c8ff 

  0x000076794d7c9824: ;   {static_stub}
  0x000076794d7c9824: 9048 bb00 | 0000 0000 

  0x000076794d7c982c: ;   {runtime_call}
  0x000076794d7c982c: 0000 00e9 | fbff ffff 

  0x000076794d7c9834: ;   {static_stub}
  0x000076794d7c9834: 9048 bb00 | 0000 0000 

  0x000076794d7c983c: ;   {runtime_call}
  0x000076794d7c983c: 0000 00e9 | fbff ffff 

  0x000076794d7c9844: ;   {static_stub}
  0x000076794d7c9844: 9048 bb80 | 9541 df78 

  0x000076794d7c984c: ;   {runtime_call I2C/C2I adapters}
  0x000076794d7c984c: 7600 00e9 | 89ea c8ff 

  0x000076794d7c9854: ;   {static_stub}
  0x000076794d7c9854: 9048 bb00 | 0000 0000 

  0x000076794d7c985c: ;   {runtime_call}
  0x000076794d7c985c: 0000 00e9 | fbff ffff 

  0x000076794d7c9864: ;   {static_stub}
  0x000076794d7c9864: 9048 bb00 | 0000 0000 

  0x000076794d7c986c: ;   {runtime_call}
  0x000076794d7c986c: 0000 00e9 | fbff ffff 

  0x000076794d7c9874: ;   {static_stub}
  0x000076794d7c9874: 9048 bb00 | 0000 0000 

  0x000076794d7c987c: ;   {runtime_call}
  0x000076794d7c987c: 0000 00e9 | fbff ffff 

  0x000076794d7c9884: ;   {static_stub}
  0x000076794d7c9884: 9048 bb00 | 0000 0000 

  0x000076794d7c988c: ;   {runtime_call}
  0x000076794d7c988c: 0000 00e9 | fbff ffff 

  0x000076794d7c9894: ;   {static_stub}
  0x000076794d7c9894: 9048 bb00 | 0000 0000 

  0x000076794d7c989c: ;   {runtime_call}
  0x000076794d7c989c: 0000 00e9 | fbff ffff 
[Exception Handler]
  0x000076794d7c98a4: ;   {runtime_call handle_exception_from_callee Runtime1 stub}
  0x000076794d7c98a4: e857 83d2 

  0x000076794d7c98a8: ;   {external_word}
  0x000076794d7c98a8: ff48 bf32 | 65c1 6079 | 7600 0048 

  0x000076794d7c98b4: ;   {runtime_call MacroAssembler::debug64(char*, long, long*)}
  0x000076794d7c98b4: 83e4 f0e8 | 04a1 f412 

  0x000076794d7c98bc: ;   {section_word}
  0x000076794d7c98bc: f449 babd | 987c 4d79 | 7600 0041 

  0x000076794d7c98c8: ;   {runtime_call DeoptimizationBlob}
  0x000076794d7c98c8: 52e9 d2d0 | c8ff f4f4 
[/MachCode]


---------------  P R O C E S S  ---------------

Threads class SMR info:
_java_thread_list=0x000076777800cd80, length=53, elements={
0x000076795815b110, 0x000076795815c500, 0x0000767958161ba0, 0x0000767958162f60,
0x0000767958164380, 0x0000767958165980, 0x000076795816ede0, 0x000076795817b850,
0x000076795907c1c0, 0x000076795907cf40, 0x00007679591970c0, 0x00007678c0000eb0,
0x000076783000fbd0, 0x0000767959c22560, 0x000076782001b570, 0x0000767959c23700,
0x0000767959c38730, 0x0000767959fa5e90, 0x000076795a11bb10, 0x000076795a2ab0f0,
0x000076795a2abf10, 0x000076795a2aea50, 0x000076795a2afa90, 0x000076795a2b0ad0,
0x000076795a2b1b10, 0x000076795a2b2b50, 0x000076795a2b3a80, 0x000076795a2b49b0,
0x000076795a2b5ef0, 0x000076795a2b9330, 0x000076795a2bf790, 0x000076795a2cc7f0,
0x000076795a2d23e0, 0x000076795a2d5320, 0x000076795a2ef8c0, 0x000076795a2f1980,
0x000076795a3184d0, 0x000076795a319280, 0x000076795a31cc70, 0x000076795910a350,
0x000076767c0c6ad0, 0x0000767958034c10, 0x00007676d57a6970, 0x00007676d57ab3e0,
0x000076764000cab0, 0x000076789c01d740, 0x000076764012ee10, 0x00007676d5b28470,
0x00007676d5b297f0, 0x00007676682359c0, 0x000076766822d4e0, 0x00007678b0065100,
0x00007678b0065f40
}

Java Threads: ( => current thread )
  0x000076795815b110 JavaThread "Reference Handler" daemon [_thread_blocked, id=41717, stack(0x000076793c3fb000,0x000076793c4fb000)]
  0x000076795815c500 JavaThread "Finalizer" daemon [_thread_blocked, id=41718, stack(0x000076793c2fb000,0x000076793c3fb000)]
  0x0000767958161ba0 JavaThread "Signal Dispatcher" daemon [_thread_blocked, id=41719, stack(0x000076793c1fb000,0x000076793c2fb000)]
  0x0000767958162f60 JavaThread "Service Thread" daemon [_thread_blocked, id=41720, stack(0x000076793c0fb000,0x000076793c1fb000)]
  0x0000767958164380 JavaThread "Monitor Deflation Thread" daemon [_thread_blocked, id=41721, stack(0x0000767937f00000,0x0000767938000000)]
  0x0000767958165980 JavaThread "C1 CompilerThread0" daemon [_thread_blocked, id=41722, stack(0x0000767937e00000,0x0000767937f00000)]
  0x000076795816ede0 JavaThread "Sweeper thread" daemon [_thread_blocked, id=41723, stack(0x0000767937d00000,0x0000767937e00000)]
  0x000076795817b850 JavaThread "Common-Cleaner" daemon [_thread_blocked, id=41730, stack(0x0000767936d00000,0x0000767936e00000)]
  0x000076795907c1c0 JavaThread "Monitor Ctrl-Break" daemon [_thread_in_native, id=41742, stack(0x00007679359ff000,0x0000767935aff000)]
  0x000076795907cf40 JavaThread "Notification Thread" daemon [_thread_blocked, id=41743, stack(0x00007679358ff000,0x00007679359ff000)]
  0x00007679591970c0 JavaThread "RMI TCP Accept-0" daemon [_thread_in_native, id=41745, stack(0x00007679357ff000,0x00007679358ff000)]
  0x00007678c0000eb0 JavaThread "Attach Listener" daemon [_thread_blocked, id=41783, stack(0x0000767935300000,0x0000767935400000)]
  0x000076783000fbd0 JavaThread "RMI Scheduler(0)" daemon [_thread_blocked, id=41787, stack(0x0000767934d00000,0x0000767934e00000)]
  0x0000767959c22560 JavaThread "Catalina-utility-1" [_thread_blocked, id=41807, stack(0x0000767934b00000,0x0000767934c00000)]
  0x000076782001b570 JavaThread "Catalina-utility-2" [_thread_blocked, id=41808, stack(0x0000767934c00000,0x0000767934d00000)]
  0x0000767959c23700 JavaThread "container-0" [_thread_blocked, id=41809, stack(0x000076792bdff000,0x000076792beff000)]
  0x0000767959c38730 JavaThread "JavaCPP Deallocator" daemon [_thread_blocked, id=41810, stack(0x000076792bcff000,0x000076792bdff000)]
  0x0000767959fa5e90 JavaThread "commons-pool-evictor" daemon [_thread_blocked, id=41857, stack(0x0000767936e00000,0x0000767936f00000)]
  0x000076795a11bb10 JavaThread "spring.cloud.inetutils" daemon [_thread_blocked, id=41858, stack(0x0000767935200000,0x0000767935300000)]
  0x000076795a2ab0f0 JavaThread "http-nio-10001-exec-1" daemon [_thread_blocked, id=41862, stack(0x000076792b800000,0x000076792b900000)]
  0x000076795a2abf10 JavaThread "http-nio-10001-exec-2" daemon [_thread_blocked, id=41863, stack(0x000076792b700000,0x000076792b800000)]
  0x000076795a2aea50 JavaThread "http-nio-10001-exec-3" daemon [_thread_blocked, id=41864, stack(0x000076792b300000,0x000076792b400000)]
  0x000076795a2afa90 JavaThread "http-nio-10001-exec-4" daemon [_thread_blocked, id=41865, stack(0x000076792b200000,0x000076792b300000)]
  0x000076795a2b0ad0 JavaThread "http-nio-10001-exec-5" daemon [_thread_blocked, id=41866, stack(0x000076792b100000,0x000076792b200000)]
  0x000076795a2b1b10 JavaThread "http-nio-10001-exec-6" daemon [_thread_blocked, id=41867, stack(0x000076792ad00000,0x000076792ae00000)]
  0x000076795a2b2b50 JavaThread "http-nio-10001-exec-7" daemon [_thread_blocked, id=41868, stack(0x000076792ac00000,0x000076792ad00000)]
  0x000076795a2b3a80 JavaThread "http-nio-10001-exec-8" daemon [_thread_blocked, id=41869, stack(0x000076792ab00000,0x000076792ac00000)]
  0x000076795a2b49b0 JavaThread "http-nio-10001-exec-9" daemon [_thread_blocked, id=41870, stack(0x000076792a500000,0x000076792a600000)]
  0x000076795a2b5ef0 JavaThread "http-nio-10001-exec-10" daemon [_thread_blocked, id=41871, stack(0x0000767928100000,0x0000767928200000)]
  0x000076795a2b9330 JavaThread "http-nio-10001-Poller" daemon [_thread_in_native, id=41872, stack(0x0000767928000000,0x0000767928100000)]
  0x000076795a2bf790 JavaThread "http-nio-10001-Acceptor" daemon [_thread_in_native, id=41873, stack(0x00007678daf00000,0x00007678db000000)]
  0x000076795a2cc7f0 JavaThread "nacos.publisher-com.alibaba.nacos.common.notify.SlowEvent" daemon [_thread_blocked, id=41874, stack(0x00007678da500000,0x00007678da600000)]
  0x000076795a2d23e0 JavaThread "nacos.publisher-com.alibaba.nacos.client.naming.event.InstancesChangeEvent" daemon [_thread_blocked, id=41875, stack(0x00007678d9b00000,0x00007678d9c00000)]
  0x000076795a2d5320 JavaThread "com.alibaba.nacos.naming.failover" daemon [_thread_blocked, id=41876, stack(0x00007678d9100000,0x00007678d9200000)]
  0x000076795a2ef8c0 JavaThread "com.alibaba.nacos.client.auth.ram.identify.watcher.0" daemon [_thread_blocked, id=41877, stack(0x00007678d8700000,0x00007678d8800000)]
  0x000076795a2f1980 JavaThread "com.alibaba.nacos.client.naming.security" daemon [_thread_blocked, id=41878, stack(0x00007678d8100000,0x00007678d8200000)]
  0x000076795a3184d0 JavaThread "com.alibaba.nacos.client.naming.grpc.redo.0" daemon [_thread_blocked, id=41881, stack(0x00007678d8000000,0x00007678d8100000)]
  0x000076795a319280 JavaThread "com.alibaba.nacos.client.remote.worker" daemon [_thread_blocked, id=41882, stack(0x00007678d3f00000,0x00007678d4000000)]
  0x000076795a31cc70 JavaThread "com.alibaba.nacos.client.remote.worker" daemon [_thread_blocked, id=41883, stack(0x00007678d3500000,0x00007678d3600000)]
  0x000076795910a350 JavaThread "grpc-nio-worker-ELG-1-1" daemon [_thread_in_native, id=41886, stack(0x00007678d2b00000,0x00007678d2c00000)]
  0x000076767c0c6ad0 JavaThread "grpc-nio-worker-ELG-1-2" daemon [_thread_in_native, id=41890, stack(0x00007678d0300000,0x00007678d0400000)]
  0x0000767958034c10 JavaThread "DestroyJavaVM" [_thread_blocked, id=41700, stack(0x0000767961dd2000,0x0000767961ed2000)]
  0x00007676d57a6970 JavaThread "grpc-default-worker-ELG-1-1" daemon [_thread_in_native, id=42599, stack(0x0000767937900000,0x0000767937a00000)]
  0x00007676d57ab3e0 JavaThread "grpc-default-executor-0" daemon [_thread_blocked, id=42600, stack(0x00007678c6100000,0x00007678c6200000)]
  0x000076764000cab0 JavaThread "grpc-default-executor-1" daemon [_thread_blocked, id=42601, stack(0x0000767936f00000,0x0000767937000000)]
  0x000076789c01d740 JavaThread "grpc-default-executor-2" daemon [_thread_blocked, id=42603, stack(0x00007678c5700000,0x00007678c5800000)]
  0x000076764012ee10 JavaThread "grpc-default-worker-ELG-1-2" daemon [_thread_in_native, id=42608, stack(0x00007678c7f00000,0x00007678c8000000)]
=>0x00007676d5b28470 JavaThread "Thread-15" daemon [_thread_in_vm, id=42609, stack(0x00007678d0000000,0x00007678d0100000)]
  0x00007676d5b297f0 Thread [stack: 0x00007678d0200000,0x00007678d0300000] [id=42612]
  0x00007676682359c0 JavaThread "nacos-grpc-client-executor-scnu.saigou.work-54" daemon [_thread_blocked, id=42707, stack(0x00007678ac100000,0x00007678ac200000)]
  0x000076766822d4e0 JavaThread "nacos-grpc-client-executor-scnu.saigou.work-55" daemon [_thread_blocked, id=42708, stack(0x00007678d2100000,0x00007678d2200000)]
  0x00007678b0065100 JavaThread "C1 CompilerThread1" daemon [_thread_blocked, id=42723, stack(0x00007678c4d00000,0x00007678c4e00000)]
  0x00007678b0065f40 JavaThread "C1 CompilerThread2" daemon [_thread_blocked, id=42724, stack(0x00007678b8b00000,0x00007678b8c00000)]

Other Threads:
  0x0000767958157040 VMThread "VM Thread" [stack: 0x000076793c4fc000,0x000076793c5fc000] [id=41715]
  0x0000767958037490 WatcherThread [stack: 0x00007679356ff000,0x00007679357ff000] [id=41746]
  0x0000767958061660 GCTaskThread "GC Thread#0" [stack: 0x000076795ecfe000,0x000076795edfe000] [id=41701]
  0x00007678d4006c00 GCTaskThread "GC Thread#1" [stack: 0x0000767936c00000,0x0000767936d00000] [id=41733]
  0x00007678d4007610 GCTaskThread "GC Thread#2" [stack: 0x0000767936aff000,0x0000767936bff000] [id=41734]
  0x00007678d4008020 GCTaskThread "GC Thread#3" [stack: 0x0000767936700000,0x0000767936800000] [id=41735]
  0x00007678d4008a30 GCTaskThread "GC Thread#4" [stack: 0x00007679365ff000,0x00007679366ff000] [id=41736]
  0x00007678d4009440 GCTaskThread "GC Thread#5" [stack: 0x00007679364fe000,0x00007679365fe000] [id=41737]
  0x00007678d400a270 GCTaskThread "GC Thread#6" [stack: 0x0000767936100000,0x0000767936200000] [id=41738]
  0x00007678d400b0e0 GCTaskThread "GC Thread#7" [stack: 0x0000767935fff000,0x00007679360ff000] [id=41739]
  0x00007678d400bf50 GCTaskThread "GC Thread#8" [stack: 0x0000767935efe000,0x0000767935ffe000] [id=41740]
  0x00007678d400cdc0 GCTaskThread "GC Thread#9" [stack: 0x0000767935b00000,0x0000767935c00000] [id=41741]
  0x00007678d40120a0 GCTaskThread "GC Thread#10" [stack: 0x0000767934700000,0x0000767934800000] [id=41794]
  0x00007678d4014900 GCTaskThread "GC Thread#11" [stack: 0x00007679345ff000,0x00007679346ff000] [id=41795]
  0x00007678d4015040 GCTaskThread "GC Thread#12" [stack: 0x00007679344fe000,0x00007679345fe000] [id=41796]
  0x0000767958070620 ConcurrentGCThread "G1 Main Marker" [stack: 0x000076795cd00000,0x000076795ce00000] [id=41702]
  0x0000767958071590 ConcurrentGCThread "G1 Conc#0" [stack: 0x000076795cbff000,0x000076795ccff000] [id=41703]
  0x0000767930000eb0 ConcurrentGCThread "G1 Conc#1" [stack: 0x0000767934100000,0x0000767934200000] [id=41797]
  0x0000767930001900 ConcurrentGCThread "G1 Conc#2" [stack: 0x000076792bf00000,0x000076792c000000] [id=41798]
  0x000076795812a1a0 ConcurrentGCThread "G1 Refine#0" [stack: 0x000076793c6fe000,0x000076793c7fe000] [id=41704]
  0x000076795812b0a0 ConcurrentGCThread "G1 Service" [stack: 0x000076793c5fd000,0x000076793c6fd000] [id=41705]

Threads with active compile tasks:

VM state: not at safepoint (normal execution)

VM Mutex/Monitor currently owned by a thread: None

Heap address: 0x000000064bc00000, size: 6980 MB, Compressed Oops mode: Zero based, Oop shift amount: 3

CDS archive(s) mapped at: [0x00007678df000000-0x00007678dfbc9000-0x00007678dfbc9000), size 12357632, SharedBaseAddress: 0x00007678df000000, ArchiveRelocationMode: 1.
Compressed class space mapped at: 0x00007678e0000000-0x0000767920000000, reserved size: 1073741824
Narrow klass base: 0x00007678df000000, Narrow klass shift: 0, Narrow klass range: 0x100000000

GC Precious Log:
 CPUs: 16 total, 16 available
 Memory: 27913M
 Large Page Support: Disabled
 NUMA Support: Disabled
 Compressed Oops: Enabled (Zero based)
 Heap Region Size: 4M
 Heap Min Capacity: 8M
 Heap Initial Capacity: 440M
 Heap Max Capacity: 6980M
 Pre-touch: Disabled
 Parallel Workers: 13
 Concurrent Workers: 3
 Concurrent Refinement Workers: 13
 Periodic GC: Disabled

Heap:
 garbage-first heap   total 151552K, used 116514K [0x000000064bc00000, 0x0000000800000000)
  region size 4096K, 19 young (77824K), 2 survivors (8192K)
 Metaspace       used 75787K, committed 76288K, reserved 1179648K
  class space    used 9634K, committed 9856K, reserved 1048576K

Heap Regions: E=young(eden), S=young(survivor), O=old, HS=humongous(starts), HC=humongous(continues), CS=collection set, F=free, OA=open archive, CA=closed archive, TAMS=top-at-mark-start (previous, next)
|   0|0x000000064bc00000, 0x000000064c000000, 0x000000064c000000|100%| O|  |TAMS 0x000000064c000000, 0x000000064bc00000| Untracked 
|   1|0x000000064c000000, 0x000000064c400000, 0x000000064c400000|100%| O|  |TAMS 0x000000064c400000, 0x000000064c000000| Untracked 
|   2|0x000000064c400000, 0x000000064c800000, 0x000000064c800000|100%| O|  |TAMS 0x000000064c800000, 0x000000064c400000| Untracked 
|   3|0x000000064c800000, 0x000000064cc00000, 0x000000064cc00000|100%| O|  |TAMS 0x000000064cc00000, 0x000000064c800000| Untracked 
|   4|0x000000064cc00000, 0x000000064d000000, 0x000000064d000000|100%| O|  |TAMS 0x000000064d000000, 0x000000064cc00000| Untracked 
|   5|0x000000064d000000, 0x000000064d37a800, 0x000000064d400000| 86%| O|  |TAMS 0x000000064d37a800, 0x000000064d000000| Untracked 
|   6|0x000000064d400000, 0x000000064d800000, 0x000000064d800000|100%| O|  |TAMS 0x000000064d7cf200, 0x000000064d400000| Untracked 
|   7|0x000000064d800000, 0x000000064dc00000, 0x000000064dc00000|100%| O|  |TAMS 0x000000064d800000, 0x000000064d800000| Untracked 
|   8|0x000000064dc00000, 0x000000064e000000, 0x000000064e000000|100%| O|  |TAMS 0x000000064e000000, 0x000000064dc00000| Untracked 
|   9|0x000000064e000000, 0x000000064e3c0200, 0x000000064e400000| 93%| O|  |TAMS 0x000000064e000000, 0x000000064e000000| Untracked 
|  10|0x000000064e400000, 0x000000064e400000, 0x000000064e800000|  0%| F|  |TAMS 0x000000064e400000, 0x000000064e400000| Untracked 
|  11|0x000000064e800000, 0x000000064e800000, 0x000000064ec00000|  0%| F|  |TAMS 0x000000064e800000, 0x000000064e800000| Untracked 
|  12|0x000000064ec00000, 0x000000064ec00000, 0x000000064f000000|  0%| F|  |TAMS 0x000000064ec00000, 0x000000064ec00000| Untracked 
|  13|0x000000064f000000, 0x000000064f000000, 0x000000064f400000|  0%| F|  |TAMS 0x000000064f000000, 0x000000064f000000| Untracked 
|  14|0x000000064f400000, 0x000000064f6a20d0, 0x000000064f800000| 65%| S|CS|TAMS 0x000000064f400000, 0x000000064f400000| Complete 
|  15|0x000000064f800000, 0x000000064fc00000, 0x000000064fc00000|100%| S|CS|TAMS 0x000000064f800000, 0x000000064f800000| Complete 
|  16|0x000000064fc00000, 0x000000064fc00000, 0x0000000650000000|  0%| F|  |TAMS 0x000000064fc00000, 0x000000064fc00000| Untracked 
|  17|0x0000000650000000, 0x0000000650000000, 0x0000000650400000|  0%| F|  |TAMS 0x0000000650000000, 0x0000000650000000| Untracked 
|  18|0x0000000650400000, 0x00000006505f4a70, 0x0000000650800000| 48%| E|  |TAMS 0x0000000650400000, 0x0000000650400000| Complete 
|  19|0x0000000650800000, 0x0000000650c00000, 0x0000000650c00000|100%| E|CS|TAMS 0x0000000650800000, 0x0000000650800000| Complete 
|  20|0x0000000650c00000, 0x0000000651000000, 0x0000000651000000|100%| E|CS|TAMS 0x0000000650c00000, 0x0000000650c00000| Complete 
|  21|0x0000000651000000, 0x0000000651400000, 0x0000000651400000|100%| E|CS|TAMS 0x0000000651000000, 0x0000000651000000| Complete 
|  22|0x0000000651400000, 0x0000000651800000, 0x0000000651800000|100%| E|CS|TAMS 0x0000000651400000, 0x0000000651400000| Complete 
|  23|0x0000000651800000, 0x0000000651c00000, 0x0000000651c00000|100%| E|CS|TAMS 0x0000000651800000, 0x0000000651800000| Complete 
|  24|0x0000000651c00000, 0x0000000652000000, 0x0000000652000000|100%| E|CS|TAMS 0x0000000651c00000, 0x0000000651c00000| Complete 
|  25|0x0000000652000000, 0x0000000652400000, 0x0000000652400000|100%| E|CS|TAMS 0x0000000652000000, 0x0000000652000000| Complete 
|  26|0x0000000652400000, 0x0000000652800000, 0x0000000652800000|100%| E|CS|TAMS 0x0000000652400000, 0x0000000652400000| Complete 
|  27|0x0000000652800000, 0x0000000652c00000, 0x0000000652c00000|100%| E|CS|TAMS 0x0000000652800000, 0x0000000652800000| Complete 
|  28|0x0000000652c00000, 0x0000000653000000, 0x0000000653000000|100%| E|CS|TAMS 0x0000000652c00000, 0x0000000652c00000| Complete 
|  29|0x0000000653000000, 0x0000000653400000, 0x0000000653400000|100%| E|CS|TAMS 0x0000000653000000, 0x0000000653000000| Complete 
|  30|0x0000000653400000, 0x0000000653800000, 0x0000000653800000|100%| E|CS|TAMS 0x0000000653400000, 0x0000000653400000| Complete 
|  31|0x0000000653800000, 0x0000000653c00000, 0x0000000653c00000|100%| E|CS|TAMS 0x0000000653800000, 0x0000000653800000| Complete 
|  32|0x0000000653c00000, 0x0000000654000000, 0x0000000654000000|100%| E|CS|TAMS 0x0000000653c00000, 0x0000000653c00000| Complete 
|  33|0x0000000654000000, 0x0000000654400000, 0x0000000654400000|100%| E|CS|TAMS 0x0000000654000000, 0x0000000654000000| Complete 
|  75|0x000000065e800000, 0x000000065ec00000, 0x000000065ec00000|100%| E|CS|TAMS 0x000000065e800000, 0x000000065e800000| Complete 
|1743|0x00000007ff800000, 0x00000007ffb75000, 0x00000007ffc00000| 86%|OA|  |TAMS 0x00000007ffb75000, 0x00000007ff800000| Untracked 
|1744|0x00000007ffc00000, 0x00000007ffc77000, 0x0000000800000000| 11%|CA|  |TAMS 0x00000007ffc77000, 0x00000007ffc00000| Untracked 

Card table byte_map: [0x000076795ce00000,0x000076795dba2000] _byte_map_base: 0x0000767959ba2000

Marking Bits (Prev, Next): (CMBitMap*) 0x00007679580620f0, (CMBitMap*) 0x0000767958062130
 Prev Bits: [0x0000767945800000, 0x000076794c510000)
 Next Bits: [0x000076793ea00000, 0x0000767945710000)

Polling page: 0x0000767961ffe000

Metaspace:

Usage:
  Non-class:     64.60 MB used.
      Class:      9.41 MB used.
       Both:     74.01 MB used.

Virtual space:
  Non-class space:      128.00 MB reserved,      64.88 MB ( 51%) committed,  2 nodes.
      Class space:        1.00 GB reserved,       9.62 MB ( <1%) committed,  1 nodes.
             Both:        1.12 GB reserved,      74.50 MB (  6%) committed. 

Chunk freelists:
   Non-Class:  15.02 MB
       Class:  6.33 MB
        Both:  21.34 MB

MaxMetaspaceSize: unlimited
CompressedClassSpaceSize: 1.00 GB
Initial GC threshold: 21.00 MB
Current GC threshold: 106.19 MB
CDS: on
MetaspaceReclaimPolicy: balanced
 - commit_granule_bytes: 65536.
 - commit_granule_words: 8192.
 - virtual_space_node_default_size: 8388608.
 - enlarge_chunks_in_place: 1.
 - new_chunks_are_fully_committed: 0.
 - uncommit_free_chunks: 1.
 - use_allocation_guard: 0.
 - handle_deallocations: 1.


Internal statistics:

num_allocs_failed_limit: 30.
num_arena_births: 738.
num_arena_deaths: 0.
num_vsnodes_births: 3.
num_vsnodes_deaths: 0.
num_space_committed: 1190.
num_space_uncommitted: 0.
num_chunks_returned_to_freelist: 30.
num_chunks_taken_from_freelist: 3374.
num_chunk_merges: 30.
num_chunk_splits: 2655.
num_chunks_enlarged: 2167.
num_inconsistent_stats: 0.

CodeCache: size=49152Kb used=13852Kb max_used=14382Kb free=35299Kb
 bounds [0x000076794d400000, 0x000076794e270000, 0x0000767950400000]
 total_blobs=8192 nmethods=6888 adapters=1230
 compilation: enabled
              stopped_count=0, restarted_count=0
 full_count=0

Compilation events (20 events):
Event: 133.521 Thread 0x00007678b0065f40 7049       1       java.util.concurrent.SynchronousQueue$TransferStack::casHead (26 bytes)
Event: 133.521 Thread 0x00007678b0065f40 nmethod 7049 0x000076794e1a0310 code [0x000076794e1a0500, 0x000076794e1a09f0]
Event: 133.799 Thread 0x00007678b0065f40 7050       1       org.apache.tomcat.util.buf.Ascii::toLower (14 bytes)
Event: 133.799 Thread 0x00007678b0065f40 nmethod 7050 0x000076794e1a0010 code [0x000076794e1a01a0, 0x000076794e1a0270]
Event: 133.799 Thread 0x00007678b0065100 7051   !   1       java.io.StringReader::read (52 bytes)
Event: 133.800 Thread 0x0000767958165980 7052   !   1       org.apache.catalina.connector.Request::setAttribute (174 bytes)
Event: 133.800 Thread 0x00007678b0065100 nmethod 7051 0x000076794e19f610 code [0x000076794e19f800, 0x000076794e19fc60]
Event: 133.800 Thread 0x00007678b0065100 7053       1       org.springframework.http.HttpMethod::matches (9 bytes)
Event: 133.800 Thread 0x00007678b0065f40 7054       1       org.springframework.web.cors.CorsUtils::isPreFlightRequest (43 bytes)
Event: 133.800 Thread 0x00007678b0065100 nmethod 7053 0x000076794e19f290 code [0x000076794e19f440, 0x000076794e19f520]
Event: 133.800 Thread 0x00007678b0065100 7055       1       org.springframework.http.server.DefaultPathContainer$DefaultPathSegment::valueToMatch (5 bytes)
Event: 133.800 Thread 0x00007678b0065100 nmethod 7055 0x000076794e19ef90 code [0x000076794e19f120, 0x000076794e19f1f0]
Event: 133.800 Thread 0x0000767958165980 nmethod 7052 0x000076794e19e710 code [0x000076794e19e940, 0x000076794e19ed60]
Event: 133.800 Thread 0x00007678b0065f40 nmethod 7054 0x000076794e19e210 code [0x000076794e19e3e0, 0x000076794e19e590]
Event: 133.863 Thread 0x00007678b0065100 7057       1       com.alibaba.nacos.shaded.com.google.common.base.Preconditions::checkArgument (17 bytes)
Event: 133.863 Thread 0x0000767958165980 7056       1       com.alibaba.nacos.shaded.io.grpc.netty.shaded.io.netty.buffer.EmptyByteBuf::readableBytes (2 bytes)
Event: 133.863 Thread 0x0000767958165980 nmethod 7056 0x000076794e19df10 code [0x000076794e19e0a0, 0x000076794e19e170]
Event: 133.863 Thread 0x00007678b0065100 nmethod 7057 0x000076794e19db10 code [0x000076794e19dcc0, 0x000076794e19de50]
Event: 133.863 Thread 0x00007678b0065f40 7058       1       com.alibaba.nacos.shaded.io.grpc.internal.AbstractClientStream$TransportState::listener (5 bytes)
Event: 133.863 Thread 0x00007678b0065f40 nmethod 7058 0x000076794e19d810 code [0x000076794e19d9a0, 0x000076794e19da70]

GC Heap History (20 events):
Event: 4.890 GC heap before
{Heap before GC invocations=25 (full 0):
 garbage-first heap   total 151552K, used 122258K [0x000000064bc00000, 0x0000000800000000)
  region size 4096K, 22 young (90112K), 1 survivors (4096K)
 Metaspace       used 49894K, committed 50368K, reserved 1114112K
  class space    used 6350K, committed 6592K, reserved 1048576K
}
Event: 4.893 GC heap after
{Heap after GC invocations=26 (full 0):
 garbage-first heap   total 151552K, used 39495K [0x000000064bc00000, 0x0000000800000000)
  region size 4096K, 2 young (8192K), 2 survivors (8192K)
 Metaspace       used 49894K, committed 50368K, reserved 1114112K
  class space    used 6350K, committed 6592K, reserved 1048576K
}
Event: 5.201 GC heap before
{Heap before GC invocations=26 (full 0):
 garbage-first heap   total 151552K, used 121415K [0x000000064bc00000, 0x0000000800000000)
  region size 4096K, 22 young (90112K), 2 survivors (8192K)
 Metaspace       used 54133K, committed 54656K, reserved 1114112K
  class space    used 6932K, committed 7232K, reserved 1048576K
}
Event: 5.205 GC heap after
{Heap after GC invocations=27 (full 0):
 garbage-first heap   total 151552K, used 40917K [0x000000064bc00000, 0x0000000800000000)
  region size 4096K, 2 young (8192K), 2 survivors (8192K)
 Metaspace       used 54133K, committed 54656K, reserved 1114112K
  class space    used 6932K, committed 7232K, reserved 1048576K
}
Event: 5.463 GC heap before
{Heap before GC invocations=27 (full 0):
 garbage-first heap   total 151552K, used 114645K [0x000000064bc00000, 0x0000000800000000)
  region size 4096K, 21 young (86016K), 2 survivors (8192K)
 Metaspace       used 59547K, committed 60096K, reserved 1114112K
  class space    used 7567K, committed 7808K, reserved 1048576K
}
Event: 5.466 GC heap after
{Heap after GC invocations=28 (full 0):
 garbage-first heap   total 151552K, used 42016K [0x000000064bc00000, 0x0000000800000000)
  region size 4096K, 2 young (8192K), 2 survivors (8192K)
 Metaspace       used 59547K, committed 60096K, reserved 1114112K
  class space    used 7567K, committed 7808K, reserved 1048576K
}
Event: 41.686 GC heap before
{Heap before GC invocations=28 (full 0):
 garbage-first heap   total 151552K, used 119840K [0x000000064bc00000, 0x0000000800000000)
  region size 4096K, 21 young (86016K), 2 survivors (8192K)
 Metaspace       used 64347K, committed 64832K, reserved 1114112K
  class space    used 8156K, committed 8384K, reserved 1048576K
}
Event: 41.689 GC heap after
{Heap after GC invocations=29 (full 0):
 garbage-first heap   total 151552K, used 43729K [0x000000064bc00000, 0x0000000800000000)
  region size 4096K, 2 young (8192K), 2 survivors (8192K)
 Metaspace       used 64347K, committed 64832K, reserved 1114112K
  class space    used 8156K, committed 8384K, reserved 1048576K
}
Event: 41.734 GC heap before
{Heap before GC invocations=29 (full 0):
 garbage-first heap   total 151552K, used 64209K [0x000000064bc00000, 0x0000000800000000)
  region size 4096K, 8 young (32768K), 2 survivors (8192K)
 Metaspace       used 64600K, committed 65088K, reserved 1114112K
  class space    used 8206K, committed 8448K, reserved 1048576K
}
Event: 41.737 GC heap after
{Heap after GC invocations=30 (full 0):
 garbage-first heap   total 151552K, used 43909K [0x000000064bc00000, 0x0000000800000000)
  region size 4096K, 2 young (8192K), 2 survivors (8192K)
 Metaspace       used 64600K, committed 65088K, reserved 1114112K
  class space    used 8206K, committed 8448K, reserved 1048576K
}
Event: 115.631 GC heap before
{Heap before GC invocations=31 (full 0):
 garbage-first heap   total 151552K, used 113541K [0x000000064bc00000, 0x0000000800000000)
  region size 4096K, 20 young (81920K), 2 survivors (8192K)
 Metaspace       used 68159K, committed 68672K, reserved 1114112K
  class space    used 8702K, committed 8960K, reserved 1048576K
}
Event: 115.634 GC heap after
{Heap after GC invocations=32 (full 0):
 garbage-first heap   total 151552K, used 44360K [0x000000064bc00000, 0x0000000800000000)
  region size 4096K, 2 young (8192K), 2 survivors (8192K)
 Metaspace       used 68159K, committed 68672K, reserved 1114112K
  class space    used 8702K, committed 8960K, reserved 1048576K
}
Event: 115.887 GC heap before
{Heap before GC invocations=32 (full 0):
 garbage-first heap   total 151552K, used 118088K [0x000000064bc00000, 0x0000000800000000)
  region size 4096K, 20 young (81920K), 2 survivors (8192K)
 Metaspace       used 73570K, committed 74048K, reserved 1114112K
  class space    used 9377K, committed 9600K, reserved 1048576K
}
Event: 115.890 GC heap after
{Heap after GC invocations=33 (full 0):
 garbage-first heap   total 151552K, used 46568K [0x000000064bc00000, 0x0000000800000000)
  region size 4096K, 2 young (8192K), 2 survivors (8192K)
 Metaspace       used 73570K, committed 74048K, reserved 1114112K
  class space    used 9377K, committed 9600K, reserved 1048576K
}
Event: 120.001 GC heap before
{Heap before GC invocations=33 (full 0):
 garbage-first heap   total 151552K, used 120296K [0x000000064bc00000, 0x0000000800000000)
  region size 4096K, 20 young (81920K), 2 survivors (8192K)
 Metaspace       used 75740K, committed 76288K, reserved 1179648K
  class space    used 9626K, committed 9856K, reserved 1048576K
}
Event: 120.005 GC heap after
{Heap after GC invocations=34 (full 0):
 garbage-first heap   total 151552K, used 49043K [0x000000064bc00000, 0x0000000800000000)
  region size 4096K, 3 young (12288K), 3 survivors (12288K)
 Metaspace       used 75740K, committed 76288K, reserved 1179648K
  class space    used 9626K, committed 9856K, reserved 1048576K
}
Event: 124.384 GC heap before
{Heap before GC invocations=34 (full 0):
 garbage-first heap   total 151552K, used 110483K [0x000000064bc00000, 0x0000000800000000)
  region size 4096K, 18 young (73728K), 3 survivors (12288K)
 Metaspace       used 75755K, committed 76288K, reserved 1179648K
  class space    used 9629K, committed 9856K, reserved 1048576K
}
Event: 124.388 GC heap after
{Heap after GC invocations=35 (full 0):
 garbage-first heap   total 151552K, used 50274K [0x000000064bc00000, 0x0000000800000000)
  region size 4096K, 2 young (8192K), 2 survivors (8192K)
 Metaspace       used 75755K, committed 76288K, reserved 1179648K
  class space    used 9629K, committed 9856K, reserved 1048576K
}
Event: 129.474 GC heap before
{Heap before GC invocations=35 (full 0):
 garbage-first heap   total 151552K, used 119906K [0x000000064bc00000, 0x0000000800000000)
  region size 4096K, 19 young (77824K), 2 survivors (8192K)
 Metaspace       used 75755K, committed 76288K, reserved 1179648K
  class space    used 9629K, committed 9856K, reserved 1048576K
}
Event: 129.479 GC heap after
{Heap after GC invocations=36 (full 0):
 garbage-first heap   total 151552K, used 50978K [0x000000064bc00000, 0x0000000800000000)
  region size 4096K, 2 young (8192K), 2 survivors (8192K)
 Metaspace       used 75755K, committed 76288K, reserved 1179648K
  class space    used 9629K, committed 9856K, reserved 1048576K
}

Dll operation events (20 events):
Event: 41.697 Loaded shared library /home/pan/.javacpp/cache/ffmpeg-6.0-1.5.9-linux-x86_64.jar/org/bytedeco/ffmpeg/linux-x86_64/libdrm.so.2
Event: 41.708 Loaded shared library /home/pan/.javacpp/cache/ffmpeg-6.0-1.5.9-linux-x86_64.jar/org/bytedeco/ffmpeg/linux-x86_64/libva-drm.so
Event: 41.723 Loaded shared library /home/pan/.javacpp/cache/ffmpeg-6.0-1.5.9-linux-x86_64.jar/org/bytedeco/ffmpeg/linux-x86_64/libavutil.so.58
Event: 41.728 Loaded shared library /home/pan/.javacpp/cache/ffmpeg-6.0-1.5.9-linux-x86_64.jar/org/bytedeco/ffmpeg/linux-x86_64/libjniavutil.so
Event: 41.752 Loaded shared library /home/pan/.javacpp/cache/ffmpeg-6.0-1.5.9-linux-x86_64.jar/org/bytedeco/ffmpeg/linux-x86_64/libswresample.so.4
Event: 41.755 Loaded shared library /home/pan/.javacpp/cache/ffmpeg-6.0-1.5.9-linux-x86_64.jar/org/bytedeco/ffmpeg/linux-x86_64/libjniswresample.so
Event: 41.765 Loaded shared library /home/pan/.javacpp/cache/ffmpeg-6.0-1.5.9-linux-x86_64.jar/org/bytedeco/ffmpeg/linux-x86_64/libavcodec.so.60
Event: 41.768 Loaded shared library /home/pan/.javacpp/cache/ffmpeg-6.0-1.5.9-linux-x86_64.jar/org/bytedeco/ffmpeg/linux-x86_64/libjniavcodec.so
Event: 41.783 Loaded shared library /home/pan/.javacpp/cache/ffmpeg-6.0-1.5.9-linux-x86_64.jar/org/bytedeco/ffmpeg/linux-x86_64/libavformat.so.60
Event: 41.786 Loaded shared library /home/pan/.javacpp/cache/ffmpeg-6.0-1.5.9-linux-x86_64.jar/org/bytedeco/ffmpeg/linux-x86_64/libjniavformat.so
Event: 41.797 Loaded shared library /home/pan/.javacpp/cache/ffmpeg-6.0-1.5.9-linux-x86_64.jar/org/bytedeco/ffmpeg/linux-x86_64/libswscale.so.7
Event: 41.800 Loaded shared library /home/pan/.javacpp/cache/ffmpeg-6.0-1.5.9-linux-x86_64.jar/org/bytedeco/ffmpeg/linux-x86_64/libjniswscale.so
Event: 41.818 Loaded shared library /home/pan/.javacpp/cache/ffmpeg-6.0-1.5.9-linux-x86_64.jar/org/bytedeco/ffmpeg/linux-x86_64/libavfilter.so.9
Event: 41.821 Loaded shared library /home/pan/.javacpp/cache/ffmpeg-6.0-1.5.9-linux-x86_64.jar/org/bytedeco/ffmpeg/linux-x86_64/libjniavfilter.so
Event: 41.832 Loaded shared library /home/pan/.javacpp/cache/ffmpeg-6.0-1.5.9-linux-x86_64.jar/org/bytedeco/ffmpeg/linux-x86_64/libavdevice.so.60
Event: 41.835 Loaded shared library /home/pan/.javacpp/cache/ffmpeg-6.0-1.5.9-linux-x86_64.jar/org/bytedeco/ffmpeg/linux-x86_64/libjniavdevice.so
Event: 115.596 Loaded shared library /tmp/libio_grpc_netty_shaded_netty_transport_native_epoll_x86_6412719002313629544451.so
Event: 115.968 Loaded shared library /home/pan/.javacpp/cache/opencv-4.7.0-1.5.9-linux-x86_64.jar/org/bytedeco/opencv/linux-x86_64/libjniopencv_imgproc.so
Event: 115.985 Loaded shared library /home/pan/.javacpp/cache/opencv-4.7.0-1.5.9-linux-x86_64.jar/org/bytedeco/opencv/linux-x86_64/libopencv_imgcodecs.so.407
Event: 115.988 Loaded shared library /home/pan/.javacpp/cache/opencv-4.7.0-1.5.9-linux-x86_64.jar/org/bytedeco/opencv/linux-x86_64/libjniopencv_imgcodecs.so

Deoptimization events (6 events):
Event: 4.271 Thread 0x0000767958034c10 DEOPT PACKING pc=0x000076794daa93d8 sp=0x0000767961ecdee0
Event: 4.271 Thread 0x0000767958034c10 DEOPT UNPACKING pc=0x000076794d456e2f sp=0x0000767961ecd418 mode 3
Event: 4.271 Thread 0x0000767958034c10 DEOPT PACKING pc=0x000076794daa633a sp=0x0000767961ecdeb0
Event: 4.271 Thread 0x0000767958034c10 DEOPT UNPACKING pc=0x000076794d456e2f sp=0x0000767961ecd418 mode 3
Event: 4.711 Thread 0x0000767958034c10 DEOPT PACKING pc=0x000076794d5e6fc4 sp=0x0000767961ecfcd0
Event: 4.711 Thread 0x0000767958034c10 DEOPT UNPACKING pc=0x000076794d456e2f sp=0x0000767961ecf2a8 mode 0

Classes loaded (20 events):
Event: 115.733 Loading class sun/util/resources/LocaleData$CommonResourceBundleProvider
Event: 115.733 Loading class sun/util/resources/LocaleData$LocaleDataResourceBundleProvider
Event: 115.733 Loading class java/util/spi/ResourceBundleProvider
Event: 115.733 Loading class java/util/spi/ResourceBundleProvider done
Event: 115.733 Loading class sun/util/resources/LocaleData$LocaleDataResourceBundleProvider done
Event: 115.733 Loading class sun/util/resources/LocaleData$CommonResourceBundleProvider done
Event: 115.733 Loading class sun/util/resources/Bundles$2
Event: 115.733 Loading class sun/util/resources/Bundles$2 done
Event: 115.906 Loading class java/nio/DirectFloatBufferU
Event: 115.906 Loading class java/nio/DirectFloatBufferU done
Event: 115.906 Loading class java/nio/DirectShortBufferU
Event: 115.907 Loading class java/nio/DirectShortBufferU done
Event: 120.918 Loading class jdk/internal/math/FormattedFloatingDecimal$Form
Event: 120.918 Loading class jdk/internal/math/FormattedFloatingDecimal$Form done
Event: 120.918 Loading class jdk/internal/math/FormattedFloatingDecimal
Event: 120.918 Loading class jdk/internal/math/FormattedFloatingDecimal done
Event: 120.918 Loading class jdk/internal/math/FormattedFloatingDecimal$1
Event: 120.918 Loading class jdk/internal/math/FormattedFloatingDecimal$1 done
Event: 120.918 Loading class jdk/internal/math/FormattedFloatingDecimal$2
Event: 120.918 Loading class jdk/internal/math/FormattedFloatingDecimal$2 done

Classes unloaded (0 events):
No events

Classes redefined (0 events):
No events

Internal exceptions (20 events):
Event: 55.048 Thread 0x000076795a2ef8c0 Exception <a 'java/io/FileNotFoundException'{0x0000000651d18da0}> (0x0000000651d18da0) 
thrown [src/hotspot/share/prims/jni.cpp, line 516]
Event: 65.049 Thread 0x000076795a2ef8c0 Exception <a 'java/io/FileNotFoundException'{0x0000000651d27df0}> (0x0000000651d27df0) 
thrown [src/hotspot/share/prims/jni.cpp, line 516]
Event: 65.049 Thread 0x000076795a2ef8c0 Exception <a 'java/io/FileNotFoundException'{0x0000000651d28510}> (0x0000000651d28510) 
thrown [src/hotspot/share/prims/jni.cpp, line 516]
Event: 75.049 Thread 0x000076795a2ef8c0 Exception <a 'java/io/FileNotFoundException'{0x0000000651ecf760}> (0x0000000651ecf760) 
thrown [src/hotspot/share/prims/jni.cpp, line 516]
Event: 75.049 Thread 0x000076795a2ef8c0 Exception <a 'java/io/FileNotFoundException'{0x0000000651ecfe80}> (0x0000000651ecfe80) 
thrown [src/hotspot/share/prims/jni.cpp, line 516]
Event: 85.050 Thread 0x000076795a2ef8c0 Exception <a 'java/io/FileNotFoundException'{0x0000000651edeed0}> (0x0000000651edeed0) 
thrown [src/hotspot/share/prims/jni.cpp, line 516]
Event: 85.050 Thread 0x000076795a2ef8c0 Exception <a 'java/io/FileNotFoundException'{0x0000000651edf5f0}> (0x0000000651edf5f0) 
thrown [src/hotspot/share/prims/jni.cpp, line 516]
Event: 95.050 Thread 0x000076795a2ef8c0 Exception <a 'java/io/FileNotFoundException'{0x0000000651823948}> (0x0000000651823948) 
thrown [src/hotspot/share/prims/jni.cpp, line 516]
Event: 95.050 Thread 0x000076795a2ef8c0 Exception <a 'java/io/FileNotFoundException'{0x0000000651824068}> (0x0000000651824068) 
thrown [src/hotspot/share/prims/jni.cpp, line 516]
Event: 96.493 Thread 0x000076795a2b0ad0 Exception <a 'java/lang/reflect/InvocationTargetException'{0x0000000651864a48}> (0x0000000651864a48) 
thrown [src/hotspot/share/runtime/reflection.cpp, line 1128]
Event: 97.103 Thread 0x000076795a2b1b10 Exception <a 'java/lang/reflect/InvocationTargetException'{0x00000006518c0cf8}> (0x00000006518c0cf8) 
thrown [src/hotspot/share/runtime/reflection.cpp, line 1128]
Event: 105.051 Thread 0x000076795a2ef8c0 Exception <a 'java/io/FileNotFoundException'{0x00000006518330b8}> (0x00000006518330b8) 
thrown [src/hotspot/share/prims/jni.cpp, line 516]
Event: 105.051 Thread 0x000076795a2ef8c0 Exception <a 'java/io/FileNotFoundException'{0x00000006518337d8}> (0x00000006518337d8) 
thrown [src/hotspot/share/prims/jni.cpp, line 516]
Event: 115.051 Thread 0x000076795a2ef8c0 Exception <a 'java/io/FileNotFoundException'{0x0000000651a72a28}> (0x0000000651a72a28) 
thrown [src/hotspot/share/prims/jni.cpp, line 516]
Event: 115.051 Thread 0x000076795a2ef8c0 Exception <a 'java/io/FileNotFoundException'{0x0000000651a73148}> (0x0000000651a73148) 
thrown [src/hotspot/share/prims/jni.cpp, line 516]
Event: 115.593 Thread 0x000076795a2b2b50 Exception <a 'java/lang/UnsatisfiedLinkError'{0x00000006501f7d28}: 'int io.grpc.netty.shaded.io.netty.channel.epoll.Native.offsetofEpollData()'> (0x00000006501f7d28) 
thrown [src/hotspot/share/prims/nativeLookup.cpp, line 543]
Event: 115.594 Thread 0x000076795a2b2b50 Exception <a 'java/lang/reflect/InvocationTargetException'{0x000000065023e200}> (0x000000065023e200) 
thrown [src/hotspot/share/runtime/reflection.cpp, line 1128]
Event: 116.009 Thread 0x00007676d5b29070 Exception <a 'java/lang/NoSuchMethodError'{0x0000000652d5ac68}: 'java.lang.Object java.lang.invoke.DirectMethodHandle$Holder.newInvokeSpecial(java.lang.Object, java.lang.Object, int, int)'> (0x0000000652d5ac68) 
thrown [src/hotspot/share/interpreter/linkResolver.cpp, line 759]
Event: 125.052 Thread 0x000076795a2ef8c0 Exception <a 'java/io/FileNotFoundException'{0x0000000653dcdcf0}> (0x0000000653dcdcf0) 
thrown [src/hotspot/share/prims/jni.cpp, line 516]
Event: 125.052 Thread 0x000076795a2ef8c0 Exception <a 'java/io/FileNotFoundException'{0x0000000653dce410}> (0x0000000653dce410) 
thrown [src/hotspot/share/prims/jni.cpp, line 516]

VM Operations (20 events):
Event: 124.383 Executing VM operation: G1CollectForAllocation
Event: 124.388 Executing VM operation: G1CollectForAllocation done
Event: 125.388 Executing VM operation: Cleanup
Event: 125.388 Executing VM operation: Cleanup done
Event: 126.388 Executing VM operation: Cleanup
Event: 126.388 Executing VM operation: Cleanup done
Event: 127.388 Executing VM operation: Cleanup
Event: 127.388 Executing VM operation: Cleanup done
Event: 128.388 Executing VM operation: Cleanup
Event: 128.388 Executing VM operation: Cleanup done
Event: 129.388 Executing VM operation: Cleanup
Event: 129.388 Executing VM operation: Cleanup done
Event: 129.474 Executing VM operation: G1CollectForAllocation
Event: 129.479 Executing VM operation: G1CollectForAllocation done
Event: 131.479 Executing VM operation: Cleanup
Event: 131.479 Executing VM operation: Cleanup done
Event: 132.479 Executing VM operation: Cleanup
Event: 132.479 Executing VM operation: Cleanup done
Event: 133.479 Executing VM operation: Cleanup
Event: 133.479 Executing VM operation: Cleanup done

Memory protections (20 events):
Event: 119.685 Protecting memory [0x00007678a2100000,0x00007678a2104000] with protection modes 0
Event: 119.877 Protecting memory [0x00007678a1700000,0x00007678a1704000] with protection modes 0
Event: 120.171 Protecting memory [0x00007678a0d00000,0x00007678a0d04000] with protection modes 0
Event: 120.347 Protecting memory [0x00007678a0500000,0x00007678a0504000] with protection modes 0
Event: 120.680 Protecting memory [0x00007678a0100000,0x00007678a0104000] with protection modes 0
Event: 120.866 Protecting memory [0x00007678a0000000,0x00007678a0004000] with protection modes 0
Event: 121.169 Protecting memory [0x0000767897f00000,0x0000767897f04000] with protection modes 0
Event: 121.353 Protecting memory [0x0000767896700000,0x0000767896704000] with protection modes 0
Event: 121.669 Protecting memory [0x0000767896600000,0x0000767896604000] with protection modes 0
Event: 121.877 Protecting memory [0x0000767896500000,0x0000767896504000] with protection modes 0
Event: 122.178 Protecting memory [0x0000767896100000,0x0000767896104000] with protection modes 0
Event: 122.363 Protecting memory [0x0000767896000000,0x0000767896004000] with protection modes 0
Event: 123.697 Protecting memory [0x00007678c6b00000,0x00007678c6b04000] with protection modes 0
Event: 123.698 Protecting memory [0x00007678c7500000,0x00007678c7504000] with protection modes 0
Event: 125.322 Protecting memory [0x0000767895f00000,0x0000767895f04000] with protection modes 0
Event: 128.862 Protecting memory [0x00007678ac100000,0x00007678ac104000] with protection modes 0
Event: 128.862 Protecting memory [0x00007678d2100000,0x00007678d2104000] with protection modes 0
Event: 132.421 Protecting memory [0x00007678c4d00000,0x00007678c4d04000] with protection modes 0
Event: 132.421 Protecting memory [0x00007678b8b00000,0x00007678b8b04000] with protection modes 0
Event: 132.421 Protecting memory [0x0000767895f00000,0x0000767895f04000] with protection modes 0

Nmethod flushes (20 events):
Event: 17.429 Thread 0x000076795816ede0 flushing  nmethod 0x000076794dc9f590
Event: 17.429 Thread 0x000076795816ede0 flushing  nmethod 0x000076794dcbed90
Event: 17.429 Thread 0x000076795816ede0 flushing  nmethod 0x000076794dcbf190
Event: 17.429 Thread 0x000076795816ede0 flushing  nmethod 0x000076794dcc0610
Event: 17.429 Thread 0x000076795816ede0 flushing  nmethod 0x000076794dce1f10
Event: 17.429 Thread 0x000076795816ede0 flushing  nmethod 0x000076794dce6c90
Event: 17.429 Thread 0x000076795816ede0 flushing  nmethod 0x000076794dce7e90
Event: 17.430 Thread 0x000076795816ede0 flushing  nmethod 0x000076794dce8e10
Event: 17.430 Thread 0x000076795816ede0 flushing  nmethod 0x000076794dcfb190
Event: 17.430 Thread 0x000076795816ede0 flushing  nmethod 0x000076794dcfcd10
Event: 17.430 Thread 0x000076795816ede0 flushing  nmethod 0x000076794dd03190
Event: 17.430 Thread 0x000076795816ede0 flushing  nmethod 0x000076794dd07f90
Event: 17.430 Thread 0x000076795816ede0 flushing  nmethod 0x000076794dd22010
Event: 17.430 Thread 0x000076795816ede0 flushing  nmethod 0x000076794dd36c90
Event: 17.430 Thread 0x000076795816ede0 flushing  nmethod 0x000076794dd66910
Event: 17.430 Thread 0x000076795816ede0 flushing  nmethod 0x000076794dd80110
Event: 17.430 Thread 0x000076795816ede0 flushing  nmethod 0x000076794ddd8310
Event: 17.430 Thread 0x000076795816ede0 flushing  nmethod 0x000076794de09a90
Event: 17.430 Thread 0x000076795816ede0 flushing  nmethod 0x000076794de15790
Event: 17.431 Thread 0x000076795816ede0 flushing  nmethod 0x000076794e00c390

Events (20 events):
Event: 122.178 Thread 0x00007676d5b289f0 Thread added: 0x000076765c012cb0
Event: 122.363 Thread 0x00007676d57ab3e0 Thread added: 0x000076764006ae40
Event: 123.369 Thread 0x000076766822e940 Thread exited: 0x000076766822e940
Event: 123.370 Thread 0x000076766822c2d0 Thread exited: 0x000076766822c2d0
Event: 123.697 Thread 0x000076767c0c6ad0 Thread added: 0x000076766822e940
Event: 123.698 Thread 0x000076767c0c6ad0 Thread added: 0x000076766822c2d0
Event: 125.322 Thread 0x0000767958165980 Thread added: 0x00007678b0061820
Event: 126.365 Thread 0x00007678b0061820 Thread exited: 0x00007678b0061820
Event: 128.206 Thread 0x00007678b03c1610 Thread exited: 0x00007678b03c1610
Event: 128.533 Thread 0x00007676682359c0 Thread exited: 0x00007676682359c0
Event: 128.534 Thread 0x000076766822d4e0 Thread exited: 0x000076766822d4e0
Event: 128.862 Thread 0x000076767c0c6ad0 Thread added: 0x00007676682359c0
Event: 128.862 Thread 0x000076767c0c6ad0 Thread added: 0x000076766822d4e0
Event: 130.185 Thread 0x00007678b03bb860 Thread exited: 0x00007678b03bb860
Event: 132.421 Thread 0x0000767958165980 Thread added: 0x00007678b0065100
Event: 132.421 Thread 0x0000767958165980 Thread added: 0x00007678b0065f40
Event: 132.421 Thread 0x00007678b0065f40 Thread added: 0x0000767564002130
Event: 133.169 Thread 0x0000767564002130 Thread exited: 0x0000767564002130
Event: 133.697 Thread 0x000076766822e940 Thread exited: 0x000076766822e940
Event: 133.698 Thread 0x000076766822c2d0 Thread exited: 0x000076766822c2d0


Dynamic libraries:
64bc00000-654400000 rw-p 00000000 00:00 0 
654400000-65e800000 ---p 00000000 00:00 0 
65e800000-65ec00000 rw-p 00000000 00:00 0 
65ec00000-7ff800000 ---p 00000000 00:00 0 
7ff800000-7ffb00000 rw-p 00000000 00:00 0 
7ffb00000-7ffb75000 rw-p 00c78000 103:02 4342152                         /home/pan/.jdks/corretto-17.0.14/lib/server/classes.jsa
7ffb75000-7ffc00000 rw-p 00000000 00:00 0 
7ffc00000-7ffc77000 rw-p 00c01000 103:02 4342152                         /home/pan/.jdks/corretto-17.0.14/lib/server/classes.jsa
7ffc77000-800000000 rw-p 00000000 00:00 0 
5f8f57800000-5f8f57801000 r-xp 00000000 103:02 4342252                   /home/pan/.jdks/corretto-17.0.14/bin/java
5f8f57a01000-5f8f57a02000 r--p 00001000 103:02 4342252                   /home/pan/.jdks/corretto-17.0.14/bin/java
5f8f57a02000-5f8f57a03000 rw-p 00002000 103:02 4342252                   /home/pan/.jdks/corretto-17.0.14/bin/java
5f8f6048c000-5f8f60696000 rw-p 00000000 00:00 0                          [heap]
767490000000-767491daa000 rw-p 00000000 00:00 0 
767491daa000-767494000000 ---p 00000000 00:00 0 
767498000000-76749bb54000 rw-p 00000000 00:00 0 
76749bb54000-76749c000000 ---p 00000000 00:00 0 
76749c000000-76749fb54000 rw-p 00000000 00:00 0 
76749fb54000-7674a0000000 ---p 00000000 00:00 0 
7674a4000000-7674a7b54000 rw-p 00000000 00:00 0 
7674a7b54000-7674a8000000 ---p 00000000 00:00 0 
7674a8000000-7674abb54000 rw-p 00000000 00:00 0 
7674abb54000-7674ac000000 ---p 00000000 00:00 0 
7674b0000000-7674b3b54000 rw-p 00000000 00:00 0 
7674b3b54000-7674b4000000 ---p 00000000 00:00 0 
7674b4000000-7674b7b54000 rw-p 00000000 00:00 0 
7674b7b54000-7674b8000000 ---p 00000000 00:00 0 
7674bc000000-7674bfb54000 rw-p 00000000 00:00 0 
7674bfb54000-7674c0000000 ---p 00000000 00:00 0 
7674c0000000-7674c3b54000 rw-p 00000000 00:00 0 
7674c3b54000-7674c4000000 ---p 00000000 00:00 0 
7674c8000000-7674cbb54000 rw-p 00000000 00:00 0 
7674cbb54000-7674cc000000 ---p 00000000 00:00 0 
7674cc000000-7674cfb54000 rw-p 00000000 00:00 0 
7674cfb54000-7674d0000000 ---p 00000000 00:00 0 
7674d4000000-7674d7b54000 rw-p 00000000 00:00 0 
7674d7b54000-7674d8000000 ---p 00000000 00:00 0 
7674d8000000-7674dbb54000 rw-p 00000000 00:00 0 
7674dbb54000-7674dc000000 ---p 00000000 00:00 0 
7674e0000000-7674e3b54000 rw-p 00000000 00:00 0 
7674e3b54000-7674e4000000 ---p 00000000 00:00 0 
7674e4000000-7674e7b54000 rw-p 00000000 00:00 0 
7674e7b54000-7674e8000000 ---p 00000000 00:00 0 
7674ec000000-7674ec60a000 rw-p 00000000 00:00 0 
7674ec60a000-7674f0000000 ---p 00000000 00:00 0 
7674f0000000-7674f01d1000 rw-p 00000000 00:00 0 
7674f01d1000-7674f4000000 ---p 00000000 00:00 0 
7674f8000000-7674fbb54000 rw-p 00000000 00:00 0 
7674fbb54000-7674fc000000 ---p 00000000 00:00 0 
7674fc000000-7674fc48f000 rw-p 00000000 00:00 0 
7674fc48f000-767500000000 ---p 00000000 00:00 0 
767504000000-767507b54000 rw-p 00000000 00:00 0 
767507b54000-767508000000 ---p 00000000 00:00 0 
767508000000-7675081d1000 rw-p 00000000 00:00 0 
7675081d1000-76750c000000 ---p 00000000 00:00 0 
767510000000-767513b54000 rw-p 00000000 00:00 0 
767513b54000-767514000000 ---p 00000000 00:00 0 
767514000000-76751460b000 rw-p 00000000 00:00 0 
76751460b000-767518000000 ---p 00000000 00:00 0 
76751c000000-76751fb54000 rw-p 00000000 00:00 0 
76751fb54000-767520000000 ---p 00000000 00:00 0 
767520000000-76752048e000 rw-p 00000000 00:00 0 
76752048e000-767524000000 ---p 00000000 00:00 0 
767528000000-76752bb54000 rw-p 00000000 00:00 0 
76752bb54000-76752c000000 ---p 00000000 00:00 0 
76752c000000-76752c478000 rw-p 00000000 00:00 0 
76752c478000-767530000000 ---p 00000000 00:00 0 
767534000000-767537bb0000 rw-p 00000000 00:00 0 
767537bb0000-767538000000 ---p 00000000 00:00 0 
767538000000-76753848d000 rw-p 00000000 00:00 0 
76753848d000-76753c000000 ---p 00000000 00:00 0 
767540000000-767540478000 rw-p 00000000 00:00 0 
767540478000-767544000000 ---p 00000000 00:00 0 
767544000000-76754448d000 rw-p 00000000 00:00 0 
76754448d000-767548000000 ---p 00000000 00:00 0 
76754c000000-76754c479000 rw-p 00000000 00:00 0 
76754c479000-767550000000 ---p 00000000 00:00 0 
767550000000-76755048b000 rw-p 00000000 00:00 0 
76755048b000-767554000000 ---p 00000000 00:00 0 
767558000000-76755860a000 rw-p 00000000 00:00 0 
76755860a000-76755c000000 ---p 00000000 00:00 0 
76755c000000-76755c141000 rw-p 00000000 00:00 0 
76755c141000-767560000000 ---p 00000000 00:00 0 
767564000000-76756448f000 rw-p 00000000 00:00 0 
76756448f000-767568000000 ---p 00000000 00:00 0 
767568000000-7675681d0000 rw-p 00000000 00:00 0 
7675681d0000-76756c000000 ---p 00000000 00:00 0 
767570000000-7675701d0000 rw-p 00000000 00:00 0 
7675701d0000-767574000000 ---p 00000000 00:00 0 
767574000000-7675741d0000 rw-p 00000000 00:00 0 
7675741d0000-767578000000 ---p 00000000 00:00 0 
76757c000000-76757c021000 rw-p 00000000 00:00 0 
76757c021000-767580000000 ---p 00000000 00:00 0 
767580000000-767580021000 rw-p 00000000 00:00 0 
767580021000-767584000000 ---p 00000000 00:00 0 
767588000000-767588021000 rw-p 00000000 00:00 0 
767588021000-76758c000000 ---p 00000000 00:00 0 
76758c000000-76758c021000 rw-p 00000000 00:00 0 
76758c021000-767590000000 ---p 00000000 00:00 0 
767594000000-767594021000 rw-p 00000000 00:00 0 
767594021000-767598000000 ---p 00000000 00:00 0 
767598000000-767598021000 rw-p 00000000 00:00 0 
767598021000-76759c000000 ---p 00000000 00:00 0 
7675a0000000-7675a0021000 rw-p 00000000 00:00 0 
7675a0021000-7675a4000000 ---p 00000000 00:00 0 
7675a4000000-7675a4021000 rw-p 00000000 00:00 0 
7675a4021000-7675a8000000 ---p 00000000 00:00 0 
7675ac000000-7675ac021000 rw-p 00000000 00:00 0 
7675ac021000-7675b0000000 ---p 00000000 00:00 0 
7675b0000000-7675b0021000 rw-p 00000000 00:00 0 
7675b0021000-7675b4000000 ---p 00000000 00:00 0 
7675b8000000-7675b8021000 rw-p 00000000 00:00 0 
7675b8021000-7675bc000000 ---p 00000000 00:00 0 
7675bc000000-7675bc021000 rw-p 00000000 00:00 0 
7675bc021000-7675c0000000 ---p 00000000 00:00 0 
7675c4000000-7675c4021000 rw-p 00000000 00:00 0 
7675c4021000-7675c8000000 ---p 00000000 00:00 0 
7675c8000000-7675c8021000 rw-p 00000000 00:00 0 
7675c8021000-7675cc000000 ---p 00000000 00:00 0 
7675d0000000-7675d0021000 rw-p 00000000 00:00 0 
7675d0021000-7675d4000000 ---p 00000000 00:00 0 
7675d4000000-7675d4100000 rw-p 00000000 00:00 0 
7675d4100000-7675d8000000 ---p 00000000 00:00 0 
7675d8000000-7675d8225000 rw-p 00000000 00:00 0 
7675d8225000-7675dc000000 ---p 00000000 00:00 0 
7675e0000000-7675e0634000 rw-p 00000000 00:00 0 
7675e0634000-7675e4000000 ---p 00000000 00:00 0 
7675e4000000-7675e4655000 rw-p 00000000 00:00 0 
7675e4655000-7675e8000000 ---p 00000000 00:00 0 
7675ec000000-7675ec635000 rw-p 00000000 00:00 0 
7675ec635000-7675f0000000 ---p 00000000 00:00 0 
7675f0000000-7675f064a000 rw-p 00000000 00:00 0 
7675f064a000-7675f4000000 ---p 00000000 00:00 0 
7675f8000000-7675f862f000 rw-p 00000000 00:00 0 
7675f862f000-7675fc000000 ---p 00000000 00:00 0 
7675fc000000-7675fc647000 rw-p 00000000 00:00 0 
7675fc647000-767600000000 ---p 00000000 00:00 0 
767604000000-76760462d000 rw-p 00000000 00:00 0 
76760462d000-767608000000 ---p 00000000 00:00 0 
767608000000-767608640000 rw-p 00000000 00:00 0 
767608640000-76760c000000 ---p 00000000 00:00 0 
767610000000-767610631000 rw-p 00000000 00:00 0 
767610631000-767614000000 ---p 00000000 00:00 0 
767614000000-767614641000 rw-p 00000000 00:00 0 
767614641000-767618000000 ---p 00000000 00:00 0 
76761c000000-76761c630000 rw-p 00000000 00:00 0 
76761c630000-767620000000 ---p 00000000 00:00 0 
767620000000-767620642000 rw-p 00000000 00:00 0 
767620642000-767624000000 ---p 00000000 00:00 0 
767628000000-767628630000 rw-p 00000000 00:00 0 
767628630000-76762c000000 ---p 00000000 00:00 0 
76762c000000-76762c641000 rw-p 00000000 00:00 0 
76762c641000-767630000000 ---p 00000000 00:00 0 
767634000000-76763410e000 rw-p 00000000 00:00 0 
76763410e000-767638000000 ---p 00000000 00:00 0 
767638000000-767638021000 rw-p 00000000 00:00 0 
767638021000-76763c000000 ---p 00000000 00:00 0 
767640000000-76764014a000 rw-p 00000000 00:00 0 
76764014a000-767644000000 ---p 00000000 00:00 0 
767644000000-767644021000 rw-p 00000000 00:00 0 
767644021000-767648000000 ---p 00000000 00:00 0 
76764c000000-76764c021000 rw-p 00000000 00:00 0 
76764c021000-767650000000 ---p 00000000 00:00 0 
767650000000-767650227000 rw-p 00000000 00:00 0 
767650227000-767654000000 ---p 00000000 00:00 0 
767658000000-76765bdf1000 rw-p 00000000 00:00 0 
76765bdf1000-76765c000000 ---p 00000000 00:00 0 
76765c000000-76765c021000 rw-p 00000000 00:00 0 
76765c021000-767660000000 ---p 00000000 00:00 0 
767664000000-767664e8b000 rw-p 00000000 00:00 0 
767664e8b000-767668000000 ---p 00000000 00:00 0 
767668000000-767668239000 rw-p 00000000 00:00 0 
767668239000-76766c000000 ---p 00000000 00:00 0 
767670000000-76767062d000 rw-p 00000000 00:00 0 
76767062d000-767674000000 ---p 00000000 00:00 0 
767674000000-767674a26000 rw-p 00000000 00:00 0 
767674a26000-767678000000 ---p 00000000 00:00 0 
76767c000000-76767c0d2000 rw-p 00000000 00:00 0 
76767c0d2000-767680000000 ---p 00000000 00:00 0 
767680000000-767680021000 rw-p 00000000 00:00 0 
767680021000-767684000000 ---p 00000000 00:00 0 
767688000000-767688207000 rw-p 00000000 00:00 0 
767688207000-76768c000000 ---p 00000000 00:00 0 
76768c000000-76768c021000 rw-p 00000000 00:00 0 
76768c021000-767690000000 ---p 00000000 00:00 0 
767694000000-767694021000 rw-p 00000000 00:00 0 
767694021000-767698000000 ---p 00000000 00:00 0 
767698000000-767698021000 rw-p 00000000 00:00 0 
767698021000-76769c000000 ---p 00000000 00:00 0 
7676a0000000-7676a0021000 rw-p 00000000 00:00 0 
7676a0021000-7676a4000000 ---p 00000000 00:00 0 
7676a4000000-7676a4021000 rw-p 00000000 00:00 0 
7676a4021000-7676a8000000 ---p 00000000 00:00 0 
7676ac000000-7676ac021000 rw-p 00000000 00:00 0 
7676ac021000-7676b0000000 ---p 00000000 00:00 0 
7676b0000000-7676b0021000 rw-p 00000000 00:00 0 
7676b0021000-7676b4000000 ---p 00000000 00:00 0 
7676b8000000-7676b8021000 rw-p 00000000 00:00 0 
7676b8021000-7676bc000000 ---p 00000000 00:00 0 
7676bc000000-7676bc021000 rw-p 00000000 00:00 0 
7676bc021000-7676c0000000 ---p 00000000 00:00 0 
7676c4000000-7676c4021000 rw-p 00000000 00:00 0 
7676c4021000-7676c8000000 ---p 00000000 00:00 0 
7676c8000000-7676c8021000 rw-p 00000000 00:00 0 
7676c8021000-7676cc000000 ---p 00000000 00:00 0 
7676d0000000-7676d0021000 rw-p 00000000 00:00 0 
7676d0021000-7676d4000000 ---p 00000000 00:00 0 
7676d4000000-7676d5b2d000 rw-p 00000000 00:00 0 
7676d5b2d000-7676d8000000 ---p 00000000 00:00 0 
7676dc000000-7676dc021000 rw-p 00000000 00:00 0 
7676dc021000-7676e0000000 ---p 00000000 00:00 0 
7676e0000000-7676e0021000 rw-p 00000000 00:00 0 
7676e0021000-7676e4000000 ---p 00000000 00:00 0 
7676e8000000-7676e8234000 rw-p 00000000 00:00 0 
7676e8234000-7676ec000000 ---p 00000000 00:00 0 
7676ec000000-7676ec021000 rw-p 00000000 00:00 0 
7676ec021000-7676f0000000 ---p 00000000 00:00 0 
7676f4000000-7676f402c000 rw-p 00000000 00:00 0 
7676f402c000-7676f8000000 ---p 00000000 00:00 0 
7676f8000000-7676f804b000 rw-p 00000000 00:00 0 
7676f804b000-7676fc000000 ---p 00000000 00:00 0 
767700000000-767778000000 rw-p 00000000 00:00 0 
767778000000-76777821f000 rw-p 00000000 00:00 0 
76777821f000-76777c000000 ---p 00000000 00:00 0 
76777c000000-7677f4000000 rw-p 00000000 00:00 0 
7677f4000000-7677f4021000 rw-p 00000000 00:00 0 
7677f4021000-7677f8000000 ---p 00000000 00:00 0 
7677fc000000-7677fc021000 rw-p 00000000 00:00 0 
7677fc021000-767800000000 ---p 00000000 00:00 0 
767800000000-767800021000 rw-p 00000000 00:00 0 
767800021000-767804000000 ---p 00000000 00:00 0 
767808000000-767808021000 rw-p 00000000 00:00 0 
767808021000-76780c000000 ---p 00000000 00:00 0 
76780c000000-76780c021000 rw-p 00000000 00:00 0 
76780c021000-767810000000 ---p 00000000 00:00 0 
767814000000-767814021000 rw-p 00000000 00:00 0 
767814021000-767818000000 ---p 00000000 00:00 0 
767818000000-767818021000 rw-p 00000000 00:00 0 
767818021000-76781c000000 ---p 00000000 00:00 0 
767820000000-767820064000 rw-p 00000000 00:00 0 
767820064000-767824000000 ---p 00000000 00:00 0 
767824000000-767824021000 rw-p 00000000 00:00 0 
767824021000-767828000000 ---p 00000000 00:00 0 
76782c000000-76782c021000 rw-p 00000000 00:00 0 
76782c021000-767830000000 ---p 00000000 00:00 0 
767830000000-76783033d000 rw-p 00000000 00:00 0 
76783033d000-767834000000 ---p 00000000 00:00 0 
767836600000-76783661e000 r--p 00000000 103:02 5259726                   /home/pan/.javacpp/cache/opencv-4.7.0-1.5.9-linux-x86_64.jar/org/bytedeco/opencv/linux-x86_64/libopencv_imgcodecs.so.407
76783661e000-76783682e000 r-xp 0001e000 103:02 5259726                   /home/pan/.javacpp/cache/opencv-4.7.0-1.5.9-linux-x86_64.jar/org/bytedeco/opencv/linux-x86_64/libopencv_imgcodecs.so.407
76783682e000-76783694c000 r--p 0022e000 103:02 5259726                   /home/pan/.javacpp/cache/opencv-4.7.0-1.5.9-linux-x86_64.jar/org/bytedeco/opencv/linux-x86_64/libopencv_imgcodecs.so.407
76783694c000-767836956000 r--p 0034b000 103:02 5259726                   /home/pan/.javacpp/cache/opencv-4.7.0-1.5.9-linux-x86_64.jar/org/bytedeco/opencv/linux-x86_64/libopencv_imgcodecs.so.407
767836956000-76783695b000 rw-p 00355000 103:02 5259726                   /home/pan/.javacpp/cache/opencv-4.7.0-1.5.9-linux-x86_64.jar/org/bytedeco/opencv/linux-x86_64/libopencv_imgcodecs.so.407
76783695b000-7678369c4000 rw-p 00000000 00:00 0 
767837600000-767837601000 ---p 00000000 00:00 0 
767837601000-767837e01000 rw-p 00000000 00:00 0 
767838000000-767838021000 rw-p 00000000 00:00 0 
767838021000-76783c000000 ---p 00000000 00:00 0 
76783c000000-76783c20c000 rw-p 00000000 00:00 0 
76783c20c000-767840000000 ---p 00000000 00:00 0 
767840400000-767840401000 ---p 00000000 00:00 0 
767840401000-767840c01000 rw-p 00000000 00:00 0 
767840e00000-767840e01000 ---p 00000000 00:00 0 
767840e01000-767841601000 rw-p 00000000 00:00 0 
767841800000-767841801000 ---p 00000000 00:00 0 
767841801000-767842001000 rw-p 00000000 00:00 0 
767842200000-767842201000 ---p 00000000 00:00 0 
767842201000-767842a01000 rw-p 00000000 00:00 0 
767842c00000-767842c01000 ---p 00000000 00:00 0 
767842c01000-767843401000 rw-p 00000000 00:00 0 
767843600000-767843601000 ---p 00000000 00:00 0 
767843601000-767843e01000 rw-p 00000000 00:00 0 
767844000000-767844021000 rw-p 00000000 00:00 0 
767844021000-767848000000 ---p 00000000 00:00 0 
767848000000-767848021000 rw-p 00000000 00:00 0 
767848021000-76784c000000 ---p 00000000 00:00 0 
76784c400000-76784c401000 ---p 00000000 00:00 0 
76784c401000-76784cc01000 rw-p 00000000 00:00 0 
76784ce00000-76784ce01000 ---p 00000000 00:00 0 
76784ce01000-76784d601000 rw-p 00000000 00:00 0 
76784d800000-76784d801000 ---p 00000000 00:00 0 
76784d801000-76784e001000 rw-p 00000000 00:00 0 
76784e200000-76784e201000 ---p 00000000 00:00 0 
76784e201000-76784ea01000 rw-p 00000000 00:00 0 
76784ec00000-76784ec01000 ---p 00000000 00:00 0 
76784ec01000-76784f401000 rw-p 00000000 00:00 0 
76784f600000-76784f601000 ---p 00000000 00:00 0 
76784f601000-76784fe01000 rw-p 00000000 00:00 0 
767850000000-767850021000 rw-p 00000000 00:00 0 
767850021000-767854000000 ---p 00000000 00:00 0 
767854000000-767854021000 rw-p 00000000 00:00 0 
767854021000-767858000000 ---p 00000000 00:00 0 
767858800000-767858801000 ---p 00000000 00:00 0 
767858801000-767859001000 rw-p 00000000 00:00 0 
767859200000-767859201000 ---p 00000000 00:00 0 
767859201000-767859a01000 rw-p 00000000 00:00 0 
76785c000000-76785c021000 rw-p 00000000 00:00 0 
76785c021000-767860000000 ---p 00000000 00:00 0 
767860000000-767860021000 rw-p 00000000 00:00 0 
767860021000-767864000000 ---p 00000000 00:00 0 
767866000000-767866012000 r-xp 00000000 103:02 1182008                   /tmp/libio_grpc_netty_shaded_netty_transport_native_epoll_x86_6412719002313629544451.so (deleted)
767866012000-767866211000 ---p 00012000 103:02 1182008                   /tmp/libio_grpc_netty_shaded_netty_transport_native_epoll_x86_6412719002313629544451.so (deleted)
767866211000-767866213000 r--p 00011000 103:02 1182008                   /tmp/libio_grpc_netty_shaded_netty_transport_native_epoll_x86_6412719002313629544451.so (deleted)
767866213000-767866214000 rw-p 00000000 00:00 0 
767868000000-76786802f000 rw-p 00000000 00:00 0 
76786802f000-76786c000000 ---p 00000000 00:00 0 
76786c000000-76786c021000 rw-p 00000000 00:00 0 
76786c021000-767870000000 ---p 00000000 00:00 0 
767874000000-767874021000 rw-p 00000000 00:00 0 
767874021000-767878000000 ---p 00000000 00:00 0 
767878000000-767878021000 rw-p 00000000 00:00 0 
767878021000-76787c000000 ---p 00000000 00:00 0 
767880000000-767880021000 rw-p 00000000 00:00 0 
767880021000-767884000000 ---p 00000000 00:00 0 
767884000000-767884021000 rw-p 00000000 00:00 0 
767884021000-767888000000 ---p 00000000 00:00 0 
767889600000-7678896ad000 r--p 00000000 103:02 5259679                   /home/pan/.javacpp/cache/ffmpeg-6.0-1.5.9-linux-x86_64.jar/org/bytedeco/ffmpeg/linux-x86_64/libavcodec.so.60
7678896ad000-76788af6c000 r-xp 000ad000 103:02 5259679                   /home/pan/.javacpp/cache/ffmpeg-6.0-1.5.9-linux-x86_64.jar/org/bytedeco/ffmpeg/linux-x86_64/libavcodec.so.60
76788af6c000-76788b544000 r--p 0196c000 103:02 5259679                   /home/pan/.javacpp/cache/ffmpeg-6.0-1.5.9-linux-x86_64.jar/org/bytedeco/ffmpeg/linux-x86_64/libavcodec.so.60
76788b544000-76788b545000 ---p 01f44000 103:02 5259679                   /home/pan/.javacpp/cache/ffmpeg-6.0-1.5.9-linux-x86_64.jar/org/bytedeco/ffmpeg/linux-x86_64/libavcodec.so.60
76788b545000-76788b5d3000 r--p 01f44000 103:02 5259679                   /home/pan/.javacpp/cache/ffmpeg-6.0-1.5.9-linux-x86_64.jar/org/bytedeco/ffmpeg/linux-x86_64/libavcodec.so.60
76788b5d3000-76788b5ea000 rw-p 01fd2000 103:02 5259679                   /home/pan/.javacpp/cache/ffmpeg-6.0-1.5.9-linux-x86_64.jar/org/bytedeco/ffmpeg/linux-x86_64/libavcodec.so.60
76788b5ea000-76788bf92000 rw-p 00000000 00:00 0 
76788c000000-76788c021000 rw-p 00000000 00:00 0 
76788c021000-767890000000 ---p 00000000 00:00 0 
767890000000-767890021000 rw-p 00000000 00:00 0 
767890021000-767894000000 ---p 00000000 00:00 0 
767894600000-76789468a000 r--p 00000000 103:02 5259688                   /home/pan/.javacpp/cache/ffmpeg-6.0-1.5.9-linux-x86_64.jar/org/bytedeco/ffmpeg/linux-x86_64/libavfilter.so.9
76789468a000-7678949d8000 r-xp 0008a000 103:02 5259688                   /home/pan/.javacpp/cache/ffmpeg-6.0-1.5.9-linux-x86_64.jar/org/bytedeco/ffmpeg/linux-x86_64/libavfilter.so.9
7678949d8000-767894a95000 r--p 003d8000 103:02 5259688                   /home/pan/.javacpp/cache/ffmpeg-6.0-1.5.9-linux-x86_64.jar/org/bytedeco/ffmpeg/linux-x86_64/libavfilter.so.9
767894a95000-767894b17000 r--p 00494000 103:02 5259688                   /home/pan/.javacpp/cache/ffmpeg-6.0-1.5.9-linux-x86_64.jar/org/bytedeco/ffmpeg/linux-x86_64/libavfilter.so.9
767894b17000-767894b19000 rw-p 00516000 103:02 5259688                   /home/pan/.javacpp/cache/ffmpeg-6.0-1.5.9-linux-x86_64.jar/org/bytedeco/ffmpeg/linux-x86_64/libavfilter.so.9
767894b19000-767894b1c000 rw-p 00000000 00:00 0 
767894c00000-767894cbf000 r--p 00000000 103:02 5259682                   /home/pan/.javacpp/cache/ffmpeg-6.0-1.5.9-linux-x86_64.jar/org/bytedeco/ffmpeg/linux-x86_64/libavformat.so.60
767894cbf000-767895378000 r-xp 000bf000 103:02 5259682                   /home/pan/.javacpp/cache/ffmpeg-6.0-1.5.9-linux-x86_64.jar/org/bytedeco/ffmpeg/linux-x86_64/libavformat.so.60
767895378000-76789553a000 r--p 00778000 103:02 5259682                   /home/pan/.javacpp/cache/ffmpeg-6.0-1.5.9-linux-x86_64.jar/org/bytedeco/ffmpeg/linux-x86_64/libavformat.so.60
76789553a000-7678955cf000 r--p 00939000 103:02 5259682                   /home/pan/.javacpp/cache/ffmpeg-6.0-1.5.9-linux-x86_64.jar/org/bytedeco/ffmpeg/linux-x86_64/libavformat.so.60
7678955cf000-7678955d8000 rw-p 009ce000 103:02 5259682                   /home/pan/.javacpp/cache/ffmpeg-6.0-1.5.9-linux-x86_64.jar/org/bytedeco/ffmpeg/linux-x86_64/libavformat.so.60
7678955d8000-7678955e1000 rw-p 00000000 00:00 0 
767895600000-767895602000 r-xp 00000000 103:02 5259672                   /home/pan/.javacpp/cache/ffmpeg-6.0-1.5.9-linux-x86_64.jar/org/bytedeco/ffmpeg/linux-x86_64/libva-drm.so
767895602000-767895801000 ---p 00002000 103:02 5259672                   /home/pan/.javacpp/cache/ffmpeg-6.0-1.5.9-linux-x86_64.jar/org/bytedeco/ffmpeg/linux-x86_64/libva-drm.so
767895801000-767895802000 r--p 00001000 103:02 5259672                   /home/pan/.javacpp/cache/ffmpeg-6.0-1.5.9-linux-x86_64.jar/org/bytedeco/ffmpeg/linux-x86_64/libva-drm.so
767895802000-767895803000 rw-p 00002000 103:02 5259672                   /home/pan/.javacpp/cache/ffmpeg-6.0-1.5.9-linux-x86_64.jar/org/bytedeco/ffmpeg/linux-x86_64/libva-drm.so
767895c00000-767895c10000 r-xp 00000000 103:02 5259670                   /home/pan/.javacpp/cache/ffmpeg-6.0-1.5.9-linux-x86_64.jar/org/bytedeco/ffmpeg/linux-x86_64/libdrm.so.2
767895c10000-767895e0f000 ---p 00010000 103:02 5259670                   /home/pan/.javacpp/cache/ffmpeg-6.0-1.5.9-linux-x86_64.jar/org/bytedeco/ffmpeg/linux-x86_64/libdrm.so.2
767895e0f000-767895e10000 r--p 0000f000 103:02 5259670                   /home/pan/.javacpp/cache/ffmpeg-6.0-1.5.9-linux-x86_64.jar/org/bytedeco/ffmpeg/linux-x86_64/libdrm.so.2
767895e10000-767895e11000 rw-p 00010000 103:02 5259670                   /home/pan/.javacpp/cache/ffmpeg-6.0-1.5.9-linux-x86_64.jar/org/bytedeco/ffmpeg/linux-x86_64/libdrm.so.2
767896000000-767896004000 ---p 00000000 00:00 0 
767896004000-767896100000 rw-p 00000000 00:00 0 
767896100000-767896104000 ---p 00000000 00:00 0 
767896104000-767896200000 rw-p 00000000 00:00 0 
767896200000-76789622b000 r-xp 00000000 103:02 5259669                   /home/pan/.javacpp/cache/ffmpeg-6.0-1.5.9-linux-x86_64.jar/org/bytedeco/ffmpeg/linux-x86_64/libva.so
76789622b000-76789642a000 ---p 0002b000 103:02 5259669                   /home/pan/.javacpp/cache/ffmpeg-6.0-1.5.9-linux-x86_64.jar/org/bytedeco/ffmpeg/linux-x86_64/libva.so
76789642a000-76789642b000 r--p 0002a000 103:02 5259669                   /home/pan/.javacpp/cache/ffmpeg-6.0-1.5.9-linux-x86_64.jar/org/bytedeco/ffmpeg/linux-x86_64/libva.so
76789642b000-76789642c000 rw-p 0002b000 103:02 5259669                   /home/pan/.javacpp/cache/ffmpeg-6.0-1.5.9-linux-x86_64.jar/org/bytedeco/ffmpeg/linux-x86_64/libva.so
767896500000-767896504000 ---p 00000000 00:00 0 
767896504000-767896600000 rw-p 00000000 00:00 0 
767896600000-767896604000 ---p 00000000 00:00 0 
767896604000-767896700000 rw-p 00000000 00:00 0 
767896700000-767896704000 ---p 00000000 00:00 0 
767896704000-767896800000 rw-p 00000000 00:00 0 
767896800000-767896be9000 r--p 00000000 103:02 5259710                   /home/pan/.javacpp/cache/openblas-0.3.23-1.5.9-linux-x86_64.jar/org/bytedeco/openblas/linux-x86_64/libjniopenblas.so
767896be9000-767897d06000 r-xp 003e9000 103:02 5259710                   /home/pan/.javacpp/cache/openblas-0.3.23-1.5.9-linux-x86_64.jar/org/bytedeco/openblas/linux-x86_64/libjniopenblas.so
767897d06000-767897eb0000 r--p 01506000 103:02 5259710                   /home/pan/.javacpp/cache/openblas-0.3.23-1.5.9-linux-x86_64.jar/org/bytedeco/openblas/linux-x86_64/libjniopenblas.so
767897eb0000-767897eb1000 ---p 016b0000 103:02 5259710                   /home/pan/.javacpp/cache/openblas-0.3.23-1.5.9-linux-x86_64.jar/org/bytedeco/openblas/linux-x86_64/libjniopenblas.so
767897eb1000-767897eb2000 r--p 016b0000 103:02 5259710                   /home/pan/.javacpp/cache/openblas-0.3.23-1.5.9-linux-x86_64.jar/org/bytedeco/openblas/linux-x86_64/libjniopenblas.so
767897eb2000-767897eba000 rw-p 016b1000 103:02 5259710                   /home/pan/.javacpp/cache/openblas-0.3.23-1.5.9-linux-x86_64.jar/org/bytedeco/openblas/linux-x86_64/libjniopenblas.so
767897eba000-767897ebb000 rw-p 00000000 00:00 0 
767897f00000-767897f04000 ---p 00000000 00:00 0 
767897f04000-767898000000 rw-p 00000000 00:00 0 
767898000000-7678980e8000 rw-p 00000000 00:00 0 
7678980e8000-76789c000000 ---p 00000000 00:00 0 
76789c000000-76789c136000 rw-p 00000000 00:00 0 
76789c136000-7678a0004000 ---p 00000000 00:00 0 
7678a0004000-7678a0100000 rw-p 00000000 00:00 0 
7678a0100000-7678a0104000 ---p 00000000 00:00 0 
7678a0104000-7678a0200000 rw-p 00000000 00:00 0 
7678a0200000-7678a0217000 r--p 00000000 103:02 5259673                   /home/pan/.javacpp/cache/ffmpeg-6.0-1.5.9-linux-x86_64.jar/org/bytedeco/ffmpeg/linux-x86_64/libavutil.so.58
7678a0217000-7678a02c6000 r-xp 00017000 103:02 5259673                   /home/pan/.javacpp/cache/ffmpeg-6.0-1.5.9-linux-x86_64.jar/org/bytedeco/ffmpeg/linux-x86_64/libavutil.so.58
7678a02c6000-7678a02ea000 r--p 000c6000 103:02 5259673                   /home/pan/.javacpp/cache/ffmpeg-6.0-1.5.9-linux-x86_64.jar/org/bytedeco/ffmpeg/linux-x86_64/libavutil.so.58
7678a02ea000-7678a02eb000 ---p 000ea000 103:02 5259673                   /home/pan/.javacpp/cache/ffmpeg-6.0-1.5.9-linux-x86_64.jar/org/bytedeco/ffmpeg/linux-x86_64/libavutil.so.58
7678a02eb000-7678a02fd000 r--p 000ea000 103:02 5259673                   /home/pan/.javacpp/cache/ffmpeg-6.0-1.5.9-linux-x86_64.jar/org/bytedeco/ffmpeg/linux-x86_64/libavutil.so.58
7678a02fd000-7678a02fe000 rw-p 000fc000 103:02 5259673                   /home/pan/.javacpp/cache/ffmpeg-6.0-1.5.9-linux-x86_64.jar/org/bytedeco/ffmpeg/linux-x86_64/libavutil.so.58
7678a02fe000-7678a040d000 rw-p 00000000 00:00 0 
7678a0500000-7678a0504000 ---p 00000000 00:00 0 
7678a0504000-7678a0600000 rw-p 00000000 00:00 0 
7678a0600000-7678a066c000 r--p 00000000 103:02 5259722                   /home/pan/.javacpp/cache/opencv-4.7.0-1.5.9-linux-x86_64.jar/org/bytedeco/opencv/linux-x86_64/libopencv_imgproc.so.407
7678a066c000-7678a0ac4000 r-xp 0006c000 103:02 5259722                   /home/pan/.javacpp/cache/opencv-4.7.0-1.5.9-linux-x86_64.jar/org/bytedeco/opencv/linux-x86_64/libopencv_imgproc.so.407
7678a0ac4000-7678a0bdf000 r--p 004c4000 103:02 5259722                   /home/pan/.javacpp/cache/opencv-4.7.0-1.5.9-linux-x86_64.jar/org/bytedeco/opencv/linux-x86_64/libopencv_imgproc.so.407
7678a0bdf000-7678a0bfb000 r--p 005de000 103:02 5259722                   /home/pan/.javacpp/cache/opencv-4.7.0-1.5.9-linux-x86_64.jar/org/bytedeco/opencv/linux-x86_64/libopencv_imgproc.so.407
7678a0bfb000-7678a0c04000 rw-p 005fa000 103:02 5259722                   /home/pan/.javacpp/cache/opencv-4.7.0-1.5.9-linux-x86_64.jar/org/bytedeco/opencv/linux-x86_64/libopencv_imgproc.so.407
7678a0c04000-7678a0ca4000 rw-p 00000000 00:00 0 
7678a0d00000-7678a0d04000 ---p 00000000 00:00 0 
7678a0d04000-7678a0e00000 rw-p 00000000 00:00 0 
7678a0e00000-7678a0e01000 ---p 00000000 00:00 0 
7678a0e01000-7678a1601000 rw-p 00000000 00:00 0 
7678a1700000-7678a1704000 ---p 00000000 00:00 0 
7678a1704000-7678a1800000 rw-p 00000000 00:00 0 
7678a1800000-7678a1801000 ---p 00000000 00:00 0 
7678a1801000-7678a2001000 rw-p 00000000 00:00 0 
7678a2100000-7678a2104000 ---p 00000000 00:00 0 
7678a2104000-7678a2200000 rw-p 00000000 00:00 0 
7678a2200000-7678a2201000 ---p 00000000 00:00 0 
7678a2201000-7678a2a01000 rw-p 00000000 00:00 0 
7678a2b00000-7678a2b04000 ---p 00000000 00:00 0 
7678a2b04000-7678a2c00000 rw-p 00000000 00:00 0 
7678a2c00000-7678a2c01000 ---p 00000000 00:00 0 
7678a2c01000-7678a3401000 rw-p 00000000 00:00 0 
7678a3500000-7678a3504000 ---p 00000000 00:00 0 
7678a3504000-7678a3600000 rw-p 00000000 00:00 0 
7678a3600000-7678a3601000 ---p 00000000 00:00 0 
7678a3601000-7678a3e01000 rw-p 00000000 00:00 0 
7678a3f00000-7678a3f04000 ---p 00000000 00:00 0 
7678a3f04000-7678a4000000 rw-p 00000000 00:00 0 
7678a4000000-7678a4136000 rw-p 00000000 00:00 0 
7678a4136000-7678a8000000 ---p 00000000 00:00 0 
7678a8000000-7678a80d9000 rw-p 00000000 00:00 0 
7678a80d9000-7678ac004000 ---p 00000000 00:00 0 
7678ac004000-7678ac100000 rw-p 00000000 00:00 0 
7678ac100000-7678ac104000 ---p 00000000 00:00 0 
7678ac104000-7678ac200000 rw-p 00000000 00:00 0 
7678ac200000-7678ac204000 ---p 00000000 00:00 0 
7678ac204000-7678ac300000 rw-p 00000000 00:00 0 
7678ac300000-7678ac304000 ---p 00000000 00:00 0 
7678ac304000-7678ac400000 rw-p 00000000 00:00 0 
7678ac400000-7678ac401000 ---p 00000000 00:00 0 
7678ac401000-7678acc01000 rw-p 00000000 00:00 0 
7678acd00000-7678acd04000 ---p 00000000 00:00 0 
7678acd04000-7678ace00000 rw-p 00000000 00:00 0 
7678ace00000-7678ace01000 ---p 00000000 00:00 0 
7678ace01000-7678ad601000 rw-p 00000000 00:00 0 
7678ad700000-7678ad704000 ---p 00000000 00:00 0 
7678ad704000-7678ad800000 rw-p 00000000 00:00 0 
7678ad800000-7678ad801000 ---p 00000000 00:00 0 
7678ad801000-7678ae001000 rw-p 00000000 00:00 0 
7678ae100000-7678ae104000 ---p 00000000 00:00 0 
7678ae104000-7678ae200000 rw-p 00000000 00:00 0 
7678ae200000-7678ae201000 ---p 00000000 00:00 0 
7678ae201000-7678aea01000 rw-p 00000000 00:00 0 
7678aeb00000-7678aeb04000 ---p 00000000 00:00 0 
7678aeb04000-7678aec00000 rw-p 00000000 00:00 0 
7678aec00000-7678aec01000 ---p 00000000 00:00 0 
7678aec01000-7678af401000 rw-p 00000000 00:00 0 
7678af500000-7678af504000 ---p 00000000 00:00 0 
7678af504000-7678af600000 rw-p 00000000 00:00 0 
7678af600000-7678af601000 ---p 00000000 00:00 0 
7678af601000-7678afe01000 rw-p 00000000 00:00 0 
7678aff00000-7678aff04000 ---p 00000000 00:00 0 
7678aff04000-7678b0000000 rw-p 00000000 00:00 0 
7678b0000000-7678b0765000 rw-p 00000000 00:00 0 
7678b0765000-7678b4000000 ---p 00000000 00:00 0 
7678b4000000-7678b4021000 rw-p 00000000 00:00 0 
7678b4021000-7678b8004000 ---p 00000000 00:00 0 
7678b8004000-7678b8100000 rw-p 00000000 00:00 0 
7678b8100000-7678b8104000 ---p 00000000 00:00 0 
7678b8104000-7678b8200000 rw-p 00000000 00:00 0 
7678b8200000-7678b8201000 ---p 00000000 00:00 0 
7678b8201000-7678b8a01000 rw-p 00000000 00:00 0 
7678b8b00000-7678b8b04000 ---p 00000000 00:00 0 
7678b8b04000-7678b8c00000 rw-p 00000000 00:00 0 
7678b8c00000-7678b8c01000 ---p 00000000 00:00 0 
7678b8c01000-7678b9401000 rw-p 00000000 00:00 0 
7678b9500000-7678b9504000 ---p 00000000 00:00 0 
7678b9504000-7678b9600000 rw-p 00000000 00:00 0 
7678b9600000-7678b9601000 ---p 00000000 00:00 0 
7678b9601000-7678b9e01000 rw-p 00000000 00:00 0 
7678b9f00000-7678b9f04000 ---p 00000000 00:00 0 
7678b9f04000-7678ba000000 rw-p 00000000 00:00 0 
7678ba000000-7678ba106000 r--p 00000000 103:02 5259708                   /home/pan/.javacpp/cache/openblas-0.3.23-1.5.9-linux-x86_64.jar/org/bytedeco/openblas/linux-x86_64/libopenblas.so.0
7678ba106000-7678ba116000 r-xp 00106000 103:02 5259708                   /home/pan/.javacpp/cache/openblas-0.3.23-1.5.9-linux-x86_64.jar/org/bytedeco/openblas/linux-x86_64/libopenblas.so.0
7678ba116000-7678ba118000 ---p 00116000 103:02 5259708                   /home/pan/.javacpp/cache/openblas-0.3.23-1.5.9-linux-x86_64.jar/org/bytedeco/openblas/linux-x86_64/libopenblas.so.0
7678ba118000-7678bbbed000 r-xp 00118000 103:02 5259708                   /home/pan/.javacpp/cache/openblas-0.3.23-1.5.9-linux-x86_64.jar/org/bytedeco/openblas/linux-x86_64/libopenblas.so.0
7678bbbed000-7678bbddc000 r--p 01bed000 103:02 5259708                   /home/pan/.javacpp/cache/openblas-0.3.23-1.5.9-linux-x86_64.jar/org/bytedeco/openblas/linux-x86_64/libopenblas.so.0
7678bbddc000-7678bbde2000 r--p 01ddb000 103:02 5259708                   /home/pan/.javacpp/cache/openblas-0.3.23-1.5.9-linux-x86_64.jar/org/bytedeco/openblas/linux-x86_64/libopenblas.so.0
7678bbde2000-7678bbdfa000 rw-p 01de1000 103:02 5259708                   /home/pan/.javacpp/cache/openblas-0.3.23-1.5.9-linux-x86_64.jar/org/bytedeco/openblas/linux-x86_64/libopenblas.so.0
7678bbdfa000-7678bbe07000 rw-p 00000000 00:00 0 
7678bbf00000-7678bbf04000 ---p 00000000 00:00 0 
7678bbf04000-7678bc000000 rw-p 00000000 00:00 0 
7678bc000000-7678bc021000 rw-p 00000000 00:00 0 
7678bc021000-7678c0000000 ---p 00000000 00:00 0 
7678c0000000-7678c0021000 rw-p 00000000 00:00 0 
7678c0021000-7678c4000000 ---p 00000000 00:00 0 
7678c404e000-7678c40a4000 r--p 00000000 103:02 5259725                   /home/pan/.javacpp/cache/opencv-4.7.0-1.5.9-linux-x86_64.jar/org/bytedeco/opencv/linux-x86_64/libjniopencv_imgproc.so
7678c40a4000-7678c4180000 r-xp 00056000 103:02 5259725                   /home/pan/.javacpp/cache/opencv-4.7.0-1.5.9-linux-x86_64.jar/org/bytedeco/opencv/linux-x86_64/libjniopencv_imgproc.so
7678c4180000-7678c41ca000 r--p 00132000 103:02 5259725                   /home/pan/.javacpp/cache/opencv-4.7.0-1.5.9-linux-x86_64.jar/org/bytedeco/opencv/linux-x86_64/libjniopencv_imgproc.so
7678c41ca000-7678c41cb000 ---p 0017c000 103:02 5259725                   /home/pan/.javacpp/cache/opencv-4.7.0-1.5.9-linux-x86_64.jar/org/bytedeco/opencv/linux-x86_64/libjniopencv_imgproc.so
7678c41cb000-7678c41ce000 r--p 0017c000 103:02 5259725                   /home/pan/.javacpp/cache/opencv-4.7.0-1.5.9-linux-x86_64.jar/org/bytedeco/opencv/linux-x86_64/libjniopencv_imgproc.so
7678c41ce000-7678c41cf000 rw-p 0017f000 103:02 5259725                   /home/pan/.javacpp/cache/opencv-4.7.0-1.5.9-linux-x86_64.jar/org/bytedeco/opencv/linux-x86_64/libjniopencv_imgproc.so
7678c41cf000-7678c41f9000 r--p 00000000 103:02 11846987                  /usr/lib/x86_64-linux-gnu/libasound.so.2.0.0
7678c41f9000-7678c4290000 r-xp 0002a000 103:02 11846987                  /usr/lib/x86_64-linux-gnu/libasound.so.2.0.0
7678c4290000-7678c42ca000 r--p 000c1000 103:02 11846987                  /usr/lib/x86_64-linux-gnu/libasound.so.2.0.0
7678c42ca000-7678c42d1000 r--p 000fa000 103:02 11846987                  /usr/lib/x86_64-linux-gnu/libasound.so.2.0.0
7678c42d1000-7678c42d2000 rw-p 00101000 103:02 11846987                  /usr/lib/x86_64-linux-gnu/libasound.so.2.0.0
7678c42d2000-7678c432e000 r--p 00000000 103:02 5259675                   /home/pan/.javacpp/cache/ffmpeg-6.0-1.5.9-linux-x86_64.jar/org/bytedeco/ffmpeg/linux-x86_64/libjniavutil.so
7678c432e000-7678c43b4000 r-xp 0005c000 103:02 5259675                   /home/pan/.javacpp/cache/ffmpeg-6.0-1.5.9-linux-x86_64.jar/org/bytedeco/ffmpeg/linux-x86_64/libjniavutil.so
7678c43b4000-7678c43f0000 r--p 000e2000 103:02 5259675                   /home/pan/.javacpp/cache/ffmpeg-6.0-1.5.9-linux-x86_64.jar/org/bytedeco/ffmpeg/linux-x86_64/libjniavutil.so
7678c43f0000-7678c43fd000 r--p 0011d000 103:02 5259675                   /home/pan/.javacpp/cache/ffmpeg-6.0-1.5.9-linux-x86_64.jar/org/bytedeco/ffmpeg/linux-x86_64/libjniavutil.so
7678c43fd000-7678c43ff000 rw-p 0012a000 103:02 5259675                   /home/pan/.javacpp/cache/ffmpeg-6.0-1.5.9-linux-x86_64.jar/org/bytedeco/ffmpeg/linux-x86_64/libjniavutil.so
7678c43ff000-7678c4400000 rw-p 00000000 00:00 0 
7678c4400000-7678c4401000 ---p 00000000 00:00 0 
7678c4401000-7678c4c01000 rw-p 00000000 00:00 0 
7678c4d00000-7678c4d04000 ---p 00000000 00:00 0 
7678c4d04000-7678c4e00000 rw-p 00000000 00:00 0 
7678c4e00000-7678c4e01000 ---p 00000000 00:00 0 
7678c4e01000-7678c5601000 rw-p 00000000 00:00 0 
7678c5700000-7678c5704000 ---p 00000000 00:00 0 
7678c5704000-7678c5800000 rw-p 00000000 00:00 0 
7678c5800000-7678c5801000 ---p 00000000 00:00 0 
7678c5801000-7678c6001000 rw-p 00000000 00:00 0 
7678c6100000-7678c6104000 ---p 00000000 00:00 0 
7678c6104000-7678c6200000 rw-p 00000000 00:00 0 
7678c6200000-7678c6201000 ---p 00000000 00:00 0 
7678c6201000-7678c6a01000 rw-p 00000000 00:00 0 
7678c6c00000-7678c6c01000 ---p 00000000 00:00 0 
7678c6c01000-7678c7401000 rw-p 00000000 00:00 0 
7678c7600000-7678c7601000 ---p 00000000 00:00 0 
7678c7601000-7678c7e01000 rw-p 00000000 00:00 0 
7678c7f00000-7678c7f04000 ---p 00000000 00:00 0 
7678c7f04000-7678c8000000 rw-p 00000000 00:00 0 
7678c8000000-7678c8021000 rw-p 00000000 00:00 0 
7678c8021000-7678cc000000 ---p 00000000 00:00 0 
7678cc000000-7678cc021000 rw-p 00000000 00:00 0 
7678cc021000-7678d0000000 ---p 00000000 00:00 0 
7678d0000000-7678d0004000 ---p 00000000 00:00 0 
7678d0004000-7678d0100000 rw-p 00000000 00:00 0 
7678d0100000-7678d0104000 ---p 00000000 00:00 0 
7678d0104000-7678d0200000 rw-p 00000000 00:00 0 
7678d0200000-7678d0204000 ---p 00000000 00:00 0 
7678d0204000-7678d0300000 rw-p 00000000 00:00 0 
7678d0300000-7678d0304000 ---p 00000000 00:00 0 
7678d0304000-7678d0400000 rw-p 00000000 00:00 0 
7678d0400000-7678d0401000 ---p 00000000 00:00 0 
7678d0401000-7678d0c01000 rw-p 00000000 00:00 0 
7678d0d00000-7678d0d04000 ---p 00000000 00:00 0 
7678d0d04000-7678d0e00000 rw-p 00000000 00:00 0 
7678d0e00000-7678d0e01000 ---p 00000000 00:00 0 
7678d0e01000-7678d1601000 rw-p 00000000 00:00 0 
7678d1700000-7678d1704000 ---p 00000000 00:00 0 
7678d1704000-7678d1800000 rw-p 00000000 00:00 0 
7678d1800000-7678d1801000 ---p 00000000 00:00 0 
7678d1801000-7678d2001000 rw-p 00000000 00:00 0 
7678d2100000-7678d2104000 ---p 00000000 00:00 0 
7678d2104000-7678d2200000 rw-p 00000000 00:00 0 
7678d2200000-7678d2201000 ---p 00000000 00:00 0 
7678d2201000-7678d2a01000 rw-p 00000000 00:00 0 
7678d2b00000-7678d2b04000 ---p 00000000 00:00 0 
7678d2b04000-7678d2c00000 rw-p 00000000 00:00 0 
7678d2c00000-7678d2c01000 ---p 00000000 00:00 0 
7678d2c01000-7678d3401000 rw-p 00000000 00:00 0 
7678d3500000-7678d3504000 ---p 00000000 00:00 0 
7678d3504000-7678d3600000 rw-p 00000000 00:00 0 
7678d3600000-7678d3601000 ---p 00000000 00:00 0 
7678d3601000-7678d3e01000 rw-p 00000000 00:00 0 
7678d3f00000-7678d3f04000 ---p 00000000 00:00 0 
7678d3f04000-7678d4000000 rw-p 00000000 00:00 0 
7678d4000000-7678d4021000 rw-p 00000000 00:00 0 
7678d4021000-7678d8000000 ---p 00000000 00:00 0 
7678d8000000-7678d8004000 ---p 00000000 00:00 0 
7678d8004000-7678d8100000 rw-p 00000000 00:00 0 
7678d8100000-7678d8104000 ---p 00000000 00:00 0 
7678d8104000-7678d8200000 rw-p 00000000 00:00 0 
7678d8200000-7678d8262000 r--p 00000000 103:02 5259716                   /home/pan/.javacpp/cache/opencv-4.7.0-1.5.9-linux-x86_64.jar/org/bytedeco/opencv/linux-x86_64/libopencv_core.so.407
7678d8262000-7678d8566000 r-xp 00062000 103:02 5259716                   /home/pan/.javacpp/cache/opencv-4.7.0-1.5.9-linux-x86_64.jar/org/bytedeco/opencv/linux-x86_64/libopencv_core.so.407
7678d8566000-7678d8634000 r--p 00366000 103:02 5259716                   /home/pan/.javacpp/cache/opencv-4.7.0-1.5.9-linux-x86_64.jar/org/bytedeco/opencv/linux-x86_64/libopencv_core.so.407
7678d8634000-7678d8642000 r--p 00433000 103:02 5259716                   /home/pan/.javacpp/cache/opencv-4.7.0-1.5.9-linux-x86_64.jar/org/bytedeco/opencv/linux-x86_64/libopencv_core.so.407
7678d8642000-7678d8648000 rw-p 00441000 103:02 5259716                   /home/pan/.javacpp/cache/opencv-4.7.0-1.5.9-linux-x86_64.jar/org/bytedeco/opencv/linux-x86_64/libopencv_core.so.407
7678d8648000-7678d864e000 rw-p 00000000 00:00 0 
7678d8700000-7678d8704000 ---p 00000000 00:00 0 
7678d8704000-7678d8800000 rw-p 00000000 00:00 0 
7678d8800000-7678d8801000 ---p 00000000 00:00 0 
7678d8801000-7678d9001000 rw-p 00000000 00:00 0 
7678d9100000-7678d9104000 ---p 00000000 00:00 0 
7678d9104000-7678d9200000 rw-p 00000000 00:00 0 
7678d9200000-7678d9201000 ---p 00000000 00:00 0 
7678d9201000-7678d9a01000 rw-p 00000000 00:00 0 
7678d9b00000-7678d9b04000 ---p 00000000 00:00 0 
7678d9b04000-7678d9c00000 rw-p 00000000 00:00 0 
7678d9c00000-7678d9c01000 ---p 00000000 00:00 0 
7678d9c01000-7678da401000 rw-p 00000000 00:00 0 
7678da500000-7678da504000 ---p 00000000 00:00 0 
7678da504000-7678da600000 rw-p 00000000 00:00 0 
7678da600000-7678da601000 ---p 00000000 00:00 0 
7678da601000-7678dae01000 rw-p 00000000 00:00 0 
7678daf00000-7678daf04000 ---p 00000000 00:00 0 
7678daf04000-7678db000000 rw-p 00000000 00:00 0 
7678db000000-7678db3f0000 rw-p 00000000 00:00 0 
7678db3f0000-7678db4f0000 rw-p 00000000 00:00 0 
7678db4f0000-7678db5f0000 rw-p 00000000 00:00 0 
7678db5f0000-7678dbb70000 rw-p 00000000 00:00 0 
7678dbb70000-7678dbbf0000 rw-p 00000000 00:00 0 
7678dbbf0000-7678dbfd0000 rw-p 00000000 00:00 0 
7678dbfd0000-7678dbff0000 rw-p 00000000 00:00 0 
7678dbff0000-7678dc0f0000 rw-p 00000000 00:00 0 
7678dc0f0000-7678dc1f0000 rw-p 00000000 00:00 0 
7678dc1f0000-7678dcd70000 rw-p 00000000 00:00 0 
7678dcd70000-7678dd8f0000 rw-p 00000000 00:00 0 
7678dd8f0000-7678dd9e0000 rw-p 00000000 00:00 0 
7678dd9e0000-7678dda00000 ---p 00000000 00:00 0 
7678dda00000-7678df000000 rw-p 00000000 00:00 0 
7678df000000-7678dfbc9000 rw-p 00001000 103:02 4342152                   /home/pan/.jdks/corretto-17.0.14/lib/server/classes.jsa
7678dfbc9000-7678e0000000 ---p 00000000 00:00 0 
7678e0000000-7678e0010000 rw-p 00000000 00:00 0 
7678e0010000-7678e0030000 rw-p 00000000 00:00 0 
7678e0030000-7678e00b0000 rw-p 00000000 00:00 0 
7678e00b0000-7678e0230000 rw-p 00000000 00:00 0 
7678e0230000-7678e0270000 rw-p 00000000 00:00 0 
7678e0270000-7678e06f0000 rw-p 00000000 00:00 0 
7678e06f0000-7678e0700000 ---p 00000000 00:00 0 
7678e0700000-7678e09b0000 rw-p 00000000 00:00 0 
7678e09b0000-767920000000 ---p 00000000 00:00 0 
767920000000-767920021000 rw-p 00000000 00:00 0 
767920021000-767924000000 ---p 00000000 00:00 0 
767924000000-767924021000 rw-p 00000000 00:00 0 
767924021000-767928000000 ---p 00000000 00:00 0 
767928000000-767928004000 ---p 00000000 00:00 0 
767928004000-767928100000 rw-p 00000000 00:00 0 
767928100000-767928104000 ---p 00000000 00:00 0 
767928104000-767928200000 rw-p 00000000 00:00 0 
767928200000-7679282cf000 r--p 00000000 103:02 5259724                   /home/pan/.javacpp/cache/opencv-4.7.0-1.5.9-linux-x86_64.jar/org/bytedeco/opencv/linux-x86_64/libjniopencv_core.so
7679282cf000-7679284c0000 r-xp 000cf000 103:02 5259724                   /home/pan/.javacpp/cache/opencv-4.7.0-1.5.9-linux-x86_64.jar/org/bytedeco/opencv/linux-x86_64/libjniopencv_core.so
7679284c0000-767928597000 r--p 002c0000 103:02 5259724                   /home/pan/.javacpp/cache/opencv-4.7.0-1.5.9-linux-x86_64.jar/org/bytedeco/opencv/linux-x86_64/libjniopencv_core.so
767928597000-7679285a4000 r--p 00396000 103:02 5259724                   /home/pan/.javacpp/cache/opencv-4.7.0-1.5.9-linux-x86_64.jar/org/bytedeco/opencv/linux-x86_64/libjniopencv_core.so
7679285a4000-7679285a7000 rw-p 003a3000 103:02 5259724                   /home/pan/.javacpp/cache/opencv-4.7.0-1.5.9-linux-x86_64.jar/org/bytedeco/opencv/linux-x86_64/libjniopencv_core.so
7679285a7000-7679285a8000 rw-p 00000000 00:00 0 
767928600000-767928706000 r--p 00000000 103:02 5259705                   /home/pan/.javacpp/cache/openblas-0.3.23-1.5.9-linux-x86_64.jar/org/bytedeco/openblas/linux-x86_64/libopenblas_nolapack.so.0
767928706000-767928716000 r-xp 00106000 103:02 5259705                   /home/pan/.javacpp/cache/openblas-0.3.23-1.5.9-linux-x86_64.jar/org/bytedeco/openblas/linux-x86_64/libopenblas_nolapack.so.0
767928716000-767928718000 ---p 00116000 103:02 5259705                   /home/pan/.javacpp/cache/openblas-0.3.23-1.5.9-linux-x86_64.jar/org/bytedeco/openblas/linux-x86_64/libopenblas_nolapack.so.0
767928718000-76792a1ed000 r-xp 00118000 103:02 5259705                   /home/pan/.javacpp/cache/openblas-0.3.23-1.5.9-linux-x86_64.jar/org/bytedeco/openblas/linux-x86_64/libopenblas_nolapack.so.0
76792a1ed000-76792a3dc000 r--p 01bed000 103:02 5259705                   /home/pan/.javacpp/cache/openblas-0.3.23-1.5.9-linux-x86_64.jar/org/bytedeco/openblas/linux-x86_64/libopenblas_nolapack.so.0
76792a3dc000-76792a3e2000 r--p 01ddb000 103:02 5259705                   /home/pan/.javacpp/cache/openblas-0.3.23-1.5.9-linux-x86_64.jar/org/bytedeco/openblas/linux-x86_64/libopenblas_nolapack.so.0
76792a3e2000-76792a3fa000 rw-p 01de1000 103:02 5259705                   /home/pan/.javacpp/cache/openblas-0.3.23-1.5.9-linux-x86_64.jar/org/bytedeco/openblas/linux-x86_64/libopenblas_nolapack.so.0
76792a3fa000-76792a407000 rw-p 00000000 00:00 0 
76792a500000-76792a504000 ---p 00000000 00:00 0 
76792a504000-76792a600000 rw-p 00000000 00:00 0 
76792a600000-76792a876000 r-xp 00000000 103:02 5259703                   /home/pan/.javacpp/cache/openblas-0.3.23-1.5.9-linux-x86_64.jar/org/bytedeco/openblas/linux-x86_64/libgfortran.so.5
76792a876000-76792aa75000 ---p 00276000 103:02 5259703                   /home/pan/.javacpp/cache/openblas-0.3.23-1.5.9-linux-x86_64.jar/org/bytedeco/openblas/linux-x86_64/libgfortran.so.5
76792aa75000-76792aa76000 r--p 00275000 103:02 5259703                   /home/pan/.javacpp/cache/openblas-0.3.23-1.5.9-linux-x86_64.jar/org/bytedeco/openblas/linux-x86_64/libgfortran.so.5
76792aa76000-76792aa78000 rw-p 00276000 103:02 5259703                   /home/pan/.javacpp/cache/openblas-0.3.23-1.5.9-linux-x86_64.jar/org/bytedeco/openblas/linux-x86_64/libgfortran.so.5
76792ab00000-76792ab04000 ---p 00000000 00:00 0 
76792ab04000-76792ac00000 rw-p 00000000 00:00 0 
76792ac00000-76792ac04000 ---p 00000000 00:00 0 
76792ac04000-76792ad00000 rw-p 00000000 00:00 0 
76792ad00000-76792ad04000 ---p 00000000 00:00 0 
76792ad04000-76792ae00000 rw-p 00000000 00:00 0 
76792ae00000-76792ae3b000 r-xp 00000000 103:02 5259701                   /home/pan/.javacpp/cache/openblas-0.3.23-1.5.9-linux-x86_64.jar/org/bytedeco/openblas/linux-x86_64/libquadmath.so.0
76792ae3b000-76792b03a000 ---p 0003b000 103:02 5259701                   /home/pan/.javacpp/cache/openblas-0.3.23-1.5.9-linux-x86_64.jar/org/bytedeco/openblas/linux-x86_64/libquadmath.so.0
76792b03a000-76792b03b000 r--p 0003a000 103:02 5259701                   /home/pan/.javacpp/cache/openblas-0.3.23-1.5.9-linux-x86_64.jar/org/bytedeco/openblas/linux-x86_64/libquadmath.so.0
76792b03b000-76792b03c000 rw-p 0003b000 103:02 5259701                   /home/pan/.javacpp/cache/openblas-0.3.23-1.5.9-linux-x86_64.jar/org/bytedeco/openblas/linux-x86_64/libquadmath.so.0
76792b100000-76792b104000 ---p 00000000 00:00 0 
76792b104000-76792b200000 rw-p 00000000 00:00 0 
76792b200000-76792b204000 ---p 00000000 00:00 0 
76792b204000-76792b300000 rw-p 00000000 00:00 0 
76792b300000-76792b304000 ---p 00000000 00:00 0 
76792b304000-76792b400000 rw-p 00000000 00:00 0 
76792b400000-76792b415000 r-xp 00000000 103:02 5259699                   /home/pan/.javacpp/cache/openblas-0.3.23-1.5.9-linux-x86_64.jar/org/bytedeco/openblas/linux-x86_64/libgcc_s.so.1
76792b415000-76792b614000 ---p 00015000 103:02 5259699                   /home/pan/.javacpp/cache/openblas-0.3.23-1.5.9-linux-x86_64.jar/org/bytedeco/openblas/linux-x86_64/libgcc_s.so.1
76792b614000-76792b615000 r--p 00014000 103:02 5259699                   /home/pan/.javacpp/cache/openblas-0.3.23-1.5.9-linux-x86_64.jar/org/bytedeco/openblas/linux-x86_64/libgcc_s.so.1
76792b615000-76792b616000 rw-p 00015000 103:02 5259699                   /home/pan/.javacpp/cache/openblas-0.3.23-1.5.9-linux-x86_64.jar/org/bytedeco/openblas/linux-x86_64/libgcc_s.so.1
76792b700000-76792b704000 ---p 00000000 00:00 0 
76792b704000-76792b800000 rw-p 00000000 00:00 0 
76792b800000-76792b804000 ---p 00000000 00:00 0 
76792b804000-76792b900000 rw-p 00000000 00:00 0 
76792b900000-76792b904000 ---p 00000000 00:00 0 
76792b904000-76792ba00000 rw-p 00000000 00:00 0 
76792ba00000-76792ba9a000 r--p 00000000 103:02 11848158                  /usr/lib/x86_64-linux-gnu/libstdc++.so.6.0.30
76792ba9a000-76792bbab000 r-xp 0009a000 103:02 11848158                  /usr/lib/x86_64-linux-gnu/libstdc++.so.6.0.30
76792bbab000-76792bc1a000 r--p 001ab000 103:02 11848158                  /usr/lib/x86_64-linux-gnu/libstdc++.so.6.0.30
76792bc1a000-76792bc1b000 ---p 0021a000 103:02 11848158                  /usr/lib/x86_64-linux-gnu/libstdc++.so.6.0.30
76792bc1b000-76792bc26000 r--p 0021a000 103:02 11848158                  /usr/lib/x86_64-linux-gnu/libstdc++.so.6.0.30
76792bc26000-76792bc29000 rw-p 00225000 103:02 11848158                  /usr/lib/x86_64-linux-gnu/libstdc++.so.6.0.30
76792bc29000-76792bc2c000 rw-p 00000000 00:00 0 
76792bcff000-76792bd03000 ---p 00000000 00:00 0 
76792bd03000-76792bdff000 rw-p 00000000 00:00 0 
76792bdff000-76792be03000 ---p 00000000 00:00 0 
76792be03000-76792beff000 rw-p 00000000 00:00 0 
76792beff000-76792bf00000 ---p 00000000 00:00 0 
76792bf00000-76792c000000 rw-p 00000000 00:00 0 
76792c000000-76792c021000 rw-p 00000000 00:00 0 
76792c021000-767930000000 ---p 00000000 00:00 0 
767930000000-767930021000 rw-p 00000000 00:00 0 
767930021000-767934000000 ---p 00000000 00:00 0 
7679340ff000-767934100000 ---p 00000000 00:00 0 
767934100000-767934200000 rw-p 00000000 00:00 0 
767934200000-76793420d000 r-xp 00000000 103:02 4342141                   /home/pan/.jdks/corretto-17.0.14/lib/libverify.so
76793420d000-76793440c000 ---p 0000d000 103:02 4342141                   /home/pan/.jdks/corretto-17.0.14/lib/libverify.so
76793440c000-76793440e000 r--p 0000c000 103:02 4342141                   /home/pan/.jdks/corretto-17.0.14/lib/libverify.so
76793440e000-76793440f000 rw-p 00000000 00:00 0 
7679344fd000-7679344fe000 ---p 00000000 00:00 0 
7679344fe000-7679345fe000 rw-p 00000000 00:00 0 
7679345fe000-7679345ff000 ---p 00000000 00:00 0 
7679345ff000-7679346ff000 rw-p 00000000 00:00 0 
7679346ff000-767934700000 ---p 00000000 00:00 0 
767934700000-767934800000 rw-p 00000000 00:00 0 
767934800000-767934805000 r-xp 00000000 103:02 4342184                   /home/pan/.jdks/corretto-17.0.14/lib/libmanagement_ext.so
767934805000-767934a05000 ---p 00005000 103:02 4342184                   /home/pan/.jdks/corretto-17.0.14/lib/libmanagement_ext.so
767934a05000-767934a06000 r--p 00005000 103:02 4342184                   /home/pan/.jdks/corretto-17.0.14/lib/libmanagement_ext.so
767934a06000-767934a07000 rw-p 00000000 00:00 0 
767934b00000-767934b04000 ---p 00000000 00:00 0 
767934b04000-767934c00000 rw-p 00000000 00:00 0 
767934c00000-767934c04000 ---p 00000000 00:00 0 
767934c04000-767934d00000 rw-p 00000000 00:00 0 
767934d00000-767934d04000 ---p 00000000 00:00 0 
767934d04000-767934e00000 rw-p 00000000 00:00 0 
767934e00000-767934e04000 r-xp 00000000 103:02 4342168                   /home/pan/.jdks/corretto-17.0.14/lib/libmanagement.so
767934e04000-767935003000 ---p 00004000 103:02 4342168                   /home/pan/.jdks/corretto-17.0.14/lib/libmanagement.so
767935003000-767935004000 r--p 00003000 103:02 4342168                   /home/pan/.jdks/corretto-17.0.14/lib/libmanagement.so
767935004000-767935005000 rw-p 00000000 00:00 0 
767935100000-767935104000 ---p 00000000 00:00 0 
767935104000-767935200000 rw-p 00000000 00:00 0 
767935200000-767935204000 ---p 00000000 00:00 0 
767935204000-767935300000 rw-p 00000000 00:00 0 
767935300000-767935304000 ---p 00000000 00:00 0 
767935304000-767935400000 rw-p 00000000 00:00 0 
767935400000-767935402000 r-xp 00000000 103:02 4342186                   /home/pan/.jdks/corretto-17.0.14/lib/libextnet.so
767935402000-767935601000 ---p 00002000 103:02 4342186                   /home/pan/.jdks/corretto-17.0.14/lib/libextnet.so
767935601000-767935602000 r--p 00001000 103:02 4342186                   /home/pan/.jdks/corretto-17.0.14/lib/libextnet.so
767935602000-767935603000 rw-p 00000000 00:00 0 
7679356fe000-7679356ff000 ---p 00000000 00:00 0 
7679356ff000-7679357ff000 rw-p 00000000 00:00 0 
7679357ff000-767935803000 ---p 00000000 00:00 0 
767935803000-7679358ff000 rw-p 00000000 00:00 0 
7679358ff000-767935903000 ---p 00000000 00:00 0 
767935903000-7679359ff000 rw-p 00000000 00:00 0 
7679359ff000-767935a03000 ---p 00000000 00:00 0 
767935a03000-767935aff000 rw-p 00000000 00:00 0 
767935aff000-767935b00000 ---p 00000000 00:00 0 
767935b00000-767935c00000 rw-p 00000000 00:00 0 
767935c00000-767935c15000 r-xp 00000000 103:02 4342139                   /home/pan/.jdks/corretto-17.0.14/lib/libnet.so
767935c15000-767935e14000 ---p 00015000 103:02 4342139                   /home/pan/.jdks/corretto-17.0.14/lib/libnet.so
767935e14000-767935e15000 r--p 00014000 103:02 4342139                   /home/pan/.jdks/corretto-17.0.14/lib/libnet.so
767935e15000-767935e16000 rw-p 00015000 103:02 4342139                   /home/pan/.jdks/corretto-17.0.14/lib/libnet.so
767935efd000-767935efe000 ---p 00000000 00:00 0 
767935efe000-767935ffe000 rw-p 00000000 00:00 0 
767935ffe000-767935fff000 ---p 00000000 00:00 0 
767935fff000-7679360ff000 rw-p 00000000 00:00 0 
7679360ff000-767936100000 ---p 00000000 00:00 0 
767936100000-767936200000 rw-p 00000000 00:00 0 
767936200000-767936212000 r-xp 00000000 103:02 4342140                   /home/pan/.jdks/corretto-17.0.14/lib/libnio.so
767936212000-767936412000 ---p 00012000 103:02 4342140                   /home/pan/.jdks/corretto-17.0.14/lib/libnio.so
767936412000-767936413000 r--p 00012000 103:02 4342140                   /home/pan/.jdks/corretto-17.0.14/lib/libnio.so
767936413000-767936414000 rw-p 00013000 103:02 4342140                   /home/pan/.jdks/corretto-17.0.14/lib/libnio.so
7679364fd000-7679364fe000 ---p 00000000 00:00 0 
7679364fe000-7679365fe000 rw-p 00000000 00:00 0 
7679365fe000-7679365ff000 ---p 00000000 00:00 0 
7679365ff000-7679366ff000 rw-p 00000000 00:00 0 
7679366ff000-767936700000 ---p 00000000 00:00 0 
767936700000-767936800000 rw-p 00000000 00:00 0 
767936800000-767936807000 r-xp 00000000 103:02 4342142                   /home/pan/.jdks/corretto-17.0.14/lib/libzip.so
767936807000-767936a07000 ---p 00007000 103:02 4342142                   /home/pan/.jdks/corretto-17.0.14/lib/libzip.so
767936a07000-767936a08000 r--p 00007000 103:02 4342142                   /home/pan/.jdks/corretto-17.0.14/lib/libzip.so
767936a08000-767936a09000 rw-p 00000000 00:00 0 
767936afe000-767936aff000 ---p 00000000 00:00 0 
767936aff000-767936bff000 rw-p 00000000 00:00 0 
767936bff000-767936c00000 ---p 00000000 00:00 0 
767936c00000-767936d00000 rw-p 00000000 00:00 0 
767936d00000-767936d04000 ---p 00000000 00:00 0 
767936d04000-767936e00000 rw-p 00000000 00:00 0 
767936e00000-767936e04000 ---p 00000000 00:00 0 
767936e04000-767936f00000 rw-p 00000000 00:00 0 
767936f00000-767936f04000 ---p 00000000 00:00 0 
767936f04000-767937000000 rw-p 00000000 00:00 0 
767937000000-767937878000 r--p 00000000 103:02 11820149                  /usr/lib/locale/locale-archive
767937900000-767937904000 ---p 00000000 00:00 0 
767937904000-767937a00000 rw-p 00000000 00:00 0 
767937a00000-767937ace000 r-xp 00000000 103:02 4342178                   /home/pan/.jdks/corretto-17.0.14/lib/libjsvml.so
767937ace000-767937ccd000 ---p 000ce000 103:02 4342178                   /home/pan/.jdks/corretto-17.0.14/lib/libjsvml.so
767937ccd000-767937cce000 r--p 000cd000 103:02 4342178                   /home/pan/.jdks/corretto-17.0.14/lib/libjsvml.so
767937cce000-767937ccf000 rw-p 000ce000 103:02 4342178                   /home/pan/.jdks/corretto-17.0.14/lib/libjsvml.so
767937d00000-767937d04000 ---p 00000000 00:00 0 
767937d04000-767937e00000 rw-p 00000000 00:00 0 
767937e00000-767937e04000 ---p 00000000 00:00 0 
767937e04000-767937f00000 rw-p 00000000 00:00 0 
767937f00000-767937f04000 ---p 00000000 00:00 0 
767937f04000-767938000000 rw-p 00000000 00:00 0 
767938000000-767938021000 rw-p 00000000 00:00 0 
767938021000-76793c000000 ---p 00000000 00:00 0 
76793c0fb000-76793c0ff000 ---p 00000000 00:00 0 
76793c0ff000-76793c1fb000 rw-p 00000000 00:00 0 
76793c1fb000-76793c1ff000 ---p 00000000 00:00 0 
76793c1ff000-76793c2fb000 rw-p 00000000 00:00 0 
76793c2fb000-76793c2ff000 ---p 00000000 00:00 0 
76793c2ff000-76793c3fb000 rw-p 00000000 00:00 0 
76793c3fb000-76793c3ff000 ---p 00000000 00:00 0 
76793c3ff000-76793c4fb000 rw-p 00000000 00:00 0 
76793c4fb000-76793c4fc000 ---p 00000000 00:00 0 
76793c4fc000-76793c5fc000 rw-p 00000000 00:00 0 
76793c5fc000-76793c5fd000 ---p 00000000 00:00 0 
76793c5fd000-76793c6fd000 rw-p 00000000 00:00 0 
76793c6fd000-76793c6fe000 ---p 00000000 00:00 0 
76793c6fe000-76793c7fe000 rw-p 00000000 00:00 0 
76793c7fe000-76793ec20000 rw-p 00000000 00:00 0 
76793ec20000-76793eeb0000 ---p 00000000 00:00 0 
76793eeb0000-76793eec0000 rw-p 00000000 00:00 0 
76793eec0000-7679456f0000 ---p 00000000 00:00 0 
7679456f0000-767945710000 rw-p 00000000 00:00 0 
767945800000-767945a20000 rw-p 00000000 00:00 0 
767945a20000-767945cb0000 ---p 00000000 00:00 0 
767945cb0000-767945cc0000 rw-p 00000000 00:00 0 
767945cc0000-76794c4f0000 ---p 00000000 00:00 0 
76794c4f0000-76794c510000 rw-p 00000000 00:00 0 
76794c600000-76794c644000 rw-p 00000000 00:00 0 
76794c644000-76794c696000 ---p 00000000 00:00 0 
76794c696000-76794c698000 rw-p 00000000 00:00 0 
76794c698000-76794d39e000 ---p 00000000 00:00 0 
76794d39e000-76794d3a2000 rw-p 00000000 00:00 0 
76794d400000-76794e270000 rwxp 00000000 00:00 0 
76794e270000-767950400000 ---p 00000000 00:00 0 
767950400000-767957fdf000 r--s 00000000 103:02 4342129                   /home/pan/.jdks/corretto-17.0.14/lib/modules
767958000000-76795a724000 rw-p 00000000 00:00 0 
76795a724000-76795c000000 ---p 00000000 00:00 0 
76795c020000-76795c02a000 r--p 00000000 103:02 5259728                   /home/pan/.javacpp/cache/opencv-4.7.0-1.5.9-linux-x86_64.jar/org/bytedeco/opencv/linux-x86_64/libjniopencv_imgcodecs.so
76795c02a000-76795c051000 r-xp 0000a000 103:02 5259728                   /home/pan/.javacpp/cache/opencv-4.7.0-1.5.9-linux-x86_64.jar/org/bytedeco/opencv/linux-x86_64/libjniopencv_imgcodecs.so
76795c051000-76795c05b000 r--p 00031000 103:02 5259728                   /home/pan/.javacpp/cache/opencv-4.7.0-1.5.9-linux-x86_64.jar/org/bytedeco/opencv/linux-x86_64/libjniopencv_imgcodecs.so
76795c05b000-76795c05c000 ---p 0003b000 103:02 5259728                   /home/pan/.javacpp/cache/opencv-4.7.0-1.5.9-linux-x86_64.jar/org/bytedeco/opencv/linux-x86_64/libjniopencv_imgcodecs.so
76795c05c000-76795c05d000 r--p 0003b000 103:02 5259728                   /home/pan/.javacpp/cache/opencv-4.7.0-1.5.9-linux-x86_64.jar/org/bytedeco/opencv/linux-x86_64/libjniopencv_imgcodecs.so
76795c05d000-76795c05e000 rw-p 0003c000 103:02 5259728                   /home/pan/.javacpp/cache/opencv-4.7.0-1.5.9-linux-x86_64.jar/org/bytedeco/opencv/linux-x86_64/libjniopencv_imgcodecs.so
76795c05e000-76795c061000 r--p 00000000 103:02 5259685                   /home/pan/.javacpp/cache/ffmpeg-6.0-1.5.9-linux-x86_64.jar/org/bytedeco/ffmpeg/linux-x86_64/libswscale.so.7
76795c061000-76795c0d8000 r-xp 00003000 103:02 5259685                   /home/pan/.javacpp/cache/ffmpeg-6.0-1.5.9-linux-x86_64.jar/org/bytedeco/ffmpeg/linux-x86_64/libswscale.so.7
76795c0d8000-76795c0e8000 r--p 0007a000 103:02 5259685                   /home/pan/.javacpp/cache/ffmpeg-6.0-1.5.9-linux-x86_64.jar/org/bytedeco/ffmpeg/linux-x86_64/libswscale.so.7
76795c0e8000-76795c0e9000 ---p 0008a000 103:02 5259685                   /home/pan/.javacpp/cache/ffmpeg-6.0-1.5.9-linux-x86_64.jar/org/bytedeco/ffmpeg/linux-x86_64/libswscale.so.7
76795c0e9000-76795c0ea000 r--p 0008a000 103:02 5259685                   /home/pan/.javacpp/cache/ffmpeg-6.0-1.5.9-linux-x86_64.jar/org/bytedeco/ffmpeg/linux-x86_64/libswscale.so.7
76795c0ea000-76795c0eb000 rw-p 0008b000 103:02 5259685                   /home/pan/.javacpp/cache/ffmpeg-6.0-1.5.9-linux-x86_64.jar/org/bytedeco/ffmpeg/linux-x86_64/libswscale.so.7
76795c0eb000-76795cbfe000 rw-p 00000000 00:00 0 
76795cbfe000-76795cbff000 ---p 00000000 00:00 0 
76795cbff000-76795ccff000 rw-p 00000000 00:00 0 
76795ccff000-76795cd00000 ---p 00000000 00:00 0 
76795cd00000-76795ce00000 rw-p 00000000 00:00 0 
76795ce00000-76795ce44000 rw-p 00000000 00:00 0 
76795ce44000-76795ce96000 ---p 00000000 00:00 0 
76795ce96000-76795ce98000 rw-p 00000000 00:00 0 
76795ce98000-76795db9e000 ---p 00000000 00:00 0 
76795db9e000-76795dba2000 rw-p 00000000 00:00 0 
76795dbbe000-76795dbc2000 r--p 00000000 103:02 11847081                  /usr/lib/x86_64-linux-gnu/libbsd.so.0.11.5
76795dbc2000-76795dbcf000 r-xp 00004000 103:02 11847081                  /usr/lib/x86_64-linux-gnu/libbsd.so.0.11.5
76795dbcf000-76795dbd2000 r--p 00011000 103:02 11847081                  /usr/lib/x86_64-linux-gnu/libbsd.so.0.11.5
76795dbd2000-76795dbd3000 ---p 00014000 103:02 11847081                  /usr/lib/x86_64-linux-gnu/libbsd.so.0.11.5
76795dbd3000-76795dbd4000 r--p 00014000 103:02 11847081                  /usr/lib/x86_64-linux-gnu/libbsd.so.0.11.5
76795dbd4000-76795dbd5000 rw-p 00015000 103:02 11847081                  /usr/lib/x86_64-linux-gnu/libbsd.so.0.11.5
76795dbd5000-76795dbd6000 rw-p 00000000 00:00 0 
76795dbd6000-76795dbe1000 r--p 00000000 103:02 11848391                  /usr/lib/x86_64-linux-gnu/libxcb.so.1.1.0
76795dbe1000-76795dbf5000 r-xp 0000b000 103:02 11848391                  /usr/lib/x86_64-linux-gnu/libxcb.so.1.1.0
76795dbf5000-76795dbfe000 r--p 0001f000 103:02 11848391                  /usr/lib/x86_64-linux-gnu/libxcb.so.1.1.0
76795dbfe000-76795dbff000 r--p 00027000 103:02 11848391                  /usr/lib/x86_64-linux-gnu/libxcb.so.1.1.0
76795dbff000-76795dc00000 rw-p 00028000 103:02 11848391                  /usr/lib/x86_64-linux-gnu/libxcb.so.1.1.0
76795dc00000-76795dc44000 rw-p 00000000 00:00 0 
76795dc44000-76795dc96000 ---p 00000000 00:00 0 
76795dc96000-76795dc98000 rw-p 00000000 00:00 0 
76795dc98000-76795e99e000 ---p 00000000 00:00 0 
76795e99e000-76795e9a2000 rw-p 00000000 00:00 0 
76795e9a9000-76795e9ab000 r--p 00000000 103:02 11847745                  /usr/lib/x86_64-linux-gnu/libmd.so.0.0.5
76795e9ab000-76795e9b2000 r-xp 00002000 103:02 11847745                  /usr/lib/x86_64-linux-gnu/libmd.so.0.0.5
76795e9b2000-76795e9b4000 r--p 00009000 103:02 11847745                  /usr/lib/x86_64-linux-gnu/libmd.so.0.0.5
76795e9b4000-76795e9b5000 r--p 0000a000 103:02 11847745                  /usr/lib/x86_64-linux-gnu/libmd.so.0.0.5
76795e9b5000-76795e9b6000 rw-p 0000b000 103:02 11847745                  /usr/lib/x86_64-linux-gnu/libmd.so.0.0.5
76795e9b6000-76795e9cc000 r--p 00000000 103:02 5259690                   /home/pan/.javacpp/cache/ffmpeg-6.0-1.5.9-linux-x86_64.jar/org/bytedeco/ffmpeg/linux-x86_64/libjniavfilter.so
76795e9cc000-76795e9eb000 r-xp 00016000 103:02 5259690                   /home/pan/.javacpp/cache/ffmpeg-6.0-1.5.9-linux-x86_64.jar/org/bytedeco/ffmpeg/linux-x86_64/libjniavfilter.so
76795e9eb000-76795e9fb000 r--p 00035000 103:02 5259690                   /home/pan/.javacpp/cache/ffmpeg-6.0-1.5.9-linux-x86_64.jar/org/bytedeco/ffmpeg/linux-x86_64/libjniavfilter.so
76795e9fb000-76795e9ff000 r--p 00044000 103:02 5259690                   /home/pan/.javacpp/cache/ffmpeg-6.0-1.5.9-linux-x86_64.jar/org/bytedeco/ffmpeg/linux-x86_64/libjniavfilter.so
76795e9ff000-76795ea00000 rw-p 00048000 103:02 5259690                   /home/pan/.javacpp/cache/ffmpeg-6.0-1.5.9-linux-x86_64.jar/org/bytedeco/ffmpeg/linux-x86_64/libjniavfilter.so
76795ea00000-76795ea24000 r-xp 00000000 103:02 4342135                   /home/pan/.jdks/corretto-17.0.14/lib/libjava.so
76795ea24000-76795ec24000 ---p 00024000 103:02 4342135                   /home/pan/.jdks/corretto-17.0.14/lib/libjava.so
76795ec24000-76795ec25000 r--p 00024000 103:02 4342135                   /home/pan/.jdks/corretto-17.0.14/lib/libjava.so
76795ec25000-76795ec26000 rw-p 00025000 103:02 4342135                   /home/pan/.jdks/corretto-17.0.14/lib/libjava.so
76795ec26000-76795ec27000 rw-p 00000000 00:00 0 
76795ec2d000-76795ec2f000 r--p 00000000 103:02 11846801                  /usr/lib/x86_64-linux-gnu/libXdmcp.so.6.0.0
76795ec2f000-76795ec31000 r-xp 00002000 103:02 11846801                  /usr/lib/x86_64-linux-gnu/libXdmcp.so.6.0.0
76795ec31000-76795ec33000 r--p 00004000 103:02 11846801                  /usr/lib/x86_64-linux-gnu/libXdmcp.so.6.0.0
76795ec33000-76795ec34000 r--p 00005000 103:02 11846801                  /usr/lib/x86_64-linux-gnu/libXdmcp.so.6.0.0
76795ec34000-76795ec35000 rw-p 00006000 103:02 11846801                  /usr/lib/x86_64-linux-gnu/libXdmcp.so.6.0.0
76795ec35000-76795ec3d000 r--p 00000000 103:02 5259687                   /home/pan/.javacpp/cache/ffmpeg-6.0-1.5.9-linux-x86_64.jar/org/bytedeco/ffmpeg/linux-x86_64/libjniswscale.so
76795ec3d000-76795ec4a000 r-xp 00008000 103:02 5259687                   /home/pan/.javacpp/cache/ffmpeg-6.0-1.5.9-linux-x86_64.jar/org/bytedeco/ffmpeg/linux-x86_64/libjniswscale.so
76795ec4a000-76795ec4f000 r--p 00015000 103:02 5259687                   /home/pan/.javacpp/cache/ffmpeg-6.0-1.5.9-linux-x86_64.jar/org/bytedeco/ffmpeg/linux-x86_64/libjniswscale.so
76795ec4f000-76795ec50000 ---p 0001a000 103:02 5259687                   /home/pan/.javacpp/cache/ffmpeg-6.0-1.5.9-linux-x86_64.jar/org/bytedeco/ffmpeg/linux-x86_64/libjniswscale.so
76795ec50000-76795ec51000 r--p 0001a000 103:02 5259687                   /home/pan/.javacpp/cache/ffmpeg-6.0-1.5.9-linux-x86_64.jar/org/bytedeco/ffmpeg/linux-x86_64/libjniswscale.so
76795ec51000-76795ec52000 rw-p 0001b000 103:02 5259687                   /home/pan/.javacpp/cache/ffmpeg-6.0-1.5.9-linux-x86_64.jar/org/bytedeco/ffmpeg/linux-x86_64/libjniswscale.so
76795ec52000-76795ec7f000 r--p 00000000 103:02 5259681                   /home/pan/.javacpp/cache/ffmpeg-6.0-1.5.9-linux-x86_64.jar/org/bytedeco/ffmpeg/linux-x86_64/libjniavcodec.so
76795ec7f000-76795ecbc000 r-xp 0002d000 103:02 5259681                   /home/pan/.javacpp/cache/ffmpeg-6.0-1.5.9-linux-x86_64.jar/org/bytedeco/ffmpeg/linux-x86_64/libjniavcodec.so
76795ecbc000-76795ece4000 r--p 0006a000 103:02 5259681                   /home/pan/.javacpp/cache/ffmpeg-6.0-1.5.9-linux-x86_64.jar/org/bytedeco/ffmpeg/linux-x86_64/libjniavcodec.so
76795ece4000-76795ecfb000 r--p 00091000 103:02 5259681                   /home/pan/.javacpp/cache/ffmpeg-6.0-1.5.9-linux-x86_64.jar/org/bytedeco/ffmpeg/linux-x86_64/libjniavcodec.so
76795ecfb000-76795ecfc000 rw-p 000a8000 103:02 5259681                   /home/pan/.javacpp/cache/ffmpeg-6.0-1.5.9-linux-x86_64.jar/org/bytedeco/ffmpeg/linux-x86_64/libjniavcodec.so
76795ecfc000-76795ecfd000 rw-p 00000000 00:00 0 
76795ecfd000-76795ecfe000 ---p 00000000 00:00 0 
76795ecfe000-76795edfe000 rw-p 00000000 00:00 0 
76795edfe000-76795f000000 rw-p 00000000 00:00 0 
76795f000000-76795f00a000 r-xp 00000000 103:02 4342167                   /home/pan/.jdks/corretto-17.0.14/lib/libinstrument.so
76795f00a000-76795f209000 ---p 0000a000 103:02 4342167                   /home/pan/.jdks/corretto-17.0.14/lib/libinstrument.so
76795f209000-76795f20a000 r--p 00009000 103:02 4342167                   /home/pan/.jdks/corretto-17.0.14/lib/libinstrument.so
76795f20a000-76795f20b000 rw-p 0000a000 103:02 4342167                   /home/pan/.jdks/corretto-17.0.14/lib/libinstrument.so
76795f20d000-76795f20e000 r--p 00000000 103:02 11846790                  /usr/lib/x86_64-linux-gnu/libXau.so.6.0.0
76795f20e000-76795f210000 r-xp 00001000 103:02 11846790                  /usr/lib/x86_64-linux-gnu/libXau.so.6.0.0
76795f210000-76795f211000 r--p 00003000 103:02 11846790                  /usr/lib/x86_64-linux-gnu/libXau.so.6.0.0
76795f211000-76795f212000 r--p 00003000 103:02 11846790                  /usr/lib/x86_64-linux-gnu/libXau.so.6.0.0
76795f212000-76795f213000 rw-p 00004000 103:02 11846790                  /usr/lib/x86_64-linux-gnu/libXau.so.6.0.0
76795f213000-76795f216000 r--p 00000000 103:02 11848385                  /usr/lib/x86_64-linux-gnu/libxcb-xfixes.so.0.0.0
76795f216000-76795f219000 r-xp 00003000 103:02 11848385                  /usr/lib/x86_64-linux-gnu/libxcb-xfixes.so.0.0.0
76795f219000-76795f21a000 r--p 00006000 103:02 11848385                  /usr/lib/x86_64-linux-gnu/libxcb-xfixes.so.0.0.0
76795f21a000-76795f21b000 ---p 00007000 103:02 11848385                  /usr/lib/x86_64-linux-gnu/libxcb-xfixes.so.0.0.0
76795f21b000-76795f21c000 r--p 00007000 103:02 11848385                  /usr/lib/x86_64-linux-gnu/libxcb-xfixes.so.0.0.0
76795f21c000-76795f21d000 rw-p 00008000 103:02 11848385                  /usr/lib/x86_64-linux-gnu/libxcb-xfixes.so.0.0.0
76795f21d000-76795f248000 r--p 00000000 103:02 5259684                   /home/pan/.javacpp/cache/ffmpeg-6.0-1.5.9-linux-x86_64.jar/org/bytedeco/ffmpeg/linux-x86_64/libjniavformat.so
76795f248000-76795f284000 r-xp 0002b000 103:02 5259684                   /home/pan/.javacpp/cache/ffmpeg-6.0-1.5.9-linux-x86_64.jar/org/bytedeco/ffmpeg/linux-x86_64/libjniavformat.so
76795f284000-76795f2a4000 r--p 00067000 103:02 5259684                   /home/pan/.javacpp/cache/ffmpeg-6.0-1.5.9-linux-x86_64.jar/org/bytedeco/ffmpeg/linux-x86_64/libjniavformat.so
76795f2a4000-76795f2af000 r--p 00086000 103:02 5259684                   /home/pan/.javacpp/cache/ffmpeg-6.0-1.5.9-linux-x86_64.jar/org/bytedeco/ffmpeg/linux-x86_64/libjniavformat.so
76795f2af000-76795f2b0000 rw-p 00091000 103:02 5259684                   /home/pan/.javacpp/cache/ffmpeg-6.0-1.5.9-linux-x86_64.jar/org/bytedeco/ffmpeg/linux-x86_64/libjniavformat.so
76795f2b0000-76795f2b1000 rw-p 00000000 00:00 0 
76795f2b1000-76795f2c3000 r--p 00000000 103:02 5259707                   /home/pan/.javacpp/cache/openblas-0.3.23-1.5.9-linux-x86_64.jar/org/bytedeco/openblas/linux-x86_64/libjniopenblas_nolapack.so
76795f2c3000-76795f2ee000 r-xp 00012000 103:02 5259707                   /home/pan/.javacpp/cache/openblas-0.3.23-1.5.9-linux-x86_64.jar/org/bytedeco/openblas/linux-x86_64/libjniopenblas_nolapack.so
76795f2ee000-76795f2fb000 r--p 0003d000 103:02 5259707                   /home/pan/.javacpp/cache/openblas-0.3.23-1.5.9-linux-x86_64.jar/org/bytedeco/openblas/linux-x86_64/libjniopenblas_nolapack.so
76795f2fb000-76795f2fc000 r--p 00049000 103:02 5259707                   /home/pan/.javacpp/cache/openblas-0.3.23-1.5.9-linux-x86_64.jar/org/bytedeco/openblas/linux-x86_64/libjniopenblas_nolapack.so
76795f2fc000-76795f2fd000 rw-p 0004a000 103:02 5259707                   /home/pan/.javacpp/cache/openblas-0.3.23-1.5.9-linux-x86_64.jar/org/bytedeco/openblas/linux-x86_64/libjniopenblas_nolapack.so
76795f2fd000-76795f600000 rw-p 00000000 00:00 0 
76795f600000-76795f61b000 r-xp 00000000 103:02 4342136                   /home/pan/.jdks/corretto-17.0.14/lib/libjimage.so
76795f61b000-76795f81a000 ---p 0001b000 103:02 4342136                   /home/pan/.jdks/corretto-17.0.14/lib/libjimage.so
76795f81a000-76795f81c000 r--p 0001a000 103:02 4342136                   /home/pan/.jdks/corretto-17.0.14/lib/libjimage.so
76795f81c000-76795f81d000 rw-p 0001c000 103:02 4342136                   /home/pan/.jdks/corretto-17.0.14/lib/libjimage.so
76795f821000-76795fc00000 rw-p 00000000 00:00 0 
76795fc00000-767960ec9000 r-xp 00000000 103:02 4342150                   /home/pan/.jdks/corretto-17.0.14/lib/server/libjvm.so
767960ec9000-7679610c9000 ---p 012c9000 103:02 4342150                   /home/pan/.jdks/corretto-17.0.14/lib/server/libjvm.so
7679610c9000-767961182000 r--p 012c9000 103:02 4342150                   /home/pan/.jdks/corretto-17.0.14/lib/server/libjvm.so
767961182000-7679611b7000 rw-p 01382000 103:02 4342150                   /home/pan/.jdks/corretto-17.0.14/lib/server/libjvm.so
7679611b7000-767961212000 rw-p 00000000 00:00 0 
767961215000-76796121c000 r--p 00000000 103:02 5259693                   /home/pan/.javacpp/cache/ffmpeg-6.0-1.5.9-linux-x86_64.jar/org/bytedeco/ffmpeg/linux-x86_64/libjniavdevice.so
76796121c000-767961226000 r-xp 00007000 103:02 5259693                   /home/pan/.javacpp/cache/ffmpeg-6.0-1.5.9-linux-x86_64.jar/org/bytedeco/ffmpeg/linux-x86_64/libjniavdevice.so
767961226000-76796122b000 r--p 00011000 103:02 5259693                   /home/pan/.javacpp/cache/ffmpeg-6.0-1.5.9-linux-x86_64.jar/org/bytedeco/ffmpeg/linux-x86_64/libjniavdevice.so
76796122b000-76796122c000 ---p 00016000 103:02 5259693                   /home/pan/.javacpp/cache/ffmpeg-6.0-1.5.9-linux-x86_64.jar/org/bytedeco/ffmpeg/linux-x86_64/libjniavdevice.so
76796122c000-76796122d000 r--p 00016000 103:02 5259693                   /home/pan/.javacpp/cache/ffmpeg-6.0-1.5.9-linux-x86_64.jar/org/bytedeco/ffmpeg/linux-x86_64/libjniavdevice.so
76796122d000-76796122e000 rw-p 00017000 103:02 5259693                   /home/pan/.javacpp/cache/ffmpeg-6.0-1.5.9-linux-x86_64.jar/org/bytedeco/ffmpeg/linux-x86_64/libjniavdevice.so
76796122e000-767961231000 r--p 00000000 103:02 5259676                   /home/pan/.javacpp/cache/ffmpeg-6.0-1.5.9-linux-x86_64.jar/org/bytedeco/ffmpeg/linux-x86_64/libswresample.so.4
767961231000-767961245000 r-xp 00003000 103:02 5259676                   /home/pan/.javacpp/cache/ffmpeg-6.0-1.5.9-linux-x86_64.jar/org/bytedeco/ffmpeg/linux-x86_64/libswresample.so.4
767961245000-76796124a000 r--p 00017000 103:02 5259676                   /home/pan/.javacpp/cache/ffmpeg-6.0-1.5.9-linux-x86_64.jar/org/bytedeco/ffmpeg/linux-x86_64/libswresample.so.4
76796124a000-76796124b000 ---p 0001c000 103:02 5259676                   /home/pan/.javacpp/cache/ffmpeg-6.0-1.5.9-linux-x86_64.jar/org/bytedeco/ffmpeg/linux-x86_64/libswresample.so.4
76796124b000-76796124d000 r--p 0001c000 103:02 5259676                   /home/pan/.javacpp/cache/ffmpeg-6.0-1.5.9-linux-x86_64.jar/org/bytedeco/ffmpeg/linux-x86_64/libswresample.so.4
76796124d000-76796124e000 rw-p 0001e000 103:02 5259676                   /home/pan/.javacpp/cache/ffmpeg-6.0-1.5.9-linux-x86_64.jar/org/bytedeco/ffmpeg/linux-x86_64/libswresample.so.4
76796124e000-76796128f000 rw-p 00000000 00:00 0 
76796128f000-767961295000 r--p 00000000 103:02 5259691                   /home/pan/.javacpp/cache/ffmpeg-6.0-1.5.9-linux-x86_64.jar/org/bytedeco/ffmpeg/linux-x86_64/libavdevice.so.60
767961295000-76796129e000 r-xp 00006000 103:02 5259691                   /home/pan/.javacpp/cache/ffmpeg-6.0-1.5.9-linux-x86_64.jar/org/bytedeco/ffmpeg/linux-x86_64/libavdevice.so.60
76796129e000-7679612a2000 r--p 0000f000 103:02 5259691                   /home/pan/.javacpp/cache/ffmpeg-6.0-1.5.9-linux-x86_64.jar/org/bytedeco/ffmpeg/linux-x86_64/libavdevice.so.60
7679612a2000-7679612a3000 ---p 00013000 103:02 5259691                   /home/pan/.javacpp/cache/ffmpeg-6.0-1.5.9-linux-x86_64.jar/org/bytedeco/ffmpeg/linux-x86_64/libavdevice.so.60
7679612a3000-7679612a5000 r--p 00013000 103:02 5259691                   /home/pan/.javacpp/cache/ffmpeg-6.0-1.5.9-linux-x86_64.jar/org/bytedeco/ffmpeg/linux-x86_64/libavdevice.so.60
7679612a5000-7679612a6000 rw-p 00015000 103:02 5259691                   /home/pan/.javacpp/cache/ffmpeg-6.0-1.5.9-linux-x86_64.jar/org/bytedeco/ffmpeg/linux-x86_64/libavdevice.so.60
7679612a6000-7679612a9000 r--p 00000000 103:02 11847384                  /usr/lib/x86_64-linux-gnu/libgcc_s.so.1
7679612a9000-7679612c0000 r-xp 00003000 103:02 11847384                  /usr/lib/x86_64-linux-gnu/libgcc_s.so.1
7679612c0000-7679612c4000 r--p 0001a000 103:02 11847384                  /usr/lib/x86_64-linux-gnu/libgcc_s.so.1
7679612c4000-7679612c5000 r--p 0001d000 103:02 11847384                  /usr/lib/x86_64-linux-gnu/libgcc_s.so.1
7679612c5000-7679612c6000 rw-p 0001e000 103:02 11847384                  /usr/lib/x86_64-linux-gnu/libgcc_s.so.1
7679612c6000-767961600000 rw-p 00000000 00:00 0 
767961600000-767961628000 r--p 00000000 103:02 11819770                  /usr/lib/x86_64-linux-gnu/libc.so.6
767961628000-7679617bd000 r-xp 00028000 103:02 11819770                  /usr/lib/x86_64-linux-gnu/libc.so.6
7679617bd000-767961815000 r--p 001bd000 103:02 11819770                  /usr/lib/x86_64-linux-gnu/libc.so.6
767961815000-767961816000 ---p 00215000 103:02 11819770                  /usr/lib/x86_64-linux-gnu/libc.so.6
767961816000-76796181a000 r--p 00215000 103:02 11819770                  /usr/lib/x86_64-linux-gnu/libc.so.6
76796181a000-76796181c000 rw-p 00219000 103:02 11819770                  /usr/lib/x86_64-linux-gnu/libc.so.6
76796181c000-767961829000 rw-p 00000000 00:00 0 
76796182a000-76796182b000 r--p 00000000 103:02 11848377                  /usr/lib/x86_64-linux-gnu/libxcb-shape.so.0.0.0
76796182b000-76796182c000 r-xp 00001000 103:02 11848377                  /usr/lib/x86_64-linux-gnu/libxcb-shape.so.0.0.0
76796182c000-76796182d000 r--p 00002000 103:02 11848377                  /usr/lib/x86_64-linux-gnu/libxcb-shape.so.0.0.0
76796182d000-76796182e000 r--p 00002000 103:02 11848377                  /usr/lib/x86_64-linux-gnu/libxcb-shape.so.0.0.0
76796182e000-76796182f000 rw-p 00003000 103:02 11848377                  /usr/lib/x86_64-linux-gnu/libxcb-shape.so.0.0.0
76796182f000-767961835000 r--p 00000000 103:02 5259678                   /home/pan/.javacpp/cache/ffmpeg-6.0-1.5.9-linux-x86_64.jar/org/bytedeco/ffmpeg/linux-x86_64/libjniswresample.so
767961835000-76796183f000 r-xp 00006000 103:02 5259678                   /home/pan/.javacpp/cache/ffmpeg-6.0-1.5.9-linux-x86_64.jar/org/bytedeco/ffmpeg/linux-x86_64/libjniswresample.so
76796183f000-767961844000 r--p 00010000 103:02 5259678                   /home/pan/.javacpp/cache/ffmpeg-6.0-1.5.9-linux-x86_64.jar/org/bytedeco/ffmpeg/linux-x86_64/libjniswresample.so
767961844000-767961845000 r--p 00014000 103:02 5259678                   /home/pan/.javacpp/cache/ffmpeg-6.0-1.5.9-linux-x86_64.jar/org/bytedeco/ffmpeg/linux-x86_64/libjniswresample.so
767961845000-767961846000 rw-p 00015000 103:02 5259678                   /home/pan/.javacpp/cache/ffmpeg-6.0-1.5.9-linux-x86_64.jar/org/bytedeco/ffmpeg/linux-x86_64/libjniswresample.so
767961846000-76796184a000 r--p 00000000 103:02 5259663                   /home/pan/.javacpp/cache/javacpp-1.5.9-linux-x86_64.jar/org/bytedeco/javacpp/linux-x86_64/libjnijavacpp.so
76796184a000-767961851000 r-xp 00004000 103:02 5259663                   /home/pan/.javacpp/cache/javacpp-1.5.9-linux-x86_64.jar/org/bytedeco/javacpp/linux-x86_64/libjnijavacpp.so
767961851000-767961855000 r--p 0000b000 103:02 5259663                   /home/pan/.javacpp/cache/javacpp-1.5.9-linux-x86_64.jar/org/bytedeco/javacpp/linux-x86_64/libjnijavacpp.so
767961855000-767961856000 r--p 0000e000 103:02 5259663                   /home/pan/.javacpp/cache/javacpp-1.5.9-linux-x86_64.jar/org/bytedeco/javacpp/linux-x86_64/libjnijavacpp.so
767961856000-767961857000 rw-p 0000f000 103:02 5259663                   /home/pan/.javacpp/cache/javacpp-1.5.9-linux-x86_64.jar/org/bytedeco/javacpp/linux-x86_64/libjnijavacpp.so
767961857000-767961a00000 rw-p 00000000 00:00 0 
767961a00000-767961a0f000 r-xp 00000000 103:02 4342137                   /home/pan/.jdks/corretto-17.0.14/lib/libjli.so
767961a0f000-767961c0e000 ---p 0000f000 103:02 4342137                   /home/pan/.jdks/corretto-17.0.14/lib/libjli.so
767961c0e000-767961c0f000 r--p 0000e000 103:02 4342137                   /home/pan/.jdks/corretto-17.0.14/lib/libjli.so
767961c0f000-767961c10000 rw-p 0000f000 103:02 4342137                   /home/pan/.jdks/corretto-17.0.14/lib/libjli.so
767961c14000-767961c15000 r--p 00000000 103:02 11848379                  /usr/lib/x86_64-linux-gnu/libxcb-shm.so.0.0.0
767961c15000-767961c16000 r-xp 00001000 103:02 11848379                  /usr/lib/x86_64-linux-gnu/libxcb-shm.so.0.0.0
767961c16000-767961c17000 r--p 00002000 103:02 11848379                  /usr/lib/x86_64-linux-gnu/libxcb-shm.so.0.0.0
767961c17000-767961c18000 r--p 00002000 103:02 11848379                  /usr/lib/x86_64-linux-gnu/libxcb-shm.so.0.0.0
767961c18000-767961c19000 rw-p 00003000 103:02 11848379                  /usr/lib/x86_64-linux-gnu/libxcb-shm.so.0.0.0
767961c19000-767961c3a000 r--p 00000000 103:02 12351393                  /usr/share/locale-langpack/zh_CN/LC_MESSAGES/libc.mo
767961c3a000-767961d8f000 rw-p 00000000 00:00 0 
767961d8f000-767961dd2000 ---p 00000000 00:00 0 
767961dd2000-767961dd6000 ---p 00000000 00:00 0 
767961dd6000-767961ed2000 rw-p 00000000 00:00 0 
767961ed2000-767961ee0000 r--p 00000000 103:02 11819841                  /usr/lib/x86_64-linux-gnu/libm.so.6
767961ee0000-767961f5c000 r-xp 0000e000 103:02 11819841                  /usr/lib/x86_64-linux-gnu/libm.so.6
767961f5c000-767961fb7000 r--p 0008a000 103:02 11819841                  /usr/lib/x86_64-linux-gnu/libm.so.6
767961fb7000-767961fb8000 r--p 000e4000 103:02 11819841                  /usr/lib/x86_64-linux-gnu/libm.so.6
767961fb8000-767961fb9000 rw-p 000e5000 103:02 11819841                  /usr/lib/x86_64-linux-gnu/libm.so.6
767961fb9000-767961fba000 r--p 00000000 103:02 11820205                  /usr/lib/x86_64-linux-gnu/librt.so.1
767961fba000-767961fbb000 r-xp 00001000 103:02 11820205                  /usr/lib/x86_64-linux-gnu/librt.so.1
767961fbb000-767961fbc000 r--p 00002000 103:02 11820205                  /usr/lib/x86_64-linux-gnu/librt.so.1
767961fbc000-767961fbd000 r--p 00002000 103:02 11820205                  /usr/lib/x86_64-linux-gnu/librt.so.1
767961fbd000-767961fbe000 rw-p 00003000 103:02 11820205                  /usr/lib/x86_64-linux-gnu/librt.so.1
767961fbe000-767961fc2000 rw-p 00000000 00:00 0 
767961fc2000-767961fc3000 r--p 00000000 103:02 11819839                  /usr/lib/x86_64-linux-gnu/libdl.so.2
767961fc3000-767961fc4000 r-xp 00001000 103:02 11819839                  /usr/lib/x86_64-linux-gnu/libdl.so.2
767961fc4000-767961fc5000 r--p 00002000 103:02 11819839                  /usr/lib/x86_64-linux-gnu/libdl.so.2
767961fc5000-767961fc6000 r--p 00002000 103:02 11819839                  /usr/lib/x86_64-linux-gnu/libdl.so.2
767961fc6000-767961fc7000 rw-p 00003000 103:02 11819839                  /usr/lib/x86_64-linux-gnu/libdl.so.2
767961fc7000-767961fc8000 r--p 00000000 103:02 11820201                  /usr/lib/x86_64-linux-gnu/libpthread.so.0
767961fc8000-767961fc9000 r-xp 00001000 103:02 11820201                  /usr/lib/x86_64-linux-gnu/libpthread.so.0
767961fc9000-767961fca000 r--p 00002000 103:02 11820201                  /usr/lib/x86_64-linux-gnu/libpthread.so.0
767961fca000-767961fcb000 r--p 00002000 103:02 11820201                  /usr/lib/x86_64-linux-gnu/libpthread.so.0
767961fcb000-767961fcc000 rw-p 00003000 103:02 11820201                  /usr/lib/x86_64-linux-gnu/libpthread.so.0
767961fcc000-767961fce000 r--p 00000000 103:02 11848427                  /usr/lib/x86_64-linux-gnu/libz.so.1.2.11
767961fce000-767961fdf000 r-xp 00002000 103:02 11848427                  /usr/lib/x86_64-linux-gnu/libz.so.1.2.11
767961fdf000-767961fe5000 r--p 00013000 103:02 11848427                  /usr/lib/x86_64-linux-gnu/libz.so.1.2.11
767961fe5000-767961fe6000 ---p 00019000 103:02 11848427                  /usr/lib/x86_64-linux-gnu/libz.so.1.2.11
767961fe6000-767961fe7000 r--p 00019000 103:02 11848427                  /usr/lib/x86_64-linux-gnu/libz.so.1.2.11
767961fe7000-767961fe8000 rw-p 0001a000 103:02 11848427                  /usr/lib/x86_64-linux-gnu/libz.so.1.2.11
767961fe9000-767961fea000 r--p 00000000 103:02 11847860                  /usr/lib/x86_64-linux-gnu/libnss_mdns4_minimal.so.2
767961fea000-767961fec000 r-xp 00001000 103:02 11847860                  /usr/lib/x86_64-linux-gnu/libnss_mdns4_minimal.so.2
767961fec000-767961fed000 r--p 00003000 103:02 11847860                  /usr/lib/x86_64-linux-gnu/libnss_mdns4_minimal.so.2
767961fed000-767961fee000 r--p 00003000 103:02 11847860                  /usr/lib/x86_64-linux-gnu/libnss_mdns4_minimal.so.2
767961fee000-767961fef000 rw-p 00004000 103:02 11847860                  /usr/lib/x86_64-linux-gnu/libnss_mdns4_minimal.so.2
767961fef000-767961ff6000 r--s 00000000 103:02 11825073                  /usr/lib/x86_64-linux-gnu/gconv/gconv-modules.cache
767961ff6000-767961ffe000 rw-s 00000000 103:02 5780123                   /tmp/hsperfdata_pan/41699
767961ffe000-767961fff000 ---p 00000000 00:00 0 
767961fff000-767962000000 r--p 00000000 00:00 0 
767962000000-767962002000 rw-p 00000000 00:00 0 
767962002000-767962004000 r--p 00000000 103:02 11819686                  /usr/lib/x86_64-linux-gnu/ld-linux-x86-64.so.2
767962004000-76796202e000 r-xp 00002000 103:02 11819686                  /usr/lib/x86_64-linux-gnu/ld-linux-x86-64.so.2
76796202e000-767962039000 r--p 0002c000 103:02 11819686                  /usr/lib/x86_64-linux-gnu/ld-linux-x86-64.so.2
767962039000-76796203a000 ---p 00000000 00:00 0 
76796203a000-76796203c000 r--p 00037000 103:02 11819686                  /usr/lib/x86_64-linux-gnu/ld-linux-x86-64.so.2
76796203c000-76796203e000 rw-p 00039000 103:02 11819686                  /usr/lib/x86_64-linux-gnu/ld-linux-x86-64.so.2
7fff514ac000-7fff514cd000 rw-p 00000000 00:00 0                          [stack]
7fff51597000-7fff5159b000 r--p 00000000 00:00 0                          [vvar]
7fff5159b000-7fff5159d000 r-xp 00000000 00:00 0                          [vdso]
ffffffffff600000-ffffffffff601000 --xp 00000000 00:00 0                  [vsyscall]


VM Arguments:
jvm_args: -XX:TieredStopAtLevel=1 -Dspring.output.ansi.enabled=always -Dcom.sun.management.jmxremote -Dspring.jmx.enabled=true -Dspring.liveBeansView.mbeanDomain -Dspring.application.admin.enabled=true -Dmanagement.endpoints.jmx.exposure.include=* -javaagent:/opt/idea/lib/idea_rt.jar=38781:/opt/idea/bin -Dfile.encoding=UTF-8 
java_command: com.saigou.analyzerServer
java_class_path (initial): /media/pan/95C15E65414BD009/ubuntu/houduan/pandaSystem/analyzer-server-10001/target/classes:/home/pan/.m2/repository/org/bytedeco/javacv-platform/1.5.9/javacv-platform-1.5.9.jar:/home/pan/.m2/repository/org/bytedeco/javacv/1.5.9/javacv-1.5.9.jar:/home/pan/.m2/repository/org/bytedeco/javacpp/1.5.9/javacpp-1.5.9.jar:/home/pan/.m2/repository/org/bytedeco/openblas/0.3.23-1.5.9/openblas-0.3.23-1.5.9.jar:/home/pan/.m2/repository/org/bytedeco/opencv/4.7.0-1.5.9/opencv-4.7.0-1.5.9.jar:/home/pan/.m2/repository/org/bytedeco/ffmpeg/6.0-1.5.9/ffmpeg-6.0-1.5.9.jar:/home/pan/.m2/repository/org/bytedeco/flycapture/2.13.3.31-1.5.9/flycapture-2.13.3.31-1.5.9.jar:/home/pan/.m2/repository/org/bytedeco/libdc1394/2.2.6-1.5.9/libdc1394-2.2.6-1.5.9.jar:/home/pan/.m2/repository/org/bytedeco/libfreenect/0.5.7-1.5.9/libfreenect-0.5.7-1.5.9.jar:/home/pan/.m2/repository/org/bytedeco/libfreenect2/0.2.0-1.5.9/libfreenect2-0.2.0-1.5.9.jar:/home/pan/.m2/repository/org/bytedeco/librealsense/1.12.4-1.5.9/librealsense-1.12.4-1.5.9.jar:/home/pan/.m2/repository/org/bytedeco/librealsense2/2.53.1-1.5.9/librealsense2-2.53.1-1.5.9.jar:/home/pan/.m2/repository/org/bytedeco/videoinput/0.200-1.5.9/videoinput-0.200-1.5.9.jar:/home/pan/.m2/repository/org/bytedeco/artoolkitplus/2.3.1-1.5.9/artoolkitplus-2.3.1-1.5.9.jar:/home/pan/.m2/repository/org/bytedeco/leptonica/1.83.0-1.5.9/leptonica-1.83.0-1.5.9.jar:/home/pan/.m2/repository/org/bytedeco/tesseract/5.3.1-1.5.9/tesseract-5.3.1-1.5.9.jar:/home/pan/.m2/repository/org/openjfx/javafx-graphics/17/javafx-graphics-17.jar:/home/pan/.m2/repository/org/openjfx/javafx-graphics/17/javafx-graphics-17-linux.jar:/home/pan/.m2/repository/org/openjfx/javafx-base/17/javafx-base-17.jar:/home/pan/.m2/repository/org/openjfx/javafx-base/17/javafx-base-17-linux.jar:/home/pan/.m2/repository/org/bytedeco/openblas-platform/0.3.23-1.5.9/openblas-platform-0.3.23-1.5.9.jar:/home/pan/.m2/repository/org/bytedeco/javacpp-platform/1.5.9/javacpp-platform-1.5.9.jar
Launcher Type: SUN_STANDARD

[Global flags]
     intx CICompilerCount                          = 12                                        {product} {ergonomic}
     uint ConcGCThreads                            = 3                                         {product} {ergonomic}
     uint G1ConcRefinementThreads                  = 13                                        {product} {ergonomic}
   size_t G1HeapRegionSize                         = 4194304                                   {product} {ergonomic}
    uintx GCDrainStackTargetSize                   = 64                                        {product} {ergonomic}
   size_t InitialHeapSize                          = 461373440                                 {product} {ergonomic}
     bool ManagementServer                         = true                                      {product} {command line}
   size_t MarkStackSize                            = 4194304                                   {product} {ergonomic}
   size_t MaxHeapSize                              = 7319060480                                {product} {ergonomic}
   size_t MaxNewSize                               = 4391436288                                {product} {ergonomic}
   size_t MinHeapDeltaBytes                        = 4194304                                   {product} {ergonomic}
   size_t MinHeapSize                              = 8388608                                   {product} {ergonomic}
    uintx NonProfiledCodeHeapSize                  = 0                                      {pd product} {ergonomic}
     bool ProfileInterpreter                       = false                                  {pd product} {command line}
    uintx ProfiledCodeHeapSize                     = 0                                      {pd product} {ergonomic}
   size_t SoftMaxHeapSize                          = 7319060480                             {manageable} {ergonomic}
     intx TieredStopAtLevel                        = 1                                         {product} {command line}
     bool UseCompressedClassPointers               = true                           {product lp64_product} {ergonomic}
     bool UseCompressedOops                        = true                           {product lp64_product} {ergonomic}
     bool UseG1GC                                  = true                                      {product} {ergonomic}

Logging:
Log output configuration:
 #0: stdout all=warning uptime,level,tags
 #1: stderr all=off uptime,level,tags

Environment Variables:
PATH=/usr/local/sbin:/usr/local/bin:/usr/sbin:/usr/bin:/sbin:/bin:/usr/games:/usr/local/games:/snap/bin:/snap/bin
USERNAME=pan
SHELL=/bin/bash
DISPLAY=:0
LANG=zh_CN.UTF-8
LC_NUMERIC=zh_CN.UTF-8
LC_TIME=zh_CN.UTF-8

Active Locale:
LC_ALL=zh_CN.UTF-8
LC_COLLATE=zh_CN.UTF-8
LC_CTYPE=zh_CN.UTF-8
LC_MESSAGES=zh_CN.UTF-8
LC_MONETARY=zh_CN.UTF-8
LC_NUMERIC=zh_CN.UTF-8
LC_TIME=zh_CN.UTF-8

Signal Handlers:
   SIGSEGV: crash_handler in libjvm.so, mask=11100100010111111101111111111110, flags=SA_RESTART|SA_SIGINFO, unblocked
    SIGBUS: crash_handler in libjvm.so, mask=11100100010111111101111111111110, flags=SA_RESTART|SA_SIGINFO, unblocked
    SIGFPE: crash_handler in libjvm.so, mask=11100100010111111101111111111110, flags=SA_RESTART|SA_SIGINFO, unblocked
   SIGPIPE: javaSignalHandler in libjvm.so, mask=11100100010111111101111111111110, flags=SA_RESTART|SA_SIGINFO, blocked
   SIGXFSZ: javaSignalHandler in libjvm.so, mask=11100100010111111101111111111110, flags=SA_RESTART|SA_SIGINFO, blocked
    SIGILL: crash_handler in libjvm.so, mask=11100100010111111101111111111110, flags=SA_RESTART|SA_SIGINFO, unblocked
   SIGUSR2: SR_handler in libjvm.so, mask=00100000000000000000000000000000, flags=SA_RESTART|SA_SIGINFO, blocked
    SIGHUP: UserHandler in libjvm.so, mask=11100100010111111101111111111110, flags=SA_RESTART|SA_SIGINFO, blocked
    SIGINT: UserHandler in libjvm.so, mask=11100100010111111101111111111110, flags=SA_RESTART|SA_SIGINFO, blocked
   SIGTERM: UserHandler in libjvm.so, mask=11100100010111111101111111111110, flags=SA_RESTART|SA_SIGINFO, blocked
   SIGQUIT: UserHandler in libjvm.so, mask=11100100010111111101111111111110, flags=SA_RESTART|SA_SIGINFO, blocked
   SIGTRAP: crash_handler in libjvm.so, mask=11100100010111111101111111111110, flags=SA_RESTART|SA_SIGINFO, unblocked


Periodic native trim disabled


---------------  S Y S T E M  ---------------

OS:
DISTRIB_ID=Ubuntu
DISTRIB_RELEASE=22.04
DISTRIB_CODENAME=jammy
DISTRIB_DESCRIPTION="Ubuntu 22.04.5 LTS"
uname: Linux 6.8.0-52-generic #53~22.04.1-Ubuntu SMP PREEMPT_DYNAMIC Wed Jan 15 19:18:46 UTC 2 x86_64
OS uptime: 0 days 1:20 hours
libc: glibc 2.35 NPTL 2.35 
rlimit (soft/hard): STACK 8192k/infinity , CORE 0k/infinity , NPROC 111345/111345 , NOFILE 1048576/1048576 , AS infinity/infinity , CPU infinity/infinity , DATA infinity/infinity , FSIZE infinity/infinity , MEMLOCK 3572968k/3572968k
load average: 0.90 1.09 1.42

/proc/meminfo:
MemTotal:       28583748 kB
MemFree:         7516744 kB
MemAvailable:    9607044 kB
Buffers:          134052 kB
Cached:          2262964 kB
SwapCached:            0 kB
Active:          7823320 kB
Inactive:       11885684 kB
Active(anon):    6810592 kB
Inactive(anon): 10641812 kB
Active(file):    1012728 kB
Inactive(file):  1243872 kB
Unevictable:         116 kB
Mlocked:             116 kB
SwapTotal:             0 kB
SwapFree:              0 kB
Zswap:                 0 kB
Zswapped:              0 kB
Dirty:             62364 kB
Writeback:           232 kB
AnonPages:      17323860 kB
Mapped:          1366920 kB
Shmem:            140384 kB
KReclaimable:     265044 kB
Slab:             653456 kB
SReclaimable:     265044 kB
SUnreclaim:       388412 kB
KernelStack:       48128 kB
PageTables:       145004 kB
SecPageTables:         0 kB
NFS_Unstable:          0 kB
Bounce:                0 kB
WritebackTmp:          0 kB
CommitLimit:    14291872 kB
Committed_AS:   51209000 kB
VmallocTotal:   34359738367 kB
VmallocUsed:       99700 kB
VmallocChunk:          0 kB
Percpu:            17536 kB
HardwareCorrupted:     0 kB
AnonHugePages:    471040 kB
ShmemHugePages:        0 kB
ShmemPmdMapped:        0 kB
FileHugePages:         0 kB
FilePmdMapped:         0 kB
Unaccepted:            0 kB
HugePages_Total:       0
HugePages_Free:        0
HugePages_Rsvd:        0
HugePages_Surp:        0
Hugepagesize:       2048 kB
Hugetlb:               0 kB
DirectMap4k:      678340 kB
DirectMap2M:    27482112 kB
DirectMap1G:     1048576 kB

/sys/kernel/mm/transparent_hugepage/enabled: always [madvise] never
/sys/kernel/mm/transparent_hugepage/hpage_pmd_size: 2097152
/sys/kernel/mm/transparent_hugepage/defrag (defrag/compaction efforts parameter): always defer defer+madvise [madvise] never

Process Memory:
Virtual Size: 23212364K (peak: 23444112K)
Resident Set Size: 1898324K (peak: 1924560K) (anon: 1849196K, file: 49128K, shmem: 0K)
Swapped out: 0K
C-Heap outstanding allocations: 1223339K, retained: 419812K
glibc malloc tunables: (default)

/proc/sys/kernel/threads-max (system-wide limit on the number of threads): 222691
/proc/sys/vm/max_map_count (maximum number of memory map areas a process may have): 65530
/proc/sys/vm/swappiness (control to define how aggressively the kernel swaps out anonymous memory): 60
/proc/sys/kernel/pid_max (system-wide limit on number of process identifiers): 4194304

container (cgroup) information:
container_type: cgroupv2
cpu_cpuset_cpus: not supported
cpu_memory_nodes: not supported
active_processor_count: 16
cpu_quota: not supported
cpu_period: not supported
cpu_shares: not supported
memory_limit_in_bytes: unlimited
memory_and_swap_limit_in_bytes: unlimited
memory_soft_limit_in_bytes: unlimited
memory_usage_in_bytes: 9777320 k
memory_max_usage_in_bytes: not supported
memory_swap_current_in_bytes: unlimited
memory_swap_max_limit_in_bytes: unlimited
maximum number of tasks: 33403
current number of tasks: 1150

Steal ticks since vm start: 0
Steal ticks percentage since vm start:  0.000

CPU: total 16 (initial active 16) (16 cores per cpu, 2 threads per core) family 25 model 80 stepping 0 microcode 0xa50000c, cx8, cmov, fxsr, ht, mmx, 3dnowpref, sse, sse2, sse3, ssse3, sse4a, sse4.1, sse4.2, popcnt, lzcnt, tsc, tscinvbit, avx, avx2, aes, erms, clmul, bmi1, bmi2, adx, sha, fma, vzeroupper, clflush, clflushopt
CPU Model and flags from /proc/cpuinfo:
model name	: AMD Ryzen 7 5800H with Radeon Graphics
flags		: fpu vme de pse tsc msr pae mce cx8 apic sep mtrr pge mca cmov pat pse36 clflush mmx fxsr sse sse2 ht syscall nx mmxext fxsr_opt pdpe1gb rdtscp lm constant_tsc rep_good nopl nonstop_tsc cpuid extd_apicid aperfmperf rapl pni pclmulqdq monitor ssse3 fma cx16 sse4_1 sse4_2 movbe popcnt aes xsave avx f16c rdrand lahf_lm cmp_legacy svm extapic cr8_legacy abm sse4a misalignsse 3dnowprefetch osvw ibs skinit wdt tce topoext perfctr_core perfctr_nb bpext perfctr_llc mwaitx cpb cat_l3 cdp_l3 hw_pstate ssbd mba ibrs ibpb stibp vmmcall fsgsbase bmi1 avx2 smep bmi2 erms invpcid cqm rdt_a rdseed adx smap clflushopt clwb sha_ni xsaveopt xsavec xgetbv1 xsaves cqm_llc cqm_occup_llc cqm_mbm_total cqm_mbm_local user_shstk clzero irperf xsaveerptr rdpru wbnoinvd cppc arat npt lbrv svm_lock nrip_save tsc_scale vmcb_clean flushbyasid decodeassists pausefilter pfthreshold avic v_vmsave_vmload vgif v_spec_ctrl umip pku ospke vaes vpclmulqdq rdpid overflow_recov succor smca fsrm debug_swap

Online cpus: 0-15
Offline cpus: 
BIOS frequency limitation: <Not Available>
Frequency switch latency (ns): 0
Available cpu frequencies: <Not Available>
Current governor: powersave
Core performance/turbo boost: <Not Available>

Memory: 4k page, physical 28583748k(7516744k free), swap 0k(0k free)
Page Sizes: 4k

vm_info: OpenJDK 64-Bit Server VM (17.0.14+7-LTS) for linux-amd64 JRE (17.0.14+7-LTS), built on Jan  7 2025 20:04:38 by "jenkins" with gcc 7.3.1 20180303 (Red Hat 7.3.1-5)

END.
